#2026 09 23 16:34:58.740#Z#DEBUG#89a811f3-b76c-11f1-a9d4-eeee0a93f2f4.hpbuysell-otc-salesorder-postgres-deployer#flowable-async-job-executor-thread-22007#
[PollStageAppStatusExecution] 9409158a-3ef5-419f-b18e-c3263bd4e0f3 [2026-09-23T16:34:02.941131] Updated app with guid 9409158a-3ef5-419f-b18e-c3263bd4e0f3 ({"lifecycle"=>{"data"=>{"buildpacks"=>["nodejs_buildpack"]}, "type"=>"buildpack"}}) (STDOUT, API)#
#2026 09 23 16:34:58.740#Z#DEBUG#89a811f3-b76c-11f1-a9d4-eeee0a93f2f4.hpbuysell-otc-salesorder-postgres-deployer#flowable-async-job-executor-thread-22007#
[PollStageAppStatusExecution] 9409158a-3ef5-419f-b18e-c3263bd4e0f3 [2026-09-23T16:34:03.062639] Updating process: "web" (STDOUT, API)#
#2026 09 23 16:34:58.740#Z#DEBUG#89a811f3-b76c-11f1-a9d4-eeee0a93f2f4.hpbuysell-otc-salesorder-postgres-deployer#flowable-async-job-executor-thread-22007#
[PollStageAppStatusExecution] 9409158a-3ef5-419f-b18e-c3263bd4e0f3 [2026-09-23T16:34:38.924183] Uploading app package for app with guid 9409158a-3ef5-419f-b18e-c3263bd4e0f3 (STDOUT, API)#
#2026 09 23 16:34:58.740#Z#DEBUG#89a811f3-b76c-11f1-a9d4-eeee0a93f2f4.hpbuysell-otc-salesorder-postgres-deployer#flowable-async-job-executor-thread-22007#
[PollStageAppStatusExecution] 9409158a-3ef5-419f-b18e-c3263bd4e0f3 [2026-09-23T16:34:39.117933] Updated app with guid 9409158a-3ef5-419f-b18e-c3263bd4e0f3 ({"environment_variables"=>"[PRIVATE DATA HIDDEN]"}) (STDOUT, API)#
#2026 09 23 16:34:58.740#Z#DEBUG#89a811f3-b76c-11f1-a9d4-eeee0a93f2f4.hpbuysell-otc-salesorder-postgres-deployer#flowable-async-job-executor-thread-22007#
[PollStageAppStatusExecution] 9409158a-3ef5-419f-b18e-c3263bd4e0f3 [2026-09-23T16:34:48.894228] Creating build for app with guid 9409158a-3ef5-419f-b18e-c3263bd4e0f3 (STDOUT, API)#
#2026 09 23 16:34:58.740#Z#DEBUG#89a811f3-b76c-11f1-a9d4-eeee0a93f2f4.hpbuysell-otc-salesorder-postgres-deployer#flowable-async-job-executor-thread-22007#
[PollStageAppStatusExecution] 9409158a-3ef5-419f-b18e-c3263bd4e0f3 [2026-09-23T16:34:49.282519] Downloading nodejs_buildpack... (STDOUT, STG)#
#2026 09 23 16:34:58.740#Z#DEBUG#89a811f3-b76c-11f1-a9d4-eeee0a93f2f4.hpbuysell-otc-salesorder-postgres-deployer#flowable-async-job-executor-thread-22007#
[PollStageAppStatusExecution] 9409158a-3ef5-419f-b18e-c3263bd4e0f3 [2026-09-23T16:34:49.320916] Downloaded nodejs_buildpack (STDOUT, STG)#
#2026 09 23 16:34:58.740#Z#DEBUG#89a811f3-b76c-11f1-a9d4-eeee0a93f2f4.hpbuysell-otc-salesorder-postgres-deployer#flowable-async-job-executor-thread-22007#
[PollStageAppStatusExecution] 9409158a-3ef5-419f-b18e-c3263bd4e0f3 [2026-09-23T16:34:49.320988] Cell e92d70ea-20bb-4bd3-b62a-3f8ab64af136 creating container for instance b2d19168-9a0b-4d05-9952-968a341bf132 (STDOUT, STG)#
#2026 09 23 16:34:58.740#Z#DEBUG#89a811f3-b76c-11f1-a9d4-eeee0a93f2f4.hpbuysell-otc-salesorder-postgres-deployer#flowable-async-job-executor-thread-22007#
[PollStageAppStatusExecution] 9409158a-3ef5-419f-b18e-c3263bd4e0f3 [2026-09-23T16:34:49.646764] Security group rules were updated (STDOUT, STG)#
#2026 09 23 16:34:58.740#Z#DEBUG#89a811f3-b76c-11f1-a9d4-eeee0a93f2f4.hpbuysell-otc-salesorder-postgres-deployer#flowable-async-job-executor-thread-22007#
[PollStageAppStatusExecution] 9409158a-3ef5-419f-b18e-c3263bd4e0f3 [2026-09-23T16:34:49.664369] Cell e92d70ea-20bb-4bd3-b62a-3f8ab64af136 successfully created container for instance b2d19168-9a0b-4d05-9952-968a341bf132 (STDOUT, STG)#
#2026 09 23 16:34:58.740#Z#DEBUG#89a811f3-b76c-11f1-a9d4-eeee0a93f2f4.hpbuysell-otc-salesorder-postgres-deployer#flowable-async-job-executor-thread-22007#
[PollStageAppStatusExecution] 9409158a-3ef5-419f-b18e-c3263bd4e0f3 [2026-09-23T16:34:50.268211] Downloading build artifacts cache... (STDOUT, STG)#
#2026 09 23 16:34:58.740#Z#DEBUG#89a811f3-b76c-11f1-a9d4-eeee0a93f2f4.hpbuysell-otc-salesorder-postgres-deployer#flowable-async-job-executor-thread-22007#
[PollStageAppStatusExecution] 9409158a-3ef5-419f-b18e-c3263bd4e0f3 [2026-09-23T16:34:50.268333] Downloading app package... (STDOUT, STG)#
#2026 09 23 16:34:58.740#Z#DEBUG#89a811f3-b76c-11f1-a9d4-eeee0a93f2f4.hpbuysell-otc-salesorder-postgres-deployer#flowable-async-job-executor-thread-22007#
[PollStageAppStatusExecution] 9409158a-3ef5-419f-b18e-c3263bd4e0f3 [2026-09-23T16:34:50.349223] Downloaded build artifacts cache (215B) (STDOUT, STG)#
#2026 09 23 16:34:58.740#Z#DEBUG#89a811f3-b76c-11f1-a9d4-eeee0a93f2f4.hpbuysell-otc-salesorder-postgres-deployer#flowable-async-job-executor-thread-22007#
[PollStageAppStatusExecution] 9409158a-3ef5-419f-b18e-c3263bd4e0f3 [2026-09-23T16:34:50.583017] Downloaded app package (3.1M) (STDOUT, STG)#
#2026 09 23 16:34:58.740#Z#DEBUG#89a811f3-b76c-11f1-a9d4-eeee0a93f2f4.hpbuysell-otc-salesorder-postgres-deployer#flowable-async-job-executor-thread-22007#
[PollStageAppStatusExecution] 9409158a-3ef5-419f-b18e-c3263bd4e0f3 [2026-09-23T16:34:50.651127] -----> Nodejs Buildpack version 1.9.4 (STDOUT, STG)#
#2026 09 23 16:34:58.740#Z#DEBUG#89a811f3-b76c-11f1-a9d4-eeee0a93f2f4.hpbuysell-otc-salesorder-postgres-deployer#flowable-async-job-executor-thread-22007#
[PollStageAppStatusExecution] 9409158a-3ef5-419f-b18e-c3263bd4e0f3 [2026-09-23T16:34:50.766428] -----> Bootstrapping python (STDOUT, STG)#
#2026 09 23 16:34:58.740#Z#DEBUG#89a811f3-b76c-11f1-a9d4-eeee0a93f2f4.hpbuysell-otc-salesorder-postgres-deployer#flowable-async-job-executor-thread-22007#
[PollStageAppStatusExecution] 9409158a-3ef5-419f-b18e-c3263bd4e0f3 [2026-09-23T16:34:50.766450] -----> Installing python 3.13.15 (STDOUT, STG)#
#2026 09 23 16:34:58.740#Z#DEBUG#89a811f3-b76c-11f1-a9d4-eeee0a93f2f4.hpbuysell-otc-salesorder-postgres-deployer#flowable-async-job-executor-thread-22007#
[PollStageAppStatusExecution] 9409158a-3ef5-419f-b18e-c3263bd4e0f3 [2026-09-23T16:34:50.766488] Copy [/tmp/buildpacks/a5982ae3653c0c93/dependencies/6832464ec708e1392d482a6034aa2c94/python_3.13.15_linux_x64_cflinuxfs4_0c9cd9fd.tgz] (STDOUT, STG)#
#2026 09 23 16:34:58.740#Z#DEBUG#89a811f3-b76c-11f1-a9d4-eeee0a93f2f4.hpbuysell-otc-salesorder-postgres-deployer#flowable-async-job-executor-thread-22007#
[PollStageAppStatusExecution] 9409158a-3ef5-419f-b18e-c3263bd4e0f3 [2026-09-23T16:34:54.032600] -----> Installing binaries (STDOUT, STG)#
#2026 09 23 16:34:58.740#Z#DEBUG#89a811f3-b76c-11f1-a9d4-eeee0a93f2f4.hpbuysell-otc-salesorder-postgres-deployer#flowable-async-job-executor-thread-22007#
[PollStageAppStatusExecution] 9409158a-3ef5-419f-b18e-c3263bd4e0f3 [2026-09-23T16:34:54.032627] engines.node (package.json): unspecified (STDOUT, STG)#
#2026 09 23 16:34:58.740#Z#DEBUG#89a811f3-b76c-11f1-a9d4-eeee0a93f2f4.hpbuysell-otc-salesorder-postgres-deployer#flowable-async-job-executor-thread-22007#
[PollStageAppStatusExecution] 9409158a-3ef5-419f-b18e-c3263bd4e0f3 [2026-09-23T16:34:54.032631] engines.npm (package.json): unspecified (use default) (STDOUT, STG)#
#2026 09 23 16:34:58.740#Z#DEBUG#89a811f3-b76c-11f1-a9d4-eeee0a93f2f4.hpbuysell-otc-salesorder-postgres-deployer#flowable-async-job-executor-thread-22007#
[PollStageAppStatusExecution] 9409158a-3ef5-419f-b18e-c3263bd4e0f3 [2026-09-23T16:34:54.032634] [31;1m**WARNING**[0m Node version not specified in package.json or .nvmrc. See: http://docs.cloudfoundry.org/buildpacks/node/node-tips.html (STDOUT, STG)#
#2026 09 23 16:34:58.740#Z#DEBUG#89a811f3-b76c-11f1-a9d4-eeee0a93f2f4.hpbuysell-otc-salesorder-postgres-deployer#flowable-async-job-executor-thread-22007#
[PollStageAppStatusExecution] 9409158a-3ef5-419f-b18e-c3263bd4e0f3 [2026-09-23T16:34:54.032662] -----> Installing node 22.23.2 (STDOUT, STG)#
#2026 09 23 16:34:58.740#Z#DEBUG#89a811f3-b76c-11f1-a9d4-eeee0a93f2f4.hpbuysell-otc-salesorder-postgres-deployer#flowable-async-job-executor-thread-22007#
[PollStageAppStatusExecution] 9409158a-3ef5-419f-b18e-c3263bd4e0f3 [2026-09-23T16:34:54.032785] Copy [/tmp/buildpacks/a5982ae3653c0c93/dependencies/d69f9b8550b7904ed82cbc204ef0d72d/node_22.23.2_linux_x64_cflinuxfs4_8bfe78a5.tgz] (STDOUT, STG)#
#2026 09 23 16:34:58.740#Z#DEBUG#89a811f3-b76c-11f1-a9d4-eeee0a93f2f4.hpbuysell-otc-salesorder-postgres-deployer#flowable-async-job-executor-thread-22007#
[PollStageAppStatusExecution] 9409158a-3ef5-419f-b18e-c3263bd4e0f3 [2026-09-23T16:34:55.892303] Using default npm version: 10.9.8 (STDOUT, STG)#
#2026 09 23 16:34:58.740#Z#DEBUG#89a811f3-b76c-11f1-a9d4-eeee0a93f2f4.hpbuysell-otc-salesorder-postgres-deployer#flowable-async-job-executor-thread-22007#
[PollStageAppStatusExecution] 9409158a-3ef5-419f-b18e-c3263bd4e0f3 [2026-09-23T16:34:55.892329] -----> Installing yarn 1.22.22 (STDOUT, STG)#
#2026 09 23 16:34:58.740#Z#DEBUG#89a811f3-b76c-11f1-a9d4-eeee0a93f2f4.hpbuysell-otc-salesorder-postgres-deployer#flowable-async-job-executor-thread-22007#
[PollStageAppStatusExecution] 9409158a-3ef5-419f-b18e-c3263bd4e0f3 [2026-09-23T16:34:55.892347] Copy [/tmp/buildpacks/a5982ae3653c0c93/dependencies/e4fe26756e9984a665478d350474fa2e/yarn_1.22.22_linux_noarch_any-stack_b6132b86.tgz] (STDOUT, STG)#
#2026 09 23 16:34:58.740#Z#DEBUG#89a811f3-b76c-11f1-a9d4-eeee0a93f2f4.hpbuysell-otc-salesorder-postgres-deployer#flowable-async-job-executor-thread-22007#
[PollStageAppStatusExecution] 9409158a-3ef5-419f-b18e-c3263bd4e0f3 [2026-09-23T16:34:56.147494] Installed yarn 1.22.22 (STDOUT, STG)#
#2026 09 23 16:34:58.740#Z#DEBUG#89a811f3-b76c-11f1-a9d4-eeee0a93f2f4.hpbuysell-otc-salesorder-postgres-deployer#flowable-async-job-executor-thread-22007#
[PollStageAppStatusExecution] 9409158a-3ef5-419f-b18e-c3263bd4e0f3 [2026-09-23T16:34:56.147527] -----> Creating runtime environment (STDOUT, STG)#
#2026 09 23 16:34:58.740#Z#DEBUG#89a811f3-b76c-11f1-a9d4-eeee0a93f2f4.hpbuysell-otc-salesorder-postgres-deployer#flowable-async-job-executor-thread-22007#
[PollStageAppStatusExecution] 9409158a-3ef5-419f-b18e-c3263bd4e0f3 [2026-09-23T16:34:56.149201] NODE_ENV=production (STDOUT, STG)#
#2026 09 23 16:34:58.740#Z#DEBUG#89a811f3-b76c-11f1-a9d4-eeee0a93f2f4.hpbuysell-otc-salesorder-postgres-deployer#flowable-async-job-executor-thread-22007#
[PollStageAppStatusExecution] 9409158a-3ef5-419f-b18e-c3263bd4e0f3 [2026-09-23T16:34:56.149215] NODE_HOME=/tmp/contents2561168110/deps/0/node (STDOUT, STG)#
#2026 09 23 16:34:58.740#Z#DEBUG#89a811f3-b76c-11f1-a9d4-eeee0a93f2f4.hpbuysell-otc-salesorder-postgres-deployer#flowable-async-job-executor-thread-22007#
[PollStageAppStatusExecution] 9409158a-3ef5-419f-b18e-c3263bd4e0f3 [2026-09-23T16:34:56.149218] NODE_MODULES_CACHE=true (STDOUT, STG)#
#2026 09 23 16:34:58.740#Z#DEBUG#89a811f3-b76c-11f1-a9d4-eeee0a93f2f4.hpbuysell-otc-salesorder-postgres-deployer#flowable-async-job-executor-thread-22007#
[PollStageAppStatusExecution] 9409158a-3ef5-419f-b18e-c3263bd4e0f3 [2026-09-23T16:34:56.149220] NODE_VERBOSE=false (STDOUT, STG)#
#2026 09 23 16:34:58.740#Z#DEBUG#89a811f3-b76c-11f1-a9d4-eeee0a93f2f4.hpbuysell-otc-salesorder-postgres-deployer#flowable-async-job-executor-thread-22007#
[PollStageAppStatusExecution] 9409158a-3ef5-419f-b18e-c3263bd4e0f3 [2026-09-23T16:34:56.149221] NPM_CONFIG_LOGLEVEL=error (STDOUT, STG)#
#2026 09 23 16:34:58.740#Z#DEBUG#89a811f3-b76c-11f1-a9d4-eeee0a93f2f4.hpbuysell-otc-salesorder-postgres-deployer#flowable-async-job-executor-thread-22007#
[PollStageAppStatusExecution] 9409158a-3ef5-419f-b18e-c3263bd4e0f3 [2026-09-23T16:34:56.149224] NPM_CONFIG_PRODUCTION=true (STDOUT, STG)#
#2026 09 23 16:34:58.740#Z#DEBUG#89a811f3-b76c-11f1-a9d4-eeee0a93f2f4.hpbuysell-otc-salesorder-postgres-deployer#flowable-async-job-executor-thread-22007#
[PollStageAppStatusExecution] 9409158a-3ef5-419f-b18e-c3263bd4e0f3 [2026-09-23T16:34:56.149225] -----> Building dependencies (STDOUT, STG)#
#2026 09 23 16:34:58.740#Z#DEBUG#89a811f3-b76c-11f1-a9d4-eeee0a93f2f4.hpbuysell-otc-salesorder-postgres-deployer#flowable-async-job-executor-thread-22007#
[PollStageAppStatusExecution] 9409158a-3ef5-419f-b18e-c3263bd4e0f3 [2026-09-23T16:34:56.149228] Prebuild detected (node_modules already exists) (STDOUT, STG)#
#2026 09 23 16:34:58.740#Z#DEBUG#89a811f3-b76c-11f1-a9d4-eeee0a93f2f4.hpbuysell-otc-salesorder-postgres-deployer#flowable-async-job-executor-thread-22007#
[PollStageAppStatusExecution] 9409158a-3ef5-419f-b18e-c3263bd4e0f3 [2026-09-23T16:34:56.149316] Rebuilding any native modules (STDOUT, STG)#
#2026 09 23 16:34:58.740#Z#DEBUG#89a811f3-b76c-11f1-a9d4-eeee0a93f2f4.hpbuysell-otc-salesorder-postgres-deployer#flowable-async-job-executor-thread-22007#
[PollStageAppStatusExecution] 9409158a-3ef5-419f-b18e-c3263bd4e0f3 [2026-09-23T16:34:56.664749] rebuilt dependencies successfully (STDOUT, STG)#
#2026 09 23 16:34:58.740#Z#DEBUG#89a811f3-b76c-11f1-a9d4-eeee0a93f2f4.hpbuysell-otc-salesorder-postgres-deployer#flowable-async-job-executor-thread-22007#
[PollStageAppStatusExecution] 9409158a-3ef5-419f-b18e-c3263bd4e0f3 [2026-09-23T16:34:56.665630] npm notice (STDOUT, STG)#
#2026 09 23 16:34:58.740#Z#DEBUG#89a811f3-b76c-11f1-a9d4-eeee0a93f2f4.hpbuysell-otc-salesorder-postgres-deployer#flowable-async-job-executor-thread-22007#
[PollStageAppStatusExecution] 9409158a-3ef5-419f-b18e-c3263bd4e0f3 [2026-09-23T16:34:56.665644] npm notice New major version of npm available! 10.9.8 -> 12.1.0 (STDOUT, STG)#
#2026 09 23 16:34:58.740#Z#DEBUG#89a811f3-b76c-11f1-a9d4-eeee0a93f2f4.hpbuysell-otc-salesorder-postgres-deployer#flowable-async-job-executor-thread-22007#
[PollStageAppStatusExecution] 9409158a-3ef5-419f-b18e-c3263bd4e0f3 [2026-09-23T16:34:56.665648] npm notice Changelog: https://github.com/npm/cli/releases/tag/v12.1.0 (STDOUT, STG)#
#2026 09 23 16:34:58.740#Z#DEBUG#89a811f3-b76c-11f1-a9d4-eeee0a93f2f4.hpbuysell-otc-salesorder-postgres-deployer#flowable-async-job-executor-thread-22007#
[PollStageAppStatusExecution] 9409158a-3ef5-419f-b18e-c3263bd4e0f3 [2026-09-23T16:34:56.665650] npm notice To update run: npm install -g npm@12.1.0 (STDOUT, STG)#
#2026 09 23 16:34:58.740#Z#DEBUG#89a811f3-b76c-11f1-a9d4-eeee0a93f2f4.hpbuysell-otc-salesorder-postgres-deployer#flowable-async-job-executor-thread-22007#
[PollStageAppStatusExecution] 9409158a-3ef5-419f-b18e-c3263bd4e0f3 [2026-09-23T16:34:56.665652] npm notice (STDOUT, STG)#
#2026 09 23 16:34:58.740#Z#DEBUG#89a811f3-b76c-11f1-a9d4-eeee0a93f2f4.hpbuysell-otc-salesorder-postgres-deployer#flowable-async-job-executor-thread-22007#
[PollStageAppStatusExecution] 9409158a-3ef5-419f-b18e-c3263bd4e0f3 [2026-09-23T16:34:56.720884] Installing any new modules (package.json + package-lock.json) (STDOUT, STG)#
#2026 09 23 16:34:58.740#Z#DEBUG#89a811f3-b76c-11f1-a9d4-eeee0a93f2f4.hpbuysell-otc-salesorder-postgres-deployer#flowable-async-job-executor-thread-22007#
[PollStageAppStatusExecution] 9409158a-3ef5-419f-b18e-c3263bd4e0f3 [2026-09-23T16:34:57.157879] up to date in 375ms (STDOUT, STG)#
#2026 09 23 16:34:58.740#Z#DEBUG#89a811f3-b76c-11f1-a9d4-eeee0a93f2f4.hpbuysell-otc-salesorder-postgres-deployer#flowable-async-job-executor-thread-22007#
[PollStageAppStatusExecution] 9409158a-3ef5-419f-b18e-c3263bd4e0f3 [2026-09-23T16:34:57.157924] 30 packages are looking for funding (STDOUT, STG)#
#2026 09 23 16:34:58.740#Z#DEBUG#89a811f3-b76c-11f1-a9d4-eeee0a93f2f4.hpbuysell-otc-salesorder-postgres-deployer#flowable-async-job-executor-thread-22007#
[PollStageAppStatusExecution] 9409158a-3ef5-419f-b18e-c3263bd4e0f3 [2026-09-23T16:34:57.157931] run `npm fund` for details (STDOUT, STG)#
#2026 09 23 16:34:58.740#Z#DEBUG#89a811f3-b76c-11f1-a9d4-eeee0a93f2f4.hpbuysell-otc-salesorder-postgres-deployer#flowable-async-job-executor-thread-22007#
[PollStageAppStatusExecution] 9409158a-3ef5-419f-b18e-c3263bd4e0f3 [2026-09-23T16:34:57.932379] Contrast Security no credentials found. Will not write environment files. (STDOUT, STG)#
#2026 09 23 16:35:08.744#Z#DEBUG#89a811f3-b76c-11f1-a9d4-eeee0a93f2f4.hpbuysell-otc-salesorder-postgres-deployer#flowable-async-job-executor-thread-28235#
[PollStageAppStatusExecution] 9409158a-3ef5-419f-b18e-c3263bd4e0f3 [2026-09-23T16:35:05.888464] Exit status 0 (STDOUT, STG)#
#2026 09 23 16:35:08.744#Z#DEBUG#89a811f3-b76c-11f1-a9d4-eeee0a93f2f4.hpbuysell-otc-salesorder-postgres-deployer#flowable-async-job-executor-thread-28235#
[PollStageAppStatusExecution] 9409158a-3ef5-419f-b18e-c3263bd4e0f3 [2026-09-23T16:35:05.888535] Uploading droplet, build artifacts cache... (STDOUT, STG)#
#2026 09 23 16:35:08.744#Z#DEBUG#89a811f3-b76c-11f1-a9d4-eeee0a93f2f4.hpbuysell-otc-salesorder-postgres-deployer#flowable-async-job-executor-thread-28235#
[PollStageAppStatusExecution] 9409158a-3ef5-419f-b18e-c3263bd4e0f3 [2026-09-23T16:35:05.888608] Uploading droplet... (STDOUT, STG)#
#2026 09 23 16:35:08.744#Z#DEBUG#89a811f3-b76c-11f1-a9d4-eeee0a93f2f4.hpbuysell-otc-salesorder-postgres-deployer#flowable-async-job-executor-thread-28235#
[PollStageAppStatusExecution] 9409158a-3ef5-419f-b18e-c3263bd4e0f3 [2026-09-23T16:35:05.888623] Uploading build artifacts cache... (STDOUT, STG)#
#2026 09 23 16:35:08.744#Z#DEBUG#89a811f3-b76c-11f1-a9d4-eeee0a93f2f4.hpbuysell-otc-salesorder-postgres-deployer#flowable-async-job-executor-thread-28235#
[PollStageAppStatusExecution] 9409158a-3ef5-419f-b18e-c3263bd4e0f3 [2026-09-23T16:35:05.905189] Uploaded build artifacts cache (224B) (STDOUT, STG)#
#2026 09 23 16:35:08.744#Z#DEBUG#89a811f3-b76c-11f1-a9d4-eeee0a93f2f4.hpbuysell-otc-salesorder-postgres-deployer#flowable-async-job-executor-thread-28235#
[PollStageAppStatusExecution] 9409158a-3ef5-419f-b18e-c3263bd4e0f3 [2026-09-23T16:35:06.493229] Creating droplet for app with guid 9409158a-3ef5-419f-b18e-c3263bd4e0f3 (STDOUT, API)#
#2026 09 23 16:35:08.744#Z#DEBUG#89a811f3-b76c-11f1-a9d4-eeee0a93f2f4.hpbuysell-otc-salesorder-postgres-deployer#flowable-async-job-executor-thread-28235#
[PollStageAppStatusExecution] 9409158a-3ef5-419f-b18e-c3263bd4e0f3 [2026-09-23T16:35:08.560959] Uploaded droplet (59.5M) (STDOUT, STG)#
#2026 09 23 16:35:08.744#Z#DEBUG#89a811f3-b76c-11f1-a9d4-eeee0a93f2f4.hpbuysell-otc-salesorder-postgres-deployer#flowable-async-job-executor-thread-28235#
[PollStageAppStatusExecution] 9409158a-3ef5-419f-b18e-c3263bd4e0f3 [2026-09-23T16:35:08.578586] Uploading complete (STDOUT, STG)#
#2026 09 23 16:35:18.767#Z#DEBUG#89a811f3-b76c-11f1-a9d4-eeee0a93f2f4.hpbuysell-otc-salesorder-postgres-deployer#flowable-async-job-executor-thread-28251#
[PollStageAppStatusExecution] 9409158a-3ef5-419f-b18e-c3263bd4e0f3 [2026-09-23T16:35:09.645640] Cell e92d70ea-20bb-4bd3-b62a-3f8ab64af136 stopping instance b2d19168-9a0b-4d05-9952-968a341bf132 (STDOUT, STG)#
#2026 09 23 16:35:18.767#Z#DEBUG#89a811f3-b76c-11f1-a9d4-eeee0a93f2f4.hpbuysell-otc-salesorder-postgres-deployer#flowable-async-job-executor-thread-28251#
[PollStageAppStatusExecution] 9409158a-3ef5-419f-b18e-c3263bd4e0f3 [2026-09-23T16:35:09.645681] Cell e92d70ea-20bb-4bd3-b62a-3f8ab64af136 destroying container for instance b2d19168-9a0b-4d05-9952-968a341bf132 (STDOUT, STG)#
#2026 09 23 16:35:18.767#Z#DEBUG#89a811f3-b76c-11f1-a9d4-eeee0a93f2f4.hpbuysell-otc-salesorder-postgres-deployer#flowable-async-job-executor-thread-28251#
[PollStageAppStatusExecution] 9409158a-3ef5-419f-b18e-c3263bd4e0f3 [2026-09-23T16:35:09.715185] Staging complete for build b2d19168-9a0b-4d05-9952-968a341bf132 (STDOUT, API)#
#2026 09 23 16:35:18.767#Z#DEBUG#89a811f3-b76c-11f1-a9d4-eeee0a93f2f4.hpbuysell-otc-salesorder-postgres-deployer#flowable-async-job-executor-thread-28251#
[PollStageAppStatusExecution] 9409158a-3ef5-419f-b18e-c3263bd4e0f3 [2026-09-23T16:35:10.724758] Cell e92d70ea-20bb-4bd3-b62a-3f8ab64af136 successfully destroyed container for instance b2d19168-9a0b-4d05-9952-968a341bf132 (STDOUT, STG)#
#2026 09 23 16:35:28.823#Z#DEBUG#89a811f3-b76c-11f1-a9d4-eeee0a93f2f4.hpbuysell-otc-salesorder-postgres-deployer#flowable-async-job-executor-thread-11931#
[PollExecuteTaskStatusExecution] 9409158a-3ef5-419f-b18e-c3263bd4e0f3 [2026-09-23T16:34:02.941131] Updated app with guid 9409158a-3ef5-419f-b18e-c3263bd4e0f3 ({"lifecycle"=>{"data"=>{"buildpacks"=>["nodejs_buildpack"]}, "type"=>"buildpack"}}) (STDOUT, API)#
#2026 09 23 16:35:28.823#Z#DEBUG#89a811f3-b76c-11f1-a9d4-eeee0a93f2f4.hpbuysell-otc-salesorder-postgres-deployer#flowable-async-job-executor-thread-11931#
[PollExecuteTaskStatusExecution] 9409158a-3ef5-419f-b18e-c3263bd4e0f3 [2026-09-23T16:34:03.062639] Updating process: "web" (STDOUT, API)#
#2026 09 23 16:35:28.823#Z#DEBUG#89a811f3-b76c-11f1-a9d4-eeee0a93f2f4.hpbuysell-otc-salesorder-postgres-deployer#flowable-async-job-executor-thread-11931#
[PollExecuteTaskStatusExecution] 9409158a-3ef5-419f-b18e-c3263bd4e0f3 [2026-09-23T16:34:38.924183] Uploading app package for app with guid 9409158a-3ef5-419f-b18e-c3263bd4e0f3 (STDOUT, API)#
#2026 09 23 16:35:28.823#Z#DEBUG#89a811f3-b76c-11f1-a9d4-eeee0a93f2f4.hpbuysell-otc-salesorder-postgres-deployer#flowable-async-job-executor-thread-11931#
[PollExecuteTaskStatusExecution] 9409158a-3ef5-419f-b18e-c3263bd4e0f3 [2026-09-23T16:34:39.117933] Updated app with guid 9409158a-3ef5-419f-b18e-c3263bd4e0f3 ({"environment_variables"=>"[PRIVATE DATA HIDDEN]"}) (STDOUT, API)#
#2026 09 23 16:35:28.823#Z#DEBUG#89a811f3-b76c-11f1-a9d4-eeee0a93f2f4.hpbuysell-otc-salesorder-postgres-deployer#flowable-async-job-executor-thread-11931#
[PollExecuteTaskStatusExecution] 9409158a-3ef5-419f-b18e-c3263bd4e0f3 [2026-09-23T16:34:48.894228] Creating build for app with guid 9409158a-3ef5-419f-b18e-c3263bd4e0f3 (STDOUT, API)#
#2026 09 23 16:35:28.823#Z#DEBUG#89a811f3-b76c-11f1-a9d4-eeee0a93f2f4.hpbuysell-otc-salesorder-postgres-deployer#flowable-async-job-executor-thread-11931#
[PollExecuteTaskStatusExecution] 9409158a-3ef5-419f-b18e-c3263bd4e0f3 [2026-09-23T16:34:49.282519] Downloading nodejs_buildpack... (STDOUT, STG)#
#2026 09 23 16:35:28.823#Z#DEBUG#89a811f3-b76c-11f1-a9d4-eeee0a93f2f4.hpbuysell-otc-salesorder-postgres-deployer#flowable-async-job-executor-thread-11931#
[PollExecuteTaskStatusExecution] 9409158a-3ef5-419f-b18e-c3263bd4e0f3 [2026-09-23T16:34:49.320916] Downloaded nodejs_buildpack (STDOUT, STG)#
#2026 09 23 16:35:28.823#Z#DEBUG#89a811f3-b76c-11f1-a9d4-eeee0a93f2f4.hpbuysell-otc-salesorder-postgres-deployer#flowable-async-job-executor-thread-11931#
[PollExecuteTaskStatusExecution] 9409158a-3ef5-419f-b18e-c3263bd4e0f3 [2026-09-23T16:34:49.320988] Cell e92d70ea-20bb-4bd3-b62a-3f8ab64af136 creating container for instance b2d19168-9a0b-4d05-9952-968a341bf132 (STDOUT, STG)#
#2026 09 23 16:35:28.823#Z#DEBUG#89a811f3-b76c-11f1-a9d4-eeee0a93f2f4.hpbuysell-otc-salesorder-postgres-deployer#flowable-async-job-executor-thread-11931#
[PollExecuteTaskStatusExecution] 9409158a-3ef5-419f-b18e-c3263bd4e0f3 [2026-09-23T16:34:49.646764] Security group rules were updated (STDOUT, STG)#
#2026 09 23 16:35:28.823#Z#DEBUG#89a811f3-b76c-11f1-a9d4-eeee0a93f2f4.hpbuysell-otc-salesorder-postgres-deployer#flowable-async-job-executor-thread-11931#
[PollExecuteTaskStatusExecution] 9409158a-3ef5-419f-b18e-c3263bd4e0f3 [2026-09-23T16:34:49.664369] Cell e92d70ea-20bb-4bd3-b62a-3f8ab64af136 successfully created container for instance b2d19168-9a0b-4d05-9952-968a341bf132 (STDOUT, STG)#
#2026 09 23 16:35:28.823#Z#DEBUG#89a811f3-b76c-11f1-a9d4-eeee0a93f2f4.hpbuysell-otc-salesorder-postgres-deployer#flowable-async-job-executor-thread-11931#
[PollExecuteTaskStatusExecution] 9409158a-3ef5-419f-b18e-c3263bd4e0f3 [2026-09-23T16:34:50.268211] Downloading build artifacts cache... (STDOUT, STG)#
#2026 09 23 16:35:28.823#Z#DEBUG#89a811f3-b76c-11f1-a9d4-eeee0a93f2f4.hpbuysell-otc-salesorder-postgres-deployer#flowable-async-job-executor-thread-11931#
[PollExecuteTaskStatusExecution] 9409158a-3ef5-419f-b18e-c3263bd4e0f3 [2026-09-23T16:34:50.268333] Downloading app package... (STDOUT, STG)#
#2026 09 23 16:35:28.823#Z#DEBUG#89a811f3-b76c-11f1-a9d4-eeee0a93f2f4.hpbuysell-otc-salesorder-postgres-deployer#flowable-async-job-executor-thread-11931#
[PollExecuteTaskStatusExecution] 9409158a-3ef5-419f-b18e-c3263bd4e0f3 [2026-09-23T16:34:50.349223] Downloaded build artifacts cache (215B) (STDOUT, STG)#
#2026 09 23 16:35:28.823#Z#DEBUG#89a811f3-b76c-11f1-a9d4-eeee0a93f2f4.hpbuysell-otc-salesorder-postgres-deployer#flowable-async-job-executor-thread-11931#
[PollExecuteTaskStatusExecution] 9409158a-3ef5-419f-b18e-c3263bd4e0f3 [2026-09-23T16:34:50.583017] Downloaded app package (3.1M) (STDOUT, STG)#
#2026 09 23 16:35:28.823#Z#DEBUG#89a811f3-b76c-11f1-a9d4-eeee0a93f2f4.hpbuysell-otc-salesorder-postgres-deployer#flowable-async-job-executor-thread-11931#
[PollExecuteTaskStatusExecution] 9409158a-3ef5-419f-b18e-c3263bd4e0f3 [2026-09-23T16:34:50.651127] -----> Nodejs Buildpack version 1.9.4 (STDOUT, STG)#
#2026 09 23 16:35:28.823#Z#DEBUG#89a811f3-b76c-11f1-a9d4-eeee0a93f2f4.hpbuysell-otc-salesorder-postgres-deployer#flowable-async-job-executor-thread-11931#
[PollExecuteTaskStatusExecution] 9409158a-3ef5-419f-b18e-c3263bd4e0f3 [2026-09-23T16:34:50.766428] -----> Bootstrapping python (STDOUT, STG)#
#2026 09 23 16:35:28.823#Z#DEBUG#89a811f3-b76c-11f1-a9d4-eeee0a93f2f4.hpbuysell-otc-salesorder-postgres-deployer#flowable-async-job-executor-thread-11931#
[PollExecuteTaskStatusExecution] 9409158a-3ef5-419f-b18e-c3263bd4e0f3 [2026-09-23T16:34:50.766450] -----> Installing python 3.13.15 (STDOUT, STG)#
#2026 09 23 16:35:28.823#Z#DEBUG#89a811f3-b76c-11f1-a9d4-eeee0a93f2f4.hpbuysell-otc-salesorder-postgres-deployer#flowable-async-job-executor-thread-11931#
[PollExecuteTaskStatusExecution] 9409158a-3ef5-419f-b18e-c3263bd4e0f3 [2026-09-23T16:34:50.766488] Copy [/tmp/buildpacks/a5982ae3653c0c93/dependencies/6832464ec708e1392d482a6034aa2c94/python_3.13.15_linux_x64_cflinuxfs4_0c9cd9fd.tgz] (STDOUT, STG)#
#2026 09 23 16:35:28.823#Z#DEBUG#89a811f3-b76c-11f1-a9d4-eeee0a93f2f4.hpbuysell-otc-salesorder-postgres-deployer#flowable-async-job-executor-thread-11931#
[PollExecuteTaskStatusExecution] 9409158a-3ef5-419f-b18e-c3263bd4e0f3 [2026-09-23T16:34:54.032600] -----> Installing binaries (STDOUT, STG)#
#2026 09 23 16:35:28.823#Z#DEBUG#89a811f3-b76c-11f1-a9d4-eeee0a93f2f4.hpbuysell-otc-salesorder-postgres-deployer#flowable-async-job-executor-thread-11931#
[PollExecuteTaskStatusExecution] 9409158a-3ef5-419f-b18e-c3263bd4e0f3 [2026-09-23T16:34:54.032627] engines.node (package.json): unspecified (STDOUT, STG)#
#2026 09 23 16:35:28.823#Z#DEBUG#89a811f3-b76c-11f1-a9d4-eeee0a93f2f4.hpbuysell-otc-salesorder-postgres-deployer#flowable-async-job-executor-thread-11931#
[PollExecuteTaskStatusExecution] 9409158a-3ef5-419f-b18e-c3263bd4e0f3 [2026-09-23T16:34:54.032631] engines.npm (package.json): unspecified (use default) (STDOUT, STG)#
#2026 09 23 16:35:28.823#Z#DEBUG#89a811f3-b76c-11f1-a9d4-eeee0a93f2f4.hpbuysell-otc-salesorder-postgres-deployer#flowable-async-job-executor-thread-11931#
[PollExecuteTaskStatusExecution] 9409158a-3ef5-419f-b18e-c3263bd4e0f3 [2026-09-23T16:34:54.032634] [31;1m**WARNING**[0m Node version not specified in package.json or .nvmrc. See: http://docs.cloudfoundry.org/buildpacks/node/node-tips.html (STDOUT, STG)#
#2026 09 23 16:35:28.823#Z#DEBUG#89a811f3-b76c-11f1-a9d4-eeee0a93f2f4.hpbuysell-otc-salesorder-postgres-deployer#flowable-async-job-executor-thread-11931#
[PollExecuteTaskStatusExecution] 9409158a-3ef5-419f-b18e-c3263bd4e0f3 [2026-09-23T16:34:54.032662] -----> Installing node 22.23.2 (STDOUT, STG)#
#2026 09 23 16:35:28.823#Z#DEBUG#89a811f3-b76c-11f1-a9d4-eeee0a93f2f4.hpbuysell-otc-salesorder-postgres-deployer#flowable-async-job-executor-thread-11931#
[PollExecuteTaskStatusExecution] 9409158a-3ef5-419f-b18e-c3263bd4e0f3 [2026-09-23T16:34:54.032785] Copy [/tmp/buildpacks/a5982ae3653c0c93/dependencies/d69f9b8550b7904ed82cbc204ef0d72d/node_22.23.2_linux_x64_cflinuxfs4_8bfe78a5.tgz] (STDOUT, STG)#
#2026 09 23 16:35:28.823#Z#DEBUG#89a811f3-b76c-11f1-a9d4-eeee0a93f2f4.hpbuysell-otc-salesorder-postgres-deployer#flowable-async-job-executor-thread-11931#
[PollExecuteTaskStatusExecution] 9409158a-3ef5-419f-b18e-c3263bd4e0f3 [2026-09-23T16:34:55.892303] Using default npm version: 10.9.8 (STDOUT, STG)#
#2026 09 23 16:35:28.823#Z#DEBUG#89a811f3-b76c-11f1-a9d4-eeee0a93f2f4.hpbuysell-otc-salesorder-postgres-deployer#flowable-async-job-executor-thread-11931#
[PollExecuteTaskStatusExecution] 9409158a-3ef5-419f-b18e-c3263bd4e0f3 [2026-09-23T16:34:55.892329] -----> Installing yarn 1.22.22 (STDOUT, STG)#
#2026 09 23 16:35:28.823#Z#DEBUG#89a811f3-b76c-11f1-a9d4-eeee0a93f2f4.hpbuysell-otc-salesorder-postgres-deployer#flowable-async-job-executor-thread-11931#
[PollExecuteTaskStatusExecution] 9409158a-3ef5-419f-b18e-c3263bd4e0f3 [2026-09-23T16:34:55.892347] Copy [/tmp/buildpacks/a5982ae3653c0c93/dependencies/e4fe26756e9984a665478d350474fa2e/yarn_1.22.22_linux_noarch_any-stack_b6132b86.tgz] (STDOUT, STG)#
#2026 09 23 16:35:28.823#Z#DEBUG#89a811f3-b76c-11f1-a9d4-eeee0a93f2f4.hpbuysell-otc-salesorder-postgres-deployer#flowable-async-job-executor-thread-11931#
[PollExecuteTaskStatusExecution] 9409158a-3ef5-419f-b18e-c3263bd4e0f3 [2026-09-23T16:34:56.147494] Installed yarn 1.22.22 (STDOUT, STG)#
#2026 09 23 16:35:28.823#Z#DEBUG#89a811f3-b76c-11f1-a9d4-eeee0a93f2f4.hpbuysell-otc-salesorder-postgres-deployer#flowable-async-job-executor-thread-11931#
[PollExecuteTaskStatusExecution] 9409158a-3ef5-419f-b18e-c3263bd4e0f3 [2026-09-23T16:34:56.147527] -----> Creating runtime environment (STDOUT, STG)#
#2026 09 23 16:35:28.823#Z#DEBUG#89a811f3-b76c-11f1-a9d4-eeee0a93f2f4.hpbuysell-otc-salesorder-postgres-deployer#flowable-async-job-executor-thread-11931#
[PollExecuteTaskStatusExecution] 9409158a-3ef5-419f-b18e-c3263bd4e0f3 [2026-09-23T16:34:56.149201] NODE_ENV=production (STDOUT, STG)#
#2026 09 23 16:35:28.823#Z#DEBUG#89a811f3-b76c-11f1-a9d4-eeee0a93f2f4.hpbuysell-otc-salesorder-postgres-deployer#flowable-async-job-executor-thread-11931#
[PollExecuteTaskStatusExecution] 9409158a-3ef5-419f-b18e-c3263bd4e0f3 [2026-09-23T16:34:56.149215] NODE_HOME=/tmp/contents2561168110/deps/0/node (STDOUT, STG)#
#2026 09 23 16:35:28.823#Z#DEBUG#89a811f3-b76c-11f1-a9d4-eeee0a93f2f4.hpbuysell-otc-salesorder-postgres-deployer#flowable-async-job-executor-thread-11931#
[PollExecuteTaskStatusExecution] 9409158a-3ef5-419f-b18e-c3263bd4e0f3 [2026-09-23T16:34:56.149218] NODE_MODULES_CACHE=true (STDOUT, STG)#
#2026 09 23 16:35:28.823#Z#DEBUG#89a811f3-b76c-11f1-a9d4-eeee0a93f2f4.hpbuysell-otc-salesorder-postgres-deployer#flowable-async-job-executor-thread-11931#
[PollExecuteTaskStatusExecution] 9409158a-3ef5-419f-b18e-c3263bd4e0f3 [2026-09-23T16:34:56.149220] NODE_VERBOSE=false (STDOUT, STG)#
#2026 09 23 16:35:28.823#Z#DEBUG#89a811f3-b76c-11f1-a9d4-eeee0a93f2f4.hpbuysell-otc-salesorder-postgres-deployer#flowable-async-job-executor-thread-11931#
[PollExecuteTaskStatusExecution] 9409158a-3ef5-419f-b18e-c3263bd4e0f3 [2026-09-23T16:34:56.149221] NPM_CONFIG_LOGLEVEL=error (STDOUT, STG)#
#2026 09 23 16:35:28.823#Z#DEBUG#89a811f3-b76c-11f1-a9d4-eeee0a93f2f4.hpbuysell-otc-salesorder-postgres-deployer#flowable-async-job-executor-thread-11931#
[PollExecuteTaskStatusExecution] 9409158a-3ef5-419f-b18e-c3263bd4e0f3 [2026-09-23T16:34:56.149224] NPM_CONFIG_PRODUCTION=true (STDOUT, STG)#
#2026 09 23 16:35:28.823#Z#DEBUG#89a811f3-b76c-11f1-a9d4-eeee0a93f2f4.hpbuysell-otc-salesorder-postgres-deployer#flowable-async-job-executor-thread-11931#
[PollExecuteTaskStatusExecution] 9409158a-3ef5-419f-b18e-c3263bd4e0f3 [2026-09-23T16:34:56.149225] -----> Building dependencies (STDOUT, STG)#
#2026 09 23 16:35:28.823#Z#DEBUG#89a811f3-b76c-11f1-a9d4-eeee0a93f2f4.hpbuysell-otc-salesorder-postgres-deployer#flowable-async-job-executor-thread-11931#
[PollExecuteTaskStatusExecution] 9409158a-3ef5-419f-b18e-c3263bd4e0f3 [2026-09-23T16:34:56.149228] Prebuild detected (node_modules already exists) (STDOUT, STG)#
#2026 09 23 16:35:28.823#Z#DEBUG#89a811f3-b76c-11f1-a9d4-eeee0a93f2f4.hpbuysell-otc-salesorder-postgres-deployer#flowable-async-job-executor-thread-11931#
[PollExecuteTaskStatusExecution] 9409158a-3ef5-419f-b18e-c3263bd4e0f3 [2026-09-23T16:34:56.149316] Rebuilding any native modules (STDOUT, STG)#
#2026 09 23 16:35:28.823#Z#DEBUG#89a811f3-b76c-11f1-a9d4-eeee0a93f2f4.hpbuysell-otc-salesorder-postgres-deployer#flowable-async-job-executor-thread-11931#
[PollExecuteTaskStatusExecution] 9409158a-3ef5-419f-b18e-c3263bd4e0f3 [2026-09-23T16:34:56.664749] rebuilt dependencies successfully (STDOUT, STG)#
#2026 09 23 16:35:28.823#Z#DEBUG#89a811f3-b76c-11f1-a9d4-eeee0a93f2f4.hpbuysell-otc-salesorder-postgres-deployer#flowable-async-job-executor-thread-11931#
[PollExecuteTaskStatusExecution] 9409158a-3ef5-419f-b18e-c3263bd4e0f3 [2026-09-23T16:34:56.665630] npm notice (STDOUT, STG)#
#2026 09 23 16:35:28.823#Z#DEBUG#89a811f3-b76c-11f1-a9d4-eeee0a93f2f4.hpbuysell-otc-salesorder-postgres-deployer#flowable-async-job-executor-thread-11931#
[PollExecuteTaskStatusExecution] 9409158a-3ef5-419f-b18e-c3263bd4e0f3 [2026-09-23T16:34:56.665644] npm notice New major version of npm available! 10.9.8 -> 12.1.0 (STDOUT, STG)#
#2026 09 23 16:35:28.823#Z#DEBUG#89a811f3-b76c-11f1-a9d4-eeee0a93f2f4.hpbuysell-otc-salesorder-postgres-deployer#flowable-async-job-executor-thread-11931#
[PollExecuteTaskStatusExecution] 9409158a-3ef5-419f-b18e-c3263bd4e0f3 [2026-09-23T16:34:56.665648] npm notice Changelog: https://github.com/npm/cli/releases/tag/v12.1.0 (STDOUT, STG)#
#2026 09 23 16:35:28.823#Z#DEBUG#89a811f3-b76c-11f1-a9d4-eeee0a93f2f4.hpbuysell-otc-salesorder-postgres-deployer#flowable-async-job-executor-thread-11931#
[PollExecuteTaskStatusExecution] 9409158a-3ef5-419f-b18e-c3263bd4e0f3 [2026-09-23T16:34:56.665650] npm notice To update run: npm install -g npm@12.1.0 (STDOUT, STG)#
#2026 09 23 16:35:28.823#Z#DEBUG#89a811f3-b76c-11f1-a9d4-eeee0a93f2f4.hpbuysell-otc-salesorder-postgres-deployer#flowable-async-job-executor-thread-11931#
[PollExecuteTaskStatusExecution] 9409158a-3ef5-419f-b18e-c3263bd4e0f3 [2026-09-23T16:34:56.665652] npm notice (STDOUT, STG)#
#2026 09 23 16:35:28.823#Z#DEBUG#89a811f3-b76c-11f1-a9d4-eeee0a93f2f4.hpbuysell-otc-salesorder-postgres-deployer#flowable-async-job-executor-thread-11931#
[PollExecuteTaskStatusExecution] 9409158a-3ef5-419f-b18e-c3263bd4e0f3 [2026-09-23T16:34:56.720884] Installing any new modules (package.json + package-lock.json) (STDOUT, STG)#
#2026 09 23 16:35:28.823#Z#DEBUG#89a811f3-b76c-11f1-a9d4-eeee0a93f2f4.hpbuysell-otc-salesorder-postgres-deployer#flowable-async-job-executor-thread-11931#
[PollExecuteTaskStatusExecution] 9409158a-3ef5-419f-b18e-c3263bd4e0f3 [2026-09-23T16:34:57.157879] up to date in 375ms (STDOUT, STG)#
#2026 09 23 16:35:28.823#Z#DEBUG#89a811f3-b76c-11f1-a9d4-eeee0a93f2f4.hpbuysell-otc-salesorder-postgres-deployer#flowable-async-job-executor-thread-11931#
[PollExecuteTaskStatusExecution] 9409158a-3ef5-419f-b18e-c3263bd4e0f3 [2026-09-23T16:34:57.157924] 30 packages are looking for funding (STDOUT, STG)#
#2026 09 23 16:35:28.823#Z#DEBUG#89a811f3-b76c-11f1-a9d4-eeee0a93f2f4.hpbuysell-otc-salesorder-postgres-deployer#flowable-async-job-executor-thread-11931#
[PollExecuteTaskStatusExecution] 9409158a-3ef5-419f-b18e-c3263bd4e0f3 [2026-09-23T16:34:57.157931] run `npm fund` for details (STDOUT, STG)#
#2026 09 23 16:35:28.823#Z#DEBUG#89a811f3-b76c-11f1-a9d4-eeee0a93f2f4.hpbuysell-otc-salesorder-postgres-deployer#flowable-async-job-executor-thread-11931#
[PollExecuteTaskStatusExecution] 9409158a-3ef5-419f-b18e-c3263bd4e0f3 [2026-09-23T16:34:57.932379] Contrast Security no credentials found. Will not write environment files. (STDOUT, STG)#
#2026 09 23 16:35:28.823#Z#DEBUG#89a811f3-b76c-11f1-a9d4-eeee0a93f2f4.hpbuysell-otc-salesorder-postgres-deployer#flowable-async-job-executor-thread-11931#
[PollExecuteTaskStatusExecution] 9409158a-3ef5-419f-b18e-c3263bd4e0f3 [2026-09-23T16:35:05.888464] Exit status 0 (STDOUT, STG)#
#2026 09 23 16:35:28.823#Z#DEBUG#89a811f3-b76c-11f1-a9d4-eeee0a93f2f4.hpbuysell-otc-salesorder-postgres-deployer#flowable-async-job-executor-thread-11931#
[PollExecuteTaskStatusExecution] 9409158a-3ef5-419f-b18e-c3263bd4e0f3 [2026-09-23T16:35:05.888535] Uploading droplet, build artifacts cache... (STDOUT, STG)#
#2026 09 23 16:35:28.823#Z#DEBUG#89a811f3-b76c-11f1-a9d4-eeee0a93f2f4.hpbuysell-otc-salesorder-postgres-deployer#flowable-async-job-executor-thread-11931#
[PollExecuteTaskStatusExecution] 9409158a-3ef5-419f-b18e-c3263bd4e0f3 [2026-09-23T16:35:05.888608] Uploading droplet... (STDOUT, STG)#
#2026 09 23 16:35:28.823#Z#DEBUG#89a811f3-b76c-11f1-a9d4-eeee0a93f2f4.hpbuysell-otc-salesorder-postgres-deployer#flowable-async-job-executor-thread-11931#
[PollExecuteTaskStatusExecution] 9409158a-3ef5-419f-b18e-c3263bd4e0f3 [2026-09-23T16:35:05.888623] Uploading build artifacts cache... (STDOUT, STG)#
#2026 09 23 16:35:28.823#Z#DEBUG#89a811f3-b76c-11f1-a9d4-eeee0a93f2f4.hpbuysell-otc-salesorder-postgres-deployer#flowable-async-job-executor-thread-11931#
[PollExecuteTaskStatusExecution] 9409158a-3ef5-419f-b18e-c3263bd4e0f3 [2026-09-23T16:35:05.905189] Uploaded build artifacts cache (224B) (STDOUT, STG)#
#2026 09 23 16:35:28.823#Z#DEBUG#89a811f3-b76c-11f1-a9d4-eeee0a93f2f4.hpbuysell-otc-salesorder-postgres-deployer#flowable-async-job-executor-thread-11931#
[PollExecuteTaskStatusExecution] 9409158a-3ef5-419f-b18e-c3263bd4e0f3 [2026-09-23T16:35:06.493229] Creating droplet for app with guid 9409158a-3ef5-419f-b18e-c3263bd4e0f3 (STDOUT, API)#
#2026 09 23 16:35:28.823#Z#DEBUG#89a811f3-b76c-11f1-a9d4-eeee0a93f2f4.hpbuysell-otc-salesorder-postgres-deployer#flowable-async-job-executor-thread-11931#
[PollExecuteTaskStatusExecution] 9409158a-3ef5-419f-b18e-c3263bd4e0f3 [2026-09-23T16:35:08.560959] Uploaded droplet (59.5M) (STDOUT, STG)#
#2026 09 23 16:35:28.823#Z#DEBUG#89a811f3-b76c-11f1-a9d4-eeee0a93f2f4.hpbuysell-otc-salesorder-postgres-deployer#flowable-async-job-executor-thread-11931#
[PollExecuteTaskStatusExecution] 9409158a-3ef5-419f-b18e-c3263bd4e0f3 [2026-09-23T16:35:08.578586] Uploading complete (STDOUT, STG)#
#2026 09 23 16:35:28.823#Z#DEBUG#89a811f3-b76c-11f1-a9d4-eeee0a93f2f4.hpbuysell-otc-salesorder-postgres-deployer#flowable-async-job-executor-thread-11931#
[PollExecuteTaskStatusExecution] 9409158a-3ef5-419f-b18e-c3263bd4e0f3 [2026-09-23T16:35:09.645640] Cell e92d70ea-20bb-4bd3-b62a-3f8ab64af136 stopping instance b2d19168-9a0b-4d05-9952-968a341bf132 (STDOUT, STG)#
#2026 09 23 16:35:28.823#Z#DEBUG#89a811f3-b76c-11f1-a9d4-eeee0a93f2f4.hpbuysell-otc-salesorder-postgres-deployer#flowable-async-job-executor-thread-11931#
[PollExecuteTaskStatusExecution] 9409158a-3ef5-419f-b18e-c3263bd4e0f3 [2026-09-23T16:35:09.645681] Cell e92d70ea-20bb-4bd3-b62a-3f8ab64af136 destroying container for instance b2d19168-9a0b-4d05-9952-968a341bf132 (STDOUT, STG)#
#2026 09 23 16:35:28.823#Z#DEBUG#89a811f3-b76c-11f1-a9d4-eeee0a93f2f4.hpbuysell-otc-salesorder-postgres-deployer#flowable-async-job-executor-thread-11931#
[PollExecuteTaskStatusExecution] 9409158a-3ef5-419f-b18e-c3263bd4e0f3 [2026-09-23T16:35:09.715185] Staging complete for build b2d19168-9a0b-4d05-9952-968a341bf132 (STDOUT, API)#
#2026 09 23 16:35:28.823#Z#DEBUG#89a811f3-b76c-11f1-a9d4-eeee0a93f2f4.hpbuysell-otc-salesorder-postgres-deployer#flowable-async-job-executor-thread-11931#
[PollExecuteTaskStatusExecution] 9409158a-3ef5-419f-b18e-c3263bd4e0f3 [2026-09-23T16:35:10.724758] Cell e92d70ea-20bb-4bd3-b62a-3f8ab64af136 successfully destroyed container for instance b2d19168-9a0b-4d05-9952-968a341bf132 (STDOUT, STG)#
#2026 09 23 16:35:28.823#Z#DEBUG#89a811f3-b76c-11f1-a9d4-eeee0a93f2f4.hpbuysell-otc-salesorder-postgres-deployer#flowable-async-job-executor-thread-11931#
[PollExecuteTaskStatusExecution] 9409158a-3ef5-419f-b18e-c3263bd4e0f3 [2026-09-23T16:35:18.860660] Updated app with guid 9409158a-3ef5-419f-b18e-c3263bd4e0f3 ({:droplet_guid=>"39b6d6c9-6a15-4ee4-b80c-92595392842d"}) (STDOUT, API)#
#2026 09 23 16:35:28.823#Z#DEBUG#89a811f3-b76c-11f1-a9d4-eeee0a93f2f4.hpbuysell-otc-salesorder-postgres-deployer#flowable-async-job-executor-thread-11931#
[PollExecuteTaskStatusExecution] 9409158a-3ef5-419f-b18e-c3263bd4e0f3 [2026-09-23T16:35:19.335987] Cell d6f6c137-ae8a-48d5-9574-17d171a99dc7 creating container for instance 7117c9c4-7e6d-4717-8674-f2fbe6ad5125 (STDOUT, CELL)#
#2026 09 23 16:35:28.823#Z#DEBUG#89a811f3-b76c-11f1-a9d4-eeee0a93f2f4.hpbuysell-otc-salesorder-postgres-deployer#flowable-async-job-executor-thread-11931#
[PollExecuteTaskStatusExecution] 9409158a-3ef5-419f-b18e-c3263bd4e0f3 [2026-09-23T16:35:19.697593] Security group rules were updated (STDOUT, CELL)#
#2026 09 23 16:35:28.823#Z#DEBUG#89a811f3-b76c-11f1-a9d4-eeee0a93f2f4.hpbuysell-otc-salesorder-postgres-deployer#flowable-async-job-executor-thread-11931#
[PollExecuteTaskStatusExecution] 9409158a-3ef5-419f-b18e-c3263bd4e0f3 [2026-09-23T16:35:19.720968] Cell d6f6c137-ae8a-48d5-9574-17d171a99dc7 successfully created container for instance 7117c9c4-7e6d-4717-8674-f2fbe6ad5125 (STDOUT, CELL)#
#2026 09 23 16:35:28.823#Z#DEBUG#89a811f3-b76c-11f1-a9d4-eeee0a93f2f4.hpbuysell-otc-salesorder-postgres-deployer#flowable-async-job-executor-thread-11931#
[PollExecuteTaskStatusExecution] 9409158a-3ef5-419f-b18e-c3263bd4e0f3 [2026-09-23T16:35:23.016193] Invoking pre-start scripts. (STDOUT, APP/TASK/deploy-to-postgresql)#
#2026 09 23 16:35:28.823#Z#DEBUG#89a811f3-b76c-11f1-a9d4-eeee0a93f2f4.hpbuysell-otc-salesorder-postgres-deployer#flowable-async-job-executor-thread-11931#
[PollExecuteTaskStatusExecution] 9409158a-3ef5-419f-b18e-c3263bd4e0f3 [2026-09-23T16:35:23.167381] Invoking start command. (STDOUT, APP/TASK/deploy-to-postgresql)#
#2026 09 23 16:35:28.823#Z#DEBUG#89a811f3-b76c-11f1-a9d4-eeee0a93f2f4.hpbuysell-otc-salesorder-postgres-deployer#flowable-async-job-executor-thread-11931#
[PollExecuteTaskStatusExecution] 9409158a-3ef5-419f-b18e-c3263bd4e0f3 [2026-09-23T16:35:23.476874] > start (STDOUT, APP/TASK/deploy-to-postgresql)#
#2026 09 23 16:35:28.823#Z#DEBUG#89a811f3-b76c-11f1-a9d4-eeee0a93f2f4.hpbuysell-otc-salesorder-postgres-deployer#flowable-async-job-executor-thread-11931#
[PollExecuteTaskStatusExecution] 9409158a-3ef5-419f-b18e-c3263bd4e0f3 [2026-09-23T16:35:23.476896] > cds-deploy (STDOUT, APP/TASK/deploy-to-postgresql)#
#2026 09 23 16:35:28.823#Z#DEBUG#89a811f3-b76c-11f1-a9d4-eeee0a93f2f4.hpbuysell-otc-salesorder-postgres-deployer#flowable-async-job-executor-thread-11931#
[PollExecuteTaskStatusExecution] 9409158a-3ef5-419f-b18e-c3263bd4e0f3 [2026-09-23T16:35:23.535947] Deploying with options: { (STDOUT, APP/TASK/deploy-to-postgresql)#
#2026 09 23 16:35:28.823#Z#DEBUG#89a811f3-b76c-11f1-a9d4-eeee0a93f2f4.hpbuysell-otc-salesorder-postgres-deployer#flowable-async-job-executor-thread-11931#
[PollExecuteTaskStatusExecution] 9409158a-3ef5-419f-b18e-c3263bd4e0f3 [2026-09-23T16:35:23.535965] impl: '@cap-js/postgres', (STDOUT, APP/TASK/deploy-to-postgresql)#
#2026 09 23 16:35:28.823#Z#DEBUG#89a811f3-b76c-11f1-a9d4-eeee0a93f2f4.hpbuysell-otc-salesorder-postgres-deployer#flowable-async-job-executor-thread-11931#
[PollExecuteTaskStatusExecution] 9409158a-3ef5-419f-b18e-c3263bd4e0f3 [2026-09-23T16:35:23.535968] kind: 'postgres', (STDOUT, APP/TASK/deploy-to-postgresql)#
#2026 09 23 16:35:28.823#Z#DEBUG#89a811f3-b76c-11f1-a9d4-eeee0a93f2f4.hpbuysell-otc-salesorder-postgres-deployer#flowable-async-job-executor-thread-11931#
[PollExecuteTaskStatusExecution] 9409158a-3ef5-419f-b18e-c3263bd4e0f3 [2026-09-23T16:35:23.535971] dialect: 'postgres', (STDOUT, APP/TASK/deploy-to-postgresql)#
#2026 09 23 16:35:28.823#Z#DEBUG#89a811f3-b76c-11f1-a9d4-eeee0a93f2f4.hpbuysell-otc-salesorder-postgres-deployer#flowable-async-job-executor-thread-11931#
[PollExecuteTaskStatusExecution] 9409158a-3ef5-419f-b18e-c3263bd4e0f3 [2026-09-23T16:35:23.535974] vcap: { label: 'postgresql-db' }, (STDOUT, APP/TASK/deploy-to-postgresql)#
#2026 09 23 16:35:28.823#Z#DEBUG#89a811f3-b76c-11f1-a9d4-eeee0a93f2f4.hpbuysell-otc-salesorder-postgres-deployer#flowable-async-job-executor-thread-11931#
[PollExecuteTaskStatusExecution] 9409158a-3ef5-419f-b18e-c3263bd4e0f3 [2026-09-23T16:35:23.535977] pool: { (STDOUT, APP/TASK/deploy-to-postgresql)#
#2026 09 23 16:35:28.823#Z#DEBUG#89a811f3-b76c-11f1-a9d4-eeee0a93f2f4.hpbuysell-otc-salesorder-postgres-deployer#flowable-async-job-executor-thread-11931#
[PollExecuteTaskStatusExecution] 9409158a-3ef5-419f-b18e-c3263bd4e0f3 [2026-09-23T16:35:23.535979] min: 0, (STDOUT, APP/TASK/deploy-to-postgresql)#
#2026 09 23 16:35:28.823#Z#DEBUG#89a811f3-b76c-11f1-a9d4-eeee0a93f2f4.hpbuysell-otc-salesorder-postgres-deployer#flowable-async-job-executor-thread-11931#
[PollExecuteTaskStatusExecution] 9409158a-3ef5-419f-b18e-c3263bd4e0f3 [2026-09-23T16:35:23.535981] max: 10, (STDOUT, APP/TASK/deploy-to-postgresql)#
#2026 09 23 16:35:28.823#Z#DEBUG#89a811f3-b76c-11f1-a9d4-eeee0a93f2f4.hpbuysell-otc-salesorder-postgres-deployer#flowable-async-job-executor-thread-11931#
[PollExecuteTaskStatusExecution] 9409158a-3ef5-419f-b18e-c3263bd4e0f3 [2026-09-23T16:35:23.535983] testOnBorrow: true, (STDOUT, APP/TASK/deploy-to-postgresql)#
#2026 09 23 16:35:28.823#Z#DEBUG#89a811f3-b76c-11f1-a9d4-eeee0a93f2f4.hpbuysell-otc-salesorder-postgres-deployer#flowable-async-job-executor-thread-11931#
[PollExecuteTaskStatusExecution] 9409158a-3ef5-419f-b18e-c3263bd4e0f3 [2026-09-23T16:35:23.535987] acquireTimeoutMillis: 1000, (STDOUT, APP/TASK/deploy-to-postgresql)#
#2026 09 23 16:35:28.823#Z#DEBUG#89a811f3-b76c-11f1-a9d4-eeee0a93f2f4.hpbuysell-otc-salesorder-postgres-deployer#flowable-async-job-executor-thread-11931#
[PollExecuteTaskStatusExecution] 9409158a-3ef5-419f-b18e-c3263bd4e0f3 [2026-09-23T16:35:23.535988] destroyTimeoutMillis: 1000 (STDOUT, APP/TASK/deploy-to-postgresql)#
#2026 09 23 16:35:28.823#Z#DEBUG#89a811f3-b76c-11f1-a9d4-eeee0a93f2f4.hpbuysell-otc-salesorder-postgres-deployer#flowable-async-job-executor-thread-11931#
[PollExecuteTaskStatusExecution] 9409158a-3ef5-419f-b18e-c3263bd4e0f3 [2026-09-23T16:35:23.535993] }, (STDOUT, APP/TASK/deploy-to-postgresql)#
#2026 09 23 16:35:28.823#Z#DEBUG#89a811f3-b76c-11f1-a9d4-eeee0a93f2f4.hpbuysell-otc-salesorder-postgres-deployer#flowable-async-job-executor-thread-11931#
[PollExecuteTaskStatusExecution] 9409158a-3ef5-419f-b18e-c3263bd4e0f3 [2026-09-23T16:35:23.535995] schema_evolution: 'auto', (STDOUT, APP/TASK/deploy-to-postgresql)#
#2026 09 23 16:35:28.823#Z#DEBUG#89a811f3-b76c-11f1-a9d4-eeee0a93f2f4.hpbuysell-otc-salesorder-postgres-deployer#flowable-async-job-executor-thread-11931#
[PollExecuteTaskStatusExecution] 9409158a-3ef5-419f-b18e-c3263bd4e0f3 [2026-09-23T16:35:23.535996] credentials: { (STDOUT, APP/TASK/deploy-to-postgresql)#
#2026 09 23 16:35:28.823#Z#DEBUG#89a811f3-b76c-11f1-a9d4-eeee0a93f2f4.hpbuysell-otc-salesorder-postgres-deployer#flowable-async-job-executor-thread-11931#
[PollExecuteTaskStatusExecution] 9409158a-3ef5-419f-b18e-c3263bd4e0f3 [2026-09-23T16:35:23.535998] database: 'db.sqlite', (STDOUT, APP/TASK/deploy-to-postgresql)#
#2026 09 23 16:35:28.823#Z#DEBUG#89a811f3-b76c-11f1-a9d4-eeee0a93f2f4.hpbuysell-otc-salesorder-postgres-deployer#flowable-async-job-executor-thread-11931#
[PollExecuteTaskStatusExecution] 9409158a-3ef5-419f-b18e-c3263bd4e0f3 [2026-09-23T16:35:23.536] schema: 'hpbuysell_otc_salesorder', (STDOUT, APP/TASK/deploy-to-postgresql)#
#2026 09 23 16:35:28.823#Z#DEBUG#89a811f3-b76c-11f1-a9d4-eeee0a93f2f4.hpbuysell-otc-salesorder-postgres-deployer#flowable-async-job-executor-thread-11931#
[PollExecuteTaskStatusExecution] 9409158a-3ef5-419f-b18e-c3263bd4e0f3 [2026-09-23T16:35:23.536004] hostname: 'postgres-63a33c28-9d9e-4453-821a-000f0ee4a75c.c24srvdukvjo.us-east-1.rds.amazonaws.com', (STDOUT, APP/TASK/deploy-to-postgresql)#
#2026 09 23 16:35:28.823#Z#DEBUG#89a811f3-b76c-11f1-a9d4-eeee0a93f2f4.hpbuysell-otc-salesorder-postgres-deployer#flowable-async-job-executor-thread-11931#
[PollExecuteTaskStatusExecution] 9409158a-3ef5-419f-b18e-c3263bd4e0f3 [2026-09-23T16:35:23.536006] port: '7565', (STDOUT, APP/TASK/deploy-to-postgresql)#
#2026 09 23 16:35:28.823#Z#DEBUG#89a811f3-b76c-11f1-a9d4-eeee0a93f2f4.hpbuysell-otc-salesorder-postgres-deployer#flowable-async-job-executor-thread-11931#
[PollExecuteTaskStatusExecution] 9409158a-3ef5-419f-b18e-c3263bd4e0f3 [2026-09-23T16:35:23.536008] username: 'e4d51886f3dc', (STDOUT, APP/TASK/deploy-to-postgresql)#
#2026 09 23 16:35:28.823#Z#DEBUG#89a811f3-b76c-11f1-a9d4-eeee0a93f2f4.hpbuysell-otc-salesorder-postgres-deployer#flowable-async-job-executor-thread-11931#
[PollExecuteTaskStatusExecution] 9409158a-3ef5-419f-b18e-c3263bd4e0f3 [2026-09-23T16:35:23.536012] password: 'daacb78fca6ef102b1397708', (STDOUT, APP/TASK/deploy-to-postgresql)#
#2026 09 23 16:35:28.823#Z#DEBUG#89a811f3-b76c-11f1-a9d4-eeee0a93f2f4.hpbuysell-otc-salesorder-postgres-deployer#flowable-async-job-executor-thread-11931#
[PollExecuteTaskStatusExecution] 9409158a-3ef5-419f-b18e-c3263bd4e0f3 [2026-09-23T16:35:23.536014] dbname: 'BQiFxAUMVHcr', (STDOUT, APP/TASK/deploy-to-postgresql)#
#2026 09 23 16:35:28.823#Z#DEBUG#89a811f3-b76c-11f1-a9d4-eeee0a93f2f4.hpbuysell-otc-salesorder-postgres-deployer#flowable-async-job-executor-thread-11931#
[PollExecuteTaskStatusExecution] 9409158a-3ef5-419f-b18e-c3263bd4e0f3 [2026-09-23T16:35:23.536016] sslcert: '-----BEGIN CERTIFICATE-----\n' + (STDOUT, APP/TASK/deploy-to-postgresql)#
#2026 09 23 16:35:28.823#Z#DEBUG#89a811f3-b76c-11f1-a9d4-eeee0a93f2f4.hpbuysell-otc-salesorder-postgres-deployer#flowable-async-job-executor-thread-11931#
[PollExecuteTaskStatusExecution] 9409158a-3ef5-419f-b18e-c3263bd4e0f3 [2026-09-23T16:35:23.536018] 'MIID/zCCAuegAwIBAgIRAPVSMfFitmM5PhmbaOFoGfUwDQYJKoZIhvcNAQELBQAw\n' + (STDOUT, APP/TASK/deploy-to-postgresql)#
#2026 09 23 16:35:28.823#Z#DEBUG#89a811f3-b76c-11f1-a9d4-eeee0a93f2f4.hpbuysell-otc-salesorder-postgres-deployer#flowable-async-job-executor-thread-11931#
[PollExecuteTaskStatusExecution] 9409158a-3ef5-419f-b18e-c3263bd4e0f3 [2026-09-23T16:35:23.536022] 'gZcxCzAJBgNVBAYTAlVTMSIwIAYDVQQKDBlBbWF6b24gV2ViIFNlcnZpY2VzLCBJ\n' + (STDOUT, APP/TASK/deploy-to-postgresql)#
#2026 09 23 16:35:28.823#Z#DEBUG#89a811f3-b76c-11f1-a9d4-eeee0a93f2f4.hpbuysell-otc-salesorder-postgres-deployer#flowable-async-job-executor-thread-11931#
[PollExecuteTaskStatusExecution] 9409158a-3ef5-419f-b18e-c3263bd4e0f3 [2026-09-23T16:35:23.536023] 'bmMuMRMwEQYDVQQLDApBbWF6b24gUkRTMQswCQYDVQQIDAJXQTEwMC4GA1UEAwwn\n' + (STDOUT, APP/TASK/deploy-to-postgresql)#
#2026 09 23 16:35:28.823#Z#DEBUG#89a811f3-b76c-11f1-a9d4-eeee0a93f2f4.hpbuysell-otc-salesorder-postgres-deployer#flowable-async-job-executor-thread-11931#
[PollExecuteTaskStatusExecution] 9409158a-3ef5-419f-b18e-c3263bd4e0f3 [2026-09-23T16:35:23.536025] 'QW1hem9uIFJEUyB1cy1lYXN0LTEgUm9vdCBDQSBSU0EyMDQ4IEcxMRAwDgYDVQQH\n' + (STDOUT, APP/TASK/deploy-to-postgresql)#
#2026 09 23 16:35:28.823#Z#DEBUG#89a811f3-b76c-11f1-a9d4-eeee0a93f2f4.hpbuysell-otc-salesorder-postgres-deployer#flowable-async-job-executor-thread-11931#
[PollExecuteTaskStatusExecution] 9409158a-3ef5-419f-b18e-c3263bd4e0f3 [2026-09-23T16:35:23.536027] 'DAdTZWF0dGxlMCAXDTIxMDUyNTIyMzQ1N1oYDzIwNjEwNTI1MjMzNDU3WjCBlzEL\n' + (STDOUT, APP/TASK/deploy-to-postgresql)#
#2026 09 23 16:35:28.823#Z#DEBUG#89a811f3-b76c-11f1-a9d4-eeee0a93f2f4.hpbuysell-otc-salesorder-postgres-deployer#flowable-async-job-executor-thread-11931#
[PollExecuteTaskStatusExecution] 9409158a-3ef5-419f-b18e-c3263bd4e0f3 [2026-09-23T16:35:23.536029] 'MAkGA1UEBhMCVVMxIjAgBgNVBAoMGUFtYXpvbiBXZWIgU2VydmljZXMsIEluYy4x\n' + (STDOUT, APP/TASK/deploy-to-postgresql)#
#2026 09 23 16:35:28.823#Z#DEBUG#89a811f3-b76c-11f1-a9d4-eeee0a93f2f4.hpbuysell-otc-salesorder-postgres-deployer#flowable-async-job-executor-thread-11931#
[PollExecuteTaskStatusExecution] 9409158a-3ef5-419f-b18e-c3263bd4e0f3 [2026-09-23T16:35:23.536030] 'EzARBgNVBAsMCkFtYXpvbiBSRFMxCzAJBgNVBAgMAldBMTAwLgYDVQQDDCdBbWF6\n' + (STDOUT, APP/TASK/deploy-to-postgresql)#
#2026 09 23 16:35:28.823#Z#DEBUG#89a811f3-b76c-11f1-a9d4-eeee0a93f2f4.hpbuysell-otc-salesorder-postgres-deployer#flowable-async-job-executor-thread-11931#
[PollExecuteTaskStatusExecution] 9409158a-3ef5-419f-b18e-c3263bd4e0f3 [2026-09-23T16:35:23.536032] 'b24gUkRTIHVzLWVhc3QtMSBSb290IENBIFJTQTIwNDggRzExEDAOBgNVBAcMB1Nl\n' + (STDOUT, APP/TASK/deploy-to-postgresql)#
#2026 09 23 16:35:28.823#Z#DEBUG#89a811f3-b76c-11f1-a9d4-eeee0a93f2f4.hpbuysell-otc-salesorder-postgres-deployer#flowable-async-job-executor-thread-11931#
[PollExecuteTaskStatusExecution] 9409158a-3ef5-419f-b18e-c3263bd4e0f3 [2026-09-23T16:35:23.536034] 'YXR0bGUwggEiMA0GCSqGSIb3DQEBAQUAA4IBDwAwggEKAoIBAQDu9H7TBeGoDzMr\n' + (STDOUT, APP/TASK/deploy-to-postgresql)#
#2026 09 23 16:35:28.823#Z#DEBUG#89a811f3-b76c-11f1-a9d4-eeee0a93f2f4.hpbuysell-otc-salesorder-postgres-deployer#flowable-async-job-executor-thread-11931#
[PollExecuteTaskStatusExecution] 9409158a-3ef5-419f-b18e-c3263bd4e0f3 [2026-09-23T16:35:23.536036] 'dxN6H8COntJX4IR6dbyhnj5qMD4xl/IWvp50lt0VpmMd+z2PNZzx8RazeGC5IniV\n' + (STDOUT, APP/TASK/deploy-to-postgresql)#
#2026 09 23 16:35:28.823#Z#DEBUG#89a811f3-b76c-11f1-a9d4-eeee0a93f2f4.hpbuysell-otc-salesorder-postgres-deployer#flowable-async-job-executor-thread-11931#
[PollExecuteTaskStatusExecution] 9409158a-3ef5-419f-b18e-c3263bd4e0f3 [2026-09-23T16:35:23.536037] '5nrLg0AKWRQ2A/lGGXbUrGXCSe09brMQCxWBSIYe1WZZ1iU1IJ/6Bp4D2YEHpXrW\n' + (STDOUT, APP/TASK/deploy-to-postgresql)#
#2026 09 23 16:35:28.823#Z#DEBUG#89a811f3-b76c-11f1-a9d4-eeee0a93f2f4.hpbuysell-otc-salesorder-postgres-deployer#flowable-async-job-executor-thread-11931#
[PollExecuteTaskStatusExecution] 9409158a-3ef5-419f-b18e-c3263bd4e0f3 [2026-09-23T16:35:23.536051] 'bPkOq5x3YPcsoitgm1Xh8ygz6vb7PsvJvPbvRMnkDg5IqEThapPjmKb8ZJWyEFEE\n' + (STDOUT, APP/TASK/deploy-to-postgresql)#
#2026 09 23 16:35:28.823#Z#DEBUG#89a811f3-b76c-11f1-a9d4-eeee0a93f2f4.hpbuysell-otc-salesorder-postgres-deployer#flowable-async-job-executor-thread-11931#
[PollExecuteTaskStatusExecution] 9409158a-3ef5-419f-b18e-c3263bd4e0f3 [2026-09-23T16:35:23.536053] 'QRrkCIRueB1EqQtJw0fvP4PKDlCJAKBEs/y049FoOqYpT3pRy0WKqPhWve+hScMd\n' + (STDOUT, APP/TASK/deploy-to-postgresql)#
#2026 09 23 16:35:28.823#Z#DEBUG#89a811f3-b76c-11f1-a9d4-eeee0a93f2f4.hpbuysell-otc-salesorder-postgres-deployer#flowable-async-job-executor-thread-11931#
[PollExecuteTaskStatusExecution] 9409158a-3ef5-419f-b18e-c3263bd4e0f3 [2026-09-23T16:35:23.536056] '6obq8kxTFy1IHACjHc51nrGII5Bt76/MpTWhnJIJrCnq1/Uc3Qs8IVeb+sLaFC8K\n' + (STDOUT, APP/TASK/deploy-to-postgresql)#
#2026 09 23 16:35:28.823#Z#DEBUG#89a811f3-b76c-11f1-a9d4-eeee0a93f2f4.hpbuysell-otc-salesorder-postgres-deployer#flowable-async-job-executor-thread-11931#
[PollExecuteTaskStatusExecution] 9409158a-3ef5-419f-b18e-c3263bd4e0f3 [2026-09-23T16:35:23.536059] 'DI69Sw6bAgMBAAGjQjBAMA8GA1UdEwEB/wQFMAMBAf8wHQYDVR0OBBYEFE7PCopt\n' + (STDOUT, APP/TASK/deploy-to-postgresql)#
#2026 09 23 16:35:28.823#Z#DEBUG#89a811f3-b76c-11f1-a9d4-eeee0a93f2f4.hpbuysell-otc-salesorder-postgres-deployer#flowable-async-job-executor-thread-11931#
[PollExecuteTaskStatusExecution] 9409158a-3ef5-419f-b18e-c3263bd4e0f3 [2026-09-23T16:35:23.536061] 'lyOgtXX0Y1lObBUxuKaCMA4GA1UdDwEB/wQEAwIBhjANBgkqhkiG9w0BAQsFAAOC\n' + (STDOUT, APP/TASK/deploy-to-postgresql)#
#2026 09 23 16:35:28.823#Z#DEBUG#89a811f3-b76c-11f1-a9d4-eeee0a93f2f4.hpbuysell-otc-salesorder-postgres-deployer#flowable-async-job-executor-thread-11931#
[PollExecuteTaskStatusExecution] 9409158a-3ef5-419f-b18e-c3263bd4e0f3 [2026-09-23T16:35:23.536067] 'AQEAFj+bX8gLmMNefr5jRJfHjrL3iuZCjf7YEZgn89pS4z8408mjj9z6Q5D1H7yS\n' + (STDOUT, APP/TASK/deploy-to-postgresql)#
#2026 09 23 16:35:28.823#Z#DEBUG#89a811f3-b76c-11f1-a9d4-eeee0a93f2f4.hpbuysell-otc-salesorder-postgres-deployer#flowable-async-job-executor-thread-11931#
[PollExecuteTaskStatusExecution] 9409158a-3ef5-419f-b18e-c3263bd4e0f3 [2026-09-23T16:35:23.536069] 'jNETVV8QaJip1qyhh5gRzRaArgGAYvi2/r0zPsy+Tgf7v1KGL5Lh8NT8iCEGGXwF\n' + (STDOUT, APP/TASK/deploy-to-postgresql)#
#2026 09 23 16:35:28.823#Z#DEBUG#89a811f3-b76c-11f1-a9d4-eeee0a93f2f4.hpbuysell-otc-salesorder-postgres-deployer#flowable-async-job-executor-thread-11931#
[PollExecuteTaskStatusExecution] 9409158a-3ef5-419f-b18e-c3263bd4e0f3 [2026-09-23T16:35:23.536071] 'g3Ir+Nl3e+9XUp0eyyzBIjHtjLBm6yy8rGk9p6OtFDQnKF5OxwbAgip42CD75r/q\n' + (STDOUT, APP/TASK/deploy-to-postgresql)#
#2026 09 23 16:35:28.823#Z#DEBUG#89a811f3-b76c-11f1-a9d4-eeee0a93f2f4.hpbuysell-otc-salesorder-postgres-deployer#flowable-async-job-executor-thread-11931#
[PollExecuteTaskStatusExecution] 9409158a-3ef5-419f-b18e-c3263bd4e0f3 [2026-09-23T16:35:23.536073] 'p421maEDDvvRFR4D+99JZxgAYDBGqRRceUoe16qDzbMvlz0A9paCZFclxeftAxv6\n' + (STDOUT, APP/TASK/deploy-to-postgresql)#
#2026 09 23 16:35:28.823#Z#DEBUG#89a811f3-b76c-11f1-a9d4-eeee0a93f2f4.hpbuysell-otc-salesorder-postgres-deployer#flowable-async-job-executor-thread-11931#
[PollExecuteTaskStatusExecution] 9409158a-3ef5-419f-b18e-c3263bd4e0f3 [2026-09-23T16:35:23.536075] 'QlR5rItMz/XdzpBJUpYhdzM0gCzAzdQuVO5tjJxmXhkSMcDP+8Q+Uv6FA9k2VpUV\n' + (STDOUT, APP/TASK/deploy-to-postgresql)#
#2026 09 23 16:35:28.823#Z#DEBUG#89a811f3-b76c-11f1-a9d4-eeee0a93f2f4.hpbuysell-otc-salesorder-postgres-deployer#flowable-async-job-executor-thread-11931#
[PollExecuteTaskStatusExecution] 9409158a-3ef5-419f-b18e-c3263bd4e0f3 [2026-09-23T16:35:23.536076] 'E/O5jgpqUJJ2Hc/5rs9VkAPXeA==\n' + (STDOUT, APP/TASK/deploy-to-postgresql)#
#2026 09 23 16:35:28.823#Z#DEBUG#89a811f3-b76c-11f1-a9d4-eeee0a93f2f4.hpbuysell-otc-salesorder-postgres-deployer#flowable-async-job-executor-thread-11931#
[PollExecuteTaskStatusExecution] 9409158a-3ef5-419f-b18e-c3263bd4e0f3 [2026-09-23T16:35:23.536078] '-----END CERTIFICATE-----\n' + (STDOUT, APP/TASK/deploy-to-postgresql)#
#2026 09 23 16:35:28.823#Z#DEBUG#89a811f3-b76c-11f1-a9d4-eeee0a93f2f4.hpbuysell-otc-salesorder-postgres-deployer#flowable-async-job-executor-thread-11931#
[PollExecuteTaskStatusExecution] 9409158a-3ef5-419f-b18e-c3263bd4e0f3 [2026-09-23T16:35:23.536080] '-----BEGIN CERTIFICATE-----\n' + (STDOUT, APP/TASK/deploy-to-postgresql)#
#2026 09 23 16:35:28.823#Z#DEBUG#89a811f3-b76c-11f1-a9d4-eeee0a93f2f4.hpbuysell-otc-salesorder-postgres-deployer#flowable-async-job-executor-thread-11931#
[PollExecuteTaskStatusExecution] 9409158a-3ef5-419f-b18e-c3263bd4e0f3 [2026-09-23T16:35:23.536081] 'MIIF/jCCA+agAwIBAgIQaRHaEqqacXN20e8zZJtmDDANBgkqhkiG9w0BAQwFADCB\n' + (STDOUT, APP/TASK/deploy-to-postgresql)#
#2026 09 23 16:35:28.823#Z#DEBUG#89a811f3-b76c-11f1-a9d4-eeee0a93f2f4.hpbuysell-otc-salesorder-postgres-deployer#flowable-async-job-executor-thread-11931#
[PollExecuteTaskStatusExecution] 9409158a-3ef5-419f-b18e-c3263bd4e0f3 [2026-09-23T16:35:23.536083] 'lzELMAkGA1UEBhMCVVMxIjAgBgNVBAoMGUFtYXpvbiBXZWIgU2VydmljZXMsIElu\n' + (STDOUT, APP/TASK/deploy-to-postgresql)#
#2026 09 23 16:35:28.823#Z#DEBUG#89a811f3-b76c-11f1-a9d4-eeee0a93f2f4.hpbuysell-otc-salesorder-postgres-deployer#flowable-async-job-executor-thread-11931#
[PollExecuteTaskStatusExecution] 9409158a-3ef5-419f-b18e-c3263bd4e0f3 [2026-09-23T16:35:23.536085] 'Yy4xEzARBgNVBAsMCkFtYXpvbiBSRFMxCzAJBgNVBAgMAldBMTAwLgYDVQQDDCdB\n' + (STDOUT, APP/TASK/deploy-to-postgresql)#
#2026 09 23 16:35:28.823#Z#DEBUG#89a811f3-b76c-11f1-a9d4-eeee0a93f2f4.hpbuysell-otc-salesorder-postgres-deployer#flowable-async-job-executor-thread-11931#
[PollExecuteTaskStatusExecution] 9409158a-3ef5-419f-b18e-c3263bd4e0f3 [2026-09-23T16:35:23.536086] 'bWF6b24gUkRTIHVzLWVhc3QtMSBSb290IENBIFJTQTQwOTYgRzExEDAOBgNVBAcM\n' + (STDOUT, APP/TASK/deploy-to-postgresql)#
#2026 09 23 16:35:28.823#Z#DEBUG#89a811f3-b76c-11f1-a9d4-eeee0a93f2f4.hpbuysell-otc-salesorder-postgres-deployer#flowable-async-job-executor-thread-11931#
[PollExecuteTaskStatusExecution] 9409158a-3ef5-419f-b18e-c3263bd4e0f3 [2026-09-23T16:35:23.536091] 'B1NlYXR0bGUwIBcNMjEwNTI1MjIzODM1WhgPMjEyMTA1MjUyMzM4MzVaMIGXMQsw\n' + (STDOUT, APP/TASK/deploy-to-postgresql)#
#2026 09 23 16:35:28.823#Z#DEBUG#89a811f3-b76c-11f1-a9d4-eeee0a93f2f4.hpbuysell-otc-salesorder-postgres-deployer#flowable-async-job-executor-thread-11931#
[PollExecuteTaskStatusExecution] 9409158a-3ef5-419f-b18e-c3263bd4e0f3 [2026-09-23T16:35:23.536096] 'CQYDVQQGEwJVUzEiMCAGA1UECgwZQW1hem9uIFdlYiBTZXJ2aWNlcywgSW5jLjET\n' + (STDOUT, APP/TASK/deploy-to-postgresql)#
#2026 09 23 16:35:28.823#Z#DEBUG#89a811f3-b76c-11f1-a9d4-eeee0a93f2f4.hpbuysell-otc-salesorder-postgres-deployer#flowable-async-job-executor-thread-11931#
[PollExecuteTaskStatusExecution] 9409158a-3ef5-419f-b18e-c3263bd4e0f3 [2026-09-23T16:35:23.536098] 'MBEGA1UECwwKQW1hem9uIFJEUzELMAkGA1UECAwCV0ExMDAuBgNVBAMMJ0FtYXpv\n' + (STDOUT, APP/TASK/deploy-to-postgresql)#
#2026 09 23 16:35:28.823#Z#DEBUG#89a811f3-b76c-11f1-a9d4-eeee0a93f2f4.hpbuysell-otc-salesorder-postgres-deployer#flowable-async-job-executor-thread-11931#
[PollExecuteTaskStatusExecution] 9409158a-3ef5-419f-b18e-c3263bd4e0f3 [2026-09-23T16:35:23.536099] 'biBSRFMgdXMtZWFzdC0xIFJvb3QgQ0EgUlNBNDA5NiBHMTEQMA4GA1UEBwwHU2Vh\n' + (STDOUT, APP/TASK/deploy-to-postgresql)#
#2026 09 23 16:35:28.823#Z#DEBUG#89a811f3-b76c-11f1-a9d4-eeee0a93f2f4.hpbuysell-otc-salesorder-postgres-deployer#flowable-async-job-executor-thread-11931#
[PollExecuteTaskStatusExecution] 9409158a-3ef5-419f-b18e-c3263bd4e0f3 [2026-09-23T16:35:23.536101] 'dHRsZTCCAiIwDQYJKoZIhvcNAQEBBQADggIPADCCAgoCggIBAInfBCaHuvj6Rb5c\n' + (STDOUT, APP/TASK/deploy-to-postgresql)#
#2026 09 23 16:35:28.823#Z#DEBUG#89a811f3-b76c-11f1-a9d4-eeee0a93f2f4.hpbuysell-otc-salesorder-postgres-deployer#flowable-async-job-executor-thread-11931#
[PollExecuteTaskStatusExecution] 9409158a-3ef5-419f-b18e-c3263bd4e0f3 [2026-09-23T16:35:23.536102] 'L5Wmn1jv2PHtEGMHm+7Z8dYosdwouG8VG2A+BCYCZfij9lIGszrTXkY4O7vnXgru\n' + (STDOUT, APP/TASK/deploy-to-postgresql)#
#2026 09 23 16:35:28.823#Z#DEBUG#89a811f3-b76c-11f1-a9d4-eeee0a93f2f4.hpbuysell-otc-salesorder-postgres-deployer#flowable-async-job-executor-thread-11931#
[PollExecuteTaskStatusExecution] 9409158a-3ef5-419f-b18e-c3263bd4e0f3 [2026-09-23T16:35:23.536104] 'JUNdxh0Q3M83p4X+bg+gODUs3jf+Z3Oeq7nTOk/2UYvQLcxP4FEXILxDInbQFcIx\n' + (STDOUT, APP/TASK/deploy-to-postgresql)#
#2026 09 23 16:35:28.823#Z#DEBUG#89a811f3-b76c-11f1-a9d4-eeee0a93f2f4.hpbuysell-otc-salesorder-postgres-deployer#flowable-async-job-executor-thread-11931#
[PollExecuteTaskStatusExecution] 9409158a-3ef5-419f-b18e-c3263bd4e0f3 [2026-09-23T16:35:23.536106] 'yen1ESHggGrjEodgn6nbKQNRfIhjhW+TKYaewfsVWH7EF2pfj+cjbJ6njjgZ0/M9\n' + (STDOUT, APP/TASK/deploy-to-postgresql)#
#2026 09 23 16:35:28.823#Z#DEBUG#89a811f3-b76c-11f1-a9d4-eeee0a93f2f4.hpbuysell-otc-salesorder-postgres-deployer#flowable-async-job-executor-thread-11931#
[PollExecuteTaskStatusExecution] 9409158a-3ef5-419f-b18e-c3263bd4e0f3 [2026-09-23T16:35:23.536108] 'VZifJFBgat6XUTOf3jwHwkCBh7T6rDpgy19A61laImJCQhdTnHKvzTpxcxiLRh69\n' + (STDOUT, APP/TASK/deploy-to-postgresql)#
#2026 09 23 16:35:28.823#Z#DEBUG#89a811f3-b76c-11f1-a9d4-eeee0a93f2f4.hpbuysell-otc-salesorder-postgres-deployer#flowable-async-job-executor-thread-11931#
[PollExecuteTaskStatusExecution] 9409158a-3ef5-419f-b18e-c3263bd4e0f3 [2026-09-23T16:35:23.536110] 'ZObypR7W04OAUmFS88V7IotlPmCL8xf7kwxG+gQfvx31+A9IDMsiTqJ1Cc4fYEKg\n' + (STDOUT, APP/TASK/deploy-to-postgresql)#
#2026 09 23 16:35:28.823#Z#DEBUG#89a811f3-b76c-11f1-a9d4-eeee0a93f2f4.hpbuysell-otc-salesorder-postgres-deployer#flowable-async-job-executor-thread-11931#
[PollExecuteTaskStatusExecution] 9409158a-3ef5-419f-b18e-c3263bd4e0f3 [2026-09-23T16:35:23.536111] 'bL+Vo+2Ii4W2esCTGVYmHm73drznfeKwL+kmIC/Bq+DrZ+veTqKFYwSkpHRyJCEe\n' + (STDOUT, APP/TASK/deploy-to-postgresql)#
#2026 09 23 16:35:28.823#Z#DEBUG#89a811f3-b76c-11f1-a9d4-eeee0a93f2f4.hpbuysell-otc-salesorder-postgres-deployer#flowable-async-job-executor-thread-11931#
[PollExecuteTaskStatusExecution] 9409158a-3ef5-419f-b18e-c3263bd4e0f3 [2026-09-23T16:35:23.536116] 'U4Zym6POqQ/4LBSKwDUhWLJIlq99bjKX+hNTJykB+Lbcx0ScOP4IAZQoxmDxGWxN\n' + (STDOUT, APP/TASK/deploy-to-postgresql)#
#2026 09 23 16:35:28.823#Z#DEBUG#89a811f3-b76c-11f1-a9d4-eeee0a93f2f4.hpbuysell-otc-salesorder-postgres-deployer#flowable-async-job-executor-thread-11931#
[PollExecuteTaskStatusExecution] 9409158a-3ef5-419f-b18e-c3263bd4e0f3 [2026-09-23T16:35:23.536117] 'S+lQj+Cx2pwU3S/7+OxlRndZAX/FKgk7xSMkg88HykUZaZ/ozIiqJqSnGpgXCtED\n' + (STDOUT, APP/TASK/deploy-to-postgresql)#
#2026 09 23 16:35:28.823#Z#DEBUG#89a811f3-b76c-11f1-a9d4-eeee0a93f2f4.hpbuysell-otc-salesorder-postgres-deployer#flowable-async-job-executor-thread-11931#
[PollExecuteTaskStatusExecution] 9409158a-3ef5-419f-b18e-c3263bd4e0f3 [2026-09-23T16:35:23.536119] 'oQ4OJw5ozAr+/wudOawaMwUWQl5asD8fuy/hl5S1nv9XxIc842QJOtJFxhyeMIXt\n' + (STDOUT, APP/TASK/deploy-to-postgresql)#
#2026 09 23 16:35:28.823#Z#DEBUG#89a811f3-b76c-11f1-a9d4-eeee0a93f2f4.hpbuysell-otc-salesorder-postgres-deployer#flowable-async-job-executor-thread-11931#
[PollExecuteTaskStatusExecution] 9409158a-3ef5-419f-b18e-c3263bd4e0f3 [2026-09-23T16:35:23.536121] 'LVECVw/dPekhMjS3Zo3wwRgYbnKG7YXXT5WMxJEnHu8+cYpMiRClzq2BEP6/MtI2\n' + (STDOUT, APP/TASK/deploy-to-postgresql)#
#2026 09 23 16:35:28.823#Z#DEBUG#89a811f3-b76c-11f1-a9d4-eeee0a93f2f4.hpbuysell-otc-salesorder-postgres-deployer#flowable-async-job-executor-thread-11931#
[PollExecuteTaskStatusExecution] 9409158a-3ef5-419f-b18e-c3263bd4e0f3 [2026-09-23T16:35:23.536124] 'AZQQUFu2yFjRGL2OZA6IYjxnXYiRAgMBAAGjQjBAMA8GA1UdEwEB/wQFMAMBAf8w\n' + (STDOUT, APP/TASK/deploy-to-postgresql)#
#2026 09 23 16:35:28.823#Z#DEBUG#89a811f3-b76c-11f1-a9d4-eeee0a93f2f4.hpbuysell-otc-salesorder-postgres-deployer#flowable-async-job-executor-thread-11931#
[PollExecuteTaskStatusExecution] 9409158a-3ef5-419f-b18e-c3263bd4e0f3 [2026-09-23T16:35:23.536126] 'HQYDVR0OBBYEFADCcQCPX2HmkqQcmuHfiQ2jjqnrMA4GA1UdDwEB/wQEAwIBhjAN\n' + (STDOUT, APP/TASK/deploy-to-postgresql)#
#2026 09 23 16:35:28.823#Z#DEBUG#89a811f3-b76c-11f1-a9d4-eeee0a93f2f4.hpbuysell-otc-salesorder-postgres-deployer#flowable-async-job-executor-thread-11931#
[PollExecuteTaskStatusExecution] 9409158a-3ef5-419f-b18e-c3263bd4e0f3 [2026-09-23T16:35:23.536128] 'BgkqhkiG9w0BAQwFAAOCAgEASXkGQ2eUmudIKPeOIF7RBryCoPmMOsqP0+1qxF8l\n' + (STDOUT, APP/TASK/deploy-to-postgresql)#
#2026 09 23 16:35:28.823#Z#DEBUG#89a811f3-b76c-11f1-a9d4-eeee0a93f2f4.hpbuysell-otc-salesorder-postgres-deployer#flowable-async-job-executor-thread-11931#
[PollExecuteTaskStatusExecution] 9409158a-3ef5-419f-b18e-c3263bd4e0f3 [2026-09-23T16:35:23.536135] 'pGkwmrgNDGpmd9s0ArfIVBTc1jmpgB3oiRW9c6n2OmwBKL4UPuQ8O3KwSP0iD2sZ\n' + (STDOUT, APP/TASK/deploy-to-postgresql)#
#2026 09 23 16:35:28.823#Z#DEBUG#89a811f3-b76c-11f1-a9d4-eeee0a93f2f4.hpbuysell-otc-salesorder-postgres-deployer#flowable-async-job-executor-thread-11931#
[PollExecuteTaskStatusExecution] 9409158a-3ef5-419f-b18e-c3263bd4e0f3 [2026-09-23T16:35:23.536138] 'KMXoMEyphCEzW1I2GRvYDugL3Z9MWrnHkoaoH2l8YyTYvszTvdgxBPpM2x4pSkp+\n' + (STDOUT, APP/TASK/deploy-to-postgresql)#
#2026 09 23 16:35:28.823#Z#DEBUG#89a811f3-b76c-11f1-a9d4-eeee0a93f2f4.hpbuysell-otc-salesorder-postgres-deployer#flowable-async-job-executor-thread-11931#
[PollExecuteTaskStatusExecution] 9409158a-3ef5-419f-b18e-c3263bd4e0f3 [2026-09-23T16:35:23.536140] '76d4/eRpJ5mVuQ93nC+YG0wXCxSq63hX4kyZgPxgCdAA+qgFfKIGyNqUIqWgeyTP\n' + (STDOUT, APP/TASK/deploy-to-postgresql)#
#2026 09 23 16:35:28.823#Z#DEBUG#89a811f3-b76c-11f1-a9d4-eeee0a93f2f4.hpbuysell-otc-salesorder-postgres-deployer#flowable-async-job-executor-thread-11931#
[PollExecuteTaskStatusExecution] 9409158a-3ef5-419f-b18e-c3263bd4e0f3 [2026-09-23T16:35:23.536142] 'n5OgKaboYk2141Rf2hGMD3/hsGm0rrJh7g3C0ZirPws3eeJfulvAOIy2IZzqHUSY\n' + (STDOUT, APP/TASK/deploy-to-postgresql)#
#2026 09 23 16:35:28.823#Z#DEBUG#89a811f3-b76c-11f1-a9d4-eeee0a93f2f4.hpbuysell-otc-salesorder-postgres-deployer#flowable-async-job-executor-thread-11931#
[PollExecuteTaskStatusExecution] 9409158a-3ef5-419f-b18e-c3263bd4e0f3 [2026-09-23T16:35:23.536144] 'jkFzraz6LEH3IlArT3jUPvWKqvh2lJWnnp56aqxBR7qHH5voD49UpJWY1K0BjGnS\n' + (STDOUT, APP/TASK/deploy-to-postgresql)#
#2026 09 23 16:35:28.823#Z#DEBUG#89a811f3-b76c-11f1-a9d4-eeee0a93f2f4.hpbuysell-otc-salesorder-postgres-deployer#flowable-async-job-executor-thread-11931#
[PollExecuteTaskStatusExecution] 9409158a-3ef5-419f-b18e-c3263bd4e0f3 [2026-09-23T16:35:23.536146] 'OHcurpp0Yt/BIs4VZeWdCZwI7JaSeDcPMaMDBvND3Ia5Fga0thgYQTG6dE+N5fgF\n' + (STDOUT, APP/TASK/deploy-to-postgresql)#
#2026 09 23 16:35:28.823#Z#DEBUG#89a811f3-b76c-11f1-a9d4-eeee0a93f2f4.hpbuysell-otc-salesorder-postgres-deployer#flowable-async-job-executor-thread-11931#
[PollExecuteTaskStatusExecution] 9409158a-3ef5-419f-b18e-c3263bd4e0f3 [2026-09-23T16:35:23.536147] 'z+hRaujXO2nb0LmddVyvE8prYlWRMuYFv+Co8hcMdJ0lEZlfVNu0jbm9/GmwAZ+l\n' + (STDOUT, APP/TASK/deploy-to-postgresql)#
#2026 09 23 16:35:28.823#Z#DEBUG#89a811f3-b76c-11f1-a9d4-eeee0a93f2f4.hpbuysell-otc-salesorder-postgres-deployer#flowable-async-job-executor-thread-11931#
[PollExecuteTaskStatusExecution] 9409158a-3ef5-419f-b18e-c3263bd4e0f3 [2026-09-23T16:35:23.536150] '9umeYO9yz/uC7edC8XJBglMAKUmVK9wNtOckUWAcCfnPWYLbYa/PqtXBYcxrso5j\n' + (STDOUT, APP/TASK/deploy-to-postgresql)#
#2026 09 23 16:35:28.823#Z#DEBUG#89a811f3-b76c-11f1-a9d4-eeee0a93f2f4.hpbuysell-otc-salesorder-postgres-deployer#flowable-async-job-executor-thread-11931#
[PollExecuteTaskStatusExecution] 9409158a-3ef5-419f-b18e-c3263bd4e0f3 [2026-09-23T16:35:23.536153] 'iaS/A7iEW51uteHBGrViCy1afGG+hiUWwFlesli+Rq4dNstX3h6h2baWABaAxEVJ\n' + (STDOUT, APP/TASK/deploy-to-postgresql)#
#2026 09 23 16:35:28.823#Z#DEBUG#89a811f3-b76c-11f1-a9d4-eeee0a93f2f4.hpbuysell-otc-salesorder-postgres-deployer#flowable-async-job-executor-thread-11931#
[PollExecuteTaskStatusExecution] 9409158a-3ef5-419f-b18e-c3263bd4e0f3 [2026-09-23T16:35:23.536155] 'y1RnTQSz6mROT1VmZSgSVO37rgIyY0Hf0872ogcTS+FfvXgBxCxsNWEbiQ/XXva4\n' + (STDOUT, APP/TASK/deploy-to-postgresql)#
#2026 09 23 16:35:28.823#Z#DEBUG#89a811f3-b76c-11f1-a9d4-eeee0a93f2f4.hpbuysell-otc-salesorder-postgres-deployer#flowable-async-job-executor-thread-11931#
[PollExecuteTaskStatusExecution] 9409158a-3ef5-419f-b18e-c3263bd4e0f3 [2026-09-23T16:35:23.536158] '0Ws=\n' + (STDOUT, APP/TASK/deploy-to-postgresql)#
#2026 09 23 16:35:28.824#Z#DEBUG#89a811f3-b76c-11f1-a9d4-eeee0a93f2f4.hpbuysell-otc-salesorder-postgres-deployer#flowable-async-job-executor-thread-11931#
[PollExecuteTaskStatusExecution] 9409158a-3ef5-419f-b18e-c3263bd4e0f3 [2026-09-23T16:35:23.536161] '-----END CERTIFICATE-----\n' + (STDOUT, APP/TASK/deploy-to-postgresql)#
#2026 09 23 16:35:28.824#Z#DEBUG#89a811f3-b76c-11f1-a9d4-eeee0a93f2f4.hpbuysell-otc-salesorder-postgres-deployer#flowable-async-job-executor-thread-11931#
[PollExecuteTaskStatusExecution] 9409158a-3ef5-419f-b18e-c3263bd4e0f3 [2026-09-23T16:35:23.536165] '-----BEGIN CERTIFICATE-----\n' + (STDOUT, APP/TASK/deploy-to-postgresql)#
#2026 09 23 16:35:28.824#Z#DEBUG#89a811f3-b76c-11f1-a9d4-eeee0a93f2f4.hpbuysell-otc-salesorder-postgres-deployer#flowable-async-job-executor-thread-11931#
[PollExecuteTaskStatusExecution] 9409158a-3ef5-419f-b18e-c3263bd4e0f3 [2026-09-23T16:35:23.536167] 'MIICrjCCAjSgAwIBAgIRAPAlEk8VJPmEzVRRaWvTh2AwCgYIKoZIzj0EAwMwgZYx\n' + (STDOUT, APP/TASK/deploy-to-postgresql)#
#2026 09 23 16:35:28.824#Z#DEBUG#89a811f3-b76c-11f1-a9d4-eeee0a93f2f4.hpbuysell-otc-salesorder-postgres-deployer#flowable-async-job-executor-thread-11931#
[PollExecuteTaskStatusExecution] 9409158a-3ef5-419f-b18e-c3263bd4e0f3 [2026-09-23T16:35:23.536169] 'CzAJBgNVBAYTAlVTMSIwIAYDVQQKDBlBbWF6b24gV2ViIFNlcnZpY2VzLCBJbmMu\n' + (STDOUT, APP/TASK/deploy-to-postgresql)#
#2026 09 23 16:35:28.824#Z#DEBUG#89a811f3-b76c-11f1-a9d4-eeee0a93f2f4.hpbuysell-otc-salesorder-postgres-deployer#flowable-async-job-executor-thread-11931#
[PollExecuteTaskStatusExecution] 9409158a-3ef5-419f-b18e-c3263bd4e0f3 [2026-09-23T16:35:23.536172] 'MRMwEQYDVQQLDApBbWF6b24gUkRTMQswCQYDVQQIDAJXQTEvMC0GA1UEAwwmQW1h\n' + (STDOUT, APP/TASK/deploy-to-postgresql)#
#2026 09 23 16:35:28.824#Z#DEBUG#89a811f3-b76c-11f1-a9d4-eeee0a93f2f4.hpbuysell-otc-salesorder-postgres-deployer#flowable-async-job-executor-thread-11931#
[PollExecuteTaskStatusExecution] 9409158a-3ef5-419f-b18e-c3263bd4e0f3 [2026-09-23T16:35:23.536173] 'em9uIFJEUyB1cy1lYXN0LTEgUm9vdCBDQSBFQ0MzODQgRzExEDAOBgNVBAcMB1Nl\n' + (STDOUT, APP/TASK/deploy-to-postgresql)#
#2026 09 23 16:35:28.824#Z#DEBUG#89a811f3-b76c-11f1-a9d4-eeee0a93f2f4.hpbuysell-otc-salesorder-postgres-deployer#flowable-async-job-executor-thread-11931#
[PollExecuteTaskStatusExecution] 9409158a-3ef5-419f-b18e-c3263bd4e0f3 [2026-09-23T16:35:23.536175] 'YXR0bGUwIBcNMjEwNTI1MjI0MTU1WhgPMjEyMTA1MjUyMzQxNTVaMIGWMQswCQYD\n' + (STDOUT, APP/TASK/deploy-to-postgresql)#
#2026 09 23 16:35:28.824#Z#DEBUG#89a811f3-b76c-11f1-a9d4-eeee0a93f2f4.hpbuysell-otc-salesorder-postgres-deployer#flowable-async-job-executor-thread-11931#
[PollExecuteTaskStatusExecution] 9409158a-3ef5-419f-b18e-c3263bd4e0f3 [2026-09-23T16:35:23.536177] 'VQQGEwJVUzEiMCAGA1UECgwZQW1hem9uIFdlYiBTZXJ2aWNlcywgSW5jLjETMBEG\n' + (STDOUT, APP/TASK/deploy-to-postgresql)#
#2026 09 23 16:35:28.824#Z#DEBUG#89a811f3-b76c-11f1-a9d4-eeee0a93f2f4.hpbuysell-otc-salesorder-postgres-deployer#flowable-async-job-executor-thread-11931#
[PollExecuteTaskStatusExecution] 9409158a-3ef5-419f-b18e-c3263bd4e0f3 [2026-09-23T16:35:23.536180] 'A1UECwwKQW1hem9uIFJEUzELMAkGA1UECAwCV0ExLzAtBgNVBAMMJkFtYXpvbiBS\n' + (STDOUT, APP/TASK/deploy-to-postgresql)#
#2026 09 23 16:35:28.824#Z#DEBUG#89a811f3-b76c-11f1-a9d4-eeee0a93f2f4.hpbuysell-otc-salesorder-postgres-deployer#flowable-async-job-executor-thread-11931#
[PollExecuteTaskStatusExecution] 9409158a-3ef5-419f-b18e-c3263bd4e0f3 [2026-09-23T16:35:23.536182] 'RFMgdXMtZWFzdC0xIFJvb3QgQ0EgRUNDMzg0IEcxMRAwDgYDVQQHDAdTZWF0dGxl\n' + (STDOUT, APP/TASK/deploy-to-postgresql)#
#2026 09 23 16:35:28.824#Z#DEBUG#89a811f3-b76c-11f1-a9d4-eeee0a93f2f4.hpbuysell-otc-salesorder-postgres-deployer#flowable-async-job-executor-thread-11931#
[PollExecuteTaskStatusExecution] 9409158a-3ef5-419f-b18e-c3263bd4e0f3 [2026-09-23T16:35:23.536183] 'MHYwEAYHKoZIzj0CAQYFK4EEACIDYgAEx5xjrup8II4HOJw15NTnS3H5yMrQGlbj\n' + (STDOUT, APP/TASK/deploy-to-postgresql)#
#2026 09 23 16:35:28.824#Z#DEBUG#89a811f3-b76c-11f1-a9d4-eeee0a93f2f4.hpbuysell-otc-salesorder-postgres-deployer#flowable-async-job-executor-thread-11931#
[PollExecuteTaskStatusExecution] 9409158a-3ef5-419f-b18e-c3263bd4e0f3 [2026-09-23T16:35:23.536185] 'EDA5MMGnE9DmHp5dACIxmPXPMe/99nO7wNdl7G71OYPCgEvWm0FhdvVUeTb3LVnV\n' + (STDOUT, APP/TASK/deploy-to-postgresql)#
#2026 09 23 16:35:28.824#Z#DEBUG#89a811f3-b76c-11f1-a9d4-eeee0a93f2f4.hpbuysell-otc-salesorder-postgres-deployer#flowable-async-job-executor-thread-11931#
[PollExecuteTaskStatusExecution] 9409158a-3ef5-419f-b18e-c3263bd4e0f3 [2026-09-23T16:35:23.536187] 'BnaXt32Ek7/oxGk1T+Df03C+W0vmuJ+wo0IwQDAPBgNVHRMBAf8EBTADAQH/MB0G\n' + (STDOUT, APP/TASK/deploy-to-postgresql)#
#2026 09 23 16:35:28.824#Z#DEBUG#89a811f3-b76c-11f1-a9d4-eeee0a93f2f4.hpbuysell-otc-salesorder-postgres-deployer#flowable-async-job-executor-thread-11931#
[PollExecuteTaskStatusExecution] 9409158a-3ef5-419f-b18e-c3263bd4e0f3 [2026-09-23T16:35:23.536190] 'A1UdDgQWBBTGXmqBWN/1tkSea4pNw0oHrjk2UDAOBgNVHQ8BAf8EBAMCAYYwCgYI\n' + (STDOUT, APP/TASK/deploy-to-postgresql)#
#2026 09 23 16:35:28.824#Z#DEBUG#89a811f3-b76c-11f1-a9d4-eeee0a93f2f4.hpbuysell-otc-salesorder-postgres-deployer#flowable-async-job-executor-thread-11931#
[PollExecuteTaskStatusExecution] 9409158a-3ef5-419f-b18e-c3263bd4e0f3 [2026-09-23T16:35:23.536193] 'KoZIzj0EAwMDaAAwZQIxAIqqZWCSrIkZ7zsv/FygtAusW6yvlL935YAWYPVXU30m\n' + (STDOUT, APP/TASK/deploy-to-postgresql)#
#2026 09 23 16:35:28.824#Z#DEBUG#89a811f3-b76c-11f1-a9d4-eeee0a93f2f4.hpbuysell-otc-salesorder-postgres-deployer#flowable-async-job-executor-thread-11931#
[PollExecuteTaskStatusExecution] 9409158a-3ef5-419f-b18e-c3263bd4e0f3 [2026-09-23T16:35:23.536195] 'jkMFLM+/RJ9GMvnO8jHfCgIwB+whlkcItzE9CRQ6CsMo/d5cEHDUu/QW6jSIh9BR\n' + (STDOUT, APP/TASK/deploy-to-postgresql)#
#2026 09 23 16:35:28.824#Z#DEBUG#89a811f3-b76c-11f1-a9d4-eeee0a93f2f4.hpbuysell-otc-salesorder-postgres-deployer#flowable-async-job-executor-thread-11931#
[PollExecuteTaskStatusExecution] 9409158a-3ef5-419f-b18e-c3263bd4e0f3 [2026-09-23T16:35:23.536197] 'OGh9pTYPVkUbBiKPA7lVVhre\n' + (STDOUT, APP/TASK/deploy-to-postgresql)#
#2026 09 23 16:35:28.824#Z#DEBUG#89a811f3-b76c-11f1-a9d4-eeee0a93f2f4.hpbuysell-otc-salesorder-postgres-deployer#flowable-async-job-executor-thread-11931#
[PollExecuteTaskStatusExecution] 9409158a-3ef5-419f-b18e-c3263bd4e0f3 [2026-09-23T16:35:23.536198] '-----END CERTIFICATE-----\n', (STDOUT, APP/TASK/deploy-to-postgresql)#
#2026 09 23 16:35:28.824#Z#DEBUG#89a811f3-b76c-11f1-a9d4-eeee0a93f2f4.hpbuysell-otc-salesorder-postgres-deployer#flowable-async-job-executor-thread-11931#
[PollExecuteTaskStatusExecution] 9409158a-3ef5-419f-b18e-c3263bd4e0f3 [2026-09-23T16:35:23.536201] sslrootcert: '-----BEGIN CERTIFICATE-----\n' + (STDOUT, APP/TASK/deploy-to-postgresql)#
#2026 09 23 16:35:28.824#Z#DEBUG#89a811f3-b76c-11f1-a9d4-eeee0a93f2f4.hpbuysell-otc-salesorder-postgres-deployer#flowable-async-job-executor-thread-11931#
[PollExecuteTaskStatusExecution] 9409158a-3ef5-419f-b18e-c3263bd4e0f3 [2026-09-23T16:35:23.536203] 'MIID/zCCAuegAwIBAgIRAPVSMfFitmM5PhmbaOFoGfUwDQYJKoZIhvcNAQELBQAw\n' + (STDOUT, APP/TASK/deploy-to-postgresql)#
#2026 09 23 16:35:28.824#Z#DEBUG#89a811f3-b76c-11f1-a9d4-eeee0a93f2f4.hpbuysell-otc-salesorder-postgres-deployer#flowable-async-job-executor-thread-11931#
[PollExecuteTaskStatusExecution] 9409158a-3ef5-419f-b18e-c3263bd4e0f3 [2026-09-23T16:35:23.536205] 'gZcxCzAJBgNVBAYTAlVTMSIwIAYDVQQKDBlBbWF6b24gV2ViIFNlcnZpY2VzLCBJ\n' + (STDOUT, APP/TASK/deploy-to-postgresql)#
#2026 09 23 16:35:28.824#Z#DEBUG#89a811f3-b76c-11f1-a9d4-eeee0a93f2f4.hpbuysell-otc-salesorder-postgres-deployer#flowable-async-job-executor-thread-11931#
[PollExecuteTaskStatusExecution] 9409158a-3ef5-419f-b18e-c3263bd4e0f3 [2026-09-23T16:35:23.536207] 'bmMuMRMwEQYDVQQLDApBbWF6b24gUkRTMQswCQYDVQQIDAJXQTEwMC4GA1UEAwwn\n' + (STDOUT, APP/TASK/deploy-to-postgresql)#
#2026 09 23 16:35:28.824#Z#DEBUG#89a811f3-b76c-11f1-a9d4-eeee0a93f2f4.hpbuysell-otc-salesorder-postgres-deployer#flowable-async-job-executor-thread-11931#
[PollExecuteTaskStatusExecution] 9409158a-3ef5-419f-b18e-c3263bd4e0f3 [2026-09-23T16:35:23.536209] 'QW1hem9uIFJEUyB1cy1lYXN0LTEgUm9vdCBDQSBSU0EyMDQ4IEcxMRAwDgYDVQQH\n' + (STDOUT, APP/TASK/deploy-to-postgresql)#
#2026 09 23 16:35:28.824#Z#DEBUG#89a811f3-b76c-11f1-a9d4-eeee0a93f2f4.hpbuysell-otc-salesorder-postgres-deployer#flowable-async-job-executor-thread-11931#
[PollExecuteTaskStatusExecution] 9409158a-3ef5-419f-b18e-c3263bd4e0f3 [2026-09-23T16:35:23.536210] 'DAdTZWF0dGxlMCAXDTIxMDUyNTIyMzQ1N1oYDzIwNjEwNTI1MjMzNDU3WjCBlzEL\n' + (STDOUT, APP/TASK/deploy-to-postgresql)#
#2026 09 23 16:35:28.824#Z#DEBUG#89a811f3-b76c-11f1-a9d4-eeee0a93f2f4.hpbuysell-otc-salesorder-postgres-deployer#flowable-async-job-executor-thread-11931#
[PollExecuteTaskStatusExecution] 9409158a-3ef5-419f-b18e-c3263bd4e0f3 [2026-09-23T16:35:23.536213] 'MAkGA1UEBhMCVVMxIjAgBgNVBAoMGUFtYXpvbiBXZWIgU2VydmljZXMsIEluYy4x\n' + (STDOUT, APP/TASK/deploy-to-postgresql)#
#2026 09 23 16:35:28.824#Z#DEBUG#89a811f3-b76c-11f1-a9d4-eeee0a93f2f4.hpbuysell-otc-salesorder-postgres-deployer#flowable-async-job-executor-thread-11931#
[PollExecuteTaskStatusExecution] 9409158a-3ef5-419f-b18e-c3263bd4e0f3 [2026-09-23T16:35:23.536215] 'EzARBgNVBAsMCkFtYXpvbiBSRFMxCzAJBgNVBAgMAldBMTAwLgYDVQQDDCdBbWF6\n' + (STDOUT, APP/TASK/deploy-to-postgresql)#
#2026 09 23 16:35:28.824#Z#DEBUG#89a811f3-b76c-11f1-a9d4-eeee0a93f2f4.hpbuysell-otc-salesorder-postgres-deployer#flowable-async-job-executor-thread-11931#
[PollExecuteTaskStatusExecution] 9409158a-3ef5-419f-b18e-c3263bd4e0f3 [2026-09-23T16:35:23.536240] 'b24gUkRTIHVzLWVhc3QtMSBSb290IENBIFJTQTIwNDggRzExEDAOBgNVBAcMB1Nl\n' + (STDOUT, APP/TASK/deploy-to-postgresql)#
#2026 09 23 16:35:28.824#Z#DEBUG#89a811f3-b76c-11f1-a9d4-eeee0a93f2f4.hpbuysell-otc-salesorder-postgres-deployer#flowable-async-job-executor-thread-11931#
[PollExecuteTaskStatusExecution] 9409158a-3ef5-419f-b18e-c3263bd4e0f3 [2026-09-23T16:35:23.536242] 'YXR0bGUwggEiMA0GCSqGSIb3DQEBAQUAA4IBDwAwggEKAoIBAQDu9H7TBeGoDzMr\n' + (STDOUT, APP/TASK/deploy-to-postgresql)#
#2026 09 23 16:35:28.824#Z#DEBUG#89a811f3-b76c-11f1-a9d4-eeee0a93f2f4.hpbuysell-otc-salesorder-postgres-deployer#flowable-async-job-executor-thread-11931#
[PollExecuteTaskStatusExecution] 9409158a-3ef5-419f-b18e-c3263bd4e0f3 [2026-09-23T16:35:23.536244] 'dxN6H8COntJX4IR6dbyhnj5qMD4xl/IWvp50lt0VpmMd+z2PNZzx8RazeGC5IniV\n' + (STDOUT, APP/TASK/deploy-to-postgresql)#
#2026 09 23 16:35:28.824#Z#DEBUG#89a811f3-b76c-11f1-a9d4-eeee0a93f2f4.hpbuysell-otc-salesorder-postgres-deployer#flowable-async-job-executor-thread-11931#
[PollExecuteTaskStatusExecution] 9409158a-3ef5-419f-b18e-c3263bd4e0f3 [2026-09-23T16:35:23.536246] '5nrLg0AKWRQ2A/lGGXbUrGXCSe09brMQCxWBSIYe1WZZ1iU1IJ/6Bp4D2YEHpXrW\n' + (STDOUT, APP/TASK/deploy-to-postgresql)#
#2026 09 23 16:35:28.824#Z#DEBUG#89a811f3-b76c-11f1-a9d4-eeee0a93f2f4.hpbuysell-otc-salesorder-postgres-deployer#flowable-async-job-executor-thread-11931#
[PollExecuteTaskStatusExecution] 9409158a-3ef5-419f-b18e-c3263bd4e0f3 [2026-09-23T16:35:23.536248] 'bPkOq5x3YPcsoitgm1Xh8ygz6vb7PsvJvPbvRMnkDg5IqEThapPjmKb8ZJWyEFEE\n' + (STDOUT, APP/TASK/deploy-to-postgresql)#
#2026 09 23 16:35:28.824#Z#DEBUG#89a811f3-b76c-11f1-a9d4-eeee0a93f2f4.hpbuysell-otc-salesorder-postgres-deployer#flowable-async-job-executor-thread-11931#
[PollExecuteTaskStatusExecution] 9409158a-3ef5-419f-b18e-c3263bd4e0f3 [2026-09-23T16:35:23.536250] 'QRrkCIRueB1EqQtJw0fvP4PKDlCJAKBEs/y049FoOqYpT3pRy0WKqPhWve+hScMd\n' + (STDOUT, APP/TASK/deploy-to-postgresql)#
#2026 09 23 16:35:28.824#Z#DEBUG#89a811f3-b76c-11f1-a9d4-eeee0a93f2f4.hpbuysell-otc-salesorder-postgres-deployer#flowable-async-job-executor-thread-11931#
[PollExecuteTaskStatusExecution] 9409158a-3ef5-419f-b18e-c3263bd4e0f3 [2026-09-23T16:35:23.536252] '6obq8kxTFy1IHACjHc51nrGII5Bt76/MpTWhnJIJrCnq1/Uc3Qs8IVeb+sLaFC8K\n' + (STDOUT, APP/TASK/deploy-to-postgresql)#
#2026 09 23 16:35:28.824#Z#DEBUG#89a811f3-b76c-11f1-a9d4-eeee0a93f2f4.hpbuysell-otc-salesorder-postgres-deployer#flowable-async-job-executor-thread-11931#
[PollExecuteTaskStatusExecution] 9409158a-3ef5-419f-b18e-c3263bd4e0f3 [2026-09-23T16:35:23.536253] 'DI69Sw6bAgMBAAGjQjBAMA8GA1UdEwEB/wQFMAMBAf8wHQYDVR0OBBYEFE7PCopt\n' + (STDOUT, APP/TASK/deploy-to-postgresql)#
#2026 09 23 16:35:28.824#Z#DEBUG#89a811f3-b76c-11f1-a9d4-eeee0a93f2f4.hpbuysell-otc-salesorder-postgres-deployer#flowable-async-job-executor-thread-11931#
[PollExecuteTaskStatusExecution] 9409158a-3ef5-419f-b18e-c3263bd4e0f3 [2026-09-23T16:35:23.536255] 'lyOgtXX0Y1lObBUxuKaCMA4GA1UdDwEB/wQEAwIBhjANBgkqhkiG9w0BAQsFAAOC\n' + (STDOUT, APP/TASK/deploy-to-postgresql)#
#2026 09 23 16:35:28.824#Z#DEBUG#89a811f3-b76c-11f1-a9d4-eeee0a93f2f4.hpbuysell-otc-salesorder-postgres-deployer#flowable-async-job-executor-thread-11931#
[PollExecuteTaskStatusExecution] 9409158a-3ef5-419f-b18e-c3263bd4e0f3 [2026-09-23T16:35:23.536257] 'AQEAFj+bX8gLmMNefr5jRJfHjrL3iuZCjf7YEZgn89pS4z8408mjj9z6Q5D1H7yS\n' + (STDOUT, APP/TASK/deploy-to-postgresql)#
#2026 09 23 16:35:28.824#Z#DEBUG#89a811f3-b76c-11f1-a9d4-eeee0a93f2f4.hpbuysell-otc-salesorder-postgres-deployer#flowable-async-job-executor-thread-11931#
[PollExecuteTaskStatusExecution] 9409158a-3ef5-419f-b18e-c3263bd4e0f3 [2026-09-23T16:35:23.536258] 'jNETVV8QaJip1qyhh5gRzRaArgGAYvi2/r0zPsy+Tgf7v1KGL5Lh8NT8iCEGGXwF\n' + (STDOUT, APP/TASK/deploy-to-postgresql)#
#2026 09 23 16:35:28.824#Z#DEBUG#89a811f3-b76c-11f1-a9d4-eeee0a93f2f4.hpbuysell-otc-salesorder-postgres-deployer#flowable-async-job-executor-thread-11931#
[PollExecuteTaskStatusExecution] 9409158a-3ef5-419f-b18e-c3263bd4e0f3 [2026-09-23T16:35:23.536260] 'g3Ir+Nl3e+9XUp0eyyzBIjHtjLBm6yy8rGk9p6OtFDQnKF5OxwbAgip42CD75r/q\n' + (STDOUT, APP/TASK/deploy-to-postgresql)#
#2026 09 23 16:35:28.824#Z#DEBUG#89a811f3-b76c-11f1-a9d4-eeee0a93f2f4.hpbuysell-otc-salesorder-postgres-deployer#flowable-async-job-executor-thread-11931#
[PollExecuteTaskStatusExecution] 9409158a-3ef5-419f-b18e-c3263bd4e0f3 [2026-09-23T16:35:23.536261] 'p421maEDDvvRFR4D+99JZxgAYDBGqRRceUoe16qDzbMvlz0A9paCZFclxeftAxv6\n' + (STDOUT, APP/TASK/deploy-to-postgresql)#
#2026 09 23 16:35:28.824#Z#DEBUG#89a811f3-b76c-11f1-a9d4-eeee0a93f2f4.hpbuysell-otc-salesorder-postgres-deployer#flowable-async-job-executor-thread-11931#
[PollExecuteTaskStatusExecution] 9409158a-3ef5-419f-b18e-c3263bd4e0f3 [2026-09-23T16:35:23.536263] 'QlR5rItMz/XdzpBJUpYhdzM0gCzAzdQuVO5tjJxmXhkSMcDP+8Q+Uv6FA9k2VpUV\n' + (STDOUT, APP/TASK/deploy-to-postgresql)#
#2026 09 23 16:35:28.824#Z#DEBUG#89a811f3-b76c-11f1-a9d4-eeee0a93f2f4.hpbuysell-otc-salesorder-postgres-deployer#flowable-async-job-executor-thread-11931#
[PollExecuteTaskStatusExecution] 9409158a-3ef5-419f-b18e-c3263bd4e0f3 [2026-09-23T16:35:23.536266] 'E/O5jgpqUJJ2Hc/5rs9VkAPXeA==\n' + (STDOUT, APP/TASK/deploy-to-postgresql)#
#2026 09 23 16:35:28.824#Z#DEBUG#89a811f3-b76c-11f1-a9d4-eeee0a93f2f4.hpbuysell-otc-salesorder-postgres-deployer#flowable-async-job-executor-thread-11931#
[PollExecuteTaskStatusExecution] 9409158a-3ef5-419f-b18e-c3263bd4e0f3 [2026-09-23T16:35:23.536268] '-----END CERTIFICATE-----\n' + (STDOUT, APP/TASK/deploy-to-postgresql)#
#2026 09 23 16:35:28.824#Z#DEBUG#89a811f3-b76c-11f1-a9d4-eeee0a93f2f4.hpbuysell-otc-salesorder-postgres-deployer#flowable-async-job-executor-thread-11931#
[PollExecuteTaskStatusExecution] 9409158a-3ef5-419f-b18e-c3263bd4e0f3 [2026-09-23T16:35:23.536270] '-----BEGIN CERTIFICATE-----\n' + (STDOUT, APP/TASK/deploy-to-postgresql)#
#2026 09 23 16:35:28.824#Z#DEBUG#89a811f3-b76c-11f1-a9d4-eeee0a93f2f4.hpbuysell-otc-salesorder-postgres-deployer#flowable-async-job-executor-thread-11931#
[PollExecuteTaskStatusExecution] 9409158a-3ef5-419f-b18e-c3263bd4e0f3 [2026-09-23T16:35:23.536273] 'MIIF/jCCA+agAwIBAgIQaRHaEqqacXN20e8zZJtmDDANBgkqhkiG9w0BAQwFADCB\n' + (STDOUT, APP/TASK/deploy-to-postgresql)#
#2026 09 23 16:35:28.824#Z#DEBUG#89a811f3-b76c-11f1-a9d4-eeee0a93f2f4.hpbuysell-otc-salesorder-postgres-deployer#flowable-async-job-executor-thread-11931#
[PollExecuteTaskStatusExecution] 9409158a-3ef5-419f-b18e-c3263bd4e0f3 [2026-09-23T16:35:23.536275] 'lzELMAkGA1UEBhMCVVMxIjAgBgNVBAoMGUFtYXpvbiBXZWIgU2VydmljZXMsIElu\n' + (STDOUT, APP/TASK/deploy-to-postgresql)#
#2026 09 23 16:35:28.824#Z#DEBUG#89a811f3-b76c-11f1-a9d4-eeee0a93f2f4.hpbuysell-otc-salesorder-postgres-deployer#flowable-async-job-executor-thread-11931#
[PollExecuteTaskStatusExecution] 9409158a-3ef5-419f-b18e-c3263bd4e0f3 [2026-09-23T16:35:23.536276] 'Yy4xEzARBgNVBAsMCkFtYXpvbiBSRFMxCzAJBgNVBAgMAldBMTAwLgYDVQQDDCdB\n' + (STDOUT, APP/TASK/deploy-to-postgresql)#
#2026 09 23 16:35:28.824#Z#DEBUG#89a811f3-b76c-11f1-a9d4-eeee0a93f2f4.hpbuysell-otc-salesorder-postgres-deployer#flowable-async-job-executor-thread-11931#
[PollExecuteTaskStatusExecution] 9409158a-3ef5-419f-b18e-c3263bd4e0f3 [2026-09-23T16:35:23.536278] 'bWF6b24gUkRTIHVzLWVhc3QtMSBSb290IENBIFJTQTQwOTYgRzExEDAOBgNVBAcM\n' + (STDOUT, APP/TASK/deploy-to-postgresql)#
#2026 09 23 16:35:28.824#Z#DEBUG#89a811f3-b76c-11f1-a9d4-eeee0a93f2f4.hpbuysell-otc-salesorder-postgres-deployer#flowable-async-job-executor-thread-11931#
[PollExecuteTaskStatusExecution] 9409158a-3ef5-419f-b18e-c3263bd4e0f3 [2026-09-23T16:35:23.536490] 'B1NlYXR0bGUwIBcNMjEwNTI1MjIzODM1WhgPMjEyMTA1MjUyMzM4MzVaMIGXMQsw\n' + (STDOUT, APP/TASK/deploy-to-postgresql)#
#2026 09 23 16:35:28.824#Z#DEBUG#89a811f3-b76c-11f1-a9d4-eeee0a93f2f4.hpbuysell-otc-salesorder-postgres-deployer#flowable-async-job-executor-thread-11931#
[PollExecuteTaskStatusExecution] 9409158a-3ef5-419f-b18e-c3263bd4e0f3 [2026-09-23T16:35:23.536494] 'CQYDVQQGEwJVUzEiMCAGA1UECgwZQW1hem9uIFdlYiBTZXJ2aWNlcywgSW5jLjET\n' + (STDOUT, APP/TASK/deploy-to-postgresql)#
#2026 09 23 16:35:28.824#Z#DEBUG#89a811f3-b76c-11f1-a9d4-eeee0a93f2f4.hpbuysell-otc-salesorder-postgres-deployer#flowable-async-job-executor-thread-11931#
[PollExecuteTaskStatusExecution] 9409158a-3ef5-419f-b18e-c3263bd4e0f3 [2026-09-23T16:35:23.536496] 'MBEGA1UECwwKQW1hem9uIFJEUzELMAkGA1UECAwCV0ExMDAuBgNVBAMMJ0FtYXpv\n' + (STDOUT, APP/TASK/deploy-to-postgresql)#
#2026 09 23 16:35:28.824#Z#DEBUG#89a811f3-b76c-11f1-a9d4-eeee0a93f2f4.hpbuysell-otc-salesorder-postgres-deployer#flowable-async-job-executor-thread-11931#
[PollExecuteTaskStatusExecution] 9409158a-3ef5-419f-b18e-c3263bd4e0f3 [2026-09-23T16:35:23.536499] 'biBSRFMgdXMtZWFzdC0xIFJvb3QgQ0EgUlNBNDA5NiBHMTEQMA4GA1UEBwwHU2Vh\n' + (STDOUT, APP/TASK/deploy-to-postgresql)#
#2026 09 23 16:35:28.824#Z#DEBUG#89a811f3-b76c-11f1-a9d4-eeee0a93f2f4.hpbuysell-otc-salesorder-postgres-deployer#flowable-async-job-executor-thread-11931#
[PollExecuteTaskStatusExecution] 9409158a-3ef5-419f-b18e-c3263bd4e0f3 [2026-09-23T16:35:23.536501] 'dHRsZTCCAiIwDQYJKoZIhvcNAQEBBQADggIPADCCAgoCggIBAInfBCaHuvj6Rb5c\n' + (STDOUT, APP/TASK/deploy-to-postgresql)#
#2026 09 23 16:35:28.824#Z#DEBUG#89a811f3-b76c-11f1-a9d4-eeee0a93f2f4.hpbuysell-otc-salesorder-postgres-deployer#flowable-async-job-executor-thread-11931#
[PollExecuteTaskStatusExecution] 9409158a-3ef5-419f-b18e-c3263bd4e0f3 [2026-09-23T16:35:23.536503] 'L5Wmn1jv2PHtEGMHm+7Z8dYosdwouG8VG2A+BCYCZfij9lIGszrTXkY4O7vnXgru\n' + (STDOUT, APP/TASK/deploy-to-postgresql)#
#2026 09 23 16:35:28.824#Z#DEBUG#89a811f3-b76c-11f1-a9d4-eeee0a93f2f4.hpbuysell-otc-salesorder-postgres-deployer#flowable-async-job-executor-thread-11931#
[PollExecuteTaskStatusExecution] 9409158a-3ef5-419f-b18e-c3263bd4e0f3 [2026-09-23T16:35:23.536504] 'JUNdxh0Q3M83p4X+bg+gODUs3jf+Z3Oeq7nTOk/2UYvQLcxP4FEXILxDInbQFcIx\n' + (STDOUT, APP/TASK/deploy-to-postgresql)#
#2026 09 23 16:35:28.824#Z#DEBUG#89a811f3-b76c-11f1-a9d4-eeee0a93f2f4.hpbuysell-otc-salesorder-postgres-deployer#flowable-async-job-executor-thread-11931#
[PollExecuteTaskStatusExecution] 9409158a-3ef5-419f-b18e-c3263bd4e0f3 [2026-09-23T16:35:23.536506] 'yen1ESHggGrjEodgn6nbKQNRfIhjhW+TKYaewfsVWH7EF2pfj+cjbJ6njjgZ0/M9\n' + (STDOUT, APP/TASK/deploy-to-postgresql)#
#2026 09 23 16:35:28.824#Z#DEBUG#89a811f3-b76c-11f1-a9d4-eeee0a93f2f4.hpbuysell-otc-salesorder-postgres-deployer#flowable-async-job-executor-thread-11931#
[PollExecuteTaskStatusExecution] 9409158a-3ef5-419f-b18e-c3263bd4e0f3 [2026-09-23T16:35:23.536507] 'VZifJFBgat6XUTOf3jwHwkCBh7T6rDpgy19A61laImJCQhdTnHKvzTpxcxiLRh69\n' + (STDOUT, APP/TASK/deploy-to-postgresql)#
#2026 09 23 16:35:28.824#Z#DEBUG#89a811f3-b76c-11f1-a9d4-eeee0a93f2f4.hpbuysell-otc-salesorder-postgres-deployer#flowable-async-job-executor-thread-11931#
[PollExecuteTaskStatusExecution] 9409158a-3ef5-419f-b18e-c3263bd4e0f3 [2026-09-23T16:35:23.536510] 'ZObypR7W04OAUmFS88V7IotlPmCL8xf7kwxG+gQfvx31+A9IDMsiTqJ1Cc4fYEKg\n' + (STDOUT, APP/TASK/deploy-to-postgresql)#
#2026 09 23 16:35:28.824#Z#DEBUG#89a811f3-b76c-11f1-a9d4-eeee0a93f2f4.hpbuysell-otc-salesorder-postgres-deployer#flowable-async-job-executor-thread-11931#
[PollExecuteTaskStatusExecution] 9409158a-3ef5-419f-b18e-c3263bd4e0f3 [2026-09-23T16:35:23.536512] 'bL+Vo+2Ii4W2esCTGVYmHm73drznfeKwL+kmIC/Bq+DrZ+veTqKFYwSkpHRyJCEe\n' + (STDOUT, APP/TASK/deploy-to-postgresql)#
#2026 09 23 16:35:28.824#Z#DEBUG#89a811f3-b76c-11f1-a9d4-eeee0a93f2f4.hpbuysell-otc-salesorder-postgres-deployer#flowable-async-job-executor-thread-11931#
[PollExecuteTaskStatusExecution] 9409158a-3ef5-419f-b18e-c3263bd4e0f3 [2026-09-23T16:35:23.536513] 'U4Zym6POqQ/4LBSKwDUhWLJIlq99bjKX+hNTJykB+Lbcx0ScOP4IAZQoxmDxGWxN\n' + (STDOUT, APP/TASK/deploy-to-postgresql)#
#2026 09 23 16:35:28.824#Z#DEBUG#89a811f3-b76c-11f1-a9d4-eeee0a93f2f4.hpbuysell-otc-salesorder-postgres-deployer#flowable-async-job-executor-thread-11931#
[PollExecuteTaskStatusExecution] 9409158a-3ef5-419f-b18e-c3263bd4e0f3 [2026-09-23T16:35:23.536515] 'S+lQj+Cx2pwU3S/7+OxlRndZAX/FKgk7xSMkg88HykUZaZ/ozIiqJqSnGpgXCtED\n' + (STDOUT, APP/TASK/deploy-to-postgresql)#
#2026 09 23 16:35:28.824#Z#DEBUG#89a811f3-b76c-11f1-a9d4-eeee0a93f2f4.hpbuysell-otc-salesorder-postgres-deployer#flowable-async-job-executor-thread-11931#
[PollExecuteTaskStatusExecution] 9409158a-3ef5-419f-b18e-c3263bd4e0f3 [2026-09-23T16:35:23.536516] 'oQ4OJw5ozAr+/wudOawaMwUWQl5asD8fuy/hl5S1nv9XxIc842QJOtJFxhyeMIXt\n' + (STDOUT, APP/TASK/deploy-to-postgresql)#
#2026 09 23 16:35:28.824#Z#DEBUG#89a811f3-b76c-11f1-a9d4-eeee0a93f2f4.hpbuysell-otc-salesorder-postgres-deployer#flowable-async-job-executor-thread-11931#
[PollExecuteTaskStatusExecution] 9409158a-3ef5-419f-b18e-c3263bd4e0f3 [2026-09-23T16:35:23.536517] 'LVECVw/dPekhMjS3Zo3wwRgYbnKG7YXXT5WMxJEnHu8+cYpMiRClzq2BEP6/MtI2\n' + (STDOUT, APP/TASK/deploy-to-postgresql)#
#2026 09 23 16:35:28.824#Z#DEBUG#89a811f3-b76c-11f1-a9d4-eeee0a93f2f4.hpbuysell-otc-salesorder-postgres-deployer#flowable-async-job-executor-thread-11931#
[PollExecuteTaskStatusExecution] 9409158a-3ef5-419f-b18e-c3263bd4e0f3 [2026-09-23T16:35:23.536519] 'AZQQUFu2yFjRGL2OZA6IYjxnXYiRAgMBAAGjQjBAMA8GA1UdEwEB/wQFMAMBAf8w\n' + (STDOUT, APP/TASK/deploy-to-postgresql)#
#2026 09 23 16:35:28.824#Z#DEBUG#89a811f3-b76c-11f1-a9d4-eeee0a93f2f4.hpbuysell-otc-salesorder-postgres-deployer#flowable-async-job-executor-thread-11931#
[PollExecuteTaskStatusExecution] 9409158a-3ef5-419f-b18e-c3263bd4e0f3 [2026-09-23T16:35:23.536521] 'HQYDVR0OBBYEFADCcQCPX2HmkqQcmuHfiQ2jjqnrMA4GA1UdDwEB/wQEAwIBhjAN\n' + (STDOUT, APP/TASK/deploy-to-postgresql)#
#2026 09 23 16:35:28.824#Z#DEBUG#89a811f3-b76c-11f1-a9d4-eeee0a93f2f4.hpbuysell-otc-salesorder-postgres-deployer#flowable-async-job-executor-thread-11931#
[PollExecuteTaskStatusExecution] 9409158a-3ef5-419f-b18e-c3263bd4e0f3 [2026-09-23T16:35:23.536523] 'BgkqhkiG9w0BAQwFAAOCAgEASXkGQ2eUmudIKPeOIF7RBryCoPmMOsqP0+1qxF8l\n' + (STDOUT, APP/TASK/deploy-to-postgresql)#
#2026 09 23 16:35:28.824#Z#DEBUG#89a811f3-b76c-11f1-a9d4-eeee0a93f2f4.hpbuysell-otc-salesorder-postgres-deployer#flowable-async-job-executor-thread-11931#
[PollExecuteTaskStatusExecution] 9409158a-3ef5-419f-b18e-c3263bd4e0f3 [2026-09-23T16:35:23.536524] 'pGkwmrgNDGpmd9s0ArfIVBTc1jmpgB3oiRW9c6n2OmwBKL4UPuQ8O3KwSP0iD2sZ\n' + (STDOUT, APP/TASK/deploy-to-postgresql)#
#2026 09 23 16:35:28.824#Z#DEBUG#89a811f3-b76c-11f1-a9d4-eeee0a93f2f4.hpbuysell-otc-salesorder-postgres-deployer#flowable-async-job-executor-thread-11931#
[PollExecuteTaskStatusExecution] 9409158a-3ef5-419f-b18e-c3263bd4e0f3 [2026-09-23T16:35:23.536527] 'KMXoMEyphCEzW1I2GRvYDugL3Z9MWrnHkoaoH2l8YyTYvszTvdgxBPpM2x4pSkp+\n' + (STDOUT, APP/TASK/deploy-to-postgresql)#
#2026 09 23 16:35:28.824#Z#DEBUG#89a811f3-b76c-11f1-a9d4-eeee0a93f2f4.hpbuysell-otc-salesorder-postgres-deployer#flowable-async-job-executor-thread-11931#
[PollExecuteTaskStatusExecution] 9409158a-3ef5-419f-b18e-c3263bd4e0f3 [2026-09-23T16:35:23.536530] '76d4/eRpJ5mVuQ93nC+YG0wXCxSq63hX4kyZgPxgCdAA+qgFfKIGyNqUIqWgeyTP\n' + (STDOUT, APP/TASK/deploy-to-postgresql)#
#2026 09 23 16:35:28.824#Z#DEBUG#89a811f3-b76c-11f1-a9d4-eeee0a93f2f4.hpbuysell-otc-salesorder-postgres-deployer#flowable-async-job-executor-thread-11931#
[PollExecuteTaskStatusExecution] 9409158a-3ef5-419f-b18e-c3263bd4e0f3 [2026-09-23T16:35:23.536531] 'n5OgKaboYk2141Rf2hGMD3/hsGm0rrJh7g3C0ZirPws3eeJfulvAOIy2IZzqHUSY\n' + (STDOUT, APP/TASK/deploy-to-postgresql)#
#2026 09 23 16:35:28.824#Z#DEBUG#89a811f3-b76c-11f1-a9d4-eeee0a93f2f4.hpbuysell-otc-salesorder-postgres-deployer#flowable-async-job-executor-thread-11931#
[PollExecuteTaskStatusExecution] 9409158a-3ef5-419f-b18e-c3263bd4e0f3 [2026-09-23T16:35:23.536533] 'jkFzraz6LEH3IlArT3jUPvWKqvh2lJWnnp56aqxBR7qHH5voD49UpJWY1K0BjGnS\n' + (STDOUT, APP/TASK/deploy-to-postgresql)#
#2026 09 23 16:35:28.824#Z#DEBUG#89a811f3-b76c-11f1-a9d4-eeee0a93f2f4.hpbuysell-otc-salesorder-postgres-deployer#flowable-async-job-executor-thread-11931#
[PollExecuteTaskStatusExecution] 9409158a-3ef5-419f-b18e-c3263bd4e0f3 [2026-09-23T16:35:23.536535] 'OHcurpp0Yt/BIs4VZeWdCZwI7JaSeDcPMaMDBvND3Ia5Fga0thgYQTG6dE+N5fgF\n' + (STDOUT, APP/TASK/deploy-to-postgresql)#
#2026 09 23 16:35:28.824#Z#DEBUG#89a811f3-b76c-11f1-a9d4-eeee0a93f2f4.hpbuysell-otc-salesorder-postgres-deployer#flowable-async-job-executor-thread-11931#
[PollExecuteTaskStatusExecution] 9409158a-3ef5-419f-b18e-c3263bd4e0f3 [2026-09-23T16:35:23.536536] 'z+hRaujXO2nb0LmddVyvE8prYlWRMuYFv+Co8hcMdJ0lEZlfVNu0jbm9/GmwAZ+l\n' + (STDOUT, APP/TASK/deploy-to-postgresql)#
#2026 09 23 16:35:28.824#Z#DEBUG#89a811f3-b76c-11f1-a9d4-eeee0a93f2f4.hpbuysell-otc-salesorder-postgres-deployer#flowable-async-job-executor-thread-11931#
[PollExecuteTaskStatusExecution] 9409158a-3ef5-419f-b18e-c3263bd4e0f3 [2026-09-23T16:35:23.536540] '9umeYO9yz/uC7edC8XJBglMAKUmVK9wNtOckUWAcCfnPWYLbYa/PqtXBYcxrso5j\n' + (STDOUT, APP/TASK/deploy-to-postgresql)#
#2026 09 23 16:35:28.824#Z#DEBUG#89a811f3-b76c-11f1-a9d4-eeee0a93f2f4.hpbuysell-otc-salesorder-postgres-deployer#flowable-async-job-executor-thread-11931#
[PollExecuteTaskStatusExecution] 9409158a-3ef5-419f-b18e-c3263bd4e0f3 [2026-09-23T16:35:23.536542] 'iaS/A7iEW51uteHBGrViCy1afGG+hiUWwFlesli+Rq4dNstX3h6h2baWABaAxEVJ\n' + (STDOUT, APP/TASK/deploy-to-postgresql)#
#2026 09 23 16:35:28.824#Z#DEBUG#89a811f3-b76c-11f1-a9d4-eeee0a93f2f4.hpbuysell-otc-salesorder-postgres-deployer#flowable-async-job-executor-thread-11931#
[PollExecuteTaskStatusExecution] 9409158a-3ef5-419f-b18e-c3263bd4e0f3 [2026-09-23T16:35:23.536544] 'y1RnTQSz6mROT1VmZSgSVO37rgIyY0Hf0872ogcTS+FfvXgBxCxsNWEbiQ/XXva4\n' + (STDOUT, APP/TASK/deploy-to-postgresql)#
#2026 09 23 16:35:28.824#Z#DEBUG#89a811f3-b76c-11f1-a9d4-eeee0a93f2f4.hpbuysell-otc-salesorder-postgres-deployer#flowable-async-job-executor-thread-11931#
[PollExecuteTaskStatusExecution] 9409158a-3ef5-419f-b18e-c3263bd4e0f3 [2026-09-23T16:35:23.536545] '0Ws=\n' + (STDOUT, APP/TASK/deploy-to-postgresql)#
#2026 09 23 16:35:28.824#Z#DEBUG#89a811f3-b76c-11f1-a9d4-eeee0a93f2f4.hpbuysell-otc-salesorder-postgres-deployer#flowable-async-job-executor-thread-11931#
[PollExecuteTaskStatusExecution] 9409158a-3ef5-419f-b18e-c3263bd4e0f3 [2026-09-23T16:35:23.536547] '-----END CERTIFICATE-----\n' + (STDOUT, APP/TASK/deploy-to-postgresql)#
#2026 09 23 16:35:28.824#Z#DEBUG#89a811f3-b76c-11f1-a9d4-eeee0a93f2f4.hpbuysell-otc-salesorder-postgres-deployer#flowable-async-job-executor-thread-11931#
[PollExecuteTaskStatusExecution] 9409158a-3ef5-419f-b18e-c3263bd4e0f3 [2026-09-23T16:35:23.536548] '-----BEGIN CERTIFICATE-----\n' + (STDOUT, APP/TASK/deploy-to-postgresql)#
#2026 09 23 16:35:28.824#Z#DEBUG#89a811f3-b76c-11f1-a9d4-eeee0a93f2f4.hpbuysell-otc-salesorder-postgres-deployer#flowable-async-job-executor-thread-11931#
[PollExecuteTaskStatusExecution] 9409158a-3ef5-419f-b18e-c3263bd4e0f3 [2026-09-23T16:35:23.536552] 'MIICrjCCAjSgAwIBAgIRAPAlEk8VJPmEzVRRaWvTh2AwCgYIKoZIzj0EAwMwgZYx\n' + (STDOUT, APP/TASK/deploy-to-postgresql)#
#2026 09 23 16:35:28.824#Z#DEBUG#89a811f3-b76c-11f1-a9d4-eeee0a93f2f4.hpbuysell-otc-salesorder-postgres-deployer#flowable-async-job-executor-thread-11931#
[PollExecuteTaskStatusExecution] 9409158a-3ef5-419f-b18e-c3263bd4e0f3 [2026-09-23T16:35:23.536553] 'CzAJBgNVBAYTAlVTMSIwIAYDVQQKDBlBbWF6b24gV2ViIFNlcnZpY2VzLCBJbmMu\n' + (STDOUT, APP/TASK/deploy-to-postgresql)#
#2026 09 23 16:35:28.824#Z#DEBUG#89a811f3-b76c-11f1-a9d4-eeee0a93f2f4.hpbuysell-otc-salesorder-postgres-deployer#flowable-async-job-executor-thread-11931#
[PollExecuteTaskStatusExecution] 9409158a-3ef5-419f-b18e-c3263bd4e0f3 [2026-09-23T16:35:23.536555] 'MRMwEQYDVQQLDApBbWF6b24gUkRTMQswCQYDVQQIDAJXQTEvMC0GA1UEAwwmQW1h\n' + (STDOUT, APP/TASK/deploy-to-postgresql)#
#2026 09 23 16:35:28.824#Z#DEBUG#89a811f3-b76c-11f1-a9d4-eeee0a93f2f4.hpbuysell-otc-salesorder-postgres-deployer#flowable-async-job-executor-thread-11931#
[PollExecuteTaskStatusExecution] 9409158a-3ef5-419f-b18e-c3263bd4e0f3 [2026-09-23T16:35:23.536556] 'em9uIFJEUyB1cy1lYXN0LTEgUm9vdCBDQSBFQ0MzODQgRzExEDAOBgNVBAcMB1Nl\n' + (STDOUT, APP/TASK/deploy-to-postgresql)#
#2026 09 23 16:35:28.824#Z#DEBUG#89a811f3-b76c-11f1-a9d4-eeee0a93f2f4.hpbuysell-otc-salesorder-postgres-deployer#flowable-async-job-executor-thread-11931#
[PollExecuteTaskStatusExecution] 9409158a-3ef5-419f-b18e-c3263bd4e0f3 [2026-09-23T16:35:23.536557] 'YXR0bGUwIBcNMjEwNTI1MjI0MTU1WhgPMjEyMTA1MjUyMzQxNTVaMIGWMQswCQYD\n' + (STDOUT, APP/TASK/deploy-to-postgresql)#
#2026 09 23 16:35:28.824#Z#DEBUG#89a811f3-b76c-11f1-a9d4-eeee0a93f2f4.hpbuysell-otc-salesorder-postgres-deployer#flowable-async-job-executor-thread-11931#
[PollExecuteTaskStatusExecution] 9409158a-3ef5-419f-b18e-c3263bd4e0f3 [2026-09-23T16:35:23.536559] 'VQQGEwJVUzEiMCAGA1UECgwZQW1hem9uIFdlYiBTZXJ2aWNlcywgSW5jLjETMBEG\n' + (STDOUT, APP/TASK/deploy-to-postgresql)#
#2026 09 23 16:35:28.824#Z#DEBUG#89a811f3-b76c-11f1-a9d4-eeee0a93f2f4.hpbuysell-otc-salesorder-postgres-deployer#flowable-async-job-executor-thread-11931#
[PollExecuteTaskStatusExecution] 9409158a-3ef5-419f-b18e-c3263bd4e0f3 [2026-09-23T16:35:23.536562] 'A1UECwwKQW1hem9uIFJEUzELMAkGA1UECAwCV0ExLzAtBgNVBAMMJkFtYXpvbiBS\n' + (STDOUT, APP/TASK/deploy-to-postgresql)#
#2026 09 23 16:35:28.824#Z#DEBUG#89a811f3-b76c-11f1-a9d4-eeee0a93f2f4.hpbuysell-otc-salesorder-postgres-deployer#flowable-async-job-executor-thread-11931#
[PollExecuteTaskStatusExecution] 9409158a-3ef5-419f-b18e-c3263bd4e0f3 [2026-09-23T16:35:23.536563] 'RFMgdXMtZWFzdC0xIFJvb3QgQ0EgRUNDMzg0IEcxMRAwDgYDVQQHDAdTZWF0dGxl\n' + (STDOUT, APP/TASK/deploy-to-postgresql)#
#2026 09 23 16:35:28.824#Z#DEBUG#89a811f3-b76c-11f1-a9d4-eeee0a93f2f4.hpbuysell-otc-salesorder-postgres-deployer#flowable-async-job-executor-thread-11931#
[PollExecuteTaskStatusExecution] 9409158a-3ef5-419f-b18e-c3263bd4e0f3 [2026-09-23T16:35:23.536564] 'MHYwEAYHKoZIzj0CAQYFK4EEACIDYgAEx5xjrup8II4HOJw15NTnS3H5yMrQGlbj\n' + (STDOUT, APP/TASK/deploy-to-postgresql)#
#2026 09 23 16:35:28.824#Z#DEBUG#89a811f3-b76c-11f1-a9d4-eeee0a93f2f4.hpbuysell-otc-salesorder-postgres-deployer#flowable-async-job-executor-thread-11931#
[PollExecuteTaskStatusExecution] 9409158a-3ef5-419f-b18e-c3263bd4e0f3 [2026-09-23T16:35:23.536566] 'EDA5MMGnE9DmHp5dACIxmPXPMe/99nO7wNdl7G71OYPCgEvWm0FhdvVUeTb3LVnV\n' + (STDOUT, APP/TASK/deploy-to-postgresql)#
#2026 09 23 16:35:28.824#Z#DEBUG#89a811f3-b76c-11f1-a9d4-eeee0a93f2f4.hpbuysell-otc-salesorder-postgres-deployer#flowable-async-job-executor-thread-11931#
[PollExecuteTaskStatusExecution] 9409158a-3ef5-419f-b18e-c3263bd4e0f3 [2026-09-23T16:35:23.536567] 'BnaXt32Ek7/oxGk1T+Df03C+W0vmuJ+wo0IwQDAPBgNVHRMBAf8EBTADAQH/MB0G\n' + (STDOUT, APP/TASK/deploy-to-postgresql)#
#2026 09 23 16:35:28.824#Z#DEBUG#89a811f3-b76c-11f1-a9d4-eeee0a93f2f4.hpbuysell-otc-salesorder-postgres-deployer#flowable-async-job-executor-thread-11931#
[PollExecuteTaskStatusExecution] 9409158a-3ef5-419f-b18e-c3263bd4e0f3 [2026-09-23T16:35:23.536569] 'A1UdDgQWBBTGXmqBWN/1tkSea4pNw0oHrjk2UDAOBgNVHQ8BAf8EBAMCAYYwCgYI\n' + (STDOUT, APP/TASK/deploy-to-postgresql)#
#2026 09 23 16:35:28.824#Z#DEBUG#89a811f3-b76c-11f1-a9d4-eeee0a93f2f4.hpbuysell-otc-salesorder-postgres-deployer#flowable-async-job-executor-thread-11931#
[PollExecuteTaskStatusExecution] 9409158a-3ef5-419f-b18e-c3263bd4e0f3 [2026-09-23T16:35:23.536571] 'KoZIzj0EAwMDaAAwZQIxAIqqZWCSrIkZ7zsv/FygtAusW6yvlL935YAWYPVXU30m\n' + (STDOUT, APP/TASK/deploy-to-postgresql)#
#2026 09 23 16:35:28.824#Z#DEBUG#89a811f3-b76c-11f1-a9d4-eeee0a93f2f4.hpbuysell-otc-salesorder-postgres-deployer#flowable-async-job-executor-thread-11931#
[PollExecuteTaskStatusExecution] 9409158a-3ef5-419f-b18e-c3263bd4e0f3 [2026-09-23T16:35:23.536572] 'jkMFLM+/RJ9GMvnO8jHfCgIwB+whlkcItzE9CRQ6CsMo/d5cEHDUu/QW6jSIh9BR\n' + (STDOUT, APP/TASK/deploy-to-postgresql)#
#2026 09 23 16:35:28.824#Z#DEBUG#89a811f3-b76c-11f1-a9d4-eeee0a93f2f4.hpbuysell-otc-salesorder-postgres-deployer#flowable-async-job-executor-thread-11931#
[PollExecuteTaskStatusExecution] 9409158a-3ef5-419f-b18e-c3263bd4e0f3 [2026-09-23T16:35:23.536573] 'OGh9pTYPVkUbBiKPA7lVVhre\n' + (STDOUT, APP/TASK/deploy-to-postgresql)#
#2026 09 23 16:35:28.824#Z#DEBUG#89a811f3-b76c-11f1-a9d4-eeee0a93f2f4.hpbuysell-otc-salesorder-postgres-deployer#flowable-async-job-executor-thread-11931#
[PollExecuteTaskStatusExecution] 9409158a-3ef5-419f-b18e-c3263bd4e0f3 [2026-09-23T16:35:23.536575] '-----END CERTIFICATE-----\n', (STDOUT, APP/TASK/deploy-to-postgresql)#
#2026 09 23 16:35:28.824#Z#DEBUG#89a811f3-b76c-11f1-a9d4-eeee0a93f2f4.hpbuysell-otc-salesorder-postgres-deployer#flowable-async-job-executor-thread-11931#
[PollExecuteTaskStatusExecution] 9409158a-3ef5-419f-b18e-c3263bd4e0f3 [2026-09-23T16:35:23.536578] uri: 'postgres://e4d51886f3dc:daacb78fca6ef102b1397708@postgres-63a33c28-9d9e-4453-821a-000f0ee4a75c.c24srvdukvjo.us-east-1.rds.amazonaws.com:7565/BQiFxAUMVHcr', (STDOUT, APP/TASK/deploy-to-postgresql)#
#2026 09 23 16:35:28.824#Z#DEBUG#89a811f3-b76c-11f1-a9d4-eeee0a93f2f4.hpbuysell-otc-salesorder-postgres-deployer#flowable-async-job-executor-thread-11931#
[PollExecuteTaskStatusExecution] 9409158a-3ef5-419f-b18e-c3263bd4e0f3 [2026-09-23T16:35:23.536580] urls: { (STDOUT, APP/TASK/deploy-to-postgresql)#
#2026 09 23 16:35:28.824#Z#DEBUG#89a811f3-b76c-11f1-a9d4-eeee0a93f2f4.hpbuysell-otc-salesorder-postgres-deployer#flowable-async-job-executor-thread-11931#
[PollExecuteTaskStatusExecution] 9409158a-3ef5-419f-b18e-c3263bd4e0f3 [2026-09-23T16:35:23.536581] api_server: 'https://api-backing-services.us10.data.services.cloud.sap' (STDOUT, APP/TASK/deploy-to-postgresql)#
#2026 09 23 16:35:28.824#Z#DEBUG#89a811f3-b76c-11f1-a9d4-eeee0a93f2f4.hpbuysell-otc-salesorder-postgres-deployer#flowable-async-job-executor-thread-11931#
[PollExecuteTaskStatusExecution] 9409158a-3ef5-419f-b18e-c3263bd4e0f3 [2026-09-23T16:35:23.536583] } (STDOUT, APP/TASK/deploy-to-postgresql)#
#2026 09 23 16:35:28.824#Z#DEBUG#89a811f3-b76c-11f1-a9d4-eeee0a93f2f4.hpbuysell-otc-salesorder-postgres-deployer#flowable-async-job-executor-thread-11931#
[PollExecuteTaskStatusExecution] 9409158a-3ef5-419f-b18e-c3263bd4e0f3 [2026-09-23T16:35:23.536585] } (STDOUT, APP/TASK/deploy-to-postgresql)#
#2026 09 23 16:35:28.824#Z#DEBUG#89a811f3-b76c-11f1-a9d4-eeee0a93f2f4.hpbuysell-otc-salesorder-postgres-deployer#flowable-async-job-executor-thread-11931#
[PollExecuteTaskStatusExecution] 9409158a-3ef5-419f-b18e-c3263bd4e0f3 [2026-09-23T16:35:23.536586] } {} (STDOUT, APP/TASK/deploy-to-postgresql)#
#2026 09 23 16:35:28.824#Z#DEBUG#89a811f3-b76c-11f1-a9d4-eeee0a93f2f4.hpbuysell-otc-salesorder-postgres-deployer#flowable-async-job-executor-thread-11931#
[PollExecuteTaskStatusExecution] 9409158a-3ef5-419f-b18e-c3263bd4e0f3 [2026-09-23T16:35:24.104209] (node:57) DeprecationWarning: Calling client.query() when the client is already executing a query is deprecated and will be removed in pg@9.0. Use async/await or an external async flow control mechanism instead. (STDERR, APP/TASK/deploy-to-postgresql)#
#2026 09 23 16:35:28.824#Z#DEBUG#89a811f3-b76c-11f1-a9d4-eeee0a93f2f4.hpbuysell-otc-salesorder-postgres-deployer#flowable-async-job-executor-thread-11931#
[PollExecuteTaskStatusExecution] 9409158a-3ef5-419f-b18e-c3263bd4e0f3 [2026-09-23T16:35:24.104242] (Use `node --trace-deprecation ...` to show where the warning was created) (STDERR, APP/TASK/deploy-to-postgresql)#
#2026 09 23 16:35:28.824#Z#DEBUG#89a811f3-b76c-11f1-a9d4-eeee0a93f2f4.hpbuysell-otc-salesorder-postgres-deployer#flowable-async-job-executor-thread-11931#
[PollExecuteTaskStatusExecution] 9409158a-3ef5-419f-b18e-c3263bd4e0f3 [2026-09-23T16:35:24.478845] /> deployment to postgres-63a33c28-9d9e-4453-821a-000f0ee4a75c.c24srvdukvjo.us-east-1.rds.amazonaws.com:7565 failed (STDOUT, APP/TASK/deploy-to-postgresql)#
#2026 09 23 16:35:28.824#Z#DEBUG#89a811f3-b76c-11f1-a9d4-eeee0a93f2f4.hpbuysell-otc-salesorder-postgres-deployer#flowable-async-job-executor-thread-11931#
[PollExecuteTaskStatusExecution] 9409158a-3ef5-419f-b18e-c3263bd4e0f3 [2026-09-23T16:35:24.479500] Error: CDS compilation failed (@sap/cds-compiler v6.9.5) (STDERR, APP/TASK/deploy-to-postgresql)#
#2026 09 23 16:35:28.824#Z#DEBUG#89a811f3-b76c-11f1-a9d4-eeee0a93f2f4.hpbuysell-otc-salesorder-postgres-deployer#flowable-async-job-executor-thread-11931#
[PollExecuteTaskStatusExecution] 9409158a-3ef5-419f-b18e-c3263bd4e0f3 [2026-09-23T16:35:24.479517] db/csn.json:811: Error: Dropping elements is not supported (in entity:“hpbuysell.otc.salesorder.SalesOrderAcknowledgements”/element:“ID”) (STDERR, APP/TASK/deploy-to-postgresql)#
#2026 09 23 16:35:28.824#Z#DEBUG#89a811f3-b76c-11f1-a9d4-eeee0a93f2f4.hpbuysell-otc-salesorder-postgres-deployer#flowable-async-job-executor-thread-11931#
[PollExecuteTaskStatusExecution] 9409158a-3ef5-419f-b18e-c3263bd4e0f3 [2026-09-23T16:35:24.479526] at throwWithAnyError (/home/vcap/app/node_modules/@sap/cds-compiler/lib/base/messages.js:607:13) (STDERR, APP/TASK/deploy-to-postgresql)#
#2026 09 23 16:35:28.824#Z#DEBUG#89a811f3-b76c-11f1-a9d4-eeee0a93f2f4.hpbuysell-otc-salesorder-postgres-deployer#flowable-async-job-executor-thread-11931#
[PollExecuteTaskStatusExecution] 9409158a-3ef5-419f-b18e-c3263bd4e0f3 [2026-09-23T16:35:24.479529] at Proxy.toSqlDdl (/home/vcap/app/node_modules/@sap/cds-compiler/lib/render/toSql.js:311:3) (STDERR, APP/TASK/deploy-to-postgresql)#
#2026 09 23 16:35:28.824#Z#DEBUG#89a811f3-b76c-11f1-a9d4-eeee0a93f2f4.hpbuysell-otc-salesorder-postgres-deployer#flowable-async-job-executor-thread-11931#
[PollExecuteTaskStatusExecution] 9409158a-3ef5-419f-b18e-c3263bd4e0f3 [2026-09-23T16:35:24.479531] at sqlMigration (/home/vcap/app/node_modules/@sap/cds-compiler/lib/api/main.js:606:13) (STDERR, APP/TASK/deploy-to-postgresql)#
#2026 09 23 16:35:28.824#Z#DEBUG#89a811f3-b76c-11f1-a9d4-eeee0a93f2f4.hpbuysell-otc-salesorder-postgres-deployer#flowable-async-job-executor-thread-11931#
[PollExecuteTaskStatusExecution] 9409158a-3ef5-419f-b18e-c3263bd4e0f3 [2026-09-23T16:35:24.479533] at Function.api [as migration] (/home/vcap/app/node_modules/@sap/cds-compiler/lib/api/main.js:1185:22) (STDERR, APP/TASK/deploy-to-postgresql)#
#2026 09 23 16:35:28.824#Z#DEBUG#89a811f3-b76c-11f1-a9d4-eeee0a93f2f4.hpbuysell-otc-salesorder-postgres-deployer#flowable-async-job-executor-thread-11931#
[PollExecuteTaskStatusExecution] 9409158a-3ef5-419f-b18e-c3263bd4e0f3 [2026-09-23T16:35:24.479535] at Function.migration (/home/vcap/app/node_modules/@sap/cds-compiler/lib/main.js:157:41) (STDERR, APP/TASK/deploy-to-postgresql)#
#2026 09 23 16:35:28.824#Z#DEBUG#89a811f3-b76c-11f1-a9d4-eeee0a93f2f4.hpbuysell-otc-salesorder-postgres-deployer#flowable-async-job-executor-thread-11931#
[PollExecuteTaskStatusExecution] 9409158a-3ef5-419f-b18e-c3263bd4e0f3 [2026-09-23T16:35:24.479537] at Object.deltaSql (/home/vcap/app/node_modules/@sap/cds/lib/compile/cdsc.js:165:53) (STDERR, APP/TASK/deploy-to-postgresql)#
#2026 09 23 16:35:28.824#Z#DEBUG#89a811f3-b76c-11f1-a9d4-eeee0a93f2f4.hpbuysell-otc-salesorder-postgres-deployer#flowable-async-job-executor-thread-11931#
[PollExecuteTaskStatusExecution] 9409158a-3ef5-419f-b18e-c3263bd4e0f3 [2026-09-23T16:35:24.479540] at /home/vcap/app/node_modules/@sap/cds/lib/compile/to/sql.js:38:61 (STDERR, APP/TASK/deploy-to-postgresql)#
#2026 09 23 16:35:28.824#Z#DEBUG#89a811f3-b76c-11f1-a9d4-eeee0a93f2f4.hpbuysell-otc-salesorder-postgres-deployer#flowable-async-job-executor-thread-11931#
[PollExecuteTaskStatusExecution] 9409158a-3ef5-419f-b18e-c3263bd4e0f3 [2026-09-23T16:35:24.479542] at next (/home/vcap/app/node_modules/@sap/cds/lib/compile/to/sql.js:44:4) (STDERR, APP/TASK/deploy-to-postgresql)#
#2026 09 23 16:35:28.824#Z#DEBUG#89a811f3-b76c-11f1-a9d4-eeee0a93f2f4.hpbuysell-otc-salesorder-postgres-deployer#flowable-async-job-executor-thread-11931#
[PollExecuteTaskStatusExecution] 9409158a-3ef5-419f-b18e-c3263bd4e0f3 [2026-09-23T16:35:24.479545] at Function.cds_compile_to_deltaSql [as delta] (/home/vcap/app/node_modules/@sap/cds/lib/compile/to/sql.js:46:21) (STDERR, APP/TASK/deploy-to-postgresql)#
#2026 09 23 16:35:28.824#Z#DEBUG#89a811f3-b76c-11f1-a9d4-eeee0a93f2f4.hpbuysell-otc-salesorder-postgres-deployer#flowable-async-job-executor-thread-11931#
[PollExecuteTaskStatusExecution] 9409158a-3ef5-419f-b18e-c3263bd4e0f3 [2026-09-23T16:35:24.479546] at deploy.schema (/home/vcap/app/node_modules/@sap/cds/lib/dbs/cds-deploy.js:75:75) (STDERR, APP/TASK/deploy-to-postgresql)#
#2026 09 23 16:35:28.824#Z#DEBUG#89a811f3-b76c-11f1-a9d4-eeee0a93f2f4.hpbuysell-otc-salesorder-postgres-deployer#flowable-async-job-executor-thread-11931#
[PollExecuteTaskStatusExecution] 9409158a-3ef5-419f-b18e-c3263bd4e0f3 [2026-09-23T16:35:24.507673] npm notice (STDERR, APP/TASK/deploy-to-postgresql)#
#2026 09 23 16:35:28.824#Z#DEBUG#89a811f3-b76c-11f1-a9d4-eeee0a93f2f4.hpbuysell-otc-salesorder-postgres-deployer#flowable-async-job-executor-thread-11931#
[PollExecuteTaskStatusExecution] 9409158a-3ef5-419f-b18e-c3263bd4e0f3 [2026-09-23T16:35:24.507698] npm notice New major version of npm available! 10.9.8 -> 12.1.0 (STDERR, APP/TASK/deploy-to-postgresql)#
#2026 09 23 16:35:28.824#Z#DEBUG#89a811f3-b76c-11f1-a9d4-eeee0a93f2f4.hpbuysell-otc-salesorder-postgres-deployer#flowable-async-job-executor-thread-11931#
[PollExecuteTaskStatusExecution] 9409158a-3ef5-419f-b18e-c3263bd4e0f3 [2026-09-23T16:35:24.507706] npm notice Changelog: https://github.com/npm/cli/releases/tag/v12.1.0 (STDERR, APP/TASK/deploy-to-postgresql)#
#2026 09 23 16:35:28.824#Z#DEBUG#89a811f3-b76c-11f1-a9d4-eeee0a93f2f4.hpbuysell-otc-salesorder-postgres-deployer#flowable-async-job-executor-thread-11931#
[PollExecuteTaskStatusExecution] 9409158a-3ef5-419f-b18e-c3263bd4e0f3 [2026-09-23T16:35:24.507708] npm notice To update run: npm install -g npm@12.1.0 (STDERR, APP/TASK/deploy-to-postgresql)#
#2026 09 23 16:35:28.824#Z#DEBUG#89a811f3-b76c-11f1-a9d4-eeee0a93f2f4.hpbuysell-otc-salesorder-postgres-deployer#flowable-async-job-executor-thread-11931#
[PollExecuteTaskStatusExecution] 9409158a-3ef5-419f-b18e-c3263bd4e0f3 [2026-09-23T16:35:24.507709] npm notice (STDERR, APP/TASK/deploy-to-postgresql)#
#2026 09 23 16:35:28.824#Z#DEBUG#89a811f3-b76c-11f1-a9d4-eeee0a93f2f4.hpbuysell-otc-salesorder-postgres-deployer#flowable-async-job-executor-thread-11931#
[PollExecuteTaskStatusExecution] 9409158a-3ef5-419f-b18e-c3263bd4e0f3 [2026-09-23T16:35:24.562666] Exit status 1 (STDOUT, APP/TASK/deploy-to-postgresql)#
#2026 09 23 16:35:28.824#Z#DEBUG#89a811f3-b76c-11f1-a9d4-eeee0a93f2f4.hpbuysell-otc-salesorder-postgres-deployer#flowable-async-job-executor-thread-11931#
[PollExecuteTaskStatusExecution] 9409158a-3ef5-419f-b18e-c3263bd4e0f3 [2026-09-23T16:35:25.355669] Cell d6f6c137-ae8a-48d5-9574-17d171a99dc7 stopping instance 7117c9c4-7e6d-4717-8674-f2fbe6ad5125 (STDOUT, CELL)#
#2026 09 23 16:35:28.824#Z#DEBUG#89a811f3-b76c-11f1-a9d4-eeee0a93f2f4.hpbuysell-otc-salesorder-postgres-deployer#flowable-async-job-executor-thread-11931#
[PollExecuteTaskStatusExecution] 9409158a-3ef5-419f-b18e-c3263bd4e0f3 [2026-09-23T16:35:25.355749] Cell d6f6c137-ae8a-48d5-9574-17d171a99dc7 destroying container for instance 7117c9c4-7e6d-4717-8674-f2fbe6ad5125 (STDOUT, CELL)#
#2026 09 23 16:35:28.824#Z#DEBUG#89a811f3-b76c-11f1-a9d4-eeee0a93f2f4.hpbuysell-otc-salesorder-postgres-deployer#flowable-async-job-executor-thread-11931#
[PollExecuteTaskStatusExecution] 9409158a-3ef5-419f-b18e-c3263bd4e0f3 [2026-09-23T16:35:26.563261] Cell d6f6c137-ae8a-48d5-9574-17d171a99dc7 successfully destroyed container for instance 7117c9c4-7e6d-4717-8674-f2fbe6ad5125 (STDOUT, CELL)#
#2026 09 23 16:35:38.814#Z#DEBUG#89a811f3-b76c-11f1-a9d4-eeee0a93f2f4.hpbuysell-otc-salesorder-postgres-deployer#flowable-async-job-executor-thread-28290#
[PollExecuteTaskStatusExecution] 9409158a-3ef5-419f-b18e-c3263bd4e0f3 [2026-09-23T16:34:02.941131] Updated app with guid 9409158a-3ef5-419f-b18e-c3263bd4e0f3 ({"lifecycle"=>{"data"=>{"buildpacks"=>["nodejs_buildpack"]}, "type"=>"buildpack"}}) (STDOUT, API)#
#2026 09 23 16:35:38.814#Z#DEBUG#89a811f3-b76c-11f1-a9d4-eeee0a93f2f4.hpbuysell-otc-salesorder-postgres-deployer#flowable-async-job-executor-thread-28290#
[PollExecuteTaskStatusExecution] 9409158a-3ef5-419f-b18e-c3263bd4e0f3 [2026-09-23T16:34:03.062639] Updating process: "web" (STDOUT, API)#
#2026 09 23 16:35:38.814#Z#DEBUG#89a811f3-b76c-11f1-a9d4-eeee0a93f2f4.hpbuysell-otc-salesorder-postgres-deployer#flowable-async-job-executor-thread-28290#
[PollExecuteTaskStatusExecution] 9409158a-3ef5-419f-b18e-c3263bd4e0f3 [2026-09-23T16:34:38.924183] Uploading app package for app with guid 9409158a-3ef5-419f-b18e-c3263bd4e0f3 (STDOUT, API)#
#2026 09 23 16:35:38.814#Z#DEBUG#89a811f3-b76c-11f1-a9d4-eeee0a93f2f4.hpbuysell-otc-salesorder-postgres-deployer#flowable-async-job-executor-thread-28290#
[PollExecuteTaskStatusExecution] 9409158a-3ef5-419f-b18e-c3263bd4e0f3 [2026-09-23T16:34:39.117933] Updated app with guid 9409158a-3ef5-419f-b18e-c3263bd4e0f3 ({"environment_variables"=>"[PRIVATE DATA HIDDEN]"}) (STDOUT, API)#
#2026 09 23 16:35:38.814#Z#DEBUG#89a811f3-b76c-11f1-a9d4-eeee0a93f2f4.hpbuysell-otc-salesorder-postgres-deployer#flowable-async-job-executor-thread-28290#
[PollExecuteTaskStatusExecution] 9409158a-3ef5-419f-b18e-c3263bd4e0f3 [2026-09-23T16:34:48.894228] Creating build for app with guid 9409158a-3ef5-419f-b18e-c3263bd4e0f3 (STDOUT, API)#
#2026 09 23 16:35:38.814#Z#DEBUG#89a811f3-b76c-11f1-a9d4-eeee0a93f2f4.hpbuysell-otc-salesorder-postgres-deployer#flowable-async-job-executor-thread-28290#
[PollExecuteTaskStatusExecution] 9409158a-3ef5-419f-b18e-c3263bd4e0f3 [2026-09-23T16:34:49.282519] Downloading nodejs_buildpack... (STDOUT, STG)#
#2026 09 23 16:35:38.814#Z#DEBUG#89a811f3-b76c-11f1-a9d4-eeee0a93f2f4.hpbuysell-otc-salesorder-postgres-deployer#flowable-async-job-executor-thread-28290#
[PollExecuteTaskStatusExecution] 9409158a-3ef5-419f-b18e-c3263bd4e0f3 [2026-09-23T16:34:49.320916] Downloaded nodejs_buildpack (STDOUT, STG)#
#2026 09 23 16:35:38.814#Z#DEBUG#89a811f3-b76c-11f1-a9d4-eeee0a93f2f4.hpbuysell-otc-salesorder-postgres-deployer#flowable-async-job-executor-thread-28290#
[PollExecuteTaskStatusExecution] 9409158a-3ef5-419f-b18e-c3263bd4e0f3 [2026-09-23T16:34:49.320988] Cell e92d70ea-20bb-4bd3-b62a-3f8ab64af136 creating container for instance b2d19168-9a0b-4d05-9952-968a341bf132 (STDOUT, STG)#
#2026 09 23 16:35:38.814#Z#DEBUG#89a811f3-b76c-11f1-a9d4-eeee0a93f2f4.hpbuysell-otc-salesorder-postgres-deployer#flowable-async-job-executor-thread-28290#
[PollExecuteTaskStatusExecution] 9409158a-3ef5-419f-b18e-c3263bd4e0f3 [2026-09-23T16:34:49.646764] Security group rules were updated (STDOUT, STG)#
#2026 09 23 16:35:38.814#Z#DEBUG#89a811f3-b76c-11f1-a9d4-eeee0a93f2f4.hpbuysell-otc-salesorder-postgres-deployer#flowable-async-job-executor-thread-28290#
[PollExecuteTaskStatusExecution] 9409158a-3ef5-419f-b18e-c3263bd4e0f3 [2026-09-23T16:34:49.664369] Cell e92d70ea-20bb-4bd3-b62a-3f8ab64af136 successfully created container for instance b2d19168-9a0b-4d05-9952-968a341bf132 (STDOUT, STG)#
#2026 09 23 16:35:38.814#Z#DEBUG#89a811f3-b76c-11f1-a9d4-eeee0a93f2f4.hpbuysell-otc-salesorder-postgres-deployer#flowable-async-job-executor-thread-28290#
[PollExecuteTaskStatusExecution] 9409158a-3ef5-419f-b18e-c3263bd4e0f3 [2026-09-23T16:34:50.268211] Downloading build artifacts cache... (STDOUT, STG)#
#2026 09 23 16:35:38.814#Z#DEBUG#89a811f3-b76c-11f1-a9d4-eeee0a93f2f4.hpbuysell-otc-salesorder-postgres-deployer#flowable-async-job-executor-thread-28290#
[PollExecuteTaskStatusExecution] 9409158a-3ef5-419f-b18e-c3263bd4e0f3 [2026-09-23T16:34:50.268333] Downloading app package... (STDOUT, STG)#
#2026 09 23 16:35:38.814#Z#DEBUG#89a811f3-b76c-11f1-a9d4-eeee0a93f2f4.hpbuysell-otc-salesorder-postgres-deployer#flowable-async-job-executor-thread-28290#
[PollExecuteTaskStatusExecution] 9409158a-3ef5-419f-b18e-c3263bd4e0f3 [2026-09-23T16:34:50.349223] Downloaded build artifacts cache (215B) (STDOUT, STG)#
#2026 09 23 16:35:38.814#Z#DEBUG#89a811f3-b76c-11f1-a9d4-eeee0a93f2f4.hpbuysell-otc-salesorder-postgres-deployer#flowable-async-job-executor-thread-28290#
[PollExecuteTaskStatusExecution] 9409158a-3ef5-419f-b18e-c3263bd4e0f3 [2026-09-23T16:34:50.583017] Downloaded app package (3.1M) (STDOUT, STG)#
#2026 09 23 16:35:38.814#Z#DEBUG#89a811f3-b76c-11f1-a9d4-eeee0a93f2f4.hpbuysell-otc-salesorder-postgres-deployer#flowable-async-job-executor-thread-28290#
[PollExecuteTaskStatusExecution] 9409158a-3ef5-419f-b18e-c3263bd4e0f3 [2026-09-23T16:34:50.651127] -----> Nodejs Buildpack version 1.9.4 (STDOUT, STG)#
#2026 09 23 16:35:38.814#Z#DEBUG#89a811f3-b76c-11f1-a9d4-eeee0a93f2f4.hpbuysell-otc-salesorder-postgres-deployer#flowable-async-job-executor-thread-28290#
[PollExecuteTaskStatusExecution] 9409158a-3ef5-419f-b18e-c3263bd4e0f3 [2026-09-23T16:34:50.766428] -----> Bootstrapping python (STDOUT, STG)#
#2026 09 23 16:35:38.814#Z#DEBUG#89a811f3-b76c-11f1-a9d4-eeee0a93f2f4.hpbuysell-otc-salesorder-postgres-deployer#flowable-async-job-executor-thread-28290#
[PollExecuteTaskStatusExecution] 9409158a-3ef5-419f-b18e-c3263bd4e0f3 [2026-09-23T16:34:50.766450] -----> Installing python 3.13.15 (STDOUT, STG)#
#2026 09 23 16:35:38.814#Z#DEBUG#89a811f3-b76c-11f1-a9d4-eeee0a93f2f4.hpbuysell-otc-salesorder-postgres-deployer#flowable-async-job-executor-thread-28290#
[PollExecuteTaskStatusExecution] 9409158a-3ef5-419f-b18e-c3263bd4e0f3 [2026-09-23T16:34:50.766488] Copy [/tmp/buildpacks/a5982ae3653c0c93/dependencies/6832464ec708e1392d482a6034aa2c94/python_3.13.15_linux_x64_cflinuxfs4_0c9cd9fd.tgz] (STDOUT, STG)#
#2026 09 23 16:35:38.814#Z#DEBUG#89a811f3-b76c-11f1-a9d4-eeee0a93f2f4.hpbuysell-otc-salesorder-postgres-deployer#flowable-async-job-executor-thread-28290#
[PollExecuteTaskStatusExecution] 9409158a-3ef5-419f-b18e-c3263bd4e0f3 [2026-09-23T16:34:54.032600] -----> Installing binaries (STDOUT, STG)#
#2026 09 23 16:35:38.814#Z#DEBUG#89a811f3-b76c-11f1-a9d4-eeee0a93f2f4.hpbuysell-otc-salesorder-postgres-deployer#flowable-async-job-executor-thread-28290#
[PollExecuteTaskStatusExecution] 9409158a-3ef5-419f-b18e-c3263bd4e0f3 [2026-09-23T16:34:54.032627] engines.node (package.json): unspecified (STDOUT, STG)#
#2026 09 23 16:35:38.814#Z#DEBUG#89a811f3-b76c-11f1-a9d4-eeee0a93f2f4.hpbuysell-otc-salesorder-postgres-deployer#flowable-async-job-executor-thread-28290#
[PollExecuteTaskStatusExecution] 9409158a-3ef5-419f-b18e-c3263bd4e0f3 [2026-09-23T16:34:54.032631] engines.npm (package.json): unspecified (use default) (STDOUT, STG)#
#2026 09 23 16:35:38.814#Z#DEBUG#89a811f3-b76c-11f1-a9d4-eeee0a93f2f4.hpbuysell-otc-salesorder-postgres-deployer#flowable-async-job-executor-thread-28290#
[PollExecuteTaskStatusExecution] 9409158a-3ef5-419f-b18e-c3263bd4e0f3 [2026-09-23T16:34:54.032634] [31;1m**WARNING**[0m Node version not specified in package.json or .nvmrc. See: http://docs.cloudfoundry.org/buildpacks/node/node-tips.html (STDOUT, STG)#
#2026 09 23 16:35:38.814#Z#DEBUG#89a811f3-b76c-11f1-a9d4-eeee0a93f2f4.hpbuysell-otc-salesorder-postgres-deployer#flowable-async-job-executor-thread-28290#
[PollExecuteTaskStatusExecution] 9409158a-3ef5-419f-b18e-c3263bd4e0f3 [2026-09-23T16:34:54.032662] -----> Installing node 22.23.2 (STDOUT, STG)#
#2026 09 23 16:35:38.814#Z#DEBUG#89a811f3-b76c-11f1-a9d4-eeee0a93f2f4.hpbuysell-otc-salesorder-postgres-deployer#flowable-async-job-executor-thread-28290#
[PollExecuteTaskStatusExecution] 9409158a-3ef5-419f-b18e-c3263bd4e0f3 [2026-09-23T16:34:54.032785] Copy [/tmp/buildpacks/a5982ae3653c0c93/dependencies/d69f9b8550b7904ed82cbc204ef0d72d/node_22.23.2_linux_x64_cflinuxfs4_8bfe78a5.tgz] (STDOUT, STG)#
#2026 09 23 16:35:38.814#Z#DEBUG#89a811f3-b76c-11f1-a9d4-eeee0a93f2f4.hpbuysell-otc-salesorder-postgres-deployer#flowable-async-job-executor-thread-28290#
[PollExecuteTaskStatusExecution] 9409158a-3ef5-419f-b18e-c3263bd4e0f3 [2026-09-23T16:34:55.892303] Using default npm version: 10.9.8 (STDOUT, STG)#
#2026 09 23 16:35:38.814#Z#DEBUG#89a811f3-b76c-11f1-a9d4-eeee0a93f2f4.hpbuysell-otc-salesorder-postgres-deployer#flowable-async-job-executor-thread-28290#
[PollExecuteTaskStatusExecution] 9409158a-3ef5-419f-b18e-c3263bd4e0f3 [2026-09-23T16:34:55.892329] -----> Installing yarn 1.22.22 (STDOUT, STG)#
#2026 09 23 16:35:38.814#Z#DEBUG#89a811f3-b76c-11f1-a9d4-eeee0a93f2f4.hpbuysell-otc-salesorder-postgres-deployer#flowable-async-job-executor-thread-28290#
[PollExecuteTaskStatusExecution] 9409158a-3ef5-419f-b18e-c3263bd4e0f3 [2026-09-23T16:34:55.892347] Copy [/tmp/buildpacks/a5982ae3653c0c93/dependencies/e4fe26756e9984a665478d350474fa2e/yarn_1.22.22_linux_noarch_any-stack_b6132b86.tgz] (STDOUT, STG)#
#2026 09 23 16:35:38.814#Z#DEBUG#89a811f3-b76c-11f1-a9d4-eeee0a93f2f4.hpbuysell-otc-salesorder-postgres-deployer#flowable-async-job-executor-thread-28290#
[PollExecuteTaskStatusExecution] 9409158a-3ef5-419f-b18e-c3263bd4e0f3 [2026-09-23T16:34:56.147494] Installed yarn 1.22.22 (STDOUT, STG)#
#2026 09 23 16:35:38.814#Z#DEBUG#89a811f3-b76c-11f1-a9d4-eeee0a93f2f4.hpbuysell-otc-salesorder-postgres-deployer#flowable-async-job-executor-thread-28290#
[PollExecuteTaskStatusExecution] 9409158a-3ef5-419f-b18e-c3263bd4e0f3 [2026-09-23T16:34:56.147527] -----> Creating runtime environment (STDOUT, STG)#
#2026 09 23 16:35:38.814#Z#DEBUG#89a811f3-b76c-11f1-a9d4-eeee0a93f2f4.hpbuysell-otc-salesorder-postgres-deployer#flowable-async-job-executor-thread-28290#
[PollExecuteTaskStatusExecution] 9409158a-3ef5-419f-b18e-c3263bd4e0f3 [2026-09-23T16:34:56.149201] NODE_ENV=production (STDOUT, STG)#
#2026 09 23 16:35:38.814#Z#DEBUG#89a811f3-b76c-11f1-a9d4-eeee0a93f2f4.hpbuysell-otc-salesorder-postgres-deployer#flowable-async-job-executor-thread-28290#
[PollExecuteTaskStatusExecution] 9409158a-3ef5-419f-b18e-c3263bd4e0f3 [2026-09-23T16:34:56.149215] NODE_HOME=/tmp/contents2561168110/deps/0/node (STDOUT, STG)#
#2026 09 23 16:35:38.814#Z#DEBUG#89a811f3-b76c-11f1-a9d4-eeee0a93f2f4.hpbuysell-otc-salesorder-postgres-deployer#flowable-async-job-executor-thread-28290#
[PollExecuteTaskStatusExecution] 9409158a-3ef5-419f-b18e-c3263bd4e0f3 [2026-09-23T16:34:56.149218] NODE_MODULES_CACHE=true (STDOUT, STG)#
#2026 09 23 16:35:38.814#Z#DEBUG#89a811f3-b76c-11f1-a9d4-eeee0a93f2f4.hpbuysell-otc-salesorder-postgres-deployer#flowable-async-job-executor-thread-28290#
[PollExecuteTaskStatusExecution] 9409158a-3ef5-419f-b18e-c3263bd4e0f3 [2026-09-23T16:34:56.149220] NODE_VERBOSE=false (STDOUT, STG)#
#2026 09 23 16:35:38.814#Z#DEBUG#89a811f3-b76c-11f1-a9d4-eeee0a93f2f4.hpbuysell-otc-salesorder-postgres-deployer#flowable-async-job-executor-thread-28290#
[PollExecuteTaskStatusExecution] 9409158a-3ef5-419f-b18e-c3263bd4e0f3 [2026-09-23T16:34:56.149221] NPM_CONFIG_LOGLEVEL=error (STDOUT, STG)#
#2026 09 23 16:35:38.814#Z#DEBUG#89a811f3-b76c-11f1-a9d4-eeee0a93f2f4.hpbuysell-otc-salesorder-postgres-deployer#flowable-async-job-executor-thread-28290#
[PollExecuteTaskStatusExecution] 9409158a-3ef5-419f-b18e-c3263bd4e0f3 [2026-09-23T16:34:56.149224] NPM_CONFIG_PRODUCTION=true (STDOUT, STG)#
#2026 09 23 16:35:38.814#Z#DEBUG#89a811f3-b76c-11f1-a9d4-eeee0a93f2f4.hpbuysell-otc-salesorder-postgres-deployer#flowable-async-job-executor-thread-28290#
[PollExecuteTaskStatusExecution] 9409158a-3ef5-419f-b18e-c3263bd4e0f3 [2026-09-23T16:34:56.149225] -----> Building dependencies (STDOUT, STG)#
#2026 09 23 16:35:38.814#Z#DEBUG#89a811f3-b76c-11f1-a9d4-eeee0a93f2f4.hpbuysell-otc-salesorder-postgres-deployer#flowable-async-job-executor-thread-28290#
[PollExecuteTaskStatusExecution] 9409158a-3ef5-419f-b18e-c3263bd4e0f3 [2026-09-23T16:34:56.149228] Prebuild detected (node_modules already exists) (STDOUT, STG)#
#2026 09 23 16:35:38.814#Z#DEBUG#89a811f3-b76c-11f1-a9d4-eeee0a93f2f4.hpbuysell-otc-salesorder-postgres-deployer#flowable-async-job-executor-thread-28290#
[PollExecuteTaskStatusExecution] 9409158a-3ef5-419f-b18e-c3263bd4e0f3 [2026-09-23T16:34:56.149316] Rebuilding any native modules (STDOUT, STG)#
#2026 09 23 16:35:38.814#Z#DEBUG#89a811f3-b76c-11f1-a9d4-eeee0a93f2f4.hpbuysell-otc-salesorder-postgres-deployer#flowable-async-job-executor-thread-28290#
[PollExecuteTaskStatusExecution] 9409158a-3ef5-419f-b18e-c3263bd4e0f3 [2026-09-23T16:34:56.664749] rebuilt dependencies successfully (STDOUT, STG)#
#2026 09 23 16:35:38.814#Z#DEBUG#89a811f3-b76c-11f1-a9d4-eeee0a93f2f4.hpbuysell-otc-salesorder-postgres-deployer#flowable-async-job-executor-thread-28290#
[PollExecuteTaskStatusExecution] 9409158a-3ef5-419f-b18e-c3263bd4e0f3 [2026-09-23T16:34:56.665630] npm notice (STDOUT, STG)#
#2026 09 23 16:35:38.814#Z#DEBUG#89a811f3-b76c-11f1-a9d4-eeee0a93f2f4.hpbuysell-otc-salesorder-postgres-deployer#flowable-async-job-executor-thread-28290#
[PollExecuteTaskStatusExecution] 9409158a-3ef5-419f-b18e-c3263bd4e0f3 [2026-09-23T16:34:56.665644] npm notice New major version of npm available! 10.9.8 -> 12.1.0 (STDOUT, STG)#
#2026 09 23 16:35:38.814#Z#DEBUG#89a811f3-b76c-11f1-a9d4-eeee0a93f2f4.hpbuysell-otc-salesorder-postgres-deployer#flowable-async-job-executor-thread-28290#
[PollExecuteTaskStatusExecution] 9409158a-3ef5-419f-b18e-c3263bd4e0f3 [2026-09-23T16:34:56.665648] npm notice Changelog: https://github.com/npm/cli/releases/tag/v12.1.0 (STDOUT, STG)#
#2026 09 23 16:35:38.814#Z#DEBUG#89a811f3-b76c-11f1-a9d4-eeee0a93f2f4.hpbuysell-otc-salesorder-postgres-deployer#flowable-async-job-executor-thread-28290#
[PollExecuteTaskStatusExecution] 9409158a-3ef5-419f-b18e-c3263bd4e0f3 [2026-09-23T16:34:56.665650] npm notice To update run: npm install -g npm@12.1.0 (STDOUT, STG)#
#2026 09 23 16:35:38.814#Z#DEBUG#89a811f3-b76c-11f1-a9d4-eeee0a93f2f4.hpbuysell-otc-salesorder-postgres-deployer#flowable-async-job-executor-thread-28290#
[PollExecuteTaskStatusExecution] 9409158a-3ef5-419f-b18e-c3263bd4e0f3 [2026-09-23T16:34:56.665652] npm notice (STDOUT, STG)#
#2026 09 23 16:35:38.814#Z#DEBUG#89a811f3-b76c-11f1-a9d4-eeee0a93f2f4.hpbuysell-otc-salesorder-postgres-deployer#flowable-async-job-executor-thread-28290#
[PollExecuteTaskStatusExecution] 9409158a-3ef5-419f-b18e-c3263bd4e0f3 [2026-09-23T16:34:56.720884] Installing any new modules (package.json + package-lock.json) (STDOUT, STG)#
#2026 09 23 16:35:38.814#Z#DEBUG#89a811f3-b76c-11f1-a9d4-eeee0a93f2f4.hpbuysell-otc-salesorder-postgres-deployer#flowable-async-job-executor-thread-28290#
[PollExecuteTaskStatusExecution] 9409158a-3ef5-419f-b18e-c3263bd4e0f3 [2026-09-23T16:34:57.157879] up to date in 375ms (STDOUT, STG)#
#2026 09 23 16:35:38.814#Z#DEBUG#89a811f3-b76c-11f1-a9d4-eeee0a93f2f4.hpbuysell-otc-salesorder-postgres-deployer#flowable-async-job-executor-thread-28290#
[PollExecuteTaskStatusExecution] 9409158a-3ef5-419f-b18e-c3263bd4e0f3 [2026-09-23T16:34:57.157924] 30 packages are looking for funding (STDOUT, STG)#
#2026 09 23 16:35:38.814#Z#DEBUG#89a811f3-b76c-11f1-a9d4-eeee0a93f2f4.hpbuysell-otc-salesorder-postgres-deployer#flowable-async-job-executor-thread-28290#
[PollExecuteTaskStatusExecution] 9409158a-3ef5-419f-b18e-c3263bd4e0f3 [2026-09-23T16:34:57.157931] run `npm fund` for details (STDOUT, STG)#
#2026 09 23 16:35:38.814#Z#DEBUG#89a811f3-b76c-11f1-a9d4-eeee0a93f2f4.hpbuysell-otc-salesorder-postgres-deployer#flowable-async-job-executor-thread-28290#
[PollExecuteTaskStatusExecution] 9409158a-3ef5-419f-b18e-c3263bd4e0f3 [2026-09-23T16:34:57.932379] Contrast Security no credentials found. Will not write environment files. (STDOUT, STG)#
#2026 09 23 16:35:38.814#Z#DEBUG#89a811f3-b76c-11f1-a9d4-eeee0a93f2f4.hpbuysell-otc-salesorder-postgres-deployer#flowable-async-job-executor-thread-28290#
[PollExecuteTaskStatusExecution] 9409158a-3ef5-419f-b18e-c3263bd4e0f3 [2026-09-23T16:35:05.888464] Exit status 0 (STDOUT, STG)#
#2026 09 23 16:35:38.814#Z#DEBUG#89a811f3-b76c-11f1-a9d4-eeee0a93f2f4.hpbuysell-otc-salesorder-postgres-deployer#flowable-async-job-executor-thread-28290#
[PollExecuteTaskStatusExecution] 9409158a-3ef5-419f-b18e-c3263bd4e0f3 [2026-09-23T16:35:05.888535] Uploading droplet, build artifacts cache... (STDOUT, STG)#
#2026 09 23 16:35:38.814#Z#DEBUG#89a811f3-b76c-11f1-a9d4-eeee0a93f2f4.hpbuysell-otc-salesorder-postgres-deployer#flowable-async-job-executor-thread-28290#
[PollExecuteTaskStatusExecution] 9409158a-3ef5-419f-b18e-c3263bd4e0f3 [2026-09-23T16:35:05.888608] Uploading droplet... (STDOUT, STG)#
#2026 09 23 16:35:38.814#Z#DEBUG#89a811f3-b76c-11f1-a9d4-eeee0a93f2f4.hpbuysell-otc-salesorder-postgres-deployer#flowable-async-job-executor-thread-28290#
[PollExecuteTaskStatusExecution] 9409158a-3ef5-419f-b18e-c3263bd4e0f3 [2026-09-23T16:35:05.888623] Uploading build artifacts cache... (STDOUT, STG)#
#2026 09 23 16:35:38.814#Z#DEBUG#89a811f3-b76c-11f1-a9d4-eeee0a93f2f4.hpbuysell-otc-salesorder-postgres-deployer#flowable-async-job-executor-thread-28290#
[PollExecuteTaskStatusExecution] 9409158a-3ef5-419f-b18e-c3263bd4e0f3 [2026-09-23T16:35:05.905189] Uploaded build artifacts cache (224B) (STDOUT, STG)#
#2026 09 23 16:35:38.814#Z#DEBUG#89a811f3-b76c-11f1-a9d4-eeee0a93f2f4.hpbuysell-otc-salesorder-postgres-deployer#flowable-async-job-executor-thread-28290#
[PollExecuteTaskStatusExecution] 9409158a-3ef5-419f-b18e-c3263bd4e0f3 [2026-09-23T16:35:06.493229] Creating droplet for app with guid 9409158a-3ef5-419f-b18e-c3263bd4e0f3 (STDOUT, API)#
#2026 09 23 16:35:38.814#Z#DEBUG#89a811f3-b76c-11f1-a9d4-eeee0a93f2f4.hpbuysell-otc-salesorder-postgres-deployer#flowable-async-job-executor-thread-28290#
[PollExecuteTaskStatusExecution] 9409158a-3ef5-419f-b18e-c3263bd4e0f3 [2026-09-23T16:35:08.560959] Uploaded droplet (59.5M) (STDOUT, STG)#
#2026 09 23 16:35:38.814#Z#DEBUG#89a811f3-b76c-11f1-a9d4-eeee0a93f2f4.hpbuysell-otc-salesorder-postgres-deployer#flowable-async-job-executor-thread-28290#
[PollExecuteTaskStatusExecution] 9409158a-3ef5-419f-b18e-c3263bd4e0f3 [2026-09-23T16:35:08.578586] Uploading complete (STDOUT, STG)#
#2026 09 23 16:35:38.814#Z#DEBUG#89a811f3-b76c-11f1-a9d4-eeee0a93f2f4.hpbuysell-otc-salesorder-postgres-deployer#flowable-async-job-executor-thread-28290#
[PollExecuteTaskStatusExecution] 9409158a-3ef5-419f-b18e-c3263bd4e0f3 [2026-09-23T16:35:09.645640] Cell e92d70ea-20bb-4bd3-b62a-3f8ab64af136 stopping instance b2d19168-9a0b-4d05-9952-968a341bf132 (STDOUT, STG)#
#2026 09 23 16:35:38.814#Z#DEBUG#89a811f3-b76c-11f1-a9d4-eeee0a93f2f4.hpbuysell-otc-salesorder-postgres-deployer#flowable-async-job-executor-thread-28290#
[PollExecuteTaskStatusExecution] 9409158a-3ef5-419f-b18e-c3263bd4e0f3 [2026-09-23T16:35:09.645681] Cell e92d70ea-20bb-4bd3-b62a-3f8ab64af136 destroying container for instance b2d19168-9a0b-4d05-9952-968a341bf132 (STDOUT, STG)#
#2026 09 23 16:35:38.814#Z#DEBUG#89a811f3-b76c-11f1-a9d4-eeee0a93f2f4.hpbuysell-otc-salesorder-postgres-deployer#flowable-async-job-executor-thread-28290#
[PollExecuteTaskStatusExecution] 9409158a-3ef5-419f-b18e-c3263bd4e0f3 [2026-09-23T16:35:09.715185] Staging complete for build b2d19168-9a0b-4d05-9952-968a341bf132 (STDOUT, API)#
#2026 09 23 16:35:38.814#Z#DEBUG#89a811f3-b76c-11f1-a9d4-eeee0a93f2f4.hpbuysell-otc-salesorder-postgres-deployer#flowable-async-job-executor-thread-28290#
[PollExecuteTaskStatusExecution] 9409158a-3ef5-419f-b18e-c3263bd4e0f3 [2026-09-23T16:35:10.724758] Cell e92d70ea-20bb-4bd3-b62a-3f8ab64af136 successfully destroyed container for instance b2d19168-9a0b-4d05-9952-968a341bf132 (STDOUT, STG)#
#2026 09 23 16:35:38.814#Z#DEBUG#89a811f3-b76c-11f1-a9d4-eeee0a93f2f4.hpbuysell-otc-salesorder-postgres-deployer#flowable-async-job-executor-thread-28290#
[PollExecuteTaskStatusExecution] 9409158a-3ef5-419f-b18e-c3263bd4e0f3 [2026-09-23T16:35:18.860660] Updated app with guid 9409158a-3ef5-419f-b18e-c3263bd4e0f3 ({:droplet_guid=>"39b6d6c9-6a15-4ee4-b80c-92595392842d"}) (STDOUT, API)#
#2026 09 23 16:35:38.814#Z#DEBUG#89a811f3-b76c-11f1-a9d4-eeee0a93f2f4.hpbuysell-otc-salesorder-postgres-deployer#flowable-async-job-executor-thread-28290#
[PollExecuteTaskStatusExecution] 9409158a-3ef5-419f-b18e-c3263bd4e0f3 [2026-09-23T16:35:19.335987] Cell d6f6c137-ae8a-48d5-9574-17d171a99dc7 creating container for instance 7117c9c4-7e6d-4717-8674-f2fbe6ad5125 (STDOUT, CELL)#
#2026 09 23 16:35:38.814#Z#DEBUG#89a811f3-b76c-11f1-a9d4-eeee0a93f2f4.hpbuysell-otc-salesorder-postgres-deployer#flowable-async-job-executor-thread-28290#
[PollExecuteTaskStatusExecution] 9409158a-3ef5-419f-b18e-c3263bd4e0f3 [2026-09-23T16:35:19.697593] Security group rules were updated (STDOUT, CELL)#
#2026 09 23 16:35:38.814#Z#DEBUG#89a811f3-b76c-11f1-a9d4-eeee0a93f2f4.hpbuysell-otc-salesorder-postgres-deployer#flowable-async-job-executor-thread-28290#
[PollExecuteTaskStatusExecution] 9409158a-3ef5-419f-b18e-c3263bd4e0f3 [2026-09-23T16:35:19.720968] Cell d6f6c137-ae8a-48d5-9574-17d171a99dc7 successfully created container for instance 7117c9c4-7e6d-4717-8674-f2fbe6ad5125 (STDOUT, CELL)#
#2026 09 23 16:35:38.814#Z#DEBUG#89a811f3-b76c-11f1-a9d4-eeee0a93f2f4.hpbuysell-otc-salesorder-postgres-deployer#flowable-async-job-executor-thread-28290#
[PollExecuteTaskStatusExecution] 9409158a-3ef5-419f-b18e-c3263bd4e0f3 [2026-09-23T16:35:23.016193] Invoking pre-start scripts. (STDOUT, APP/TASK/deploy-to-postgresql)#
#2026 09 23 16:35:38.814#Z#DEBUG#89a811f3-b76c-11f1-a9d4-eeee0a93f2f4.hpbuysell-otc-salesorder-postgres-deployer#flowable-async-job-executor-thread-28290#
[PollExecuteTaskStatusExecution] 9409158a-3ef5-419f-b18e-c3263bd4e0f3 [2026-09-23T16:35:23.167381] Invoking start command. (STDOUT, APP/TASK/deploy-to-postgresql)#
#2026 09 23 16:35:38.814#Z#DEBUG#89a811f3-b76c-11f1-a9d4-eeee0a93f2f4.hpbuysell-otc-salesorder-postgres-deployer#flowable-async-job-executor-thread-28290#
[PollExecuteTaskStatusExecution] 9409158a-3ef5-419f-b18e-c3263bd4e0f3 [2026-09-23T16:35:23.476874] > start (STDOUT, APP/TASK/deploy-to-postgresql)#
#2026 09 23 16:35:38.814#Z#DEBUG#89a811f3-b76c-11f1-a9d4-eeee0a93f2f4.hpbuysell-otc-salesorder-postgres-deployer#flowable-async-job-executor-thread-28290#
[PollExecuteTaskStatusExecution] 9409158a-3ef5-419f-b18e-c3263bd4e0f3 [2026-09-23T16:35:23.476896] > cds-deploy (STDOUT, APP/TASK/deploy-to-postgresql)#
#2026 09 23 16:35:38.814#Z#DEBUG#89a811f3-b76c-11f1-a9d4-eeee0a93f2f4.hpbuysell-otc-salesorder-postgres-deployer#flowable-async-job-executor-thread-28290#
[PollExecuteTaskStatusExecution] 9409158a-3ef5-419f-b18e-c3263bd4e0f3 [2026-09-23T16:35:23.535947] Deploying with options: { (STDOUT, APP/TASK/deploy-to-postgresql)#
#2026 09 23 16:35:38.814#Z#DEBUG#89a811f3-b76c-11f1-a9d4-eeee0a93f2f4.hpbuysell-otc-salesorder-postgres-deployer#flowable-async-job-executor-thread-28290#
[PollExecuteTaskStatusExecution] 9409158a-3ef5-419f-b18e-c3263bd4e0f3 [2026-09-23T16:35:23.535965] impl: '@cap-js/postgres', (STDOUT, APP/TASK/deploy-to-postgresql)#
#2026 09 23 16:35:38.814#Z#DEBUG#89a811f3-b76c-11f1-a9d4-eeee0a93f2f4.hpbuysell-otc-salesorder-postgres-deployer#flowable-async-job-executor-thread-28290#
[PollExecuteTaskStatusExecution] 9409158a-3ef5-419f-b18e-c3263bd4e0f3 [2026-09-23T16:35:23.535968] kind: 'postgres', (STDOUT, APP/TASK/deploy-to-postgresql)#
#2026 09 23 16:35:38.814#Z#DEBUG#89a811f3-b76c-11f1-a9d4-eeee0a93f2f4.hpbuysell-otc-salesorder-postgres-deployer#flowable-async-job-executor-thread-28290#
[PollExecuteTaskStatusExecution] 9409158a-3ef5-419f-b18e-c3263bd4e0f3 [2026-09-23T16:35:23.535971] dialect: 'postgres', (STDOUT, APP/TASK/deploy-to-postgresql)#
#2026 09 23 16:35:38.814#Z#DEBUG#89a811f3-b76c-11f1-a9d4-eeee0a93f2f4.hpbuysell-otc-salesorder-postgres-deployer#flowable-async-job-executor-thread-28290#
[PollExecuteTaskStatusExecution] 9409158a-3ef5-419f-b18e-c3263bd4e0f3 [2026-09-23T16:35:23.535974] vcap: { label: 'postgresql-db' }, (STDOUT, APP/TASK/deploy-to-postgresql)#
#2026 09 23 16:35:38.814#Z#DEBUG#89a811f3-b76c-11f1-a9d4-eeee0a93f2f4.hpbuysell-otc-salesorder-postgres-deployer#flowable-async-job-executor-thread-28290#
[PollExecuteTaskStatusExecution] 9409158a-3ef5-419f-b18e-c3263bd4e0f3 [2026-09-23T16:35:23.535977] pool: { (STDOUT, APP/TASK/deploy-to-postgresql)#
#2026 09 23 16:35:38.814#Z#DEBUG#89a811f3-b76c-11f1-a9d4-eeee0a93f2f4.hpbuysell-otc-salesorder-postgres-deployer#flowable-async-job-executor-thread-28290#
[PollExecuteTaskStatusExecution] 9409158a-3ef5-419f-b18e-c3263bd4e0f3 [2026-09-23T16:35:23.535979] min: 0, (STDOUT, APP/TASK/deploy-to-postgresql)#
#2026 09 23 16:35:38.814#Z#DEBUG#89a811f3-b76c-11f1-a9d4-eeee0a93f2f4.hpbuysell-otc-salesorder-postgres-deployer#flowable-async-job-executor-thread-28290#
[PollExecuteTaskStatusExecution] 9409158a-3ef5-419f-b18e-c3263bd4e0f3 [2026-09-23T16:35:23.535981] max: 10, (STDOUT, APP/TASK/deploy-to-postgresql)#
#2026 09 23 16:35:38.814#Z#DEBUG#89a811f3-b76c-11f1-a9d4-eeee0a93f2f4.hpbuysell-otc-salesorder-postgres-deployer#flowable-async-job-executor-thread-28290#
[PollExecuteTaskStatusExecution] 9409158a-3ef5-419f-b18e-c3263bd4e0f3 [2026-09-23T16:35:23.535983] testOnBorrow: true, (STDOUT, APP/TASK/deploy-to-postgresql)#
#2026 09 23 16:35:38.814#Z#DEBUG#89a811f3-b76c-11f1-a9d4-eeee0a93f2f4.hpbuysell-otc-salesorder-postgres-deployer#flowable-async-job-executor-thread-28290#
[PollExecuteTaskStatusExecution] 9409158a-3ef5-419f-b18e-c3263bd4e0f3 [2026-09-23T16:35:23.535987] acquireTimeoutMillis: 1000, (STDOUT, APP/TASK/deploy-to-postgresql)#
#2026 09 23 16:35:38.814#Z#DEBUG#89a811f3-b76c-11f1-a9d4-eeee0a93f2f4.hpbuysell-otc-salesorder-postgres-deployer#flowable-async-job-executor-thread-28290#
[PollExecuteTaskStatusExecution] 9409158a-3ef5-419f-b18e-c3263bd4e0f3 [2026-09-23T16:35:23.535988] destroyTimeoutMillis: 1000 (STDOUT, APP/TASK/deploy-to-postgresql)#
#2026 09 23 16:35:38.814#Z#DEBUG#89a811f3-b76c-11f1-a9d4-eeee0a93f2f4.hpbuysell-otc-salesorder-postgres-deployer#flowable-async-job-executor-thread-28290#
[PollExecuteTaskStatusExecution] 9409158a-3ef5-419f-b18e-c3263bd4e0f3 [2026-09-23T16:35:23.535993] }, (STDOUT, APP/TASK/deploy-to-postgresql)#
#2026 09 23 16:35:38.814#Z#DEBUG#89a811f3-b76c-11f1-a9d4-eeee0a93f2f4.hpbuysell-otc-salesorder-postgres-deployer#flowable-async-job-executor-thread-28290#
[PollExecuteTaskStatusExecution] 9409158a-3ef5-419f-b18e-c3263bd4e0f3 [2026-09-23T16:35:23.535995] schema_evolution: 'auto', (STDOUT, APP/TASK/deploy-to-postgresql)#
#2026 09 23 16:35:38.814#Z#DEBUG#89a811f3-b76c-11f1-a9d4-eeee0a93f2f4.hpbuysell-otc-salesorder-postgres-deployer#flowable-async-job-executor-thread-28290#
[PollExecuteTaskStatusExecution] 9409158a-3ef5-419f-b18e-c3263bd4e0f3 [2026-09-23T16:35:23.535996] credentials: { (STDOUT, APP/TASK/deploy-to-postgresql)#
#2026 09 23 16:35:38.814#Z#DEBUG#89a811f3-b76c-11f1-a9d4-eeee0a93f2f4.hpbuysell-otc-salesorder-postgres-deployer#flowable-async-job-executor-thread-28290#
[PollExecuteTaskStatusExecution] 9409158a-3ef5-419f-b18e-c3263bd4e0f3 [2026-09-23T16:35:23.535998] database: 'db.sqlite', (STDOUT, APP/TASK/deploy-to-postgresql)#
#2026 09 23 16:35:38.814#Z#DEBUG#89a811f3-b76c-11f1-a9d4-eeee0a93f2f4.hpbuysell-otc-salesorder-postgres-deployer#flowable-async-job-executor-thread-28290#
[PollExecuteTaskStatusExecution] 9409158a-3ef5-419f-b18e-c3263bd4e0f3 [2026-09-23T16:35:23.536] schema: 'hpbuysell_otc_salesorder', (STDOUT, APP/TASK/deploy-to-postgresql)#
#2026 09 23 16:35:38.814#Z#DEBUG#89a811f3-b76c-11f1-a9d4-eeee0a93f2f4.hpbuysell-otc-salesorder-postgres-deployer#flowable-async-job-executor-thread-28290#
[PollExecuteTaskStatusExecution] 9409158a-3ef5-419f-b18e-c3263bd4e0f3 [2026-09-23T16:35:23.536004] hostname: 'postgres-63a33c28-9d9e-4453-821a-000f0ee4a75c.c24srvdukvjo.us-east-1.rds.amazonaws.com', (STDOUT, APP/TASK/deploy-to-postgresql)#
#2026 09 23 16:35:38.814#Z#DEBUG#89a811f3-b76c-11f1-a9d4-eeee0a93f2f4.hpbuysell-otc-salesorder-postgres-deployer#flowable-async-job-executor-thread-28290#
[PollExecuteTaskStatusExecution] 9409158a-3ef5-419f-b18e-c3263bd4e0f3 [2026-09-23T16:35:23.536006] port: '7565', (STDOUT, APP/TASK/deploy-to-postgresql)#
#2026 09 23 16:35:38.814#Z#DEBUG#89a811f3-b76c-11f1-a9d4-eeee0a93f2f4.hpbuysell-otc-salesorder-postgres-deployer#flowable-async-job-executor-thread-28290#
[PollExecuteTaskStatusExecution] 9409158a-3ef5-419f-b18e-c3263bd4e0f3 [2026-09-23T16:35:23.536008] username: 'e4d51886f3dc', (STDOUT, APP/TASK/deploy-to-postgresql)#
#2026 09 23 16:35:38.814#Z#DEBUG#89a811f3-b76c-11f1-a9d4-eeee0a93f2f4.hpbuysell-otc-salesorder-postgres-deployer#flowable-async-job-executor-thread-28290#
[PollExecuteTaskStatusExecution] 9409158a-3ef5-419f-b18e-c3263bd4e0f3 [2026-09-23T16:35:23.536012] password: 'daacb78fca6ef102b1397708', (STDOUT, APP/TASK/deploy-to-postgresql)#
#2026 09 23 16:35:38.814#Z#DEBUG#89a811f3-b76c-11f1-a9d4-eeee0a93f2f4.hpbuysell-otc-salesorder-postgres-deployer#flowable-async-job-executor-thread-28290#
[PollExecuteTaskStatusExecution] 9409158a-3ef5-419f-b18e-c3263bd4e0f3 [2026-09-23T16:35:23.536014] dbname: 'BQiFxAUMVHcr', (STDOUT, APP/TASK/deploy-to-postgresql)#
#2026 09 23 16:35:38.814#Z#DEBUG#89a811f3-b76c-11f1-a9d4-eeee0a93f2f4.hpbuysell-otc-salesorder-postgres-deployer#flowable-async-job-executor-thread-28290#
[PollExecuteTaskStatusExecution] 9409158a-3ef5-419f-b18e-c3263bd4e0f3 [2026-09-23T16:35:23.536016] sslcert: '-----BEGIN CERTIFICATE-----\n' + (STDOUT, APP/TASK/deploy-to-postgresql)#
#2026 09 23 16:35:38.814#Z#DEBUG#89a811f3-b76c-11f1-a9d4-eeee0a93f2f4.hpbuysell-otc-salesorder-postgres-deployer#flowable-async-job-executor-thread-28290#
[PollExecuteTaskStatusExecution] 9409158a-3ef5-419f-b18e-c3263bd4e0f3 [2026-09-23T16:35:23.536018] 'MIID/zCCAuegAwIBAgIRAPVSMfFitmM5PhmbaOFoGfUwDQYJKoZIhvcNAQELBQAw\n' + (STDOUT, APP/TASK/deploy-to-postgresql)#
#2026 09 23 16:35:38.814#Z#DEBUG#89a811f3-b76c-11f1-a9d4-eeee0a93f2f4.hpbuysell-otc-salesorder-postgres-deployer#flowable-async-job-executor-thread-28290#
[PollExecuteTaskStatusExecution] 9409158a-3ef5-419f-b18e-c3263bd4e0f3 [2026-09-23T16:35:23.536022] 'gZcxCzAJBgNVBAYTAlVTMSIwIAYDVQQKDBlBbWF6b24gV2ViIFNlcnZpY2VzLCBJ\n' + (STDOUT, APP/TASK/deploy-to-postgresql)#
#2026 09 23 16:35:38.814#Z#DEBUG#89a811f3-b76c-11f1-a9d4-eeee0a93f2f4.hpbuysell-otc-salesorder-postgres-deployer#flowable-async-job-executor-thread-28290#
[PollExecuteTaskStatusExecution] 9409158a-3ef5-419f-b18e-c3263bd4e0f3 [2026-09-23T16:35:23.536023] 'bmMuMRMwEQYDVQQLDApBbWF6b24gUkRTMQswCQYDVQQIDAJXQTEwMC4GA1UEAwwn\n' + (STDOUT, APP/TASK/deploy-to-postgresql)#
#2026 09 23 16:35:38.814#Z#DEBUG#89a811f3-b76c-11f1-a9d4-eeee0a93f2f4.hpbuysell-otc-salesorder-postgres-deployer#flowable-async-job-executor-thread-28290#
[PollExecuteTaskStatusExecution] 9409158a-3ef5-419f-b18e-c3263bd4e0f3 [2026-09-23T16:35:23.536025] 'QW1hem9uIFJEUyB1cy1lYXN0LTEgUm9vdCBDQSBSU0EyMDQ4IEcxMRAwDgYDVQQH\n' + (STDOUT, APP/TASK/deploy-to-postgresql)#
#2026 09 23 16:35:38.814#Z#DEBUG#89a811f3-b76c-11f1-a9d4-eeee0a93f2f4.hpbuysell-otc-salesorder-postgres-deployer#flowable-async-job-executor-thread-28290#
[PollExecuteTaskStatusExecution] 9409158a-3ef5-419f-b18e-c3263bd4e0f3 [2026-09-23T16:35:23.536027] 'DAdTZWF0dGxlMCAXDTIxMDUyNTIyMzQ1N1oYDzIwNjEwNTI1MjMzNDU3WjCBlzEL\n' + (STDOUT, APP/TASK/deploy-to-postgresql)#
#2026 09 23 16:35:38.814#Z#DEBUG#89a811f3-b76c-11f1-a9d4-eeee0a93f2f4.hpbuysell-otc-salesorder-postgres-deployer#flowable-async-job-executor-thread-28290#
[PollExecuteTaskStatusExecution] 9409158a-3ef5-419f-b18e-c3263bd4e0f3 [2026-09-23T16:35:23.536029] 'MAkGA1UEBhMCVVMxIjAgBgNVBAoMGUFtYXpvbiBXZWIgU2VydmljZXMsIEluYy4x\n' + (STDOUT, APP/TASK/deploy-to-postgresql)#
#2026 09 23 16:35:38.814#Z#DEBUG#89a811f3-b76c-11f1-a9d4-eeee0a93f2f4.hpbuysell-otc-salesorder-postgres-deployer#flowable-async-job-executor-thread-28290#
[PollExecuteTaskStatusExecution] 9409158a-3ef5-419f-b18e-c3263bd4e0f3 [2026-09-23T16:35:23.536030] 'EzARBgNVBAsMCkFtYXpvbiBSRFMxCzAJBgNVBAgMAldBMTAwLgYDVQQDDCdBbWF6\n' + (STDOUT, APP/TASK/deploy-to-postgresql)#
#2026 09 23 16:35:38.814#Z#DEBUG#89a811f3-b76c-11f1-a9d4-eeee0a93f2f4.hpbuysell-otc-salesorder-postgres-deployer#flowable-async-job-executor-thread-28290#
[PollExecuteTaskStatusExecution] 9409158a-3ef5-419f-b18e-c3263bd4e0f3 [2026-09-23T16:35:23.536032] 'b24gUkRTIHVzLWVhc3QtMSBSb290IENBIFJTQTIwNDggRzExEDAOBgNVBAcMB1Nl\n' + (STDOUT, APP/TASK/deploy-to-postgresql)#
#2026 09 23 16:35:38.814#Z#DEBUG#89a811f3-b76c-11f1-a9d4-eeee0a93f2f4.hpbuysell-otc-salesorder-postgres-deployer#flowable-async-job-executor-thread-28290#
[PollExecuteTaskStatusExecution] 9409158a-3ef5-419f-b18e-c3263bd4e0f3 [2026-09-23T16:35:23.536034] 'YXR0bGUwggEiMA0GCSqGSIb3DQEBAQUAA4IBDwAwggEKAoIBAQDu9H7TBeGoDzMr\n' + (STDOUT, APP/TASK/deploy-to-postgresql)#
#2026 09 23 16:35:38.814#Z#DEBUG#89a811f3-b76c-11f1-a9d4-eeee0a93f2f4.hpbuysell-otc-salesorder-postgres-deployer#flowable-async-job-executor-thread-28290#
[PollExecuteTaskStatusExecution] 9409158a-3ef5-419f-b18e-c3263bd4e0f3 [2026-09-23T16:35:23.536036] 'dxN6H8COntJX4IR6dbyhnj5qMD4xl/IWvp50lt0VpmMd+z2PNZzx8RazeGC5IniV\n' + (STDOUT, APP/TASK/deploy-to-postgresql)#
#2026 09 23 16:35:38.814#Z#DEBUG#89a811f3-b76c-11f1-a9d4-eeee0a93f2f4.hpbuysell-otc-salesorder-postgres-deployer#flowable-async-job-executor-thread-28290#
[PollExecuteTaskStatusExecution] 9409158a-3ef5-419f-b18e-c3263bd4e0f3 [2026-09-23T16:35:23.536037] '5nrLg0AKWRQ2A/lGGXbUrGXCSe09brMQCxWBSIYe1WZZ1iU1IJ/6Bp4D2YEHpXrW\n' + (STDOUT, APP/TASK/deploy-to-postgresql)#
#2026 09 23 16:35:38.814#Z#DEBUG#89a811f3-b76c-11f1-a9d4-eeee0a93f2f4.hpbuysell-otc-salesorder-postgres-deployer#flowable-async-job-executor-thread-28290#
[PollExecuteTaskStatusExecution] 9409158a-3ef5-419f-b18e-c3263bd4e0f3 [2026-09-23T16:35:23.536051] 'bPkOq5x3YPcsoitgm1Xh8ygz6vb7PsvJvPbvRMnkDg5IqEThapPjmKb8ZJWyEFEE\n' + (STDOUT, APP/TASK/deploy-to-postgresql)#
#2026 09 23 16:35:38.814#Z#DEBUG#89a811f3-b76c-11f1-a9d4-eeee0a93f2f4.hpbuysell-otc-salesorder-postgres-deployer#flowable-async-job-executor-thread-28290#
[PollExecuteTaskStatusExecution] 9409158a-3ef5-419f-b18e-c3263bd4e0f3 [2026-09-23T16:35:23.536053] 'QRrkCIRueB1EqQtJw0fvP4PKDlCJAKBEs/y049FoOqYpT3pRy0WKqPhWve+hScMd\n' + (STDOUT, APP/TASK/deploy-to-postgresql)#
#2026 09 23 16:35:38.814#Z#DEBUG#89a811f3-b76c-11f1-a9d4-eeee0a93f2f4.hpbuysell-otc-salesorder-postgres-deployer#flowable-async-job-executor-thread-28290#
[PollExecuteTaskStatusExecution] 9409158a-3ef5-419f-b18e-c3263bd4e0f3 [2026-09-23T16:35:23.536056] '6obq8kxTFy1IHACjHc51nrGII5Bt76/MpTWhnJIJrCnq1/Uc3Qs8IVeb+sLaFC8K\n' + (STDOUT, APP/TASK/deploy-to-postgresql)#
#2026 09 23 16:35:38.814#Z#DEBUG#89a811f3-b76c-11f1-a9d4-eeee0a93f2f4.hpbuysell-otc-salesorder-postgres-deployer#flowable-async-job-executor-thread-28290#
[PollExecuteTaskStatusExecution] 9409158a-3ef5-419f-b18e-c3263bd4e0f3 [2026-09-23T16:35:23.536059] 'DI69Sw6bAgMBAAGjQjBAMA8GA1UdEwEB/wQFMAMBAf8wHQYDVR0OBBYEFE7PCopt\n' + (STDOUT, APP/TASK/deploy-to-postgresql)#
#2026 09 23 16:35:38.814#Z#DEBUG#89a811f3-b76c-11f1-a9d4-eeee0a93f2f4.hpbuysell-otc-salesorder-postgres-deployer#flowable-async-job-executor-thread-28290#
[PollExecuteTaskStatusExecution] 9409158a-3ef5-419f-b18e-c3263bd4e0f3 [2026-09-23T16:35:23.536061] 'lyOgtXX0Y1lObBUxuKaCMA4GA1UdDwEB/wQEAwIBhjANBgkqhkiG9w0BAQsFAAOC\n' + (STDOUT, APP/TASK/deploy-to-postgresql)#
#2026 09 23 16:35:38.814#Z#DEBUG#89a811f3-b76c-11f1-a9d4-eeee0a93f2f4.hpbuysell-otc-salesorder-postgres-deployer#flowable-async-job-executor-thread-28290#
[PollExecuteTaskStatusExecution] 9409158a-3ef5-419f-b18e-c3263bd4e0f3 [2026-09-23T16:35:23.536067] 'AQEAFj+bX8gLmMNefr5jRJfHjrL3iuZCjf7YEZgn89pS4z8408mjj9z6Q5D1H7yS\n' + (STDOUT, APP/TASK/deploy-to-postgresql)#
#2026 09 23 16:35:38.814#Z#DEBUG#89a811f3-b76c-11f1-a9d4-eeee0a93f2f4.hpbuysell-otc-salesorder-postgres-deployer#flowable-async-job-executor-thread-28290#
[PollExecuteTaskStatusExecution] 9409158a-3ef5-419f-b18e-c3263bd4e0f3 [2026-09-23T16:35:23.536069] 'jNETVV8QaJip1qyhh5gRzRaArgGAYvi2/r0zPsy+Tgf7v1KGL5Lh8NT8iCEGGXwF\n' + (STDOUT, APP/TASK/deploy-to-postgresql)#
#2026 09 23 16:35:38.814#Z#DEBUG#89a811f3-b76c-11f1-a9d4-eeee0a93f2f4.hpbuysell-otc-salesorder-postgres-deployer#flowable-async-job-executor-thread-28290#
[PollExecuteTaskStatusExecution] 9409158a-3ef5-419f-b18e-c3263bd4e0f3 [2026-09-23T16:35:23.536071] 'g3Ir+Nl3e+9XUp0eyyzBIjHtjLBm6yy8rGk9p6OtFDQnKF5OxwbAgip42CD75r/q\n' + (STDOUT, APP/TASK/deploy-to-postgresql)#
#2026 09 23 16:35:38.814#Z#DEBUG#89a811f3-b76c-11f1-a9d4-eeee0a93f2f4.hpbuysell-otc-salesorder-postgres-deployer#flowable-async-job-executor-thread-28290#
[PollExecuteTaskStatusExecution] 9409158a-3ef5-419f-b18e-c3263bd4e0f3 [2026-09-23T16:35:23.536073] 'p421maEDDvvRFR4D+99JZxgAYDBGqRRceUoe16qDzbMvlz0A9paCZFclxeftAxv6\n' + (STDOUT, APP/TASK/deploy-to-postgresql)#
#2026 09 23 16:35:38.814#Z#DEBUG#89a811f3-b76c-11f1-a9d4-eeee0a93f2f4.hpbuysell-otc-salesorder-postgres-deployer#flowable-async-job-executor-thread-28290#
[PollExecuteTaskStatusExecution] 9409158a-3ef5-419f-b18e-c3263bd4e0f3 [2026-09-23T16:35:23.536075] 'QlR5rItMz/XdzpBJUpYhdzM0gCzAzdQuVO5tjJxmXhkSMcDP+8Q+Uv6FA9k2VpUV\n' + (STDOUT, APP/TASK/deploy-to-postgresql)#
#2026 09 23 16:35:38.814#Z#DEBUG#89a811f3-b76c-11f1-a9d4-eeee0a93f2f4.hpbuysell-otc-salesorder-postgres-deployer#flowable-async-job-executor-thread-28290#
[PollExecuteTaskStatusExecution] 9409158a-3ef5-419f-b18e-c3263bd4e0f3 [2026-09-23T16:35:23.536076] 'E/O5jgpqUJJ2Hc/5rs9VkAPXeA==\n' + (STDOUT, APP/TASK/deploy-to-postgresql)#
#2026 09 23 16:35:38.814#Z#DEBUG#89a811f3-b76c-11f1-a9d4-eeee0a93f2f4.hpbuysell-otc-salesorder-postgres-deployer#flowable-async-job-executor-thread-28290#
[PollExecuteTaskStatusExecution] 9409158a-3ef5-419f-b18e-c3263bd4e0f3 [2026-09-23T16:35:23.536078] '-----END CERTIFICATE-----\n' + (STDOUT, APP/TASK/deploy-to-postgresql)#
#2026 09 23 16:35:38.814#Z#DEBUG#89a811f3-b76c-11f1-a9d4-eeee0a93f2f4.hpbuysell-otc-salesorder-postgres-deployer#flowable-async-job-executor-thread-28290#
[PollExecuteTaskStatusExecution] 9409158a-3ef5-419f-b18e-c3263bd4e0f3 [2026-09-23T16:35:23.536080] '-----BEGIN CERTIFICATE-----\n' + (STDOUT, APP/TASK/deploy-to-postgresql)#
#2026 09 23 16:35:38.814#Z#DEBUG#89a811f3-b76c-11f1-a9d4-eeee0a93f2f4.hpbuysell-otc-salesorder-postgres-deployer#flowable-async-job-executor-thread-28290#
[PollExecuteTaskStatusExecution] 9409158a-3ef5-419f-b18e-c3263bd4e0f3 [2026-09-23T16:35:23.536081] 'MIIF/jCCA+agAwIBAgIQaRHaEqqacXN20e8zZJtmDDANBgkqhkiG9w0BAQwFADCB\n' + (STDOUT, APP/TASK/deploy-to-postgresql)#
#2026 09 23 16:35:38.814#Z#DEBUG#89a811f3-b76c-11f1-a9d4-eeee0a93f2f4.hpbuysell-otc-salesorder-postgres-deployer#flowable-async-job-executor-thread-28290#
[PollExecuteTaskStatusExecution] 9409158a-3ef5-419f-b18e-c3263bd4e0f3 [2026-09-23T16:35:23.536083] 'lzELMAkGA1UEBhMCVVMxIjAgBgNVBAoMGUFtYXpvbiBXZWIgU2VydmljZXMsIElu\n' + (STDOUT, APP/TASK/deploy-to-postgresql)#
#2026 09 23 16:35:38.814#Z#DEBUG#89a811f3-b76c-11f1-a9d4-eeee0a93f2f4.hpbuysell-otc-salesorder-postgres-deployer#flowable-async-job-executor-thread-28290#
[PollExecuteTaskStatusExecution] 9409158a-3ef5-419f-b18e-c3263bd4e0f3 [2026-09-23T16:35:23.536085] 'Yy4xEzARBgNVBAsMCkFtYXpvbiBSRFMxCzAJBgNVBAgMAldBMTAwLgYDVQQDDCdB\n' + (STDOUT, APP/TASK/deploy-to-postgresql)#
#2026 09 23 16:35:38.814#Z#DEBUG#89a811f3-b76c-11f1-a9d4-eeee0a93f2f4.hpbuysell-otc-salesorder-postgres-deployer#flowable-async-job-executor-thread-28290#
[PollExecuteTaskStatusExecution] 9409158a-3ef5-419f-b18e-c3263bd4e0f3 [2026-09-23T16:35:23.536086] 'bWF6b24gUkRTIHVzLWVhc3QtMSBSb290IENBIFJTQTQwOTYgRzExEDAOBgNVBAcM\n' + (STDOUT, APP/TASK/deploy-to-postgresql)#
#2026 09 23 16:35:38.814#Z#DEBUG#89a811f3-b76c-11f1-a9d4-eeee0a93f2f4.hpbuysell-otc-salesorder-postgres-deployer#flowable-async-job-executor-thread-28290#
[PollExecuteTaskStatusExecution] 9409158a-3ef5-419f-b18e-c3263bd4e0f3 [2026-09-23T16:35:23.536091] 'B1NlYXR0bGUwIBcNMjEwNTI1MjIzODM1WhgPMjEyMTA1MjUyMzM4MzVaMIGXMQsw\n' + (STDOUT, APP/TASK/deploy-to-postgresql)#
#2026 09 23 16:35:38.814#Z#DEBUG#89a811f3-b76c-11f1-a9d4-eeee0a93f2f4.hpbuysell-otc-salesorder-postgres-deployer#flowable-async-job-executor-thread-28290#
[PollExecuteTaskStatusExecution] 9409158a-3ef5-419f-b18e-c3263bd4e0f3 [2026-09-23T16:35:23.536096] 'CQYDVQQGEwJVUzEiMCAGA1UECgwZQW1hem9uIFdlYiBTZXJ2aWNlcywgSW5jLjET\n' + (STDOUT, APP/TASK/deploy-to-postgresql)#
#2026 09 23 16:35:38.814#Z#DEBUG#89a811f3-b76c-11f1-a9d4-eeee0a93f2f4.hpbuysell-otc-salesorder-postgres-deployer#flowable-async-job-executor-thread-28290#
[PollExecuteTaskStatusExecution] 9409158a-3ef5-419f-b18e-c3263bd4e0f3 [2026-09-23T16:35:23.536098] 'MBEGA1UECwwKQW1hem9uIFJEUzELMAkGA1UECAwCV0ExMDAuBgNVBAMMJ0FtYXpv\n' + (STDOUT, APP/TASK/deploy-to-postgresql)#
#2026 09 23 16:35:38.814#Z#DEBUG#89a811f3-b76c-11f1-a9d4-eeee0a93f2f4.hpbuysell-otc-salesorder-postgres-deployer#flowable-async-job-executor-thread-28290#
[PollExecuteTaskStatusExecution] 9409158a-3ef5-419f-b18e-c3263bd4e0f3 [2026-09-23T16:35:23.536099] 'biBSRFMgdXMtZWFzdC0xIFJvb3QgQ0EgUlNBNDA5NiBHMTEQMA4GA1UEBwwHU2Vh\n' + (STDOUT, APP/TASK/deploy-to-postgresql)#
#2026 09 23 16:35:38.814#Z#DEBUG#89a811f3-b76c-11f1-a9d4-eeee0a93f2f4.hpbuysell-otc-salesorder-postgres-deployer#flowable-async-job-executor-thread-28290#
[PollExecuteTaskStatusExecution] 9409158a-3ef5-419f-b18e-c3263bd4e0f3 [2026-09-23T16:35:23.536101] 'dHRsZTCCAiIwDQYJKoZIhvcNAQEBBQADggIPADCCAgoCggIBAInfBCaHuvj6Rb5c\n' + (STDOUT, APP/TASK/deploy-to-postgresql)#
#2026 09 23 16:35:38.814#Z#DEBUG#89a811f3-b76c-11f1-a9d4-eeee0a93f2f4.hpbuysell-otc-salesorder-postgres-deployer#flowable-async-job-executor-thread-28290#
[PollExecuteTaskStatusExecution] 9409158a-3ef5-419f-b18e-c3263bd4e0f3 [2026-09-23T16:35:23.536102] 'L5Wmn1jv2PHtEGMHm+7Z8dYosdwouG8VG2A+BCYCZfij9lIGszrTXkY4O7vnXgru\n' + (STDOUT, APP/TASK/deploy-to-postgresql)#
#2026 09 23 16:35:38.814#Z#DEBUG#89a811f3-b76c-11f1-a9d4-eeee0a93f2f4.hpbuysell-otc-salesorder-postgres-deployer#flowable-async-job-executor-thread-28290#
[PollExecuteTaskStatusExecution] 9409158a-3ef5-419f-b18e-c3263bd4e0f3 [2026-09-23T16:35:23.536104] 'JUNdxh0Q3M83p4X+bg+gODUs3jf+Z3Oeq7nTOk/2UYvQLcxP4FEXILxDInbQFcIx\n' + (STDOUT, APP/TASK/deploy-to-postgresql)#
#2026 09 23 16:35:38.814#Z#DEBUG#89a811f3-b76c-11f1-a9d4-eeee0a93f2f4.hpbuysell-otc-salesorder-postgres-deployer#flowable-async-job-executor-thread-28290#
[PollExecuteTaskStatusExecution] 9409158a-3ef5-419f-b18e-c3263bd4e0f3 [2026-09-23T16:35:23.536106] 'yen1ESHggGrjEodgn6nbKQNRfIhjhW+TKYaewfsVWH7EF2pfj+cjbJ6njjgZ0/M9\n' + (STDOUT, APP/TASK/deploy-to-postgresql)#
#2026 09 23 16:35:38.814#Z#DEBUG#89a811f3-b76c-11f1-a9d4-eeee0a93f2f4.hpbuysell-otc-salesorder-postgres-deployer#flowable-async-job-executor-thread-28290#
[PollExecuteTaskStatusExecution] 9409158a-3ef5-419f-b18e-c3263bd4e0f3 [2026-09-23T16:35:23.536108] 'VZifJFBgat6XUTOf3jwHwkCBh7T6rDpgy19A61laImJCQhdTnHKvzTpxcxiLRh69\n' + (STDOUT, APP/TASK/deploy-to-postgresql)#
#2026 09 23 16:35:38.815#Z#DEBUG#89a811f3-b76c-11f1-a9d4-eeee0a93f2f4.hpbuysell-otc-salesorder-postgres-deployer#flowable-async-job-executor-thread-28290#
[PollExecuteTaskStatusExecution] 9409158a-3ef5-419f-b18e-c3263bd4e0f3 [2026-09-23T16:35:23.536110] 'ZObypR7W04OAUmFS88V7IotlPmCL8xf7kwxG+gQfvx31+A9IDMsiTqJ1Cc4fYEKg\n' + (STDOUT, APP/TASK/deploy-to-postgresql)#
#2026 09 23 16:35:38.815#Z#DEBUG#89a811f3-b76c-11f1-a9d4-eeee0a93f2f4.hpbuysell-otc-salesorder-postgres-deployer#flowable-async-job-executor-thread-28290#
[PollExecuteTaskStatusExecution] 9409158a-3ef5-419f-b18e-c3263bd4e0f3 [2026-09-23T16:35:23.536111] 'bL+Vo+2Ii4W2esCTGVYmHm73drznfeKwL+kmIC/Bq+DrZ+veTqKFYwSkpHRyJCEe\n' + (STDOUT, APP/TASK/deploy-to-postgresql)#
#2026 09 23 16:35:38.815#Z#DEBUG#89a811f3-b76c-11f1-a9d4-eeee0a93f2f4.hpbuysell-otc-salesorder-postgres-deployer#flowable-async-job-executor-thread-28290#
[PollExecuteTaskStatusExecution] 9409158a-3ef5-419f-b18e-c3263bd4e0f3 [2026-09-23T16:35:23.536116] 'U4Zym6POqQ/4LBSKwDUhWLJIlq99bjKX+hNTJykB+Lbcx0ScOP4IAZQoxmDxGWxN\n' + (STDOUT, APP/TASK/deploy-to-postgresql)#
#2026 09 23 16:35:38.815#Z#DEBUG#89a811f3-b76c-11f1-a9d4-eeee0a93f2f4.hpbuysell-otc-salesorder-postgres-deployer#flowable-async-job-executor-thread-28290#
[PollExecuteTaskStatusExecution] 9409158a-3ef5-419f-b18e-c3263bd4e0f3 [2026-09-23T16:35:23.536117] 'S+lQj+Cx2pwU3S/7+OxlRndZAX/FKgk7xSMkg88HykUZaZ/ozIiqJqSnGpgXCtED\n' + (STDOUT, APP/TASK/deploy-to-postgresql)#
#2026 09 23 16:35:38.815#Z#DEBUG#89a811f3-b76c-11f1-a9d4-eeee0a93f2f4.hpbuysell-otc-salesorder-postgres-deployer#flowable-async-job-executor-thread-28290#
[PollExecuteTaskStatusExecution] 9409158a-3ef5-419f-b18e-c3263bd4e0f3 [2026-09-23T16:35:23.536119] 'oQ4OJw5ozAr+/wudOawaMwUWQl5asD8fuy/hl5S1nv9XxIc842QJOtJFxhyeMIXt\n' + (STDOUT, APP/TASK/deploy-to-postgresql)#
#2026 09 23 16:35:38.815#Z#DEBUG#89a811f3-b76c-11f1-a9d4-eeee0a93f2f4.hpbuysell-otc-salesorder-postgres-deployer#flowable-async-job-executor-thread-28290#
[PollExecuteTaskStatusExecution] 9409158a-3ef5-419f-b18e-c3263bd4e0f3 [2026-09-23T16:35:23.536121] 'LVECVw/dPekhMjS3Zo3wwRgYbnKG7YXXT5WMxJEnHu8+cYpMiRClzq2BEP6/MtI2\n' + (STDOUT, APP/TASK/deploy-to-postgresql)#
#2026 09 23 16:35:38.815#Z#DEBUG#89a811f3-b76c-11f1-a9d4-eeee0a93f2f4.hpbuysell-otc-salesorder-postgres-deployer#flowable-async-job-executor-thread-28290#
[PollExecuteTaskStatusExecution] 9409158a-3ef5-419f-b18e-c3263bd4e0f3 [2026-09-23T16:35:23.536124] 'AZQQUFu2yFjRGL2OZA6IYjxnXYiRAgMBAAGjQjBAMA8GA1UdEwEB/wQFMAMBAf8w\n' + (STDOUT, APP/TASK/deploy-to-postgresql)#
#2026 09 23 16:35:38.815#Z#DEBUG#89a811f3-b76c-11f1-a9d4-eeee0a93f2f4.hpbuysell-otc-salesorder-postgres-deployer#flowable-async-job-executor-thread-28290#
[PollExecuteTaskStatusExecution] 9409158a-3ef5-419f-b18e-c3263bd4e0f3 [2026-09-23T16:35:23.536126] 'HQYDVR0OBBYEFADCcQCPX2HmkqQcmuHfiQ2jjqnrMA4GA1UdDwEB/wQEAwIBhjAN\n' + (STDOUT, APP/TASK/deploy-to-postgresql)#
#2026 09 23 16:35:38.815#Z#DEBUG#89a811f3-b76c-11f1-a9d4-eeee0a93f2f4.hpbuysell-otc-salesorder-postgres-deployer#flowable-async-job-executor-thread-28290#
[PollExecuteTaskStatusExecution] 9409158a-3ef5-419f-b18e-c3263bd4e0f3 [2026-09-23T16:35:23.536128] 'BgkqhkiG9w0BAQwFAAOCAgEASXkGQ2eUmudIKPeOIF7RBryCoPmMOsqP0+1qxF8l\n' + (STDOUT, APP/TASK/deploy-to-postgresql)#
#2026 09 23 16:35:38.815#Z#DEBUG#89a811f3-b76c-11f1-a9d4-eeee0a93f2f4.hpbuysell-otc-salesorder-postgres-deployer#flowable-async-job-executor-thread-28290#
[PollExecuteTaskStatusExecution] 9409158a-3ef5-419f-b18e-c3263bd4e0f3 [2026-09-23T16:35:23.536135] 'pGkwmrgNDGpmd9s0ArfIVBTc1jmpgB3oiRW9c6n2OmwBKL4UPuQ8O3KwSP0iD2sZ\n' + (STDOUT, APP/TASK/deploy-to-postgresql)#
#2026 09 23 16:35:38.815#Z#DEBUG#89a811f3-b76c-11f1-a9d4-eeee0a93f2f4.hpbuysell-otc-salesorder-postgres-deployer#flowable-async-job-executor-thread-28290#
[PollExecuteTaskStatusExecution] 9409158a-3ef5-419f-b18e-c3263bd4e0f3 [2026-09-23T16:35:23.536138] 'KMXoMEyphCEzW1I2GRvYDugL3Z9MWrnHkoaoH2l8YyTYvszTvdgxBPpM2x4pSkp+\n' + (STDOUT, APP/TASK/deploy-to-postgresql)#
#2026 09 23 16:35:38.815#Z#DEBUG#89a811f3-b76c-11f1-a9d4-eeee0a93f2f4.hpbuysell-otc-salesorder-postgres-deployer#flowable-async-job-executor-thread-28290#
[PollExecuteTaskStatusExecution] 9409158a-3ef5-419f-b18e-c3263bd4e0f3 [2026-09-23T16:35:23.536140] '76d4/eRpJ5mVuQ93nC+YG0wXCxSq63hX4kyZgPxgCdAA+qgFfKIGyNqUIqWgeyTP\n' + (STDOUT, APP/TASK/deploy-to-postgresql)#
#2026 09 23 16:35:38.815#Z#DEBUG#89a811f3-b76c-11f1-a9d4-eeee0a93f2f4.hpbuysell-otc-salesorder-postgres-deployer#flowable-async-job-executor-thread-28290#
[PollExecuteTaskStatusExecution] 9409158a-3ef5-419f-b18e-c3263bd4e0f3 [2026-09-23T16:35:23.536142] 'n5OgKaboYk2141Rf2hGMD3/hsGm0rrJh7g3C0ZirPws3eeJfulvAOIy2IZzqHUSY\n' + (STDOUT, APP/TASK/deploy-to-postgresql)#
#2026 09 23 16:35:38.815#Z#DEBUG#89a811f3-b76c-11f1-a9d4-eeee0a93f2f4.hpbuysell-otc-salesorder-postgres-deployer#flowable-async-job-executor-thread-28290#
[PollExecuteTaskStatusExecution] 9409158a-3ef5-419f-b18e-c3263bd4e0f3 [2026-09-23T16:35:23.536144] 'jkFzraz6LEH3IlArT3jUPvWKqvh2lJWnnp56aqxBR7qHH5voD49UpJWY1K0BjGnS\n' + (STDOUT, APP/TASK/deploy-to-postgresql)#
#2026 09 23 16:35:38.815#Z#DEBUG#89a811f3-b76c-11f1-a9d4-eeee0a93f2f4.hpbuysell-otc-salesorder-postgres-deployer#flowable-async-job-executor-thread-28290#
[PollExecuteTaskStatusExecution] 9409158a-3ef5-419f-b18e-c3263bd4e0f3 [2026-09-23T16:35:23.536146] 'OHcurpp0Yt/BIs4VZeWdCZwI7JaSeDcPMaMDBvND3Ia5Fga0thgYQTG6dE+N5fgF\n' + (STDOUT, APP/TASK/deploy-to-postgresql)#
#2026 09 23 16:35:38.815#Z#DEBUG#89a811f3-b76c-11f1-a9d4-eeee0a93f2f4.hpbuysell-otc-salesorder-postgres-deployer#flowable-async-job-executor-thread-28290#
[PollExecuteTaskStatusExecution] 9409158a-3ef5-419f-b18e-c3263bd4e0f3 [2026-09-23T16:35:23.536147] 'z+hRaujXO2nb0LmddVyvE8prYlWRMuYFv+Co8hcMdJ0lEZlfVNu0jbm9/GmwAZ+l\n' + (STDOUT, APP/TASK/deploy-to-postgresql)#
#2026 09 23 16:35:38.815#Z#DEBUG#89a811f3-b76c-11f1-a9d4-eeee0a93f2f4.hpbuysell-otc-salesorder-postgres-deployer#flowable-async-job-executor-thread-28290#
[PollExecuteTaskStatusExecution] 9409158a-3ef5-419f-b18e-c3263bd4e0f3 [2026-09-23T16:35:23.536150] '9umeYO9yz/uC7edC8XJBglMAKUmVK9wNtOckUWAcCfnPWYLbYa/PqtXBYcxrso5j\n' + (STDOUT, APP/TASK/deploy-to-postgresql)#
#2026 09 23 16:35:38.815#Z#DEBUG#89a811f3-b76c-11f1-a9d4-eeee0a93f2f4.hpbuysell-otc-salesorder-postgres-deployer#flowable-async-job-executor-thread-28290#
[PollExecuteTaskStatusExecution] 9409158a-3ef5-419f-b18e-c3263bd4e0f3 [2026-09-23T16:35:23.536153] 'iaS/A7iEW51uteHBGrViCy1afGG+hiUWwFlesli+Rq4dNstX3h6h2baWABaAxEVJ\n' + (STDOUT, APP/TASK/deploy-to-postgresql)#
#2026 09 23 16:35:38.815#Z#DEBUG#89a811f3-b76c-11f1-a9d4-eeee0a93f2f4.hpbuysell-otc-salesorder-postgres-deployer#flowable-async-job-executor-thread-28290#
[PollExecuteTaskStatusExecution] 9409158a-3ef5-419f-b18e-c3263bd4e0f3 [2026-09-23T16:35:23.536155] 'y1RnTQSz6mROT1VmZSgSVO37rgIyY0Hf0872ogcTS+FfvXgBxCxsNWEbiQ/XXva4\n' + (STDOUT, APP/TASK/deploy-to-postgresql)#
#2026 09 23 16:35:38.815#Z#DEBUG#89a811f3-b76c-11f1-a9d4-eeee0a93f2f4.hpbuysell-otc-salesorder-postgres-deployer#flowable-async-job-executor-thread-28290#
[PollExecuteTaskStatusExecution] 9409158a-3ef5-419f-b18e-c3263bd4e0f3 [2026-09-23T16:35:23.536158] '0Ws=\n' + (STDOUT, APP/TASK/deploy-to-postgresql)#
#2026 09 23 16:35:38.815#Z#DEBUG#89a811f3-b76c-11f1-a9d4-eeee0a93f2f4.hpbuysell-otc-salesorder-postgres-deployer#flowable-async-job-executor-thread-28290#
[PollExecuteTaskStatusExecution] 9409158a-3ef5-419f-b18e-c3263bd4e0f3 [2026-09-23T16:35:23.536161] '-----END CERTIFICATE-----\n' + (STDOUT, APP/TASK/deploy-to-postgresql)#
#2026 09 23 16:35:38.815#Z#DEBUG#89a811f3-b76c-11f1-a9d4-eeee0a93f2f4.hpbuysell-otc-salesorder-postgres-deployer#flowable-async-job-executor-thread-28290#
[PollExecuteTaskStatusExecution] 9409158a-3ef5-419f-b18e-c3263bd4e0f3 [2026-09-23T16:35:23.536165] '-----BEGIN CERTIFICATE-----\n' + (STDOUT, APP/TASK/deploy-to-postgresql)#
#2026 09 23 16:35:38.815#Z#DEBUG#89a811f3-b76c-11f1-a9d4-eeee0a93f2f4.hpbuysell-otc-salesorder-postgres-deployer#flowable-async-job-executor-thread-28290#
[PollExecuteTaskStatusExecution] 9409158a-3ef5-419f-b18e-c3263bd4e0f3 [2026-09-23T16:35:23.536167] 'MIICrjCCAjSgAwIBAgIRAPAlEk8VJPmEzVRRaWvTh2AwCgYIKoZIzj0EAwMwgZYx\n' + (STDOUT, APP/TASK/deploy-to-postgresql)#
#2026 09 23 16:35:38.815#Z#DEBUG#89a811f3-b76c-11f1-a9d4-eeee0a93f2f4.hpbuysell-otc-salesorder-postgres-deployer#flowable-async-job-executor-thread-28290#
[PollExecuteTaskStatusExecution] 9409158a-3ef5-419f-b18e-c3263bd4e0f3 [2026-09-23T16:35:23.536169] 'CzAJBgNVBAYTAlVTMSIwIAYDVQQKDBlBbWF6b24gV2ViIFNlcnZpY2VzLCBJbmMu\n' + (STDOUT, APP/TASK/deploy-to-postgresql)#
#2026 09 23 16:35:38.815#Z#DEBUG#89a811f3-b76c-11f1-a9d4-eeee0a93f2f4.hpbuysell-otc-salesorder-postgres-deployer#flowable-async-job-executor-thread-28290#
[PollExecuteTaskStatusExecution] 9409158a-3ef5-419f-b18e-c3263bd4e0f3 [2026-09-23T16:35:23.536172] 'MRMwEQYDVQQLDApBbWF6b24gUkRTMQswCQYDVQQIDAJXQTEvMC0GA1UEAwwmQW1h\n' + (STDOUT, APP/TASK/deploy-to-postgresql)#
#2026 09 23 16:35:38.815#Z#DEBUG#89a811f3-b76c-11f1-a9d4-eeee0a93f2f4.hpbuysell-otc-salesorder-postgres-deployer#flowable-async-job-executor-thread-28290#
[PollExecuteTaskStatusExecution] 9409158a-3ef5-419f-b18e-c3263bd4e0f3 [2026-09-23T16:35:23.536173] 'em9uIFJEUyB1cy1lYXN0LTEgUm9vdCBDQSBFQ0MzODQgRzExEDAOBgNVBAcMB1Nl\n' + (STDOUT, APP/TASK/deploy-to-postgresql)#
#2026 09 23 16:35:38.815#Z#DEBUG#89a811f3-b76c-11f1-a9d4-eeee0a93f2f4.hpbuysell-otc-salesorder-postgres-deployer#flowable-async-job-executor-thread-28290#
[PollExecuteTaskStatusExecution] 9409158a-3ef5-419f-b18e-c3263bd4e0f3 [2026-09-23T16:35:23.536175] 'YXR0bGUwIBcNMjEwNTI1MjI0MTU1WhgPMjEyMTA1MjUyMzQxNTVaMIGWMQswCQYD\n' + (STDOUT, APP/TASK/deploy-to-postgresql)#
#2026 09 23 16:35:38.815#Z#DEBUG#89a811f3-b76c-11f1-a9d4-eeee0a93f2f4.hpbuysell-otc-salesorder-postgres-deployer#flowable-async-job-executor-thread-28290#
[PollExecuteTaskStatusExecution] 9409158a-3ef5-419f-b18e-c3263bd4e0f3 [2026-09-23T16:35:23.536177] 'VQQGEwJVUzEiMCAGA1UECgwZQW1hem9uIFdlYiBTZXJ2aWNlcywgSW5jLjETMBEG\n' + (STDOUT, APP/TASK/deploy-to-postgresql)#
#2026 09 23 16:35:38.815#Z#DEBUG#89a811f3-b76c-11f1-a9d4-eeee0a93f2f4.hpbuysell-otc-salesorder-postgres-deployer#flowable-async-job-executor-thread-28290#
[PollExecuteTaskStatusExecution] 9409158a-3ef5-419f-b18e-c3263bd4e0f3 [2026-09-23T16:35:23.536180] 'A1UECwwKQW1hem9uIFJEUzELMAkGA1UECAwCV0ExLzAtBgNVBAMMJkFtYXpvbiBS\n' + (STDOUT, APP/TASK/deploy-to-postgresql)#
#2026 09 23 16:35:38.815#Z#DEBUG#89a811f3-b76c-11f1-a9d4-eeee0a93f2f4.hpbuysell-otc-salesorder-postgres-deployer#flowable-async-job-executor-thread-28290#
[PollExecuteTaskStatusExecution] 9409158a-3ef5-419f-b18e-c3263bd4e0f3 [2026-09-23T16:35:23.536182] 'RFMgdXMtZWFzdC0xIFJvb3QgQ0EgRUNDMzg0IEcxMRAwDgYDVQQHDAdTZWF0dGxl\n' + (STDOUT, APP/TASK/deploy-to-postgresql)#
#2026 09 23 16:35:38.815#Z#DEBUG#89a811f3-b76c-11f1-a9d4-eeee0a93f2f4.hpbuysell-otc-salesorder-postgres-deployer#flowable-async-job-executor-thread-28290#
[PollExecuteTaskStatusExecution] 9409158a-3ef5-419f-b18e-c3263bd4e0f3 [2026-09-23T16:35:23.536183] 'MHYwEAYHKoZIzj0CAQYFK4EEACIDYgAEx5xjrup8II4HOJw15NTnS3H5yMrQGlbj\n' + (STDOUT, APP/TASK/deploy-to-postgresql)#
#2026 09 23 16:35:38.815#Z#DEBUG#89a811f3-b76c-11f1-a9d4-eeee0a93f2f4.hpbuysell-otc-salesorder-postgres-deployer#flowable-async-job-executor-thread-28290#
[PollExecuteTaskStatusExecution] 9409158a-3ef5-419f-b18e-c3263bd4e0f3 [2026-09-23T16:35:23.536185] 'EDA5MMGnE9DmHp5dACIxmPXPMe/99nO7wNdl7G71OYPCgEvWm0FhdvVUeTb3LVnV\n' + (STDOUT, APP/TASK/deploy-to-postgresql)#
#2026 09 23 16:35:38.815#Z#DEBUG#89a811f3-b76c-11f1-a9d4-eeee0a93f2f4.hpbuysell-otc-salesorder-postgres-deployer#flowable-async-job-executor-thread-28290#
[PollExecuteTaskStatusExecution] 9409158a-3ef5-419f-b18e-c3263bd4e0f3 [2026-09-23T16:35:23.536187] 'BnaXt32Ek7/oxGk1T+Df03C+W0vmuJ+wo0IwQDAPBgNVHRMBAf8EBTADAQH/MB0G\n' + (STDOUT, APP/TASK/deploy-to-postgresql)#
#2026 09 23 16:35:38.815#Z#DEBUG#89a811f3-b76c-11f1-a9d4-eeee0a93f2f4.hpbuysell-otc-salesorder-postgres-deployer#flowable-async-job-executor-thread-28290#
[PollExecuteTaskStatusExecution] 9409158a-3ef5-419f-b18e-c3263bd4e0f3 [2026-09-23T16:35:23.536190] 'A1UdDgQWBBTGXmqBWN/1tkSea4pNw0oHrjk2UDAOBgNVHQ8BAf8EBAMCAYYwCgYI\n' + (STDOUT, APP/TASK/deploy-to-postgresql)#
#2026 09 23 16:35:38.815#Z#DEBUG#89a811f3-b76c-11f1-a9d4-eeee0a93f2f4.hpbuysell-otc-salesorder-postgres-deployer#flowable-async-job-executor-thread-28290#
[PollExecuteTaskStatusExecution] 9409158a-3ef5-419f-b18e-c3263bd4e0f3 [2026-09-23T16:35:23.536193] 'KoZIzj0EAwMDaAAwZQIxAIqqZWCSrIkZ7zsv/FygtAusW6yvlL935YAWYPVXU30m\n' + (STDOUT, APP/TASK/deploy-to-postgresql)#
#2026 09 23 16:35:38.815#Z#DEBUG#89a811f3-b76c-11f1-a9d4-eeee0a93f2f4.hpbuysell-otc-salesorder-postgres-deployer#flowable-async-job-executor-thread-28290#
[PollExecuteTaskStatusExecution] 9409158a-3ef5-419f-b18e-c3263bd4e0f3 [2026-09-23T16:35:23.536195] 'jkMFLM+/RJ9GMvnO8jHfCgIwB+whlkcItzE9CRQ6CsMo/d5cEHDUu/QW6jSIh9BR\n' + (STDOUT, APP/TASK/deploy-to-postgresql)#
#2026 09 23 16:35:38.815#Z#DEBUG#89a811f3-b76c-11f1-a9d4-eeee0a93f2f4.hpbuysell-otc-salesorder-postgres-deployer#flowable-async-job-executor-thread-28290#
[PollExecuteTaskStatusExecution] 9409158a-3ef5-419f-b18e-c3263bd4e0f3 [2026-09-23T16:35:23.536197] 'OGh9pTYPVkUbBiKPA7lVVhre\n' + (STDOUT, APP/TASK/deploy-to-postgresql)#
#2026 09 23 16:35:38.815#Z#DEBUG#89a811f3-b76c-11f1-a9d4-eeee0a93f2f4.hpbuysell-otc-salesorder-postgres-deployer#flowable-async-job-executor-thread-28290#
[PollExecuteTaskStatusExecution] 9409158a-3ef5-419f-b18e-c3263bd4e0f3 [2026-09-23T16:35:23.536198] '-----END CERTIFICATE-----\n', (STDOUT, APP/TASK/deploy-to-postgresql)#
#2026 09 23 16:35:38.815#Z#DEBUG#89a811f3-b76c-11f1-a9d4-eeee0a93f2f4.hpbuysell-otc-salesorder-postgres-deployer#flowable-async-job-executor-thread-28290#
[PollExecuteTaskStatusExecution] 9409158a-3ef5-419f-b18e-c3263bd4e0f3 [2026-09-23T16:35:23.536201] sslrootcert: '-----BEGIN CERTIFICATE-----\n' + (STDOUT, APP/TASK/deploy-to-postgresql)#
#2026 09 23 16:35:38.815#Z#DEBUG#89a811f3-b76c-11f1-a9d4-eeee0a93f2f4.hpbuysell-otc-salesorder-postgres-deployer#flowable-async-job-executor-thread-28290#
[PollExecuteTaskStatusExecution] 9409158a-3ef5-419f-b18e-c3263bd4e0f3 [2026-09-23T16:35:23.536203] 'MIID/zCCAuegAwIBAgIRAPVSMfFitmM5PhmbaOFoGfUwDQYJKoZIhvcNAQELBQAw\n' + (STDOUT, APP/TASK/deploy-to-postgresql)#
#2026 09 23 16:35:38.815#Z#DEBUG#89a811f3-b76c-11f1-a9d4-eeee0a93f2f4.hpbuysell-otc-salesorder-postgres-deployer#flowable-async-job-executor-thread-28290#
[PollExecuteTaskStatusExecution] 9409158a-3ef5-419f-b18e-c3263bd4e0f3 [2026-09-23T16:35:23.536205] 'gZcxCzAJBgNVBAYTAlVTMSIwIAYDVQQKDBlBbWF6b24gV2ViIFNlcnZpY2VzLCBJ\n' + (STDOUT, APP/TASK/deploy-to-postgresql)#
#2026 09 23 16:35:38.815#Z#DEBUG#89a811f3-b76c-11f1-a9d4-eeee0a93f2f4.hpbuysell-otc-salesorder-postgres-deployer#flowable-async-job-executor-thread-28290#
[PollExecuteTaskStatusExecution] 9409158a-3ef5-419f-b18e-c3263bd4e0f3 [2026-09-23T16:35:23.536207] 'bmMuMRMwEQYDVQQLDApBbWF6b24gUkRTMQswCQYDVQQIDAJXQTEwMC4GA1UEAwwn\n' + (STDOUT, APP/TASK/deploy-to-postgresql)#
#2026 09 23 16:35:38.815#Z#DEBUG#89a811f3-b76c-11f1-a9d4-eeee0a93f2f4.hpbuysell-otc-salesorder-postgres-deployer#flowable-async-job-executor-thread-28290#
[PollExecuteTaskStatusExecution] 9409158a-3ef5-419f-b18e-c3263bd4e0f3 [2026-09-23T16:35:23.536209] 'QW1hem9uIFJEUyB1cy1lYXN0LTEgUm9vdCBDQSBSU0EyMDQ4IEcxMRAwDgYDVQQH\n' + (STDOUT, APP/TASK/deploy-to-postgresql)#
#2026 09 23 16:35:38.815#Z#DEBUG#89a811f3-b76c-11f1-a9d4-eeee0a93f2f4.hpbuysell-otc-salesorder-postgres-deployer#flowable-async-job-executor-thread-28290#
[PollExecuteTaskStatusExecution] 9409158a-3ef5-419f-b18e-c3263bd4e0f3 [2026-09-23T16:35:23.536210] 'DAdTZWF0dGxlMCAXDTIxMDUyNTIyMzQ1N1oYDzIwNjEwNTI1MjMzNDU3WjCBlzEL\n' + (STDOUT, APP/TASK/deploy-to-postgresql)#
#2026 09 23 16:35:38.815#Z#DEBUG#89a811f3-b76c-11f1-a9d4-eeee0a93f2f4.hpbuysell-otc-salesorder-postgres-deployer#flowable-async-job-executor-thread-28290#
[PollExecuteTaskStatusExecution] 9409158a-3ef5-419f-b18e-c3263bd4e0f3 [2026-09-23T16:35:23.536213] 'MAkGA1UEBhMCVVMxIjAgBgNVBAoMGUFtYXpvbiBXZWIgU2VydmljZXMsIEluYy4x\n' + (STDOUT, APP/TASK/deploy-to-postgresql)#
#2026 09 23 16:35:38.815#Z#DEBUG#89a811f3-b76c-11f1-a9d4-eeee0a93f2f4.hpbuysell-otc-salesorder-postgres-deployer#flowable-async-job-executor-thread-28290#
[PollExecuteTaskStatusExecution] 9409158a-3ef5-419f-b18e-c3263bd4e0f3 [2026-09-23T16:35:23.536215] 'EzARBgNVBAsMCkFtYXpvbiBSRFMxCzAJBgNVBAgMAldBMTAwLgYDVQQDDCdBbWF6\n' + (STDOUT, APP/TASK/deploy-to-postgresql)#
#2026 09 23 16:35:38.815#Z#DEBUG#89a811f3-b76c-11f1-a9d4-eeee0a93f2f4.hpbuysell-otc-salesorder-postgres-deployer#flowable-async-job-executor-thread-28290#
[PollExecuteTaskStatusExecution] 9409158a-3ef5-419f-b18e-c3263bd4e0f3 [2026-09-23T16:35:23.536240] 'b24gUkRTIHVzLWVhc3QtMSBSb290IENBIFJTQTIwNDggRzExEDAOBgNVBAcMB1Nl\n' + (STDOUT, APP/TASK/deploy-to-postgresql)#
#2026 09 23 16:35:38.815#Z#DEBUG#89a811f3-b76c-11f1-a9d4-eeee0a93f2f4.hpbuysell-otc-salesorder-postgres-deployer#flowable-async-job-executor-thread-28290#
[PollExecuteTaskStatusExecution] 9409158a-3ef5-419f-b18e-c3263bd4e0f3 [2026-09-23T16:35:23.536242] 'YXR0bGUwggEiMA0GCSqGSIb3DQEBAQUAA4IBDwAwggEKAoIBAQDu9H7TBeGoDzMr\n' + (STDOUT, APP/TASK/deploy-to-postgresql)#
#2026 09 23 16:35:38.815#Z#DEBUG#89a811f3-b76c-11f1-a9d4-eeee0a93f2f4.hpbuysell-otc-salesorder-postgres-deployer#flowable-async-job-executor-thread-28290#
[PollExecuteTaskStatusExecution] 9409158a-3ef5-419f-b18e-c3263bd4e0f3 [2026-09-23T16:35:23.536244] 'dxN6H8COntJX4IR6dbyhnj5qMD4xl/IWvp50lt0VpmMd+z2PNZzx8RazeGC5IniV\n' + (STDOUT, APP/TASK/deploy-to-postgresql)#
#2026 09 23 16:35:38.815#Z#DEBUG#89a811f3-b76c-11f1-a9d4-eeee0a93f2f4.hpbuysell-otc-salesorder-postgres-deployer#flowable-async-job-executor-thread-28290#
[PollExecuteTaskStatusExecution] 9409158a-3ef5-419f-b18e-c3263bd4e0f3 [2026-09-23T16:35:23.536246] '5nrLg0AKWRQ2A/lGGXbUrGXCSe09brMQCxWBSIYe1WZZ1iU1IJ/6Bp4D2YEHpXrW\n' + (STDOUT, APP/TASK/deploy-to-postgresql)#
#2026 09 23 16:35:38.815#Z#DEBUG#89a811f3-b76c-11f1-a9d4-eeee0a93f2f4.hpbuysell-otc-salesorder-postgres-deployer#flowable-async-job-executor-thread-28290#
[PollExecuteTaskStatusExecution] 9409158a-3ef5-419f-b18e-c3263bd4e0f3 [2026-09-23T16:35:23.536248] 'bPkOq5x3YPcsoitgm1Xh8ygz6vb7PsvJvPbvRMnkDg5IqEThapPjmKb8ZJWyEFEE\n' + (STDOUT, APP/TASK/deploy-to-postgresql)#
#2026 09 23 16:35:38.815#Z#DEBUG#89a811f3-b76c-11f1-a9d4-eeee0a93f2f4.hpbuysell-otc-salesorder-postgres-deployer#flowable-async-job-executor-thread-28290#
[PollExecuteTaskStatusExecution] 9409158a-3ef5-419f-b18e-c3263bd4e0f3 [2026-09-23T16:35:23.536250] 'QRrkCIRueB1EqQtJw0fvP4PKDlCJAKBEs/y049FoOqYpT3pRy0WKqPhWve+hScMd\n' + (STDOUT, APP/TASK/deploy-to-postgresql)#
#2026 09 23 16:35:38.815#Z#DEBUG#89a811f3-b76c-11f1-a9d4-eeee0a93f2f4.hpbuysell-otc-salesorder-postgres-deployer#flowable-async-job-executor-thread-28290#
[PollExecuteTaskStatusExecution] 9409158a-3ef5-419f-b18e-c3263bd4e0f3 [2026-09-23T16:35:23.536252] '6obq8kxTFy1IHACjHc51nrGII5Bt76/MpTWhnJIJrCnq1/Uc3Qs8IVeb+sLaFC8K\n' + (STDOUT, APP/TASK/deploy-to-postgresql)#
#2026 09 23 16:35:38.815#Z#DEBUG#89a811f3-b76c-11f1-a9d4-eeee0a93f2f4.hpbuysell-otc-salesorder-postgres-deployer#flowable-async-job-executor-thread-28290#
[PollExecuteTaskStatusExecution] 9409158a-3ef5-419f-b18e-c3263bd4e0f3 [2026-09-23T16:35:23.536253] 'DI69Sw6bAgMBAAGjQjBAMA8GA1UdEwEB/wQFMAMBAf8wHQYDVR0OBBYEFE7PCopt\n' + (STDOUT, APP/TASK/deploy-to-postgresql)#
#2026 09 23 16:35:38.815#Z#DEBUG#89a811f3-b76c-11f1-a9d4-eeee0a93f2f4.hpbuysell-otc-salesorder-postgres-deployer#flowable-async-job-executor-thread-28290#
[PollExecuteTaskStatusExecution] 9409158a-3ef5-419f-b18e-c3263bd4e0f3 [2026-09-23T16:35:23.536255] 'lyOgtXX0Y1lObBUxuKaCMA4GA1UdDwEB/wQEAwIBhjANBgkqhkiG9w0BAQsFAAOC\n' + (STDOUT, APP/TASK/deploy-to-postgresql)#
#2026 09 23 16:35:38.815#Z#DEBUG#89a811f3-b76c-11f1-a9d4-eeee0a93f2f4.hpbuysell-otc-salesorder-postgres-deployer#flowable-async-job-executor-thread-28290#
[PollExecuteTaskStatusExecution] 9409158a-3ef5-419f-b18e-c3263bd4e0f3 [2026-09-23T16:35:23.536257] 'AQEAFj+bX8gLmMNefr5jRJfHjrL3iuZCjf7YEZgn89pS4z8408mjj9z6Q5D1H7yS\n' + (STDOUT, APP/TASK/deploy-to-postgresql)#
#2026 09 23 16:35:38.815#Z#DEBUG#89a811f3-b76c-11f1-a9d4-eeee0a93f2f4.hpbuysell-otc-salesorder-postgres-deployer#flowable-async-job-executor-thread-28290#
[PollExecuteTaskStatusExecution] 9409158a-3ef5-419f-b18e-c3263bd4e0f3 [2026-09-23T16:35:23.536258] 'jNETVV8QaJip1qyhh5gRzRaArgGAYvi2/r0zPsy+Tgf7v1KGL5Lh8NT8iCEGGXwF\n' + (STDOUT, APP/TASK/deploy-to-postgresql)#
#2026 09 23 16:35:38.815#Z#DEBUG#89a811f3-b76c-11f1-a9d4-eeee0a93f2f4.hpbuysell-otc-salesorder-postgres-deployer#flowable-async-job-executor-thread-28290#
[PollExecuteTaskStatusExecution] 9409158a-3ef5-419f-b18e-c3263bd4e0f3 [2026-09-23T16:35:23.536260] 'g3Ir+Nl3e+9XUp0eyyzBIjHtjLBm6yy8rGk9p6OtFDQnKF5OxwbAgip42CD75r/q\n' + (STDOUT, APP/TASK/deploy-to-postgresql)#
#2026 09 23 16:35:38.815#Z#DEBUG#89a811f3-b76c-11f1-a9d4-eeee0a93f2f4.hpbuysell-otc-salesorder-postgres-deployer#flowable-async-job-executor-thread-28290#
[PollExecuteTaskStatusExecution] 9409158a-3ef5-419f-b18e-c3263bd4e0f3 [2026-09-23T16:35:23.536261] 'p421maEDDvvRFR4D+99JZxgAYDBGqRRceUoe16qDzbMvlz0A9paCZFclxeftAxv6\n' + (STDOUT, APP/TASK/deploy-to-postgresql)#
#2026 09 23 16:35:38.815#Z#DEBUG#89a811f3-b76c-11f1-a9d4-eeee0a93f2f4.hpbuysell-otc-salesorder-postgres-deployer#flowable-async-job-executor-thread-28290#
[PollExecuteTaskStatusExecution] 9409158a-3ef5-419f-b18e-c3263bd4e0f3 [2026-09-23T16:35:23.536263] 'QlR5rItMz/XdzpBJUpYhdzM0gCzAzdQuVO5tjJxmXhkSMcDP+8Q+Uv6FA9k2VpUV\n' + (STDOUT, APP/TASK/deploy-to-postgresql)#
#2026 09 23 16:35:38.815#Z#DEBUG#89a811f3-b76c-11f1-a9d4-eeee0a93f2f4.hpbuysell-otc-salesorder-postgres-deployer#flowable-async-job-executor-thread-28290#
[PollExecuteTaskStatusExecution] 9409158a-3ef5-419f-b18e-c3263bd4e0f3 [2026-09-23T16:35:23.536266] 'E/O5jgpqUJJ2Hc/5rs9VkAPXeA==\n' + (STDOUT, APP/TASK/deploy-to-postgresql)#
#2026 09 23 16:35:38.815#Z#DEBUG#89a811f3-b76c-11f1-a9d4-eeee0a93f2f4.hpbuysell-otc-salesorder-postgres-deployer#flowable-async-job-executor-thread-28290#
[PollExecuteTaskStatusExecution] 9409158a-3ef5-419f-b18e-c3263bd4e0f3 [2026-09-23T16:35:23.536268] '-----END CERTIFICATE-----\n' + (STDOUT, APP/TASK/deploy-to-postgresql)#
#2026 09 23 16:35:38.815#Z#DEBUG#89a811f3-b76c-11f1-a9d4-eeee0a93f2f4.hpbuysell-otc-salesorder-postgres-deployer#flowable-async-job-executor-thread-28290#
[PollExecuteTaskStatusExecution] 9409158a-3ef5-419f-b18e-c3263bd4e0f3 [2026-09-23T16:35:23.536270] '-----BEGIN CERTIFICATE-----\n' + (STDOUT, APP/TASK/deploy-to-postgresql)#
#2026 09 23 16:35:38.815#Z#DEBUG#89a811f3-b76c-11f1-a9d4-eeee0a93f2f4.hpbuysell-otc-salesorder-postgres-deployer#flowable-async-job-executor-thread-28290#
[PollExecuteTaskStatusExecution] 9409158a-3ef5-419f-b18e-c3263bd4e0f3 [2026-09-23T16:35:23.536273] 'MIIF/jCCA+agAwIBAgIQaRHaEqqacXN20e8zZJtmDDANBgkqhkiG9w0BAQwFADCB\n' + (STDOUT, APP/TASK/deploy-to-postgresql)#
#2026 09 23 16:35:38.815#Z#DEBUG#89a811f3-b76c-11f1-a9d4-eeee0a93f2f4.hpbuysell-otc-salesorder-postgres-deployer#flowable-async-job-executor-thread-28290#
[PollExecuteTaskStatusExecution] 9409158a-3ef5-419f-b18e-c3263bd4e0f3 [2026-09-23T16:35:23.536275] 'lzELMAkGA1UEBhMCVVMxIjAgBgNVBAoMGUFtYXpvbiBXZWIgU2VydmljZXMsIElu\n' + (STDOUT, APP/TASK/deploy-to-postgresql)#
#2026 09 23 16:35:38.815#Z#DEBUG#89a811f3-b76c-11f1-a9d4-eeee0a93f2f4.hpbuysell-otc-salesorder-postgres-deployer#flowable-async-job-executor-thread-28290#
[PollExecuteTaskStatusExecution] 9409158a-3ef5-419f-b18e-c3263bd4e0f3 [2026-09-23T16:35:23.536276] 'Yy4xEzARBgNVBAsMCkFtYXpvbiBSRFMxCzAJBgNVBAgMAldBMTAwLgYDVQQDDCdB\n' + (STDOUT, APP/TASK/deploy-to-postgresql)#
#2026 09 23 16:35:38.815#Z#DEBUG#89a811f3-b76c-11f1-a9d4-eeee0a93f2f4.hpbuysell-otc-salesorder-postgres-deployer#flowable-async-job-executor-thread-28290#
[PollExecuteTaskStatusExecution] 9409158a-3ef5-419f-b18e-c3263bd4e0f3 [2026-09-23T16:35:23.536278] 'bWF6b24gUkRTIHVzLWVhc3QtMSBSb290IENBIFJTQTQwOTYgRzExEDAOBgNVBAcM\n' + (STDOUT, APP/TASK/deploy-to-postgresql)#
#2026 09 23 16:35:38.815#Z#DEBUG#89a811f3-b76c-11f1-a9d4-eeee0a93f2f4.hpbuysell-otc-salesorder-postgres-deployer#flowable-async-job-executor-thread-28290#
[PollExecuteTaskStatusExecution] 9409158a-3ef5-419f-b18e-c3263bd4e0f3 [2026-09-23T16:35:23.536490] 'B1NlYXR0bGUwIBcNMjEwNTI1MjIzODM1WhgPMjEyMTA1MjUyMzM4MzVaMIGXMQsw\n' + (STDOUT, APP/TASK/deploy-to-postgresql)#
#2026 09 23 16:35:38.815#Z#DEBUG#89a811f3-b76c-11f1-a9d4-eeee0a93f2f4.hpbuysell-otc-salesorder-postgres-deployer#flowable-async-job-executor-thread-28290#
[PollExecuteTaskStatusExecution] 9409158a-3ef5-419f-b18e-c3263bd4e0f3 [2026-09-23T16:35:23.536494] 'CQYDVQQGEwJVUzEiMCAGA1UECgwZQW1hem9uIFdlYiBTZXJ2aWNlcywgSW5jLjET\n' + (STDOUT, APP/TASK/deploy-to-postgresql)#
#2026 09 23 16:35:38.815#Z#DEBUG#89a811f3-b76c-11f1-a9d4-eeee0a93f2f4.hpbuysell-otc-salesorder-postgres-deployer#flowable-async-job-executor-thread-28290#
[PollExecuteTaskStatusExecution] 9409158a-3ef5-419f-b18e-c3263bd4e0f3 [2026-09-23T16:35:23.536496] 'MBEGA1UECwwKQW1hem9uIFJEUzELMAkGA1UECAwCV0ExMDAuBgNVBAMMJ0FtYXpv\n' + (STDOUT, APP/TASK/deploy-to-postgresql)#
#2026 09 23 16:35:38.815#Z#DEBUG#89a811f3-b76c-11f1-a9d4-eeee0a93f2f4.hpbuysell-otc-salesorder-postgres-deployer#flowable-async-job-executor-thread-28290#
[PollExecuteTaskStatusExecution] 9409158a-3ef5-419f-b18e-c3263bd4e0f3 [2026-09-23T16:35:23.536499] 'biBSRFMgdXMtZWFzdC0xIFJvb3QgQ0EgUlNBNDA5NiBHMTEQMA4GA1UEBwwHU2Vh\n' + (STDOUT, APP/TASK/deploy-to-postgresql)#
#2026 09 23 16:35:38.815#Z#DEBUG#89a811f3-b76c-11f1-a9d4-eeee0a93f2f4.hpbuysell-otc-salesorder-postgres-deployer#flowable-async-job-executor-thread-28290#
[PollExecuteTaskStatusExecution] 9409158a-3ef5-419f-b18e-c3263bd4e0f3 [2026-09-23T16:35:23.536501] 'dHRsZTCCAiIwDQYJKoZIhvcNAQEBBQADggIPADCCAgoCggIBAInfBCaHuvj6Rb5c\n' + (STDOUT, APP/TASK/deploy-to-postgresql)#
#2026 09 23 16:35:38.815#Z#DEBUG#89a811f3-b76c-11f1-a9d4-eeee0a93f2f4.hpbuysell-otc-salesorder-postgres-deployer#flowable-async-job-executor-thread-28290#
[PollExecuteTaskStatusExecution] 9409158a-3ef5-419f-b18e-c3263bd4e0f3 [2026-09-23T16:35:23.536503] 'L5Wmn1jv2PHtEGMHm+7Z8dYosdwouG8VG2A+BCYCZfij9lIGszrTXkY4O7vnXgru\n' + (STDOUT, APP/TASK/deploy-to-postgresql)#
#2026 09 23 16:35:38.815#Z#DEBUG#89a811f3-b76c-11f1-a9d4-eeee0a93f2f4.hpbuysell-otc-salesorder-postgres-deployer#flowable-async-job-executor-thread-28290#
[PollExecuteTaskStatusExecution] 9409158a-3ef5-419f-b18e-c3263bd4e0f3 [2026-09-23T16:35:23.536504] 'JUNdxh0Q3M83p4X+bg+gODUs3jf+Z3Oeq7nTOk/2UYvQLcxP4FEXILxDInbQFcIx\n' + (STDOUT, APP/TASK/deploy-to-postgresql)#
#2026 09 23 16:35:38.815#Z#DEBUG#89a811f3-b76c-11f1-a9d4-eeee0a93f2f4.hpbuysell-otc-salesorder-postgres-deployer#flowable-async-job-executor-thread-28290#
[PollExecuteTaskStatusExecution] 9409158a-3ef5-419f-b18e-c3263bd4e0f3 [2026-09-23T16:35:23.536506] 'yen1ESHggGrjEodgn6nbKQNRfIhjhW+TKYaewfsVWH7EF2pfj+cjbJ6njjgZ0/M9\n' + (STDOUT, APP/TASK/deploy-to-postgresql)#
#2026 09 23 16:35:38.815#Z#DEBUG#89a811f3-b76c-11f1-a9d4-eeee0a93f2f4.hpbuysell-otc-salesorder-postgres-deployer#flowable-async-job-executor-thread-28290#
[PollExecuteTaskStatusExecution] 9409158a-3ef5-419f-b18e-c3263bd4e0f3 [2026-09-23T16:35:23.536507] 'VZifJFBgat6XUTOf3jwHwkCBh7T6rDpgy19A61laImJCQhdTnHKvzTpxcxiLRh69\n' + (STDOUT, APP/TASK/deploy-to-postgresql)#
#2026 09 23 16:35:38.815#Z#DEBUG#89a811f3-b76c-11f1-a9d4-eeee0a93f2f4.hpbuysell-otc-salesorder-postgres-deployer#flowable-async-job-executor-thread-28290#
[PollExecuteTaskStatusExecution] 9409158a-3ef5-419f-b18e-c3263bd4e0f3 [2026-09-23T16:35:23.536510] 'ZObypR7W04OAUmFS88V7IotlPmCL8xf7kwxG+gQfvx31+A9IDMsiTqJ1Cc4fYEKg\n' + (STDOUT, APP/TASK/deploy-to-postgresql)#
#2026 09 23 16:35:38.815#Z#DEBUG#89a811f3-b76c-11f1-a9d4-eeee0a93f2f4.hpbuysell-otc-salesorder-postgres-deployer#flowable-async-job-executor-thread-28290#
[PollExecuteTaskStatusExecution] 9409158a-3ef5-419f-b18e-c3263bd4e0f3 [2026-09-23T16:35:23.536512] 'bL+Vo+2Ii4W2esCTGVYmHm73drznfeKwL+kmIC/Bq+DrZ+veTqKFYwSkpHRyJCEe\n' + (STDOUT, APP/TASK/deploy-to-postgresql)#
#2026 09 23 16:35:38.815#Z#DEBUG#89a811f3-b76c-11f1-a9d4-eeee0a93f2f4.hpbuysell-otc-salesorder-postgres-deployer#flowable-async-job-executor-thread-28290#
[PollExecuteTaskStatusExecution] 9409158a-3ef5-419f-b18e-c3263bd4e0f3 [2026-09-23T16:35:23.536513] 'U4Zym6POqQ/4LBSKwDUhWLJIlq99bjKX+hNTJykB+Lbcx0ScOP4IAZQoxmDxGWxN\n' + (STDOUT, APP/TASK/deploy-to-postgresql)#
#2026 09 23 16:35:38.815#Z#DEBUG#89a811f3-b76c-11f1-a9d4-eeee0a93f2f4.hpbuysell-otc-salesorder-postgres-deployer#flowable-async-job-executor-thread-28290#
[PollExecuteTaskStatusExecution] 9409158a-3ef5-419f-b18e-c3263bd4e0f3 [2026-09-23T16:35:23.536515] 'S+lQj+Cx2pwU3S/7+OxlRndZAX/FKgk7xSMkg88HykUZaZ/ozIiqJqSnGpgXCtED\n' + (STDOUT, APP/TASK/deploy-to-postgresql)#
#2026 09 23 16:35:38.815#Z#DEBUG#89a811f3-b76c-11f1-a9d4-eeee0a93f2f4.hpbuysell-otc-salesorder-postgres-deployer#flowable-async-job-executor-thread-28290#
[PollExecuteTaskStatusExecution] 9409158a-3ef5-419f-b18e-c3263bd4e0f3 [2026-09-23T16:35:23.536516] 'oQ4OJw5ozAr+/wudOawaMwUWQl5asD8fuy/hl5S1nv9XxIc842QJOtJFxhyeMIXt\n' + (STDOUT, APP/TASK/deploy-to-postgresql)#
#2026 09 23 16:35:38.815#Z#DEBUG#89a811f3-b76c-11f1-a9d4-eeee0a93f2f4.hpbuysell-otc-salesorder-postgres-deployer#flowable-async-job-executor-thread-28290#
[PollExecuteTaskStatusExecution] 9409158a-3ef5-419f-b18e-c3263bd4e0f3 [2026-09-23T16:35:23.536517] 'LVECVw/dPekhMjS3Zo3wwRgYbnKG7YXXT5WMxJEnHu8+cYpMiRClzq2BEP6/MtI2\n' + (STDOUT, APP/TASK/deploy-to-postgresql)#
#2026 09 23 16:35:38.815#Z#DEBUG#89a811f3-b76c-11f1-a9d4-eeee0a93f2f4.hpbuysell-otc-salesorder-postgres-deployer#flowable-async-job-executor-thread-28290#
[PollExecuteTaskStatusExecution] 9409158a-3ef5-419f-b18e-c3263bd4e0f3 [2026-09-23T16:35:23.536519] 'AZQQUFu2yFjRGL2OZA6IYjxnXYiRAgMBAAGjQjBAMA8GA1UdEwEB/wQFMAMBAf8w\n' + (STDOUT, APP/TASK/deploy-to-postgresql)#
#2026 09 23 16:35:38.815#Z#DEBUG#89a811f3-b76c-11f1-a9d4-eeee0a93f2f4.hpbuysell-otc-salesorder-postgres-deployer#flowable-async-job-executor-thread-28290#
[PollExecuteTaskStatusExecution] 9409158a-3ef5-419f-b18e-c3263bd4e0f3 [2026-09-23T16:35:23.536521] 'HQYDVR0OBBYEFADCcQCPX2HmkqQcmuHfiQ2jjqnrMA4GA1UdDwEB/wQEAwIBhjAN\n' + (STDOUT, APP/TASK/deploy-to-postgresql)#
#2026 09 23 16:35:38.815#Z#DEBUG#89a811f3-b76c-11f1-a9d4-eeee0a93f2f4.hpbuysell-otc-salesorder-postgres-deployer#flowable-async-job-executor-thread-28290#
[PollExecuteTaskStatusExecution] 9409158a-3ef5-419f-b18e-c3263bd4e0f3 [2026-09-23T16:35:23.536523] 'BgkqhkiG9w0BAQwFAAOCAgEASXkGQ2eUmudIKPeOIF7RBryCoPmMOsqP0+1qxF8l\n' + (STDOUT, APP/TASK/deploy-to-postgresql)#
#2026 09 23 16:35:38.815#Z#DEBUG#89a811f3-b76c-11f1-a9d4-eeee0a93f2f4.hpbuysell-otc-salesorder-postgres-deployer#flowable-async-job-executor-thread-28290#
[PollExecuteTaskStatusExecution] 9409158a-3ef5-419f-b18e-c3263bd4e0f3 [2026-09-23T16:35:23.536524] 'pGkwmrgNDGpmd9s0ArfIVBTc1jmpgB3oiRW9c6n2OmwBKL4UPuQ8O3KwSP0iD2sZ\n' + (STDOUT, APP/TASK/deploy-to-postgresql)#
#2026 09 23 16:35:38.815#Z#DEBUG#89a811f3-b76c-11f1-a9d4-eeee0a93f2f4.hpbuysell-otc-salesorder-postgres-deployer#flowable-async-job-executor-thread-28290#
[PollExecuteTaskStatusExecution] 9409158a-3ef5-419f-b18e-c3263bd4e0f3 [2026-09-23T16:35:23.536527] 'KMXoMEyphCEzW1I2GRvYDugL3Z9MWrnHkoaoH2l8YyTYvszTvdgxBPpM2x4pSkp+\n' + (STDOUT, APP/TASK/deploy-to-postgresql)#
#2026 09 23 16:35:38.815#Z#DEBUG#89a811f3-b76c-11f1-a9d4-eeee0a93f2f4.hpbuysell-otc-salesorder-postgres-deployer#flowable-async-job-executor-thread-28290#
[PollExecuteTaskStatusExecution] 9409158a-3ef5-419f-b18e-c3263bd4e0f3 [2026-09-23T16:35:23.536530] '76d4/eRpJ5mVuQ93nC+YG0wXCxSq63hX4kyZgPxgCdAA+qgFfKIGyNqUIqWgeyTP\n' + (STDOUT, APP/TASK/deploy-to-postgresql)#
#2026 09 23 16:35:38.815#Z#DEBUG#89a811f3-b76c-11f1-a9d4-eeee0a93f2f4.hpbuysell-otc-salesorder-postgres-deployer#flowable-async-job-executor-thread-28290#
[PollExecuteTaskStatusExecution] 9409158a-3ef5-419f-b18e-c3263bd4e0f3 [2026-09-23T16:35:23.536531] 'n5OgKaboYk2141Rf2hGMD3/hsGm0rrJh7g3C0ZirPws3eeJfulvAOIy2IZzqHUSY\n' + (STDOUT, APP/TASK/deploy-to-postgresql)#
#2026 09 23 16:35:38.815#Z#DEBUG#89a811f3-b76c-11f1-a9d4-eeee0a93f2f4.hpbuysell-otc-salesorder-postgres-deployer#flowable-async-job-executor-thread-28290#
[PollExecuteTaskStatusExecution] 9409158a-3ef5-419f-b18e-c3263bd4e0f3 [2026-09-23T16:35:23.536533] 'jkFzraz6LEH3IlArT3jUPvWKqvh2lJWnnp56aqxBR7qHH5voD49UpJWY1K0BjGnS\n' + (STDOUT, APP/TASK/deploy-to-postgresql)#
#2026 09 23 16:35:38.815#Z#DEBUG#89a811f3-b76c-11f1-a9d4-eeee0a93f2f4.hpbuysell-otc-salesorder-postgres-deployer#flowable-async-job-executor-thread-28290#
[PollExecuteTaskStatusExecution] 9409158a-3ef5-419f-b18e-c3263bd4e0f3 [2026-09-23T16:35:23.536535] 'OHcurpp0Yt/BIs4VZeWdCZwI7JaSeDcPMaMDBvND3Ia5Fga0thgYQTG6dE+N5fgF\n' + (STDOUT, APP/TASK/deploy-to-postgresql)#
#2026 09 23 16:35:38.815#Z#DEBUG#89a811f3-b76c-11f1-a9d4-eeee0a93f2f4.hpbuysell-otc-salesorder-postgres-deployer#flowable-async-job-executor-thread-28290#
[PollExecuteTaskStatusExecution] 9409158a-3ef5-419f-b18e-c3263bd4e0f3 [2026-09-23T16:35:23.536536] 'z+hRaujXO2nb0LmddVyvE8prYlWRMuYFv+Co8hcMdJ0lEZlfVNu0jbm9/GmwAZ+l\n' + (STDOUT, APP/TASK/deploy-to-postgresql)#
#2026 09 23 16:35:38.815#Z#DEBUG#89a811f3-b76c-11f1-a9d4-eeee0a93f2f4.hpbuysell-otc-salesorder-postgres-deployer#flowable-async-job-executor-thread-28290#
[PollExecuteTaskStatusExecution] 9409158a-3ef5-419f-b18e-c3263bd4e0f3 [2026-09-23T16:35:23.536540] '9umeYO9yz/uC7edC8XJBglMAKUmVK9wNtOckUWAcCfnPWYLbYa/PqtXBYcxrso5j\n' + (STDOUT, APP/TASK/deploy-to-postgresql)#
#2026 09 23 16:35:38.815#Z#DEBUG#89a811f3-b76c-11f1-a9d4-eeee0a93f2f4.hpbuysell-otc-salesorder-postgres-deployer#flowable-async-job-executor-thread-28290#
[PollExecuteTaskStatusExecution] 9409158a-3ef5-419f-b18e-c3263bd4e0f3 [2026-09-23T16:35:23.536542] 'iaS/A7iEW51uteHBGrViCy1afGG+hiUWwFlesli+Rq4dNstX3h6h2baWABaAxEVJ\n' + (STDOUT, APP/TASK/deploy-to-postgresql)#
#2026 09 23 16:35:38.815#Z#DEBUG#89a811f3-b76c-11f1-a9d4-eeee0a93f2f4.hpbuysell-otc-salesorder-postgres-deployer#flowable-async-job-executor-thread-28290#
[PollExecuteTaskStatusExecution] 9409158a-3ef5-419f-b18e-c3263bd4e0f3 [2026-09-23T16:35:23.536544] 'y1RnTQSz6mROT1VmZSgSVO37rgIyY0Hf0872ogcTS+FfvXgBxCxsNWEbiQ/XXva4\n' + (STDOUT, APP/TASK/deploy-to-postgresql)#
#2026 09 23 16:35:38.815#Z#DEBUG#89a811f3-b76c-11f1-a9d4-eeee0a93f2f4.hpbuysell-otc-salesorder-postgres-deployer#flowable-async-job-executor-thread-28290#
[PollExecuteTaskStatusExecution] 9409158a-3ef5-419f-b18e-c3263bd4e0f3 [2026-09-23T16:35:23.536545] '0Ws=\n' + (STDOUT, APP/TASK/deploy-to-postgresql)#
#2026 09 23 16:35:38.815#Z#DEBUG#89a811f3-b76c-11f1-a9d4-eeee0a93f2f4.hpbuysell-otc-salesorder-postgres-deployer#flowable-async-job-executor-thread-28290#
[PollExecuteTaskStatusExecution] 9409158a-3ef5-419f-b18e-c3263bd4e0f3 [2026-09-23T16:35:23.536547] '-----END CERTIFICATE-----\n' + (STDOUT, APP/TASK/deploy-to-postgresql)#
#2026 09 23 16:35:38.815#Z#DEBUG#89a811f3-b76c-11f1-a9d4-eeee0a93f2f4.hpbuysell-otc-salesorder-postgres-deployer#flowable-async-job-executor-thread-28290#
[PollExecuteTaskStatusExecution] 9409158a-3ef5-419f-b18e-c3263bd4e0f3 [2026-09-23T16:35:23.536548] '-----BEGIN CERTIFICATE-----\n' + (STDOUT, APP/TASK/deploy-to-postgresql)#
#2026 09 23 16:35:38.815#Z#DEBUG#89a811f3-b76c-11f1-a9d4-eeee0a93f2f4.hpbuysell-otc-salesorder-postgres-deployer#flowable-async-job-executor-thread-28290#
[PollExecuteTaskStatusExecution] 9409158a-3ef5-419f-b18e-c3263bd4e0f3 [2026-09-23T16:35:23.536552] 'MIICrjCCAjSgAwIBAgIRAPAlEk8VJPmEzVRRaWvTh2AwCgYIKoZIzj0EAwMwgZYx\n' + (STDOUT, APP/TASK/deploy-to-postgresql)#
#2026 09 23 16:35:38.815#Z#DEBUG#89a811f3-b76c-11f1-a9d4-eeee0a93f2f4.hpbuysell-otc-salesorder-postgres-deployer#flowable-async-job-executor-thread-28290#
[PollExecuteTaskStatusExecution] 9409158a-3ef5-419f-b18e-c3263bd4e0f3 [2026-09-23T16:35:23.536553] 'CzAJBgNVBAYTAlVTMSIwIAYDVQQKDBlBbWF6b24gV2ViIFNlcnZpY2VzLCBJbmMu\n' + (STDOUT, APP/TASK/deploy-to-postgresql)#
#2026 09 23 16:35:38.815#Z#DEBUG#89a811f3-b76c-11f1-a9d4-eeee0a93f2f4.hpbuysell-otc-salesorder-postgres-deployer#flowable-async-job-executor-thread-28290#
[PollExecuteTaskStatusExecution] 9409158a-3ef5-419f-b18e-c3263bd4e0f3 [2026-09-23T16:35:23.536555] 'MRMwEQYDVQQLDApBbWF6b24gUkRTMQswCQYDVQQIDAJXQTEvMC0GA1UEAwwmQW1h\n' + (STDOUT, APP/TASK/deploy-to-postgresql)#
#2026 09 23 16:35:38.815#Z#DEBUG#89a811f3-b76c-11f1-a9d4-eeee0a93f2f4.hpbuysell-otc-salesorder-postgres-deployer#flowable-async-job-executor-thread-28290#
[PollExecuteTaskStatusExecution] 9409158a-3ef5-419f-b18e-c3263bd4e0f3 [2026-09-23T16:35:23.536556] 'em9uIFJEUyB1cy1lYXN0LTEgUm9vdCBDQSBFQ0MzODQgRzExEDAOBgNVBAcMB1Nl\n' + (STDOUT, APP/TASK/deploy-to-postgresql)#
#2026 09 23 16:35:38.815#Z#DEBUG#89a811f3-b76c-11f1-a9d4-eeee0a93f2f4.hpbuysell-otc-salesorder-postgres-deployer#flowable-async-job-executor-thread-28290#
[PollExecuteTaskStatusExecution] 9409158a-3ef5-419f-b18e-c3263bd4e0f3 [2026-09-23T16:35:23.536557] 'YXR0bGUwIBcNMjEwNTI1MjI0MTU1WhgPMjEyMTA1MjUyMzQxNTVaMIGWMQswCQYD\n' + (STDOUT, APP/TASK/deploy-to-postgresql)#
#2026 09 23 16:35:38.815#Z#DEBUG#89a811f3-b76c-11f1-a9d4-eeee0a93f2f4.hpbuysell-otc-salesorder-postgres-deployer#flowable-async-job-executor-thread-28290#
[PollExecuteTaskStatusExecution] 9409158a-3ef5-419f-b18e-c3263bd4e0f3 [2026-09-23T16:35:23.536559] 'VQQGEwJVUzEiMCAGA1UECgwZQW1hem9uIFdlYiBTZXJ2aWNlcywgSW5jLjETMBEG\n' + (STDOUT, APP/TASK/deploy-to-postgresql)#
#2026 09 23 16:35:38.815#Z#DEBUG#89a811f3-b76c-11f1-a9d4-eeee0a93f2f4.hpbuysell-otc-salesorder-postgres-deployer#flowable-async-job-executor-thread-28290#
[PollExecuteTaskStatusExecution] 9409158a-3ef5-419f-b18e-c3263bd4e0f3 [2026-09-23T16:35:23.536562] 'A1UECwwKQW1hem9uIFJEUzELMAkGA1UECAwCV0ExLzAtBgNVBAMMJkFtYXpvbiBS\n' + (STDOUT, APP/TASK/deploy-to-postgresql)#
#2026 09 23 16:35:38.815#Z#DEBUG#89a811f3-b76c-11f1-a9d4-eeee0a93f2f4.hpbuysell-otc-salesorder-postgres-deployer#flowable-async-job-executor-thread-28290#
[PollExecuteTaskStatusExecution] 9409158a-3ef5-419f-b18e-c3263bd4e0f3 [2026-09-23T16:35:23.536563] 'RFMgdXMtZWFzdC0xIFJvb3QgQ0EgRUNDMzg0IEcxMRAwDgYDVQQHDAdTZWF0dGxl\n' + (STDOUT, APP/TASK/deploy-to-postgresql)#
#2026 09 23 16:35:38.815#Z#DEBUG#89a811f3-b76c-11f1-a9d4-eeee0a93f2f4.hpbuysell-otc-salesorder-postgres-deployer#flowable-async-job-executor-thread-28290#
[PollExecuteTaskStatusExecution] 9409158a-3ef5-419f-b18e-c3263bd4e0f3 [2026-09-23T16:35:23.536564] 'MHYwEAYHKoZIzj0CAQYFK4EEACIDYgAEx5xjrup8II4HOJw15NTnS3H5yMrQGlbj\n' + (STDOUT, APP/TASK/deploy-to-postgresql)#
#2026 09 23 16:35:38.815#Z#DEBUG#89a811f3-b76c-11f1-a9d4-eeee0a93f2f4.hpbuysell-otc-salesorder-postgres-deployer#flowable-async-job-executor-thread-28290#
[PollExecuteTaskStatusExecution] 9409158a-3ef5-419f-b18e-c3263bd4e0f3 [2026-09-23T16:35:23.536566] 'EDA5MMGnE9DmHp5dACIxmPXPMe/99nO7wNdl7G71OYPCgEvWm0FhdvVUeTb3LVnV\n' + (STDOUT, APP/TASK/deploy-to-postgresql)#
#2026 09 23 16:35:38.815#Z#DEBUG#89a811f3-b76c-11f1-a9d4-eeee0a93f2f4.hpbuysell-otc-salesorder-postgres-deployer#flowable-async-job-executor-thread-28290#
[PollExecuteTaskStatusExecution] 9409158a-3ef5-419f-b18e-c3263bd4e0f3 [2026-09-23T16:35:23.536567] 'BnaXt32Ek7/oxGk1T+Df03C+W0vmuJ+wo0IwQDAPBgNVHRMBAf8EBTADAQH/MB0G\n' + (STDOUT, APP/TASK/deploy-to-postgresql)#
#2026 09 23 16:35:38.815#Z#DEBUG#89a811f3-b76c-11f1-a9d4-eeee0a93f2f4.hpbuysell-otc-salesorder-postgres-deployer#flowable-async-job-executor-thread-28290#
[PollExecuteTaskStatusExecution] 9409158a-3ef5-419f-b18e-c3263bd4e0f3 [2026-09-23T16:35:23.536569] 'A1UdDgQWBBTGXmqBWN/1tkSea4pNw0oHrjk2UDAOBgNVHQ8BAf8EBAMCAYYwCgYI\n' + (STDOUT, APP/TASK/deploy-to-postgresql)#
#2026 09 23 16:35:38.815#Z#DEBUG#89a811f3-b76c-11f1-a9d4-eeee0a93f2f4.hpbuysell-otc-salesorder-postgres-deployer#flowable-async-job-executor-thread-28290#
[PollExecuteTaskStatusExecution] 9409158a-3ef5-419f-b18e-c3263bd4e0f3 [2026-09-23T16:35:23.536571] 'KoZIzj0EAwMDaAAwZQIxAIqqZWCSrIkZ7zsv/FygtAusW6yvlL935YAWYPVXU30m\n' + (STDOUT, APP/TASK/deploy-to-postgresql)#
#2026 09 23 16:35:38.815#Z#DEBUG#89a811f3-b76c-11f1-a9d4-eeee0a93f2f4.hpbuysell-otc-salesorder-postgres-deployer#flowable-async-job-executor-thread-28290#
[PollExecuteTaskStatusExecution] 9409158a-3ef5-419f-b18e-c3263bd4e0f3 [2026-09-23T16:35:23.536572] 'jkMFLM+/RJ9GMvnO8jHfCgIwB+whlkcItzE9CRQ6CsMo/d5cEHDUu/QW6jSIh9BR\n' + (STDOUT, APP/TASK/deploy-to-postgresql)#
#2026 09 23 16:35:38.815#Z#DEBUG#89a811f3-b76c-11f1-a9d4-eeee0a93f2f4.hpbuysell-otc-salesorder-postgres-deployer#flowable-async-job-executor-thread-28290#
[PollExecuteTaskStatusExecution] 9409158a-3ef5-419f-b18e-c3263bd4e0f3 [2026-09-23T16:35:23.536573] 'OGh9pTYPVkUbBiKPA7lVVhre\n' + (STDOUT, APP/TASK/deploy-to-postgresql)#
#2026 09 23 16:35:38.815#Z#DEBUG#89a811f3-b76c-11f1-a9d4-eeee0a93f2f4.hpbuysell-otc-salesorder-postgres-deployer#flowable-async-job-executor-thread-28290#
[PollExecuteTaskStatusExecution] 9409158a-3ef5-419f-b18e-c3263bd4e0f3 [2026-09-23T16:35:23.536575] '-----END CERTIFICATE-----\n', (STDOUT, APP/TASK/deploy-to-postgresql)#
#2026 09 23 16:35:38.815#Z#DEBUG#89a811f3-b76c-11f1-a9d4-eeee0a93f2f4.hpbuysell-otc-salesorder-postgres-deployer#flowable-async-job-executor-thread-28290#
[PollExecuteTaskStatusExecution] 9409158a-3ef5-419f-b18e-c3263bd4e0f3 [2026-09-23T16:35:23.536578] uri: 'postgres://e4d51886f3dc:daacb78fca6ef102b1397708@postgres-63a33c28-9d9e-4453-821a-000f0ee4a75c.c24srvdukvjo.us-east-1.rds.amazonaws.com:7565/BQiFxAUMVHcr', (STDOUT, APP/TASK/deploy-to-postgresql)#
#2026 09 23 16:35:38.815#Z#DEBUG#89a811f3-b76c-11f1-a9d4-eeee0a93f2f4.hpbuysell-otc-salesorder-postgres-deployer#flowable-async-job-executor-thread-28290#
[PollExecuteTaskStatusExecution] 9409158a-3ef5-419f-b18e-c3263bd4e0f3 [2026-09-23T16:35:23.536580] urls: { (STDOUT, APP/TASK/deploy-to-postgresql)#
#2026 09 23 16:35:38.815#Z#DEBUG#89a811f3-b76c-11f1-a9d4-eeee0a93f2f4.hpbuysell-otc-salesorder-postgres-deployer#flowable-async-job-executor-thread-28290#
[PollExecuteTaskStatusExecution] 9409158a-3ef5-419f-b18e-c3263bd4e0f3 [2026-09-23T16:35:23.536581] api_server: 'https://api-backing-services.us10.data.services.cloud.sap' (STDOUT, APP/TASK/deploy-to-postgresql)#
#2026 09 23 16:35:38.815#Z#DEBUG#89a811f3-b76c-11f1-a9d4-eeee0a93f2f4.hpbuysell-otc-salesorder-postgres-deployer#flowable-async-job-executor-thread-28290#
[PollExecuteTaskStatusExecution] 9409158a-3ef5-419f-b18e-c3263bd4e0f3 [2026-09-23T16:35:23.536583] } (STDOUT, APP/TASK/deploy-to-postgresql)#
#2026 09 23 16:35:38.815#Z#DEBUG#89a811f3-b76c-11f1-a9d4-eeee0a93f2f4.hpbuysell-otc-salesorder-postgres-deployer#flowable-async-job-executor-thread-28290#
[PollExecuteTaskStatusExecution] 9409158a-3ef5-419f-b18e-c3263bd4e0f3 [2026-09-23T16:35:23.536585] } (STDOUT, APP/TASK/deploy-to-postgresql)#
#2026 09 23 16:35:38.815#Z#DEBUG#89a811f3-b76c-11f1-a9d4-eeee0a93f2f4.hpbuysell-otc-salesorder-postgres-deployer#flowable-async-job-executor-thread-28290#
[PollExecuteTaskStatusExecution] 9409158a-3ef5-419f-b18e-c3263bd4e0f3 [2026-09-23T16:35:23.536586] } {} (STDOUT, APP/TASK/deploy-to-postgresql)#
#2026 09 23 16:35:38.815#Z#DEBUG#89a811f3-b76c-11f1-a9d4-eeee0a93f2f4.hpbuysell-otc-salesorder-postgres-deployer#flowable-async-job-executor-thread-28290#
[PollExecuteTaskStatusExecution] 9409158a-3ef5-419f-b18e-c3263bd4e0f3 [2026-09-23T16:35:24.104209] (node:57) DeprecationWarning: Calling client.query() when the client is already executing a query is deprecated and will be removed in pg@9.0. Use async/await or an external async flow control mechanism instead. (STDERR, APP/TASK/deploy-to-postgresql)#
#2026 09 23 16:35:38.815#Z#DEBUG#89a811f3-b76c-11f1-a9d4-eeee0a93f2f4.hpbuysell-otc-salesorder-postgres-deployer#flowable-async-job-executor-thread-28290#
[PollExecuteTaskStatusExecution] 9409158a-3ef5-419f-b18e-c3263bd4e0f3 [2026-09-23T16:35:24.104242] (Use `node --trace-deprecation ...` to show where the warning was created) (STDERR, APP/TASK/deploy-to-postgresql)#
#2026 09 23 16:35:38.815#Z#DEBUG#89a811f3-b76c-11f1-a9d4-eeee0a93f2f4.hpbuysell-otc-salesorder-postgres-deployer#flowable-async-job-executor-thread-28290#
[PollExecuteTaskStatusExecution] 9409158a-3ef5-419f-b18e-c3263bd4e0f3 [2026-09-23T16:35:24.478845] /> deployment to postgres-63a33c28-9d9e-4453-821a-000f0ee4a75c.c24srvdukvjo.us-east-1.rds.amazonaws.com:7565 failed (STDOUT, APP/TASK/deploy-to-postgresql)#
#2026 09 23 16:35:38.815#Z#DEBUG#89a811f3-b76c-11f1-a9d4-eeee0a93f2f4.hpbuysell-otc-salesorder-postgres-deployer#flowable-async-job-executor-thread-28290#
[PollExecuteTaskStatusExecution] 9409158a-3ef5-419f-b18e-c3263bd4e0f3 [2026-09-23T16:35:24.479500] Error: CDS compilation failed (@sap/cds-compiler v6.9.5) (STDERR, APP/TASK/deploy-to-postgresql)#
#2026 09 23 16:35:38.815#Z#DEBUG#89a811f3-b76c-11f1-a9d4-eeee0a93f2f4.hpbuysell-otc-salesorder-postgres-deployer#flowable-async-job-executor-thread-28290#
[PollExecuteTaskStatusExecution] 9409158a-3ef5-419f-b18e-c3263bd4e0f3 [2026-09-23T16:35:24.479517] db/csn.json:811: Error: Dropping elements is not supported (in entity:“hpbuysell.otc.salesorder.SalesOrderAcknowledgements”/element:“ID”) (STDERR, APP/TASK/deploy-to-postgresql)#
#2026 09 23 16:35:38.815#Z#DEBUG#89a811f3-b76c-11f1-a9d4-eeee0a93f2f4.hpbuysell-otc-salesorder-postgres-deployer#flowable-async-job-executor-thread-28290#
[PollExecuteTaskStatusExecution] 9409158a-3ef5-419f-b18e-c3263bd4e0f3 [2026-09-23T16:35:24.479526] at throwWithAnyError (/home/vcap/app/node_modules/@sap/cds-compiler/lib/base/messages.js:607:13) (STDERR, APP/TASK/deploy-to-postgresql)#
#2026 09 23 16:35:38.815#Z#DEBUG#89a811f3-b76c-11f1-a9d4-eeee0a93f2f4.hpbuysell-otc-salesorder-postgres-deployer#flowable-async-job-executor-thread-28290#
[PollExecuteTaskStatusExecution] 9409158a-3ef5-419f-b18e-c3263bd4e0f3 [2026-09-23T16:35:24.479529] at Proxy.toSqlDdl (/home/vcap/app/node_modules/@sap/cds-compiler/lib/render/toSql.js:311:3) (STDERR, APP/TASK/deploy-to-postgresql)#
#2026 09 23 16:35:38.815#Z#DEBUG#89a811f3-b76c-11f1-a9d4-eeee0a93f2f4.hpbuysell-otc-salesorder-postgres-deployer#flowable-async-job-executor-thread-28290#
[PollExecuteTaskStatusExecution] 9409158a-3ef5-419f-b18e-c3263bd4e0f3 [2026-09-23T16:35:24.479531] at sqlMigration (/home/vcap/app/node_modules/@sap/cds-compiler/lib/api/main.js:606:13) (STDERR, APP/TASK/deploy-to-postgresql)#
#2026 09 23 16:35:38.815#Z#DEBUG#89a811f3-b76c-11f1-a9d4-eeee0a93f2f4.hpbuysell-otc-salesorder-postgres-deployer#flowable-async-job-executor-thread-28290#
[PollExecuteTaskStatusExecution] 9409158a-3ef5-419f-b18e-c3263bd4e0f3 [2026-09-23T16:35:24.479533] at Function.api [as migration] (/home/vcap/app/node_modules/@sap/cds-compiler/lib/api/main.js:1185:22) (STDERR, APP/TASK/deploy-to-postgresql)#
#2026 09 23 16:35:38.815#Z#DEBUG#89a811f3-b76c-11f1-a9d4-eeee0a93f2f4.hpbuysell-otc-salesorder-postgres-deployer#flowable-async-job-executor-thread-28290#
[PollExecuteTaskStatusExecution] 9409158a-3ef5-419f-b18e-c3263bd4e0f3 [2026-09-23T16:35:24.479535] at Function.migration (/home/vcap/app/node_modules/@sap/cds-compiler/lib/main.js:157:41) (STDERR, APP/TASK/deploy-to-postgresql)#
#2026 09 23 16:35:38.815#Z#DEBUG#89a811f3-b76c-11f1-a9d4-eeee0a93f2f4.hpbuysell-otc-salesorder-postgres-deployer#flowable-async-job-executor-thread-28290#
[PollExecuteTaskStatusExecution] 9409158a-3ef5-419f-b18e-c3263bd4e0f3 [2026-09-23T16:35:24.479537] at Object.deltaSql (/home/vcap/app/node_modules/@sap/cds/lib/compile/cdsc.js:165:53) (STDERR, APP/TASK/deploy-to-postgresql)#
#2026 09 23 16:35:38.815#Z#DEBUG#89a811f3-b76c-11f1-a9d4-eeee0a93f2f4.hpbuysell-otc-salesorder-postgres-deployer#flowable-async-job-executor-thread-28290#
[PollExecuteTaskStatusExecution] 9409158a-3ef5-419f-b18e-c3263bd4e0f3 [2026-09-23T16:35:24.479540] at /home/vcap/app/node_modules/@sap/cds/lib/compile/to/sql.js:38:61 (STDERR, APP/TASK/deploy-to-postgresql)#
#2026 09 23 16:35:38.815#Z#DEBUG#89a811f3-b76c-11f1-a9d4-eeee0a93f2f4.hpbuysell-otc-salesorder-postgres-deployer#flowable-async-job-executor-thread-28290#
[PollExecuteTaskStatusExecution] 9409158a-3ef5-419f-b18e-c3263bd4e0f3 [2026-09-23T16:35:24.479542] at next (/home/vcap/app/node_modules/@sap/cds/lib/compile/to/sql.js:44:4) (STDERR, APP/TASK/deploy-to-postgresql)#
#2026 09 23 16:35:38.815#Z#DEBUG#89a811f3-b76c-11f1-a9d4-eeee0a93f2f4.hpbuysell-otc-salesorder-postgres-deployer#flowable-async-job-executor-thread-28290#
[PollExecuteTaskStatusExecution] 9409158a-3ef5-419f-b18e-c3263bd4e0f3 [2026-09-23T16:35:24.479545] at Function.cds_compile_to_deltaSql [as delta] (/home/vcap/app/node_modules/@sap/cds/lib/compile/to/sql.js:46:21) (STDERR, APP/TASK/deploy-to-postgresql)#
#2026 09 23 16:35:38.815#Z#DEBUG#89a811f3-b76c-11f1-a9d4-eeee0a93f2f4.hpbuysell-otc-salesorder-postgres-deployer#flowable-async-job-executor-thread-28290#
[PollExecuteTaskStatusExecution] 9409158a-3ef5-419f-b18e-c3263bd4e0f3 [2026-09-23T16:35:24.479546] at deploy.schema (/home/vcap/app/node_modules/@sap/cds/lib/dbs/cds-deploy.js:75:75) (STDERR, APP/TASK/deploy-to-postgresql)#
#2026 09 23 16:35:38.815#Z#DEBUG#89a811f3-b76c-11f1-a9d4-eeee0a93f2f4.hpbuysell-otc-salesorder-postgres-deployer#flowable-async-job-executor-thread-28290#
[PollExecuteTaskStatusExecution] 9409158a-3ef5-419f-b18e-c3263bd4e0f3 [2026-09-23T16:35:24.507673] npm notice (STDERR, APP/TASK/deploy-to-postgresql)#
#2026 09 23 16:35:38.815#Z#DEBUG#89a811f3-b76c-11f1-a9d4-eeee0a93f2f4.hpbuysell-otc-salesorder-postgres-deployer#flowable-async-job-executor-thread-28290#
[PollExecuteTaskStatusExecution] 9409158a-3ef5-419f-b18e-c3263bd4e0f3 [2026-09-23T16:35:24.507698] npm notice New major version of npm available! 10.9.8 -> 12.1.0 (STDERR, APP/TASK/deploy-to-postgresql)#
#2026 09 23 16:35:38.815#Z#DEBUG#89a811f3-b76c-11f1-a9d4-eeee0a93f2f4.hpbuysell-otc-salesorder-postgres-deployer#flowable-async-job-executor-thread-28290#
[PollExecuteTaskStatusExecution] 9409158a-3ef5-419f-b18e-c3263bd4e0f3 [2026-09-23T16:35:24.507706] npm notice Changelog: https://github.com/npm/cli/releases/tag/v12.1.0 (STDERR, APP/TASK/deploy-to-postgresql)#
#2026 09 23 16:35:38.815#Z#DEBUG#89a811f3-b76c-11f1-a9d4-eeee0a93f2f4.hpbuysell-otc-salesorder-postgres-deployer#flowable-async-job-executor-thread-28290#
[PollExecuteTaskStatusExecution] 9409158a-3ef5-419f-b18e-c3263bd4e0f3 [2026-09-23T16:35:24.507708] npm notice To update run: npm install -g npm@12.1.0 (STDERR, APP/TASK/deploy-to-postgresql)#
#2026 09 23 16:35:38.815#Z#DEBUG#89a811f3-b76c-11f1-a9d4-eeee0a93f2f4.hpbuysell-otc-salesorder-postgres-deployer#flowable-async-job-executor-thread-28290#
[PollExecuteTaskStatusExecution] 9409158a-3ef5-419f-b18e-c3263bd4e0f3 [2026-09-23T16:35:24.507709] npm notice (STDERR, APP/TASK/deploy-to-postgresql)#
#2026 09 23 16:35:38.815#Z#DEBUG#89a811f3-b76c-11f1-a9d4-eeee0a93f2f4.hpbuysell-otc-salesorder-postgres-deployer#flowable-async-job-executor-thread-28290#
[PollExecuteTaskStatusExecution] 9409158a-3ef5-419f-b18e-c3263bd4e0f3 [2026-09-23T16:35:24.562666] Exit status 1 (STDOUT, APP/TASK/deploy-to-postgresql)#
#2026 09 23 16:35:38.815#Z#DEBUG#89a811f3-b76c-11f1-a9d4-eeee0a93f2f4.hpbuysell-otc-salesorder-postgres-deployer#flowable-async-job-executor-thread-28290#
[PollExecuteTaskStatusExecution] 9409158a-3ef5-419f-b18e-c3263bd4e0f3 [2026-09-23T16:35:25.355669] Cell d6f6c137-ae8a-48d5-9574-17d171a99dc7 stopping instance 7117c9c4-7e6d-4717-8674-f2fbe6ad5125 (STDOUT, CELL)#
#2026 09 23 16:35:38.815#Z#DEBUG#89a811f3-b76c-11f1-a9d4-eeee0a93f2f4.hpbuysell-otc-salesorder-postgres-deployer#flowable-async-job-executor-thread-28290#
[PollExecuteTaskStatusExecution] 9409158a-3ef5-419f-b18e-c3263bd4e0f3 [2026-09-23T16:35:25.355749] Cell d6f6c137-ae8a-48d5-9574-17d171a99dc7 destroying container for instance 7117c9c4-7e6d-4717-8674-f2fbe6ad5125 (STDOUT, CELL)#
#2026 09 23 16:35:38.815#Z#DEBUG#89a811f3-b76c-11f1-a9d4-eeee0a93f2f4.hpbuysell-otc-salesorder-postgres-deployer#flowable-async-job-executor-thread-28290#
[PollExecuteTaskStatusExecution] 9409158a-3ef5-419f-b18e-c3263bd4e0f3 [2026-09-23T16:35:26.563261] Cell d6f6c137-ae8a-48d5-9574-17d171a99dc7 successfully destroyed container for instance 7117c9c4-7e6d-4717-8674-f2fbe6ad5125 (STDOUT, CELL)#
#2026 09 23 16:35:38.815#Z#DEBUG#89a811f3-b76c-11f1-a9d4-eeee0a93f2f4.hpbuysell-otc-salesorder-postgres-deployer#flowable-async-job-executor-thread-28290#
[PollExecuteTaskStatusExecution] 9409158a-3ef5-419f-b18e-c3263bd4e0f3 [2026-09-23T16:35:32.297242] Cell a2a00f1d-079f-4e20-bb58-abe9cdcb03c8 creating container for instance 075cb87f-c737-451e-95f6-3adef90e6793 (STDOUT, CELL)#
#2026 09 23 16:35:38.815#Z#DEBUG#89a811f3-b76c-11f1-a9d4-eeee0a93f2f4.hpbuysell-otc-salesorder-postgres-deployer#flowable-async-job-executor-thread-28290#
[PollExecuteTaskStatusExecution] 9409158a-3ef5-419f-b18e-c3263bd4e0f3 [2026-09-23T16:35:32.637287] Security group rules were updated (STDOUT, CELL)#
#2026 09 23 16:35:38.815#Z#DEBUG#89a811f3-b76c-11f1-a9d4-eeee0a93f2f4.hpbuysell-otc-salesorder-postgres-deployer#flowable-async-job-executor-thread-28290#
[PollExecuteTaskStatusExecution] 9409158a-3ef5-419f-b18e-c3263bd4e0f3 [2026-09-23T16:35:32.661630] Cell a2a00f1d-079f-4e20-bb58-abe9cdcb03c8 successfully created container for instance 075cb87f-c737-451e-95f6-3adef90e6793 (STDOUT, CELL)#
#2026 09 23 16:35:38.815#Z#DEBUG#89a811f3-b76c-11f1-a9d4-eeee0a93f2f4.hpbuysell-otc-salesorder-postgres-deployer#flowable-async-job-executor-thread-28290#
[PollExecuteTaskStatusExecution] 9409158a-3ef5-419f-b18e-c3263bd4e0f3 [2026-09-23T16:35:36.368605] Invoking pre-start scripts. (STDOUT, APP/TASK/deploy-to-postgresql)#
#2026 09 23 16:35:38.815#Z#DEBUG#89a811f3-b76c-11f1-a9d4-eeee0a93f2f4.hpbuysell-otc-salesorder-postgres-deployer#flowable-async-job-executor-thread-28290#
[PollExecuteTaskStatusExecution] 9409158a-3ef5-419f-b18e-c3263bd4e0f3 [2026-09-23T16:35:36.528982] Invoking start command. (STDOUT, APP/TASK/deploy-to-postgresql)#
#2026 09 23 16:35:38.815#Z#DEBUG#89a811f3-b76c-11f1-a9d4-eeee0a93f2f4.hpbuysell-otc-salesorder-postgres-deployer#flowable-async-job-executor-thread-28290#
[PollExecuteTaskStatusExecution] 9409158a-3ef5-419f-b18e-c3263bd4e0f3 [2026-09-23T16:35:36.854122] > start (STDOUT, APP/TASK/deploy-to-postgresql)#
#2026 09 23 16:35:38.815#Z#DEBUG#89a811f3-b76c-11f1-a9d4-eeee0a93f2f4.hpbuysell-otc-salesorder-postgres-deployer#flowable-async-job-executor-thread-28290#
[PollExecuteTaskStatusExecution] 9409158a-3ef5-419f-b18e-c3263bd4e0f3 [2026-09-23T16:35:36.854153] > cds-deploy (STDOUT, APP/TASK/deploy-to-postgresql)#
#2026 09 23 16:35:38.815#Z#DEBUG#89a811f3-b76c-11f1-a9d4-eeee0a93f2f4.hpbuysell-otc-salesorder-postgres-deployer#flowable-async-job-executor-thread-28290#
[PollExecuteTaskStatusExecution] 9409158a-3ef5-419f-b18e-c3263bd4e0f3 [2026-09-23T16:35:36.911083] Deploying with options: { (STDOUT, APP/TASK/deploy-to-postgresql)#
#2026 09 23 16:35:38.815#Z#DEBUG#89a811f3-b76c-11f1-a9d4-eeee0a93f2f4.hpbuysell-otc-salesorder-postgres-deployer#flowable-async-job-executor-thread-28290#
[PollExecuteTaskStatusExecution] 9409158a-3ef5-419f-b18e-c3263bd4e0f3 [2026-09-23T16:35:36.911115] impl: '@cap-js/postgres', (STDOUT, APP/TASK/deploy-to-postgresql)#
#2026 09 23 16:35:38.815#Z#DEBUG#89a811f3-b76c-11f1-a9d4-eeee0a93f2f4.hpbuysell-otc-salesorder-postgres-deployer#flowable-async-job-executor-thread-28290#
[PollExecuteTaskStatusExecution] 9409158a-3ef5-419f-b18e-c3263bd4e0f3 [2026-09-23T16:35:36.911121] kind: 'postgres', (STDOUT, APP/TASK/deploy-to-postgresql)#
#2026 09 23 16:35:38.815#Z#DEBUG#89a811f3-b76c-11f1-a9d4-eeee0a93f2f4.hpbuysell-otc-salesorder-postgres-deployer#flowable-async-job-executor-thread-28290#
[PollExecuteTaskStatusExecution] 9409158a-3ef5-419f-b18e-c3263bd4e0f3 [2026-09-23T16:35:36.911130] dialect: 'postgres', (STDOUT, APP/TASK/deploy-to-postgresql)#
#2026 09 23 16:35:38.815#Z#DEBUG#89a811f3-b76c-11f1-a9d4-eeee0a93f2f4.hpbuysell-otc-salesorder-postgres-deployer#flowable-async-job-executor-thread-28290#
[PollExecuteTaskStatusExecution] 9409158a-3ef5-419f-b18e-c3263bd4e0f3 [2026-09-23T16:35:36.911135] vcap: { label: 'postgresql-db' }, (STDOUT, APP/TASK/deploy-to-postgresql)#
#2026 09 23 16:35:38.815#Z#DEBUG#89a811f3-b76c-11f1-a9d4-eeee0a93f2f4.hpbuysell-otc-salesorder-postgres-deployer#flowable-async-job-executor-thread-28290#
[PollExecuteTaskStatusExecution] 9409158a-3ef5-419f-b18e-c3263bd4e0f3 [2026-09-23T16:35:36.911140] pool: { (STDOUT, APP/TASK/deploy-to-postgresql)#
#2026 09 23 16:35:38.815#Z#DEBUG#89a811f3-b76c-11f1-a9d4-eeee0a93f2f4.hpbuysell-otc-salesorder-postgres-deployer#flowable-async-job-executor-thread-28290#
[PollExecuteTaskStatusExecution] 9409158a-3ef5-419f-b18e-c3263bd4e0f3 [2026-09-23T16:35:36.911143] min: 0, (STDOUT, APP/TASK/deploy-to-postgresql)#
#2026 09 23 16:35:38.815#Z#DEBUG#89a811f3-b76c-11f1-a9d4-eeee0a93f2f4.hpbuysell-otc-salesorder-postgres-deployer#flowable-async-job-executor-thread-28290#
[PollExecuteTaskStatusExecution] 9409158a-3ef5-419f-b18e-c3263bd4e0f3 [2026-09-23T16:35:36.911147] max: 10, (STDOUT, APP/TASK/deploy-to-postgresql)#
#2026 09 23 16:35:38.815#Z#DEBUG#89a811f3-b76c-11f1-a9d4-eeee0a93f2f4.hpbuysell-otc-salesorder-postgres-deployer#flowable-async-job-executor-thread-28290#
[PollExecuteTaskStatusExecution] 9409158a-3ef5-419f-b18e-c3263bd4e0f3 [2026-09-23T16:35:36.911151] testOnBorrow: true, (STDOUT, APP/TASK/deploy-to-postgresql)#
#2026 09 23 16:35:38.815#Z#DEBUG#89a811f3-b76c-11f1-a9d4-eeee0a93f2f4.hpbuysell-otc-salesorder-postgres-deployer#flowable-async-job-executor-thread-28290#
[PollExecuteTaskStatusExecution] 9409158a-3ef5-419f-b18e-c3263bd4e0f3 [2026-09-23T16:35:36.911158] acquireTimeoutMillis: 1000, (STDOUT, APP/TASK/deploy-to-postgresql)#
#2026 09 23 16:35:38.815#Z#DEBUG#89a811f3-b76c-11f1-a9d4-eeee0a93f2f4.hpbuysell-otc-salesorder-postgres-deployer#flowable-async-job-executor-thread-28290#
[PollExecuteTaskStatusExecution] 9409158a-3ef5-419f-b18e-c3263bd4e0f3 [2026-09-23T16:35:36.911161] destroyTimeoutMillis: 1000 (STDOUT, APP/TASK/deploy-to-postgresql)#
#2026 09 23 16:35:38.815#Z#DEBUG#89a811f3-b76c-11f1-a9d4-eeee0a93f2f4.hpbuysell-otc-salesorder-postgres-deployer#flowable-async-job-executor-thread-28290#
[PollExecuteTaskStatusExecution] 9409158a-3ef5-419f-b18e-c3263bd4e0f3 [2026-09-23T16:35:36.911165] }, (STDOUT, APP/TASK/deploy-to-postgresql)#
#2026 09 23 16:35:38.815#Z#DEBUG#89a811f3-b76c-11f1-a9d4-eeee0a93f2f4.hpbuysell-otc-salesorder-postgres-deployer#flowable-async-job-executor-thread-28290#
[PollExecuteTaskStatusExecution] 9409158a-3ef5-419f-b18e-c3263bd4e0f3 [2026-09-23T16:35:36.911169] schema_evolution: 'auto', (STDOUT, APP/TASK/deploy-to-postgresql)#
#2026 09 23 16:35:38.815#Z#DEBUG#89a811f3-b76c-11f1-a9d4-eeee0a93f2f4.hpbuysell-otc-salesorder-postgres-deployer#flowable-async-job-executor-thread-28290#
[PollExecuteTaskStatusExecution] 9409158a-3ef5-419f-b18e-c3263bd4e0f3 [2026-09-23T16:35:36.911172] credentials: { (STDOUT, APP/TASK/deploy-to-postgresql)#
#2026 09 23 16:35:38.815#Z#DEBUG#89a811f3-b76c-11f1-a9d4-eeee0a93f2f4.hpbuysell-otc-salesorder-postgres-deployer#flowable-async-job-executor-thread-28290#
[PollExecuteTaskStatusExecution] 9409158a-3ef5-419f-b18e-c3263bd4e0f3 [2026-09-23T16:35:36.911175] database: 'db.sqlite', (STDOUT, APP/TASK/deploy-to-postgresql)#
#2026 09 23 16:35:38.815#Z#DEBUG#89a811f3-b76c-11f1-a9d4-eeee0a93f2f4.hpbuysell-otc-salesorder-postgres-deployer#flowable-async-job-executor-thread-28290#
[PollExecuteTaskStatusExecution] 9409158a-3ef5-419f-b18e-c3263bd4e0f3 [2026-09-23T16:35:36.911179] schema: 'hpbuysell_otc_salesorder', (STDOUT, APP/TASK/deploy-to-postgresql)#
#2026 09 23 16:35:38.815#Z#DEBUG#89a811f3-b76c-11f1-a9d4-eeee0a93f2f4.hpbuysell-otc-salesorder-postgres-deployer#flowable-async-job-executor-thread-28290#
[PollExecuteTaskStatusExecution] 9409158a-3ef5-419f-b18e-c3263bd4e0f3 [2026-09-23T16:35:36.911184] hostname: 'postgres-63a33c28-9d9e-4453-821a-000f0ee4a75c.c24srvdukvjo.us-east-1.rds.amazonaws.com', (STDOUT, APP/TASK/deploy-to-postgresql)#
#2026 09 23 16:35:38.815#Z#DEBUG#89a811f3-b76c-11f1-a9d4-eeee0a93f2f4.hpbuysell-otc-salesorder-postgres-deployer#flowable-async-job-executor-thread-28290#
[PollExecuteTaskStatusExecution] 9409158a-3ef5-419f-b18e-c3263bd4e0f3 [2026-09-23T16:35:36.911187] port: '7565', (STDOUT, APP/TASK/deploy-to-postgresql)#
#2026 09 23 16:35:38.815#Z#DEBUG#89a811f3-b76c-11f1-a9d4-eeee0a93f2f4.hpbuysell-otc-salesorder-postgres-deployer#flowable-async-job-executor-thread-28290#
[PollExecuteTaskStatusExecution] 9409158a-3ef5-419f-b18e-c3263bd4e0f3 [2026-09-23T16:35:36.911190] username: 'e4d51886f3dc', (STDOUT, APP/TASK/deploy-to-postgresql)#
#2026 09 23 16:35:38.815#Z#DEBUG#89a811f3-b76c-11f1-a9d4-eeee0a93f2f4.hpbuysell-otc-salesorder-postgres-deployer#flowable-async-job-executor-thread-28290#
[PollExecuteTaskStatusExecution] 9409158a-3ef5-419f-b18e-c3263bd4e0f3 [2026-09-23T16:35:36.911193] password: 'daacb78fca6ef102b1397708', (STDOUT, APP/TASK/deploy-to-postgresql)#
#2026 09 23 16:35:38.815#Z#DEBUG#89a811f3-b76c-11f1-a9d4-eeee0a93f2f4.hpbuysell-otc-salesorder-postgres-deployer#flowable-async-job-executor-thread-28290#
[PollExecuteTaskStatusExecution] 9409158a-3ef5-419f-b18e-c3263bd4e0f3 [2026-09-23T16:35:36.911197] dbname: 'BQiFxAUMVHcr', (STDOUT, APP/TASK/deploy-to-postgresql)#
#2026 09 23 16:35:38.815#Z#DEBUG#89a811f3-b76c-11f1-a9d4-eeee0a93f2f4.hpbuysell-otc-salesorder-postgres-deployer#flowable-async-job-executor-thread-28290#
[PollExecuteTaskStatusExecution] 9409158a-3ef5-419f-b18e-c3263bd4e0f3 [2026-09-23T16:35:36.911201] sslcert: '-----BEGIN CERTIFICATE-----\n' + (STDOUT, APP/TASK/deploy-to-postgresql)#
#2026 09 23 16:35:38.815#Z#DEBUG#89a811f3-b76c-11f1-a9d4-eeee0a93f2f4.hpbuysell-otc-salesorder-postgres-deployer#flowable-async-job-executor-thread-28290#
[PollExecuteTaskStatusExecution] 9409158a-3ef5-419f-b18e-c3263bd4e0f3 [2026-09-23T16:35:36.911205] 'MIID/zCCAuegAwIBAgIRAPVSMfFitmM5PhmbaOFoGfUwDQYJKoZIhvcNAQELBQAw\n' + (STDOUT, APP/TASK/deploy-to-postgresql)#
#2026 09 23 16:35:38.815#Z#DEBUG#89a811f3-b76c-11f1-a9d4-eeee0a93f2f4.hpbuysell-otc-salesorder-postgres-deployer#flowable-async-job-executor-thread-28290#
[PollExecuteTaskStatusExecution] 9409158a-3ef5-419f-b18e-c3263bd4e0f3 [2026-09-23T16:35:36.911208] 'gZcxCzAJBgNVBAYTAlVTMSIwIAYDVQQKDBlBbWF6b24gV2ViIFNlcnZpY2VzLCBJ\n' + (STDOUT, APP/TASK/deploy-to-postgresql)#
#2026 09 23 16:35:38.815#Z#DEBUG#89a811f3-b76c-11f1-a9d4-eeee0a93f2f4.hpbuysell-otc-salesorder-postgres-deployer#flowable-async-job-executor-thread-28290#
[PollExecuteTaskStatusExecution] 9409158a-3ef5-419f-b18e-c3263bd4e0f3 [2026-09-23T16:35:36.911211] 'bmMuMRMwEQYDVQQLDApBbWF6b24gUkRTMQswCQYDVQQIDAJXQTEwMC4GA1UEAwwn\n' + (STDOUT, APP/TASK/deploy-to-postgresql)#
#2026 09 23 16:35:38.815#Z#DEBUG#89a811f3-b76c-11f1-a9d4-eeee0a93f2f4.hpbuysell-otc-salesorder-postgres-deployer#flowable-async-job-executor-thread-28290#
[PollExecuteTaskStatusExecution] 9409158a-3ef5-419f-b18e-c3263bd4e0f3 [2026-09-23T16:35:36.911214] 'QW1hem9uIFJEUyB1cy1lYXN0LTEgUm9vdCBDQSBSU0EyMDQ4IEcxMRAwDgYDVQQH\n' + (STDOUT, APP/TASK/deploy-to-postgresql)#
#2026 09 23 16:35:38.815#Z#DEBUG#89a811f3-b76c-11f1-a9d4-eeee0a93f2f4.hpbuysell-otc-salesorder-postgres-deployer#flowable-async-job-executor-thread-28290#
[PollExecuteTaskStatusExecution] 9409158a-3ef5-419f-b18e-c3263bd4e0f3 [2026-09-23T16:35:36.911220] 'DAdTZWF0dGxlMCAXDTIxMDUyNTIyMzQ1N1oYDzIwNjEwNTI1MjMzNDU3WjCBlzEL\n' + (STDOUT, APP/TASK/deploy-to-postgresql)#
#2026 09 23 16:35:38.815#Z#DEBUG#89a811f3-b76c-11f1-a9d4-eeee0a93f2f4.hpbuysell-otc-salesorder-postgres-deployer#flowable-async-job-executor-thread-28290#
[PollExecuteTaskStatusExecution] 9409158a-3ef5-419f-b18e-c3263bd4e0f3 [2026-09-23T16:35:36.911224] 'MAkGA1UEBhMCVVMxIjAgBgNVBAoMGUFtYXpvbiBXZWIgU2VydmljZXMsIEluYy4x\n' + (STDOUT, APP/TASK/deploy-to-postgresql)#
#2026 09 23 16:35:38.815#Z#DEBUG#89a811f3-b76c-11f1-a9d4-eeee0a93f2f4.hpbuysell-otc-salesorder-postgres-deployer#flowable-async-job-executor-thread-28290#
[PollExecuteTaskStatusExecution] 9409158a-3ef5-419f-b18e-c3263bd4e0f3 [2026-09-23T16:35:36.911228] 'EzARBgNVBAsMCkFtYXpvbiBSRFMxCzAJBgNVBAgMAldBMTAwLgYDVQQDDCdBbWF6\n' + (STDOUT, APP/TASK/deploy-to-postgresql)#
#2026 09 23 16:35:38.815#Z#DEBUG#89a811f3-b76c-11f1-a9d4-eeee0a93f2f4.hpbuysell-otc-salesorder-postgres-deployer#flowable-async-job-executor-thread-28290#
[PollExecuteTaskStatusExecution] 9409158a-3ef5-419f-b18e-c3263bd4e0f3 [2026-09-23T16:35:36.911233] 'b24gUkRTIHVzLWVhc3QtMSBSb290IENBIFJTQTIwNDggRzExEDAOBgNVBAcMB1Nl\n' + (STDOUT, APP/TASK/deploy-to-postgresql)#
#2026 09 23 16:35:38.815#Z#DEBUG#89a811f3-b76c-11f1-a9d4-eeee0a93f2f4.hpbuysell-otc-salesorder-postgres-deployer#flowable-async-job-executor-thread-28290#
[PollExecuteTaskStatusExecution] 9409158a-3ef5-419f-b18e-c3263bd4e0f3 [2026-09-23T16:35:36.911273] 'YXR0bGUwggEiMA0GCSqGSIb3DQEBAQUAA4IBDwAwggEKAoIBAQDu9H7TBeGoDzMr\n' + (STDOUT, APP/TASK/deploy-to-postgresql)#
#2026 09 23 16:35:38.815#Z#DEBUG#89a811f3-b76c-11f1-a9d4-eeee0a93f2f4.hpbuysell-otc-salesorder-postgres-deployer#flowable-async-job-executor-thread-28290#
[PollExecuteTaskStatusExecution] 9409158a-3ef5-419f-b18e-c3263bd4e0f3 [2026-09-23T16:35:36.911277] 'dxN6H8COntJX4IR6dbyhnj5qMD4xl/IWvp50lt0VpmMd+z2PNZzx8RazeGC5IniV\n' + (STDOUT, APP/TASK/deploy-to-postgresql)#
#2026 09 23 16:35:38.815#Z#DEBUG#89a811f3-b76c-11f1-a9d4-eeee0a93f2f4.hpbuysell-otc-salesorder-postgres-deployer#flowable-async-job-executor-thread-28290#
[PollExecuteTaskStatusExecution] 9409158a-3ef5-419f-b18e-c3263bd4e0f3 [2026-09-23T16:35:36.911281] '5nrLg0AKWRQ2A/lGGXbUrGXCSe09brMQCxWBSIYe1WZZ1iU1IJ/6Bp4D2YEHpXrW\n' + (STDOUT, APP/TASK/deploy-to-postgresql)#
#2026 09 23 16:35:38.815#Z#DEBUG#89a811f3-b76c-11f1-a9d4-eeee0a93f2f4.hpbuysell-otc-salesorder-postgres-deployer#flowable-async-job-executor-thread-28290#
[PollExecuteTaskStatusExecution] 9409158a-3ef5-419f-b18e-c3263bd4e0f3 [2026-09-23T16:35:36.911285] 'bPkOq5x3YPcsoitgm1Xh8ygz6vb7PsvJvPbvRMnkDg5IqEThapPjmKb8ZJWyEFEE\n' + (STDOUT, APP/TASK/deploy-to-postgresql)#
#2026 09 23 16:35:38.815#Z#DEBUG#89a811f3-b76c-11f1-a9d4-eeee0a93f2f4.hpbuysell-otc-salesorder-postgres-deployer#flowable-async-job-executor-thread-28290#
[PollExecuteTaskStatusExecution] 9409158a-3ef5-419f-b18e-c3263bd4e0f3 [2026-09-23T16:35:36.911288] 'QRrkCIRueB1EqQtJw0fvP4PKDlCJAKBEs/y049FoOqYpT3pRy0WKqPhWve+hScMd\n' + (STDOUT, APP/TASK/deploy-to-postgresql)#
#2026 09 23 16:35:38.815#Z#DEBUG#89a811f3-b76c-11f1-a9d4-eeee0a93f2f4.hpbuysell-otc-salesorder-postgres-deployer#flowable-async-job-executor-thread-28290#
[PollExecuteTaskStatusExecution] 9409158a-3ef5-419f-b18e-c3263bd4e0f3 [2026-09-23T16:35:36.911291] '6obq8kxTFy1IHACjHc51nrGII5Bt76/MpTWhnJIJrCnq1/Uc3Qs8IVeb+sLaFC8K\n' + (STDOUT, APP/TASK/deploy-to-postgresql)#
#2026 09 23 16:35:38.815#Z#DEBUG#89a811f3-b76c-11f1-a9d4-eeee0a93f2f4.hpbuysell-otc-salesorder-postgres-deployer#flowable-async-job-executor-thread-28290#
[PollExecuteTaskStatusExecution] 9409158a-3ef5-419f-b18e-c3263bd4e0f3 [2026-09-23T16:35:36.911294] 'DI69Sw6bAgMBAAGjQjBAMA8GA1UdEwEB/wQFMAMBAf8wHQYDVR0OBBYEFE7PCopt\n' + (STDOUT, APP/TASK/deploy-to-postgresql)#
#2026 09 23 16:35:38.815#Z#DEBUG#89a811f3-b76c-11f1-a9d4-eeee0a93f2f4.hpbuysell-otc-salesorder-postgres-deployer#flowable-async-job-executor-thread-28290#
[PollExecuteTaskStatusExecution] 9409158a-3ef5-419f-b18e-c3263bd4e0f3 [2026-09-23T16:35:36.911297] 'lyOgtXX0Y1lObBUxuKaCMA4GA1UdDwEB/wQEAwIBhjANBgkqhkiG9w0BAQsFAAOC\n' + (STDOUT, APP/TASK/deploy-to-postgresql)#
#2026 09 23 16:35:38.815#Z#DEBUG#89a811f3-b76c-11f1-a9d4-eeee0a93f2f4.hpbuysell-otc-salesorder-postgres-deployer#flowable-async-job-executor-thread-28290#
[PollExecuteTaskStatusExecution] 9409158a-3ef5-419f-b18e-c3263bd4e0f3 [2026-09-23T16:35:36.911304] 'AQEAFj+bX8gLmMNefr5jRJfHjrL3iuZCjf7YEZgn89pS4z8408mjj9z6Q5D1H7yS\n' + (STDOUT, APP/TASK/deploy-to-postgresql)#
#2026 09 23 16:35:38.815#Z#DEBUG#89a811f3-b76c-11f1-a9d4-eeee0a93f2f4.hpbuysell-otc-salesorder-postgres-deployer#flowable-async-job-executor-thread-28290#
[PollExecuteTaskStatusExecution] 9409158a-3ef5-419f-b18e-c3263bd4e0f3 [2026-09-23T16:35:36.911307] 'jNETVV8QaJip1qyhh5gRzRaArgGAYvi2/r0zPsy+Tgf7v1KGL5Lh8NT8iCEGGXwF\n' + (STDOUT, APP/TASK/deploy-to-postgresql)#
#2026 09 23 16:35:38.815#Z#DEBUG#89a811f3-b76c-11f1-a9d4-eeee0a93f2f4.hpbuysell-otc-salesorder-postgres-deployer#flowable-async-job-executor-thread-28290#
[PollExecuteTaskStatusExecution] 9409158a-3ef5-419f-b18e-c3263bd4e0f3 [2026-09-23T16:35:36.911311] 'g3Ir+Nl3e+9XUp0eyyzBIjHtjLBm6yy8rGk9p6OtFDQnKF5OxwbAgip42CD75r/q\n' + (STDOUT, APP/TASK/deploy-to-postgresql)#
#2026 09 23 16:35:38.815#Z#DEBUG#89a811f3-b76c-11f1-a9d4-eeee0a93f2f4.hpbuysell-otc-salesorder-postgres-deployer#flowable-async-job-executor-thread-28290#
[PollExecuteTaskStatusExecution] 9409158a-3ef5-419f-b18e-c3263bd4e0f3 [2026-09-23T16:35:36.911314] 'p421maEDDvvRFR4D+99JZxgAYDBGqRRceUoe16qDzbMvlz0A9paCZFclxeftAxv6\n' + (STDOUT, APP/TASK/deploy-to-postgresql)#
#2026 09 23 16:35:38.815#Z#DEBUG#89a811f3-b76c-11f1-a9d4-eeee0a93f2f4.hpbuysell-otc-salesorder-postgres-deployer#flowable-async-job-executor-thread-28290#
[PollExecuteTaskStatusExecution] 9409158a-3ef5-419f-b18e-c3263bd4e0f3 [2026-09-23T16:35:36.911317] 'QlR5rItMz/XdzpBJUpYhdzM0gCzAzdQuVO5tjJxmXhkSMcDP+8Q+Uv6FA9k2VpUV\n' + (STDOUT, APP/TASK/deploy-to-postgresql)#
#2026 09 23 16:35:38.815#Z#DEBUG#89a811f3-b76c-11f1-a9d4-eeee0a93f2f4.hpbuysell-otc-salesorder-postgres-deployer#flowable-async-job-executor-thread-28290#
[PollExecuteTaskStatusExecution] 9409158a-3ef5-419f-b18e-c3263bd4e0f3 [2026-09-23T16:35:36.911322] 'E/O5jgpqUJJ2Hc/5rs9VkAPXeA==\n' + (STDOUT, APP/TASK/deploy-to-postgresql)#
#2026 09 23 16:35:38.815#Z#DEBUG#89a811f3-b76c-11f1-a9d4-eeee0a93f2f4.hpbuysell-otc-salesorder-postgres-deployer#flowable-async-job-executor-thread-28290#
[PollExecuteTaskStatusExecution] 9409158a-3ef5-419f-b18e-c3263bd4e0f3 [2026-09-23T16:35:36.911325] '-----END CERTIFICATE-----\n' + (STDOUT, APP/TASK/deploy-to-postgresql)#
#2026 09 23 16:35:38.815#Z#DEBUG#89a811f3-b76c-11f1-a9d4-eeee0a93f2f4.hpbuysell-otc-salesorder-postgres-deployer#flowable-async-job-executor-thread-28290#
[PollExecuteTaskStatusExecution] 9409158a-3ef5-419f-b18e-c3263bd4e0f3 [2026-09-23T16:35:36.911331] '-----BEGIN CERTIFICATE-----\n' + (STDOUT, APP/TASK/deploy-to-postgresql)#
#2026 09 23 16:35:38.815#Z#DEBUG#89a811f3-b76c-11f1-a9d4-eeee0a93f2f4.hpbuysell-otc-salesorder-postgres-deployer#flowable-async-job-executor-thread-28290#
[PollExecuteTaskStatusExecution] 9409158a-3ef5-419f-b18e-c3263bd4e0f3 [2026-09-23T16:35:36.911335] 'MIIF/jCCA+agAwIBAgIQaRHaEqqacXN20e8zZJtmDDANBgkqhkiG9w0BAQwFADCB\n' + (STDOUT, APP/TASK/deploy-to-postgresql)#
#2026 09 23 16:35:38.815#Z#DEBUG#89a811f3-b76c-11f1-a9d4-eeee0a93f2f4.hpbuysell-otc-salesorder-postgres-deployer#flowable-async-job-executor-thread-28290#
[PollExecuteTaskStatusExecution] 9409158a-3ef5-419f-b18e-c3263bd4e0f3 [2026-09-23T16:35:36.911338] 'lzELMAkGA1UEBhMCVVMxIjAgBgNVBAoMGUFtYXpvbiBXZWIgU2VydmljZXMsIElu\n' + (STDOUT, APP/TASK/deploy-to-postgresql)#
#2026 09 23 16:35:38.815#Z#DEBUG#89a811f3-b76c-11f1-a9d4-eeee0a93f2f4.hpbuysell-otc-salesorder-postgres-deployer#flowable-async-job-executor-thread-28290#
[PollExecuteTaskStatusExecution] 9409158a-3ef5-419f-b18e-c3263bd4e0f3 [2026-09-23T16:35:36.911341] 'Yy4xEzARBgNVBAsMCkFtYXpvbiBSRFMxCzAJBgNVBAgMAldBMTAwLgYDVQQDDCdB\n' + (STDOUT, APP/TASK/deploy-to-postgresql)#
#2026 09 23 16:35:38.815#Z#DEBUG#89a811f3-b76c-11f1-a9d4-eeee0a93f2f4.hpbuysell-otc-salesorder-postgres-deployer#flowable-async-job-executor-thread-28290#
[PollExecuteTaskStatusExecution] 9409158a-3ef5-419f-b18e-c3263bd4e0f3 [2026-09-23T16:35:36.911344] 'bWF6b24gUkRTIHVzLWVhc3QtMSBSb290IENBIFJTQTQwOTYgRzExEDAOBgNVBAcM\n' + (STDOUT, APP/TASK/deploy-to-postgresql)#
#2026 09 23 16:35:38.815#Z#DEBUG#89a811f3-b76c-11f1-a9d4-eeee0a93f2f4.hpbuysell-otc-salesorder-postgres-deployer#flowable-async-job-executor-thread-28290#
[PollExecuteTaskStatusExecution] 9409158a-3ef5-419f-b18e-c3263bd4e0f3 [2026-09-23T16:35:36.911347] 'B1NlYXR0bGUwIBcNMjEwNTI1MjIzODM1WhgPMjEyMTA1MjUyMzM4MzVaMIGXMQsw\n' + (STDOUT, APP/TASK/deploy-to-postgresql)#
#2026 09 23 16:35:38.815#Z#DEBUG#89a811f3-b76c-11f1-a9d4-eeee0a93f2f4.hpbuysell-otc-salesorder-postgres-deployer#flowable-async-job-executor-thread-28290#
[PollExecuteTaskStatusExecution] 9409158a-3ef5-419f-b18e-c3263bd4e0f3 [2026-09-23T16:35:36.911355] 'CQYDVQQGEwJVUzEiMCAGA1UECgwZQW1hem9uIFdlYiBTZXJ2aWNlcywgSW5jLjET\n' + (STDOUT, APP/TASK/deploy-to-postgresql)#
#2026 09 23 16:35:38.815#Z#DEBUG#89a811f3-b76c-11f1-a9d4-eeee0a93f2f4.hpbuysell-otc-salesorder-postgres-deployer#flowable-async-job-executor-thread-28290#
[PollExecuteTaskStatusExecution] 9409158a-3ef5-419f-b18e-c3263bd4e0f3 [2026-09-23T16:35:36.911358] 'MBEGA1UECwwKQW1hem9uIFJEUzELMAkGA1UECAwCV0ExMDAuBgNVBAMMJ0FtYXpv\n' + (STDOUT, APP/TASK/deploy-to-postgresql)#
#2026 09 23 16:35:38.815#Z#DEBUG#89a811f3-b76c-11f1-a9d4-eeee0a93f2f4.hpbuysell-otc-salesorder-postgres-deployer#flowable-async-job-executor-thread-28290#
[PollExecuteTaskStatusExecution] 9409158a-3ef5-419f-b18e-c3263bd4e0f3 [2026-09-23T16:35:36.911362] 'biBSRFMgdXMtZWFzdC0xIFJvb3QgQ0EgUlNBNDA5NiBHMTEQMA4GA1UEBwwHU2Vh\n' + (STDOUT, APP/TASK/deploy-to-postgresql)#
#2026 09 23 16:35:38.815#Z#DEBUG#89a811f3-b76c-11f1-a9d4-eeee0a93f2f4.hpbuysell-otc-salesorder-postgres-deployer#flowable-async-job-executor-thread-28290#
[PollExecuteTaskStatusExecution] 9409158a-3ef5-419f-b18e-c3263bd4e0f3 [2026-09-23T16:35:36.911365] 'dHRsZTCCAiIwDQYJKoZIhvcNAQEBBQADggIPADCCAgoCggIBAInfBCaHuvj6Rb5c\n' + (STDOUT, APP/TASK/deploy-to-postgresql)#
#2026 09 23 16:35:38.815#Z#DEBUG#89a811f3-b76c-11f1-a9d4-eeee0a93f2f4.hpbuysell-otc-salesorder-postgres-deployer#flowable-async-job-executor-thread-28290#
[PollExecuteTaskStatusExecution] 9409158a-3ef5-419f-b18e-c3263bd4e0f3 [2026-09-23T16:35:36.911370] 'L5Wmn1jv2PHtEGMHm+7Z8dYosdwouG8VG2A+BCYCZfij9lIGszrTXkY4O7vnXgru\n' + (STDOUT, APP/TASK/deploy-to-postgresql)#
#2026 09 23 16:35:38.815#Z#DEBUG#89a811f3-b76c-11f1-a9d4-eeee0a93f2f4.hpbuysell-otc-salesorder-postgres-deployer#flowable-async-job-executor-thread-28290#
[PollExecuteTaskStatusExecution] 9409158a-3ef5-419f-b18e-c3263bd4e0f3 [2026-09-23T16:35:36.911375] 'JUNdxh0Q3M83p4X+bg+gODUs3jf+Z3Oeq7nTOk/2UYvQLcxP4FEXILxDInbQFcIx\n' + (STDOUT, APP/TASK/deploy-to-postgresql)#
#2026 09 23 16:35:38.815#Z#DEBUG#89a811f3-b76c-11f1-a9d4-eeee0a93f2f4.hpbuysell-otc-salesorder-postgres-deployer#flowable-async-job-executor-thread-28290#
[PollExecuteTaskStatusExecution] 9409158a-3ef5-419f-b18e-c3263bd4e0f3 [2026-09-23T16:35:36.911379] 'yen1ESHggGrjEodgn6nbKQNRfIhjhW+TKYaewfsVWH7EF2pfj+cjbJ6njjgZ0/M9\n' + (STDOUT, APP/TASK/deploy-to-postgresql)#
#2026 09 23 16:35:38.815#Z#DEBUG#89a811f3-b76c-11f1-a9d4-eeee0a93f2f4.hpbuysell-otc-salesorder-postgres-deployer#flowable-async-job-executor-thread-28290#
[PollExecuteTaskStatusExecution] 9409158a-3ef5-419f-b18e-c3263bd4e0f3 [2026-09-23T16:35:36.911383] 'VZifJFBgat6XUTOf3jwHwkCBh7T6rDpgy19A61laImJCQhdTnHKvzTpxcxiLRh69\n' + (STDOUT, APP/TASK/deploy-to-postgresql)#
#2026 09 23 16:35:38.815#Z#DEBUG#89a811f3-b76c-11f1-a9d4-eeee0a93f2f4.hpbuysell-otc-salesorder-postgres-deployer#flowable-async-job-executor-thread-28290#
[PollExecuteTaskStatusExecution] 9409158a-3ef5-419f-b18e-c3263bd4e0f3 [2026-09-23T16:35:36.911387] 'ZObypR7W04OAUmFS88V7IotlPmCL8xf7kwxG+gQfvx31+A9IDMsiTqJ1Cc4fYEKg\n' + (STDOUT, APP/TASK/deploy-to-postgresql)#
#2026 09 23 16:35:38.815#Z#DEBUG#89a811f3-b76c-11f1-a9d4-eeee0a93f2f4.hpbuysell-otc-salesorder-postgres-deployer#flowable-async-job-executor-thread-28290#
[PollExecuteTaskStatusExecution] 9409158a-3ef5-419f-b18e-c3263bd4e0f3 [2026-09-23T16:35:36.911390] 'bL+Vo+2Ii4W2esCTGVYmHm73drznfeKwL+kmIC/Bq+DrZ+veTqKFYwSkpHRyJCEe\n' + (STDOUT, APP/TASK/deploy-to-postgresql)#
#2026 09 23 16:35:38.815#Z#DEBUG#89a811f3-b76c-11f1-a9d4-eeee0a93f2f4.hpbuysell-otc-salesorder-postgres-deployer#flowable-async-job-executor-thread-28290#
[PollExecuteTaskStatusExecution] 9409158a-3ef5-419f-b18e-c3263bd4e0f3 [2026-09-23T16:35:36.911393] 'U4Zym6POqQ/4LBSKwDUhWLJIlq99bjKX+hNTJykB+Lbcx0ScOP4IAZQoxmDxGWxN\n' + (STDOUT, APP/TASK/deploy-to-postgresql)#
#2026 09 23 16:35:38.815#Z#DEBUG#89a811f3-b76c-11f1-a9d4-eeee0a93f2f4.hpbuysell-otc-salesorder-postgres-deployer#flowable-async-job-executor-thread-28290#
[PollExecuteTaskStatusExecution] 9409158a-3ef5-419f-b18e-c3263bd4e0f3 [2026-09-23T16:35:36.911397] 'S+lQj+Cx2pwU3S/7+OxlRndZAX/FKgk7xSMkg88HykUZaZ/ozIiqJqSnGpgXCtED\n' + (STDOUT, APP/TASK/deploy-to-postgresql)#
#2026 09 23 16:35:38.815#Z#DEBUG#89a811f3-b76c-11f1-a9d4-eeee0a93f2f4.hpbuysell-otc-salesorder-postgres-deployer#flowable-async-job-executor-thread-28290#
[PollExecuteTaskStatusExecution] 9409158a-3ef5-419f-b18e-c3263bd4e0f3 [2026-09-23T16:35:36.911400] 'oQ4OJw5ozAr+/wudOawaMwUWQl5asD8fuy/hl5S1nv9XxIc842QJOtJFxhyeMIXt\n' + (STDOUT, APP/TASK/deploy-to-postgresql)#
#2026 09 23 16:35:38.815#Z#DEBUG#89a811f3-b76c-11f1-a9d4-eeee0a93f2f4.hpbuysell-otc-salesorder-postgres-deployer#flowable-async-job-executor-thread-28290#
[PollExecuteTaskStatusExecution] 9409158a-3ef5-419f-b18e-c3263bd4e0f3 [2026-09-23T16:35:36.911403] 'LVECVw/dPekhMjS3Zo3wwRgYbnKG7YXXT5WMxJEnHu8+cYpMiRClzq2BEP6/MtI2\n' + (STDOUT, APP/TASK/deploy-to-postgresql)#
#2026 09 23 16:35:38.815#Z#DEBUG#89a811f3-b76c-11f1-a9d4-eeee0a93f2f4.hpbuysell-otc-salesorder-postgres-deployer#flowable-async-job-executor-thread-28290#
[PollExecuteTaskStatusExecution] 9409158a-3ef5-419f-b18e-c3263bd4e0f3 [2026-09-23T16:35:36.911406] 'AZQQUFu2yFjRGL2OZA6IYjxnXYiRAgMBAAGjQjBAMA8GA1UdEwEB/wQFMAMBAf8w\n' + (STDOUT, APP/TASK/deploy-to-postgresql)#
#2026 09 23 16:35:38.815#Z#DEBUG#89a811f3-b76c-11f1-a9d4-eeee0a93f2f4.hpbuysell-otc-salesorder-postgres-deployer#flowable-async-job-executor-thread-28290#
[PollExecuteTaskStatusExecution] 9409158a-3ef5-419f-b18e-c3263bd4e0f3 [2026-09-23T16:35:36.911410] 'HQYDVR0OBBYEFADCcQCPX2HmkqQcmuHfiQ2jjqnrMA4GA1UdDwEB/wQEAwIBhjAN\n' + (STDOUT, APP/TASK/deploy-to-postgresql)#
#2026 09 23 16:35:38.815#Z#DEBUG#89a811f3-b76c-11f1-a9d4-eeee0a93f2f4.hpbuysell-otc-salesorder-postgres-deployer#flowable-async-job-executor-thread-28290#
[PollExecuteTaskStatusExecution] 9409158a-3ef5-419f-b18e-c3263bd4e0f3 [2026-09-23T16:35:36.911413] 'BgkqhkiG9w0BAQwFAAOCAgEASXkGQ2eUmudIKPeOIF7RBryCoPmMOsqP0+1qxF8l\n' + (STDOUT, APP/TASK/deploy-to-postgresql)#
#2026 09 23 16:35:38.815#Z#DEBUG#89a811f3-b76c-11f1-a9d4-eeee0a93f2f4.hpbuysell-otc-salesorder-postgres-deployer#flowable-async-job-executor-thread-28290#
[PollExecuteTaskStatusExecution] 9409158a-3ef5-419f-b18e-c3263bd4e0f3 [2026-09-23T16:35:36.911425] 'pGkwmrgNDGpmd9s0ArfIVBTc1jmpgB3oiRW9c6n2OmwBKL4UPuQ8O3KwSP0iD2sZ\n' + (STDOUT, APP/TASK/deploy-to-postgresql)#
#2026 09 23 16:35:38.815#Z#DEBUG#89a811f3-b76c-11f1-a9d4-eeee0a93f2f4.hpbuysell-otc-salesorder-postgres-deployer#flowable-async-job-executor-thread-28290#
[PollExecuteTaskStatusExecution] 9409158a-3ef5-419f-b18e-c3263bd4e0f3 [2026-09-23T16:35:36.911428] 'KMXoMEyphCEzW1I2GRvYDugL3Z9MWrnHkoaoH2l8YyTYvszTvdgxBPpM2x4pSkp+\n' + (STDOUT, APP/TASK/deploy-to-postgresql)#
#2026 09 23 16:35:38.815#Z#DEBUG#89a811f3-b76c-11f1-a9d4-eeee0a93f2f4.hpbuysell-otc-salesorder-postgres-deployer#flowable-async-job-executor-thread-28290#
[PollExecuteTaskStatusExecution] 9409158a-3ef5-419f-b18e-c3263bd4e0f3 [2026-09-23T16:35:36.911431] '76d4/eRpJ5mVuQ93nC+YG0wXCxSq63hX4kyZgPxgCdAA+qgFfKIGyNqUIqWgeyTP\n' + (STDOUT, APP/TASK/deploy-to-postgresql)#
#2026 09 23 16:35:38.815#Z#DEBUG#89a811f3-b76c-11f1-a9d4-eeee0a93f2f4.hpbuysell-otc-salesorder-postgres-deployer#flowable-async-job-executor-thread-28290#
[PollExecuteTaskStatusExecution] 9409158a-3ef5-419f-b18e-c3263bd4e0f3 [2026-09-23T16:35:36.911434] 'n5OgKaboYk2141Rf2hGMD3/hsGm0rrJh7g3C0ZirPws3eeJfulvAOIy2IZzqHUSY\n' + (STDOUT, APP/TASK/deploy-to-postgresql)#
#2026 09 23 16:35:38.815#Z#DEBUG#89a811f3-b76c-11f1-a9d4-eeee0a93f2f4.hpbuysell-otc-salesorder-postgres-deployer#flowable-async-job-executor-thread-28290#
[PollExecuteTaskStatusExecution] 9409158a-3ef5-419f-b18e-c3263bd4e0f3 [2026-09-23T16:35:36.911438] 'jkFzraz6LEH3IlArT3jUPvWKqvh2lJWnnp56aqxBR7qHH5voD49UpJWY1K0BjGnS\n' + (STDOUT, APP/TASK/deploy-to-postgresql)#
#2026 09 23 16:35:38.815#Z#DEBUG#89a811f3-b76c-11f1-a9d4-eeee0a93f2f4.hpbuysell-otc-salesorder-postgres-deployer#flowable-async-job-executor-thread-28290#
[PollExecuteTaskStatusExecution] 9409158a-3ef5-419f-b18e-c3263bd4e0f3 [2026-09-23T16:35:36.911441] 'OHcurpp0Yt/BIs4VZeWdCZwI7JaSeDcPMaMDBvND3Ia5Fga0thgYQTG6dE+N5fgF\n' + (STDOUT, APP/TASK/deploy-to-postgresql)#
#2026 09 23 16:35:38.815#Z#DEBUG#89a811f3-b76c-11f1-a9d4-eeee0a93f2f4.hpbuysell-otc-salesorder-postgres-deployer#flowable-async-job-executor-thread-28290#
[PollExecuteTaskStatusExecution] 9409158a-3ef5-419f-b18e-c3263bd4e0f3 [2026-09-23T16:35:36.911443] 'z+hRaujXO2nb0LmddVyvE8prYlWRMuYFv+Co8hcMdJ0lEZlfVNu0jbm9/GmwAZ+l\n' + (STDOUT, APP/TASK/deploy-to-postgresql)#
#2026 09 23 16:35:38.815#Z#DEBUG#89a811f3-b76c-11f1-a9d4-eeee0a93f2f4.hpbuysell-otc-salesorder-postgres-deployer#flowable-async-job-executor-thread-28290#
[PollExecuteTaskStatusExecution] 9409158a-3ef5-419f-b18e-c3263bd4e0f3 [2026-09-23T16:35:36.911450] '9umeYO9yz/uC7edC8XJBglMAKUmVK9wNtOckUWAcCfnPWYLbYa/PqtXBYcxrso5j\n' + (STDOUT, APP/TASK/deploy-to-postgresql)#
#2026 09 23 16:35:38.815#Z#DEBUG#89a811f3-b76c-11f1-a9d4-eeee0a93f2f4.hpbuysell-otc-salesorder-postgres-deployer#flowable-async-job-executor-thread-28290#
[PollExecuteTaskStatusExecution] 9409158a-3ef5-419f-b18e-c3263bd4e0f3 [2026-09-23T16:35:36.911452] 'iaS/A7iEW51uteHBGrViCy1afGG+hiUWwFlesli+Rq4dNstX3h6h2baWABaAxEVJ\n' + (STDOUT, APP/TASK/deploy-to-postgresql)#
#2026 09 23 16:35:38.815#Z#DEBUG#89a811f3-b76c-11f1-a9d4-eeee0a93f2f4.hpbuysell-otc-salesorder-postgres-deployer#flowable-async-job-executor-thread-28290#
[PollExecuteTaskStatusExecution] 9409158a-3ef5-419f-b18e-c3263bd4e0f3 [2026-09-23T16:35:36.911455] 'y1RnTQSz6mROT1VmZSgSVO37rgIyY0Hf0872ogcTS+FfvXgBxCxsNWEbiQ/XXva4\n' + (STDOUT, APP/TASK/deploy-to-postgresql)#
#2026 09 23 16:35:38.815#Z#DEBUG#89a811f3-b76c-11f1-a9d4-eeee0a93f2f4.hpbuysell-otc-salesorder-postgres-deployer#flowable-async-job-executor-thread-28290#
[PollExecuteTaskStatusExecution] 9409158a-3ef5-419f-b18e-c3263bd4e0f3 [2026-09-23T16:35:36.911457] '0Ws=\n' + (STDOUT, APP/TASK/deploy-to-postgresql)#
#2026 09 23 16:35:38.815#Z#DEBUG#89a811f3-b76c-11f1-a9d4-eeee0a93f2f4.hpbuysell-otc-salesorder-postgres-deployer#flowable-async-job-executor-thread-28290#
[PollExecuteTaskStatusExecution] 9409158a-3ef5-419f-b18e-c3263bd4e0f3 [2026-09-23T16:35:36.911459] '-----END CERTIFICATE-----\n' + (STDOUT, APP/TASK/deploy-to-postgresql)#
#2026 09 23 16:35:38.815#Z#DEBUG#89a811f3-b76c-11f1-a9d4-eeee0a93f2f4.hpbuysell-otc-salesorder-postgres-deployer#flowable-async-job-executor-thread-28290#
[PollExecuteTaskStatusExecution] 9409158a-3ef5-419f-b18e-c3263bd4e0f3 [2026-09-23T16:35:36.911461] '-----BEGIN CERTIFICATE-----\n' + (STDOUT, APP/TASK/deploy-to-postgresql)#
#2026 09 23 16:35:38.815#Z#DEBUG#89a811f3-b76c-11f1-a9d4-eeee0a93f2f4.hpbuysell-otc-salesorder-postgres-deployer#flowable-async-job-executor-thread-28290#
[PollExecuteTaskStatusExecution] 9409158a-3ef5-419f-b18e-c3263bd4e0f3 [2026-09-23T16:35:36.911462] 'MIICrjCCAjSgAwIBAgIRAPAlEk8VJPmEzVRRaWvTh2AwCgYIKoZIzj0EAwMwgZYx\n' + (STDOUT, APP/TASK/deploy-to-postgresql)#
#2026 09 23 16:35:38.815#Z#DEBUG#89a811f3-b76c-11f1-a9d4-eeee0a93f2f4.hpbuysell-otc-salesorder-postgres-deployer#flowable-async-job-executor-thread-28290#
[PollExecuteTaskStatusExecution] 9409158a-3ef5-419f-b18e-c3263bd4e0f3 [2026-09-23T16:35:36.911464] 'CzAJBgNVBAYTAlVTMSIwIAYDVQQKDBlBbWF6b24gV2ViIFNlcnZpY2VzLCBJbmMu\n' + (STDOUT, APP/TASK/deploy-to-postgresql)#
#2026 09 23 16:35:38.815#Z#DEBUG#89a811f3-b76c-11f1-a9d4-eeee0a93f2f4.hpbuysell-otc-salesorder-postgres-deployer#flowable-async-job-executor-thread-28290#
[PollExecuteTaskStatusExecution] 9409158a-3ef5-419f-b18e-c3263bd4e0f3 [2026-09-23T16:35:36.911466] 'MRMwEQYDVQQLDApBbWF6b24gUkRTMQswCQYDVQQIDAJXQTEvMC0GA1UEAwwmQW1h\n' + (STDOUT, APP/TASK/deploy-to-postgresql)#
#2026 09 23 16:35:38.815#Z#DEBUG#89a811f3-b76c-11f1-a9d4-eeee0a93f2f4.hpbuysell-otc-salesorder-postgres-deployer#flowable-async-job-executor-thread-28290#
[PollExecuteTaskStatusExecution] 9409158a-3ef5-419f-b18e-c3263bd4e0f3 [2026-09-23T16:35:36.911468] 'em9uIFJEUyB1cy1lYXN0LTEgUm9vdCBDQSBFQ0MzODQgRzExEDAOBgNVBAcMB1Nl\n' + (STDOUT, APP/TASK/deploy-to-postgresql)#
#2026 09 23 16:35:38.815#Z#DEBUG#89a811f3-b76c-11f1-a9d4-eeee0a93f2f4.hpbuysell-otc-salesorder-postgres-deployer#flowable-async-job-executor-thread-28290#
[PollExecuteTaskStatusExecution] 9409158a-3ef5-419f-b18e-c3263bd4e0f3 [2026-09-23T16:35:36.911470] 'YXR0bGUwIBcNMjEwNTI1MjI0MTU1WhgPMjEyMTA1MjUyMzQxNTVaMIGWMQswCQYD\n' + (STDOUT, APP/TASK/deploy-to-postgresql)#
#2026 09 23 16:35:38.815#Z#DEBUG#89a811f3-b76c-11f1-a9d4-eeee0a93f2f4.hpbuysell-otc-salesorder-postgres-deployer#flowable-async-job-executor-thread-28290#
[PollExecuteTaskStatusExecution] 9409158a-3ef5-419f-b18e-c3263bd4e0f3 [2026-09-23T16:35:36.911471] 'VQQGEwJVUzEiMCAGA1UECgwZQW1hem9uIFdlYiBTZXJ2aWNlcywgSW5jLjETMBEG\n' + (STDOUT, APP/TASK/deploy-to-postgresql)#
#2026 09 23 16:35:38.815#Z#DEBUG#89a811f3-b76c-11f1-a9d4-eeee0a93f2f4.hpbuysell-otc-salesorder-postgres-deployer#flowable-async-job-executor-thread-28290#
[PollExecuteTaskStatusExecution] 9409158a-3ef5-419f-b18e-c3263bd4e0f3 [2026-09-23T16:35:36.911473] 'A1UECwwKQW1hem9uIFJEUzELMAkGA1UECAwCV0ExLzAtBgNVBAMMJkFtYXpvbiBS\n' + (STDOUT, APP/TASK/deploy-to-postgresql)#
#2026 09 23 16:35:38.815#Z#DEBUG#89a811f3-b76c-11f1-a9d4-eeee0a93f2f4.hpbuysell-otc-salesorder-postgres-deployer#flowable-async-job-executor-thread-28290#
[PollExecuteTaskStatusExecution] 9409158a-3ef5-419f-b18e-c3263bd4e0f3 [2026-09-23T16:35:36.911474] 'RFMgdXMtZWFzdC0xIFJvb3QgQ0EgRUNDMzg0IEcxMRAwDgYDVQQHDAdTZWF0dGxl\n' + (STDOUT, APP/TASK/deploy-to-postgresql)#
#2026 09 23 16:35:38.815#Z#DEBUG#89a811f3-b76c-11f1-a9d4-eeee0a93f2f4.hpbuysell-otc-salesorder-postgres-deployer#flowable-async-job-executor-thread-28290#
[PollExecuteTaskStatusExecution] 9409158a-3ef5-419f-b18e-c3263bd4e0f3 [2026-09-23T16:35:36.911477] 'MHYwEAYHKoZIzj0CAQYFK4EEACIDYgAEx5xjrup8II4HOJw15NTnS3H5yMrQGlbj\n' + (STDOUT, APP/TASK/deploy-to-postgresql)#
#2026 09 23 16:35:38.815#Z#DEBUG#89a811f3-b76c-11f1-a9d4-eeee0a93f2f4.hpbuysell-otc-salesorder-postgres-deployer#flowable-async-job-executor-thread-28290#
[PollExecuteTaskStatusExecution] 9409158a-3ef5-419f-b18e-c3263bd4e0f3 [2026-09-23T16:35:36.911479] 'EDA5MMGnE9DmHp5dACIxmPXPMe/99nO7wNdl7G71OYPCgEvWm0FhdvVUeTb3LVnV\n' + (STDOUT, APP/TASK/deploy-to-postgresql)#
#2026 09 23 16:35:38.815#Z#DEBUG#89a811f3-b76c-11f1-a9d4-eeee0a93f2f4.hpbuysell-otc-salesorder-postgres-deployer#flowable-async-job-executor-thread-28290#
[PollExecuteTaskStatusExecution] 9409158a-3ef5-419f-b18e-c3263bd4e0f3 [2026-09-23T16:35:36.911481] 'BnaXt32Ek7/oxGk1T+Df03C+W0vmuJ+wo0IwQDAPBgNVHRMBAf8EBTADAQH/MB0G\n' + (STDOUT, APP/TASK/deploy-to-postgresql)#
#2026 09 23 16:35:38.815#Z#DEBUG#89a811f3-b76c-11f1-a9d4-eeee0a93f2f4.hpbuysell-otc-salesorder-postgres-deployer#flowable-async-job-executor-thread-28290#
[PollExecuteTaskStatusExecution] 9409158a-3ef5-419f-b18e-c3263bd4e0f3 [2026-09-23T16:35:36.911484] 'A1UdDgQWBBTGXmqBWN/1tkSea4pNw0oHrjk2UDAOBgNVHQ8BAf8EBAMCAYYwCgYI\n' + (STDOUT, APP/TASK/deploy-to-postgresql)#
#2026 09 23 16:35:38.815#Z#DEBUG#89a811f3-b76c-11f1-a9d4-eeee0a93f2f4.hpbuysell-otc-salesorder-postgres-deployer#flowable-async-job-executor-thread-28290#
[PollExecuteTaskStatusExecution] 9409158a-3ef5-419f-b18e-c3263bd4e0f3 [2026-09-23T16:35:36.911487] 'KoZIzj0EAwMDaAAwZQIxAIqqZWCSrIkZ7zsv/FygtAusW6yvlL935YAWYPVXU30m\n' + (STDOUT, APP/TASK/deploy-to-postgresql)#
#2026 09 23 16:35:38.815#Z#DEBUG#89a811f3-b76c-11f1-a9d4-eeee0a93f2f4.hpbuysell-otc-salesorder-postgres-deployer#flowable-async-job-executor-thread-28290#
[PollExecuteTaskStatusExecution] 9409158a-3ef5-419f-b18e-c3263bd4e0f3 [2026-09-23T16:35:36.911489] 'jkMFLM+/RJ9GMvnO8jHfCgIwB+whlkcItzE9CRQ6CsMo/d5cEHDUu/QW6jSIh9BR\n' + (STDOUT, APP/TASK/deploy-to-postgresql)#
#2026 09 23 16:35:38.815#Z#DEBUG#89a811f3-b76c-11f1-a9d4-eeee0a93f2f4.hpbuysell-otc-salesorder-postgres-deployer#flowable-async-job-executor-thread-28290#
[PollExecuteTaskStatusExecution] 9409158a-3ef5-419f-b18e-c3263bd4e0f3 [2026-09-23T16:35:36.911491] 'OGh9pTYPVkUbBiKPA7lVVhre\n' + (STDOUT, APP/TASK/deploy-to-postgresql)#
#2026 09 23 16:35:38.815#Z#DEBUG#89a811f3-b76c-11f1-a9d4-eeee0a93f2f4.hpbuysell-otc-salesorder-postgres-deployer#flowable-async-job-executor-thread-28290#
[PollExecuteTaskStatusExecution] 9409158a-3ef5-419f-b18e-c3263bd4e0f3 [2026-09-23T16:35:36.911493] '-----END CERTIFICATE-----\n', (STDOUT, APP/TASK/deploy-to-postgresql)#
#2026 09 23 16:35:38.815#Z#DEBUG#89a811f3-b76c-11f1-a9d4-eeee0a93f2f4.hpbuysell-otc-salesorder-postgres-deployer#flowable-async-job-executor-thread-28290#
[PollExecuteTaskStatusExecution] 9409158a-3ef5-419f-b18e-c3263bd4e0f3 [2026-09-23T16:35:36.911495] sslrootcert: '-----BEGIN CERTIFICATE-----\n' + (STDOUT, APP/TASK/deploy-to-postgresql)#
#2026 09 23 16:35:38.815#Z#DEBUG#89a811f3-b76c-11f1-a9d4-eeee0a93f2f4.hpbuysell-otc-salesorder-postgres-deployer#flowable-async-job-executor-thread-28290#
[PollExecuteTaskStatusExecution] 9409158a-3ef5-419f-b18e-c3263bd4e0f3 [2026-09-23T16:35:36.911497] 'MIID/zCCAuegAwIBAgIRAPVSMfFitmM5PhmbaOFoGfUwDQYJKoZIhvcNAQELBQAw\n' + (STDOUT, APP/TASK/deploy-to-postgresql)#
#2026 09 23 16:35:38.815#Z#DEBUG#89a811f3-b76c-11f1-a9d4-eeee0a93f2f4.hpbuysell-otc-salesorder-postgres-deployer#flowable-async-job-executor-thread-28290#
[PollExecuteTaskStatusExecution] 9409158a-3ef5-419f-b18e-c3263bd4e0f3 [2026-09-23T16:35:36.911499] 'gZcxCzAJBgNVBAYTAlVTMSIwIAYDVQQKDBlBbWF6b24gV2ViIFNlcnZpY2VzLCBJ\n' + (STDOUT, APP/TASK/deploy-to-postgresql)#
#2026 09 23 16:35:38.815#Z#DEBUG#89a811f3-b76c-11f1-a9d4-eeee0a93f2f4.hpbuysell-otc-salesorder-postgres-deployer#flowable-async-job-executor-thread-28290#
[PollExecuteTaskStatusExecution] 9409158a-3ef5-419f-b18e-c3263bd4e0f3 [2026-09-23T16:35:36.911501] 'bmMuMRMwEQYDVQQLDApBbWF6b24gUkRTMQswCQYDVQQIDAJXQTEwMC4GA1UEAwwn\n' + (STDOUT, APP/TASK/deploy-to-postgresql)#
#2026 09 23 16:35:38.815#Z#DEBUG#89a811f3-b76c-11f1-a9d4-eeee0a93f2f4.hpbuysell-otc-salesorder-postgres-deployer#flowable-async-job-executor-thread-28290#
[PollExecuteTaskStatusExecution] 9409158a-3ef5-419f-b18e-c3263bd4e0f3 [2026-09-23T16:35:36.911503] 'QW1hem9uIFJEUyB1cy1lYXN0LTEgUm9vdCBDQSBSU0EyMDQ4IEcxMRAwDgYDVQQH\n' + (STDOUT, APP/TASK/deploy-to-postgresql)#
#2026 09 23 16:35:38.815#Z#DEBUG#89a811f3-b76c-11f1-a9d4-eeee0a93f2f4.hpbuysell-otc-salesorder-postgres-deployer#flowable-async-job-executor-thread-28290#
[PollExecuteTaskStatusExecution] 9409158a-3ef5-419f-b18e-c3263bd4e0f3 [2026-09-23T16:35:36.911506] 'DAdTZWF0dGxlMCAXDTIxMDUyNTIyMzQ1N1oYDzIwNjEwNTI1MjMzNDU3WjCBlzEL\n' + (STDOUT, APP/TASK/deploy-to-postgresql)#
#2026 09 23 16:35:38.815#Z#DEBUG#89a811f3-b76c-11f1-a9d4-eeee0a93f2f4.hpbuysell-otc-salesorder-postgres-deployer#flowable-async-job-executor-thread-28290#
[PollExecuteTaskStatusExecution] 9409158a-3ef5-419f-b18e-c3263bd4e0f3 [2026-09-23T16:35:36.911508] 'MAkGA1UEBhMCVVMxIjAgBgNVBAoMGUFtYXpvbiBXZWIgU2VydmljZXMsIEluYy4x\n' + (STDOUT, APP/TASK/deploy-to-postgresql)#
#2026 09 23 16:35:38.815#Z#DEBUG#89a811f3-b76c-11f1-a9d4-eeee0a93f2f4.hpbuysell-otc-salesorder-postgres-deployer#flowable-async-job-executor-thread-28290#
[PollExecuteTaskStatusExecution] 9409158a-3ef5-419f-b18e-c3263bd4e0f3 [2026-09-23T16:35:36.911512] 'EzARBgNVBAsMCkFtYXpvbiBSRFMxCzAJBgNVBAgMAldBMTAwLgYDVQQDDCdBbWF6\n' + (STDOUT, APP/TASK/deploy-to-postgresql)#
#2026 09 23 16:35:38.815#Z#DEBUG#89a811f3-b76c-11f1-a9d4-eeee0a93f2f4.hpbuysell-otc-salesorder-postgres-deployer#flowable-async-job-executor-thread-28290#
[PollExecuteTaskStatusExecution] 9409158a-3ef5-419f-b18e-c3263bd4e0f3 [2026-09-23T16:35:36.911514] 'b24gUkRTIHVzLWVhc3QtMSBSb290IENBIFJTQTIwNDggRzExEDAOBgNVBAcMB1Nl\n' + (STDOUT, APP/TASK/deploy-to-postgresql)#
#2026 09 23 16:35:38.815#Z#DEBUG#89a811f3-b76c-11f1-a9d4-eeee0a93f2f4.hpbuysell-otc-salesorder-postgres-deployer#flowable-async-job-executor-thread-28290#
[PollExecuteTaskStatusExecution] 9409158a-3ef5-419f-b18e-c3263bd4e0f3 [2026-09-23T16:35:36.911516] 'YXR0bGUwggEiMA0GCSqGSIb3DQEBAQUAA4IBDwAwggEKAoIBAQDu9H7TBeGoDzMr\n' + (STDOUT, APP/TASK/deploy-to-postgresql)#
#2026 09 23 16:35:38.815#Z#DEBUG#89a811f3-b76c-11f1-a9d4-eeee0a93f2f4.hpbuysell-otc-salesorder-postgres-deployer#flowable-async-job-executor-thread-28290#
[PollExecuteTaskStatusExecution] 9409158a-3ef5-419f-b18e-c3263bd4e0f3 [2026-09-23T16:35:36.911518] 'dxN6H8COntJX4IR6dbyhnj5qMD4xl/IWvp50lt0VpmMd+z2PNZzx8RazeGC5IniV\n' + (STDOUT, APP/TASK/deploy-to-postgresql)#
#2026 09 23 16:35:38.815#Z#DEBUG#89a811f3-b76c-11f1-a9d4-eeee0a93f2f4.hpbuysell-otc-salesorder-postgres-deployer#flowable-async-job-executor-thread-28290#
[PollExecuteTaskStatusExecution] 9409158a-3ef5-419f-b18e-c3263bd4e0f3 [2026-09-23T16:35:36.911520] '5nrLg0AKWRQ2A/lGGXbUrGXCSe09brMQCxWBSIYe1WZZ1iU1IJ/6Bp4D2YEHpXrW\n' + (STDOUT, APP/TASK/deploy-to-postgresql)#
#2026 09 23 16:35:38.815#Z#DEBUG#89a811f3-b76c-11f1-a9d4-eeee0a93f2f4.hpbuysell-otc-salesorder-postgres-deployer#flowable-async-job-executor-thread-28290#
[PollExecuteTaskStatusExecution] 9409158a-3ef5-419f-b18e-c3263bd4e0f3 [2026-09-23T16:35:36.911522] 'bPkOq5x3YPcsoitgm1Xh8ygz6vb7PsvJvPbvRMnkDg5IqEThapPjmKb8ZJWyEFEE\n' + (STDOUT, APP/TASK/deploy-to-postgresql)#
#2026 09 23 16:35:38.815#Z#DEBUG#89a811f3-b76c-11f1-a9d4-eeee0a93f2f4.hpbuysell-otc-salesorder-postgres-deployer#flowable-async-job-executor-thread-28290#
[PollExecuteTaskStatusExecution] 9409158a-3ef5-419f-b18e-c3263bd4e0f3 [2026-09-23T16:35:36.911523] 'QRrkCIRueB1EqQtJw0fvP4PKDlCJAKBEs/y049FoOqYpT3pRy0WKqPhWve+hScMd\n' + (STDOUT, APP/TASK/deploy-to-postgresql)#
#2026 09 23 16:35:38.815#Z#DEBUG#89a811f3-b76c-11f1-a9d4-eeee0a93f2f4.hpbuysell-otc-salesorder-postgres-deployer#flowable-async-job-executor-thread-28290#
[PollExecuteTaskStatusExecution] 9409158a-3ef5-419f-b18e-c3263bd4e0f3 [2026-09-23T16:35:36.911525] '6obq8kxTFy1IHACjHc51nrGII5Bt76/MpTWhnJIJrCnq1/Uc3Qs8IVeb+sLaFC8K\n' + (STDOUT, APP/TASK/deploy-to-postgresql)#
#2026 09 23 16:35:38.815#Z#DEBUG#89a811f3-b76c-11f1-a9d4-eeee0a93f2f4.hpbuysell-otc-salesorder-postgres-deployer#flowable-async-job-executor-thread-28290#
[PollExecuteTaskStatusExecution] 9409158a-3ef5-419f-b18e-c3263bd4e0f3 [2026-09-23T16:35:36.911527] 'DI69Sw6bAgMBAAGjQjBAMA8GA1UdEwEB/wQFMAMBAf8wHQYDVR0OBBYEFE7PCopt\n' + (STDOUT, APP/TASK/deploy-to-postgresql)#
#2026 09 23 16:35:38.815#Z#DEBUG#89a811f3-b76c-11f1-a9d4-eeee0a93f2f4.hpbuysell-otc-salesorder-postgres-deployer#flowable-async-job-executor-thread-28290#
[PollExecuteTaskStatusExecution] 9409158a-3ef5-419f-b18e-c3263bd4e0f3 [2026-09-23T16:35:36.911529] 'lyOgtXX0Y1lObBUxuKaCMA4GA1UdDwEB/wQEAwIBhjANBgkqhkiG9w0BAQsFAAOC\n' + (STDOUT, APP/TASK/deploy-to-postgresql)#
#2026 09 23 16:35:38.815#Z#DEBUG#89a811f3-b76c-11f1-a9d4-eeee0a93f2f4.hpbuysell-otc-salesorder-postgres-deployer#flowable-async-job-executor-thread-28290#
[PollExecuteTaskStatusExecution] 9409158a-3ef5-419f-b18e-c3263bd4e0f3 [2026-09-23T16:35:36.911532] 'AQEAFj+bX8gLmMNefr5jRJfHjrL3iuZCjf7YEZgn89pS4z8408mjj9z6Q5D1H7yS\n' + (STDOUT, APP/TASK/deploy-to-postgresql)#
#2026 09 23 16:35:38.815#Z#DEBUG#89a811f3-b76c-11f1-a9d4-eeee0a93f2f4.hpbuysell-otc-salesorder-postgres-deployer#flowable-async-job-executor-thread-28290#
[PollExecuteTaskStatusExecution] 9409158a-3ef5-419f-b18e-c3263bd4e0f3 [2026-09-23T16:35:36.911535] 'jNETVV8QaJip1qyhh5gRzRaArgGAYvi2/r0zPsy+Tgf7v1KGL5Lh8NT8iCEGGXwF\n' + (STDOUT, APP/TASK/deploy-to-postgresql)#
#2026 09 23 16:35:38.815#Z#DEBUG#89a811f3-b76c-11f1-a9d4-eeee0a93f2f4.hpbuysell-otc-salesorder-postgres-deployer#flowable-async-job-executor-thread-28290#
[PollExecuteTaskStatusExecution] 9409158a-3ef5-419f-b18e-c3263bd4e0f3 [2026-09-23T16:35:36.911537] 'g3Ir+Nl3e+9XUp0eyyzBIjHtjLBm6yy8rGk9p6OtFDQnKF5OxwbAgip42CD75r/q\n' + (STDOUT, APP/TASK/deploy-to-postgresql)#
#2026 09 23 16:35:38.815#Z#DEBUG#89a811f3-b76c-11f1-a9d4-eeee0a93f2f4.hpbuysell-otc-salesorder-postgres-deployer#flowable-async-job-executor-thread-28290#
[PollExecuteTaskStatusExecution] 9409158a-3ef5-419f-b18e-c3263bd4e0f3 [2026-09-23T16:35:36.911539] 'p421maEDDvvRFR4D+99JZxgAYDBGqRRceUoe16qDzbMvlz0A9paCZFclxeftAxv6\n' + (STDOUT, APP/TASK/deploy-to-postgresql)#
#2026 09 23 16:35:38.815#Z#DEBUG#89a811f3-b76c-11f1-a9d4-eeee0a93f2f4.hpbuysell-otc-salesorder-postgres-deployer#flowable-async-job-executor-thread-28290#
[PollExecuteTaskStatusExecution] 9409158a-3ef5-419f-b18e-c3263bd4e0f3 [2026-09-23T16:35:36.911540] 'QlR5rItMz/XdzpBJUpYhdzM0gCzAzdQuVO5tjJxmXhkSMcDP+8Q+Uv6FA9k2VpUV\n' + (STDOUT, APP/TASK/deploy-to-postgresql)#
#2026 09 23 16:35:38.815#Z#DEBUG#89a811f3-b76c-11f1-a9d4-eeee0a93f2f4.hpbuysell-otc-salesorder-postgres-deployer#flowable-async-job-executor-thread-28290#
[PollExecuteTaskStatusExecution] 9409158a-3ef5-419f-b18e-c3263bd4e0f3 [2026-09-23T16:35:36.911545] 'E/O5jgpqUJJ2Hc/5rs9VkAPXeA==\n' + (STDOUT, APP/TASK/deploy-to-postgresql)#
#2026 09 23 16:35:38.815#Z#DEBUG#89a811f3-b76c-11f1-a9d4-eeee0a93f2f4.hpbuysell-otc-salesorder-postgres-deployer#flowable-async-job-executor-thread-28290#
[PollExecuteTaskStatusExecution] 9409158a-3ef5-419f-b18e-c3263bd4e0f3 [2026-09-23T16:35:36.911547] '-----END CERTIFICATE-----\n' + (STDOUT, APP/TASK/deploy-to-postgresql)#
#2026 09 23 16:35:38.815#Z#DEBUG#89a811f3-b76c-11f1-a9d4-eeee0a93f2f4.hpbuysell-otc-salesorder-postgres-deployer#flowable-async-job-executor-thread-28290#
[PollExecuteTaskStatusExecution] 9409158a-3ef5-419f-b18e-c3263bd4e0f3 [2026-09-23T16:35:36.911570] '-----BEGIN CERTIFICATE-----\n' + (STDOUT, APP/TASK/deploy-to-postgresql)#
#2026 09 23 16:35:38.815#Z#DEBUG#89a811f3-b76c-11f1-a9d4-eeee0a93f2f4.hpbuysell-otc-salesorder-postgres-deployer#flowable-async-job-executor-thread-28290#
[PollExecuteTaskStatusExecution] 9409158a-3ef5-419f-b18e-c3263bd4e0f3 [2026-09-23T16:35:36.911572] 'MIIF/jCCA+agAwIBAgIQaRHaEqqacXN20e8zZJtmDDANBgkqhkiG9w0BAQwFADCB\n' + (STDOUT, APP/TASK/deploy-to-postgresql)#
#2026 09 23 16:35:38.815#Z#DEBUG#89a811f3-b76c-11f1-a9d4-eeee0a93f2f4.hpbuysell-otc-salesorder-postgres-deployer#flowable-async-job-executor-thread-28290#
[PollExecuteTaskStatusExecution] 9409158a-3ef5-419f-b18e-c3263bd4e0f3 [2026-09-23T16:35:36.911574] 'lzELMAkGA1UEBhMCVVMxIjAgBgNVBAoMGUFtYXpvbiBXZWIgU2VydmljZXMsIElu\n' + (STDOUT, APP/TASK/deploy-to-postgresql)#
#2026 09 23 16:35:38.815#Z#DEBUG#89a811f3-b76c-11f1-a9d4-eeee0a93f2f4.hpbuysell-otc-salesorder-postgres-deployer#flowable-async-job-executor-thread-28290#
[PollExecuteTaskStatusExecution] 9409158a-3ef5-419f-b18e-c3263bd4e0f3 [2026-09-23T16:35:36.911578] 'Yy4xEzARBgNVBAsMCkFtYXpvbiBSRFMxCzAJBgNVBAgMAldBMTAwLgYDVQQDDCdB\n' + (STDOUT, APP/TASK/deploy-to-postgresql)#
#2026 09 23 16:35:38.815#Z#DEBUG#89a811f3-b76c-11f1-a9d4-eeee0a93f2f4.hpbuysell-otc-salesorder-postgres-deployer#flowable-async-job-executor-thread-28290#
[PollExecuteTaskStatusExecution] 9409158a-3ef5-419f-b18e-c3263bd4e0f3 [2026-09-23T16:35:36.911579] 'bWF6b24gUkRTIHVzLWVhc3QtMSBSb290IENBIFJTQTQwOTYgRzExEDAOBgNVBAcM\n' + (STDOUT, APP/TASK/deploy-to-postgresql)#
#2026 09 23 16:35:38.815#Z#DEBUG#89a811f3-b76c-11f1-a9d4-eeee0a93f2f4.hpbuysell-otc-salesorder-postgres-deployer#flowable-async-job-executor-thread-28290#
[PollExecuteTaskStatusExecution] 9409158a-3ef5-419f-b18e-c3263bd4e0f3 [2026-09-23T16:35:36.911755] 'B1NlYXR0bGUwIBcNMjEwNTI1MjIzODM1WhgPMjEyMTA1MjUyMzM4MzVaMIGXMQsw\n' + (STDOUT, APP/TASK/deploy-to-postgresql)#
#2026 09 23 16:35:38.815#Z#DEBUG#89a811f3-b76c-11f1-a9d4-eeee0a93f2f4.hpbuysell-otc-salesorder-postgres-deployer#flowable-async-job-executor-thread-28290#
[PollExecuteTaskStatusExecution] 9409158a-3ef5-419f-b18e-c3263bd4e0f3 [2026-09-23T16:35:36.911759] 'CQYDVQQGEwJVUzEiMCAGA1UECgwZQW1hem9uIFdlYiBTZXJ2aWNlcywgSW5jLjET\n' + (STDOUT, APP/TASK/deploy-to-postgresql)#
#2026 09 23 16:35:38.815#Z#DEBUG#89a811f3-b76c-11f1-a9d4-eeee0a93f2f4.hpbuysell-otc-salesorder-postgres-deployer#flowable-async-job-executor-thread-28290#
[PollExecuteTaskStatusExecution] 9409158a-3ef5-419f-b18e-c3263bd4e0f3 [2026-09-23T16:35:36.911761] 'MBEGA1UECwwKQW1hem9uIFJEUzELMAkGA1UECAwCV0ExMDAuBgNVBAMMJ0FtYXpv\n' + (STDOUT, APP/TASK/deploy-to-postgresql)#
#2026 09 23 16:35:38.815#Z#DEBUG#89a811f3-b76c-11f1-a9d4-eeee0a93f2f4.hpbuysell-otc-salesorder-postgres-deployer#flowable-async-job-executor-thread-28290#
[PollExecuteTaskStatusExecution] 9409158a-3ef5-419f-b18e-c3263bd4e0f3 [2026-09-23T16:35:36.911763] 'biBSRFMgdXMtZWFzdC0xIFJvb3QgQ0EgUlNBNDA5NiBHMTEQMA4GA1UEBwwHU2Vh\n' + (STDOUT, APP/TASK/deploy-to-postgresql)#
#2026 09 23 16:35:38.815#Z#DEBUG#89a811f3-b76c-11f1-a9d4-eeee0a93f2f4.hpbuysell-otc-salesorder-postgres-deployer#flowable-async-job-executor-thread-28290#
[PollExecuteTaskStatusExecution] 9409158a-3ef5-419f-b18e-c3263bd4e0f3 [2026-09-23T16:35:36.911766] 'dHRsZTCCAiIwDQYJKoZIhvcNAQEBBQADggIPADCCAgoCggIBAInfBCaHuvj6Rb5c\n' + (STDOUT, APP/TASK/deploy-to-postgresql)#
#2026 09 23 16:35:38.815#Z#DEBUG#89a811f3-b76c-11f1-a9d4-eeee0a93f2f4.hpbuysell-otc-salesorder-postgres-deployer#flowable-async-job-executor-thread-28290#
[PollExecuteTaskStatusExecution] 9409158a-3ef5-419f-b18e-c3263bd4e0f3 [2026-09-23T16:35:36.911768] 'L5Wmn1jv2PHtEGMHm+7Z8dYosdwouG8VG2A+BCYCZfij9lIGszrTXkY4O7vnXgru\n' + (STDOUT, APP/TASK/deploy-to-postgresql)#
#2026 09 23 16:35:38.815#Z#DEBUG#89a811f3-b76c-11f1-a9d4-eeee0a93f2f4.hpbuysell-otc-salesorder-postgres-deployer#flowable-async-job-executor-thread-28290#
[PollExecuteTaskStatusExecution] 9409158a-3ef5-419f-b18e-c3263bd4e0f3 [2026-09-23T16:35:36.911770] 'JUNdxh0Q3M83p4X+bg+gODUs3jf+Z3Oeq7nTOk/2UYvQLcxP4FEXILxDInbQFcIx\n' + (STDOUT, APP/TASK/deploy-to-postgresql)#
#2026 09 23 16:35:38.815#Z#DEBUG#89a811f3-b76c-11f1-a9d4-eeee0a93f2f4.hpbuysell-otc-salesorder-postgres-deployer#flowable-async-job-executor-thread-28290#
[PollExecuteTaskStatusExecution] 9409158a-3ef5-419f-b18e-c3263bd4e0f3 [2026-09-23T16:35:36.911772] 'yen1ESHggGrjEodgn6nbKQNRfIhjhW+TKYaewfsVWH7EF2pfj+cjbJ6njjgZ0/M9\n' + (STDOUT, APP/TASK/deploy-to-postgresql)#
#2026 09 23 16:35:38.815#Z#DEBUG#89a811f3-b76c-11f1-a9d4-eeee0a93f2f4.hpbuysell-otc-salesorder-postgres-deployer#flowable-async-job-executor-thread-28290#
[PollExecuteTaskStatusExecution] 9409158a-3ef5-419f-b18e-c3263bd4e0f3 [2026-09-23T16:35:36.911773] 'VZifJFBgat6XUTOf3jwHwkCBh7T6rDpgy19A61laImJCQhdTnHKvzTpxcxiLRh69\n' + (STDOUT, APP/TASK/deploy-to-postgresql)#
#2026 09 23 16:35:38.815#Z#DEBUG#89a811f3-b76c-11f1-a9d4-eeee0a93f2f4.hpbuysell-otc-salesorder-postgres-deployer#flowable-async-job-executor-thread-28290#
[PollExecuteTaskStatusExecution] 9409158a-3ef5-419f-b18e-c3263bd4e0f3 [2026-09-23T16:35:36.911775] 'ZObypR7W04OAUmFS88V7IotlPmCL8xf7kwxG+gQfvx31+A9IDMsiTqJ1Cc4fYEKg\n' + (STDOUT, APP/TASK/deploy-to-postgresql)#
#2026 09 23 16:35:38.815#Z#DEBUG#89a811f3-b76c-11f1-a9d4-eeee0a93f2f4.hpbuysell-otc-salesorder-postgres-deployer#flowable-async-job-executor-thread-28290#
[PollExecuteTaskStatusExecution] 9409158a-3ef5-419f-b18e-c3263bd4e0f3 [2026-09-23T16:35:36.911777] 'bL+Vo+2Ii4W2esCTGVYmHm73drznfeKwL+kmIC/Bq+DrZ+veTqKFYwSkpHRyJCEe\n' + (STDOUT, APP/TASK/deploy-to-postgresql)#
#2026 09 23 16:35:38.815#Z#DEBUG#89a811f3-b76c-11f1-a9d4-eeee0a93f2f4.hpbuysell-otc-salesorder-postgres-deployer#flowable-async-job-executor-thread-28290#
[PollExecuteTaskStatusExecution] 9409158a-3ef5-419f-b18e-c3263bd4e0f3 [2026-09-23T16:35:36.911778] 'U4Zym6POqQ/4LBSKwDUhWLJIlq99bjKX+hNTJykB+Lbcx0ScOP4IAZQoxmDxGWxN\n' + (STDOUT, APP/TASK/deploy-to-postgresql)#
#2026 09 23 16:35:38.815#Z#DEBUG#89a811f3-b76c-11f1-a9d4-eeee0a93f2f4.hpbuysell-otc-salesorder-postgres-deployer#flowable-async-job-executor-thread-28290#
[PollExecuteTaskStatusExecution] 9409158a-3ef5-419f-b18e-c3263bd4e0f3 [2026-09-23T16:35:36.911780] 'S+lQj+Cx2pwU3S/7+OxlRndZAX/FKgk7xSMkg88HykUZaZ/ozIiqJqSnGpgXCtED\n' + (STDOUT, APP/TASK/deploy-to-postgresql)#
#2026 09 23 16:35:38.815#Z#DEBUG#89a811f3-b76c-11f1-a9d4-eeee0a93f2f4.hpbuysell-otc-salesorder-postgres-deployer#flowable-async-job-executor-thread-28290#
[PollExecuteTaskStatusExecution] 9409158a-3ef5-419f-b18e-c3263bd4e0f3 [2026-09-23T16:35:36.911782] 'oQ4OJw5ozAr+/wudOawaMwUWQl5asD8fuy/hl5S1nv9XxIc842QJOtJFxhyeMIXt\n' + (STDOUT, APP/TASK/deploy-to-postgresql)#
#2026 09 23 16:35:38.815#Z#DEBUG#89a811f3-b76c-11f1-a9d4-eeee0a93f2f4.hpbuysell-otc-salesorder-postgres-deployer#flowable-async-job-executor-thread-28290#
[PollExecuteTaskStatusExecution] 9409158a-3ef5-419f-b18e-c3263bd4e0f3 [2026-09-23T16:35:36.911784] 'LVECVw/dPekhMjS3Zo3wwRgYbnKG7YXXT5WMxJEnHu8+cYpMiRClzq2BEP6/MtI2\n' + (STDOUT, APP/TASK/deploy-to-postgresql)#
#2026 09 23 16:35:38.815#Z#DEBUG#89a811f3-b76c-11f1-a9d4-eeee0a93f2f4.hpbuysell-otc-salesorder-postgres-deployer#flowable-async-job-executor-thread-28290#
[PollExecuteTaskStatusExecution] 9409158a-3ef5-419f-b18e-c3263bd4e0f3 [2026-09-23T16:35:36.911786] 'AZQQUFu2yFjRGL2OZA6IYjxnXYiRAgMBAAGjQjBAMA8GA1UdEwEB/wQFMAMBAf8w\n' + (STDOUT, APP/TASK/deploy-to-postgresql)#
#2026 09 23 16:35:38.815#Z#DEBUG#89a811f3-b76c-11f1-a9d4-eeee0a93f2f4.hpbuysell-otc-salesorder-postgres-deployer#flowable-async-job-executor-thread-28290#
[PollExecuteTaskStatusExecution] 9409158a-3ef5-419f-b18e-c3263bd4e0f3 [2026-09-23T16:35:36.911788] 'HQYDVR0OBBYEFADCcQCPX2HmkqQcmuHfiQ2jjqnrMA4GA1UdDwEB/wQEAwIBhjAN\n' + (STDOUT, APP/TASK/deploy-to-postgresql)#
#2026 09 23 16:35:38.815#Z#DEBUG#89a811f3-b76c-11f1-a9d4-eeee0a93f2f4.hpbuysell-otc-salesorder-postgres-deployer#flowable-async-job-executor-thread-28290#
[PollExecuteTaskStatusExecution] 9409158a-3ef5-419f-b18e-c3263bd4e0f3 [2026-09-23T16:35:36.911789] 'BgkqhkiG9w0BAQwFAAOCAgEASXkGQ2eUmudIKPeOIF7RBryCoPmMOsqP0+1qxF8l\n' + (STDOUT, APP/TASK/deploy-to-postgresql)#
#2026 09 23 16:35:38.815#Z#DEBUG#89a811f3-b76c-11f1-a9d4-eeee0a93f2f4.hpbuysell-otc-salesorder-postgres-deployer#flowable-async-job-executor-thread-28290#
[PollExecuteTaskStatusExecution] 9409158a-3ef5-419f-b18e-c3263bd4e0f3 [2026-09-23T16:35:36.911792] 'pGkwmrgNDGpmd9s0ArfIVBTc1jmpgB3oiRW9c6n2OmwBKL4UPuQ8O3KwSP0iD2sZ\n' + (STDOUT, APP/TASK/deploy-to-postgresql)#
#2026 09 23 16:35:38.815#Z#DEBUG#89a811f3-b76c-11f1-a9d4-eeee0a93f2f4.hpbuysell-otc-salesorder-postgres-deployer#flowable-async-job-executor-thread-28290#
[PollExecuteTaskStatusExecution] 9409158a-3ef5-419f-b18e-c3263bd4e0f3 [2026-09-23T16:35:36.911794] 'KMXoMEyphCEzW1I2GRvYDugL3Z9MWrnHkoaoH2l8YyTYvszTvdgxBPpM2x4pSkp+\n' + (STDOUT, APP/TASK/deploy-to-postgresql)#
#2026 09 23 16:35:38.815#Z#DEBUG#89a811f3-b76c-11f1-a9d4-eeee0a93f2f4.hpbuysell-otc-salesorder-postgres-deployer#flowable-async-job-executor-thread-28290#
[PollExecuteTaskStatusExecution] 9409158a-3ef5-419f-b18e-c3263bd4e0f3 [2026-09-23T16:35:36.911796] '76d4/eRpJ5mVuQ93nC+YG0wXCxSq63hX4kyZgPxgCdAA+qgFfKIGyNqUIqWgeyTP\n' + (STDOUT, APP/TASK/deploy-to-postgresql)#
#2026 09 23 16:35:38.815#Z#DEBUG#89a811f3-b76c-11f1-a9d4-eeee0a93f2f4.hpbuysell-otc-salesorder-postgres-deployer#flowable-async-job-executor-thread-28290#
[PollExecuteTaskStatusExecution] 9409158a-3ef5-419f-b18e-c3263bd4e0f3 [2026-09-23T16:35:36.911798] 'n5OgKaboYk2141Rf2hGMD3/hsGm0rrJh7g3C0ZirPws3eeJfulvAOIy2IZzqHUSY\n' + (STDOUT, APP/TASK/deploy-to-postgresql)#
#2026 09 23 16:35:38.815#Z#DEBUG#89a811f3-b76c-11f1-a9d4-eeee0a93f2f4.hpbuysell-otc-salesorder-postgres-deployer#flowable-async-job-executor-thread-28290#
[PollExecuteTaskStatusExecution] 9409158a-3ef5-419f-b18e-c3263bd4e0f3 [2026-09-23T16:35:36.911803] 'jkFzraz6LEH3IlArT3jUPvWKqvh2lJWnnp56aqxBR7qHH5voD49UpJWY1K0BjGnS\n' + (STDOUT, APP/TASK/deploy-to-postgresql)#
#2026 09 23 16:35:38.815#Z#DEBUG#89a811f3-b76c-11f1-a9d4-eeee0a93f2f4.hpbuysell-otc-salesorder-postgres-deployer#flowable-async-job-executor-thread-28290#
[PollExecuteTaskStatusExecution] 9409158a-3ef5-419f-b18e-c3263bd4e0f3 [2026-09-23T16:35:36.911805] 'OHcurpp0Yt/BIs4VZeWdCZwI7JaSeDcPMaMDBvND3Ia5Fga0thgYQTG6dE+N5fgF\n' + (STDOUT, APP/TASK/deploy-to-postgresql)#
#2026 09 23 16:35:38.815#Z#DEBUG#89a811f3-b76c-11f1-a9d4-eeee0a93f2f4.hpbuysell-otc-salesorder-postgres-deployer#flowable-async-job-executor-thread-28290#
[PollExecuteTaskStatusExecution] 9409158a-3ef5-419f-b18e-c3263bd4e0f3 [2026-09-23T16:35:36.911806] 'z+hRaujXO2nb0LmddVyvE8prYlWRMuYFv+Co8hcMdJ0lEZlfVNu0jbm9/GmwAZ+l\n' + (STDOUT, APP/TASK/deploy-to-postgresql)#
#2026 09 23 16:35:38.815#Z#DEBUG#89a811f3-b76c-11f1-a9d4-eeee0a93f2f4.hpbuysell-otc-salesorder-postgres-deployer#flowable-async-job-executor-thread-28290#
[PollExecuteTaskStatusExecution] 9409158a-3ef5-419f-b18e-c3263bd4e0f3 [2026-09-23T16:35:36.911809] '9umeYO9yz/uC7edC8XJBglMAKUmVK9wNtOckUWAcCfnPWYLbYa/PqtXBYcxrso5j\n' + (STDOUT, APP/TASK/deploy-to-postgresql)#
#2026 09 23 16:35:38.815#Z#DEBUG#89a811f3-b76c-11f1-a9d4-eeee0a93f2f4.hpbuysell-otc-salesorder-postgres-deployer#flowable-async-job-executor-thread-28290#
[PollExecuteTaskStatusExecution] 9409158a-3ef5-419f-b18e-c3263bd4e0f3 [2026-09-23T16:35:36.911812] 'iaS/A7iEW51uteHBGrViCy1afGG+hiUWwFlesli+Rq4dNstX3h6h2baWABaAxEVJ\n' + (STDOUT, APP/TASK/deploy-to-postgresql)#
#2026 09 23 16:35:38.815#Z#DEBUG#89a811f3-b76c-11f1-a9d4-eeee0a93f2f4.hpbuysell-otc-salesorder-postgres-deployer#flowable-async-job-executor-thread-28290#
[PollExecuteTaskStatusExecution] 9409158a-3ef5-419f-b18e-c3263bd4e0f3 [2026-09-23T16:35:36.911817] 'y1RnTQSz6mROT1VmZSgSVO37rgIyY0Hf0872ogcTS+FfvXgBxCxsNWEbiQ/XXva4\n' + (STDOUT, APP/TASK/deploy-to-postgresql)#
#2026 09 23 16:35:38.815#Z#DEBUG#89a811f3-b76c-11f1-a9d4-eeee0a93f2f4.hpbuysell-otc-salesorder-postgres-deployer#flowable-async-job-executor-thread-28290#
[PollExecuteTaskStatusExecution] 9409158a-3ef5-419f-b18e-c3263bd4e0f3 [2026-09-23T16:35:36.911819] '0Ws=\n' + (STDOUT, APP/TASK/deploy-to-postgresql)#
#2026 09 23 16:35:38.815#Z#DEBUG#89a811f3-b76c-11f1-a9d4-eeee0a93f2f4.hpbuysell-otc-salesorder-postgres-deployer#flowable-async-job-executor-thread-28290#
[PollExecuteTaskStatusExecution] 9409158a-3ef5-419f-b18e-c3263bd4e0f3 [2026-09-23T16:35:36.911822] '-----END CERTIFICATE-----\n' + (STDOUT, APP/TASK/deploy-to-postgresql)#
#2026 09 23 16:35:38.815#Z#DEBUG#89a811f3-b76c-11f1-a9d4-eeee0a93f2f4.hpbuysell-otc-salesorder-postgres-deployer#flowable-async-job-executor-thread-28290#
[PollExecuteTaskStatusExecution] 9409158a-3ef5-419f-b18e-c3263bd4e0f3 [2026-09-23T16:35:36.911825] '-----BEGIN CERTIFICATE-----\n' + (STDOUT, APP/TASK/deploy-to-postgresql)#
#2026 09 23 16:35:38.815#Z#DEBUG#89a811f3-b76c-11f1-a9d4-eeee0a93f2f4.hpbuysell-otc-salesorder-postgres-deployer#flowable-async-job-executor-thread-28290#
[PollExecuteTaskStatusExecution] 9409158a-3ef5-419f-b18e-c3263bd4e0f3 [2026-09-23T16:35:36.911829] 'MIICrjCCAjSgAwIBAgIRAPAlEk8VJPmEzVRRaWvTh2AwCgYIKoZIzj0EAwMwgZYx\n' + (STDOUT, APP/TASK/deploy-to-postgresql)#
#2026 09 23 16:35:38.815#Z#DEBUG#89a811f3-b76c-11f1-a9d4-eeee0a93f2f4.hpbuysell-otc-salesorder-postgres-deployer#flowable-async-job-executor-thread-28290#
[PollExecuteTaskStatusExecution] 9409158a-3ef5-419f-b18e-c3263bd4e0f3 [2026-09-23T16:35:36.911832] 'CzAJBgNVBAYTAlVTMSIwIAYDVQQKDBlBbWF6b24gV2ViIFNlcnZpY2VzLCBJbmMu\n' + (STDOUT, APP/TASK/deploy-to-postgresql)#
#2026 09 23 16:35:38.815#Z#DEBUG#89a811f3-b76c-11f1-a9d4-eeee0a93f2f4.hpbuysell-otc-salesorder-postgres-deployer#flowable-async-job-executor-thread-28290#
[PollExecuteTaskStatusExecution] 9409158a-3ef5-419f-b18e-c3263bd4e0f3 [2026-09-23T16:35:36.911835] 'MRMwEQYDVQQLDApBbWF6b24gUkRTMQswCQYDVQQIDAJXQTEvMC0GA1UEAwwmQW1h\n' + (STDOUT, APP/TASK/deploy-to-postgresql)#
#2026 09 23 16:35:38.815#Z#DEBUG#89a811f3-b76c-11f1-a9d4-eeee0a93f2f4.hpbuysell-otc-salesorder-postgres-deployer#flowable-async-job-executor-thread-28290#
[PollExecuteTaskStatusExecution] 9409158a-3ef5-419f-b18e-c3263bd4e0f3 [2026-09-23T16:35:36.911838] 'em9uIFJEUyB1cy1lYXN0LTEgUm9vdCBDQSBFQ0MzODQgRzExEDAOBgNVBAcMB1Nl\n' + (STDOUT, APP/TASK/deploy-to-postgresql)#
#2026 09 23 16:35:38.815#Z#DEBUG#89a811f3-b76c-11f1-a9d4-eeee0a93f2f4.hpbuysell-otc-salesorder-postgres-deployer#flowable-async-job-executor-thread-28290#
[PollExecuteTaskStatusExecution] 9409158a-3ef5-419f-b18e-c3263bd4e0f3 [2026-09-23T16:35:36.911842] 'YXR0bGUwIBcNMjEwNTI1MjI0MTU1WhgPMjEyMTA1MjUyMzQxNTVaMIGWMQswCQYD\n' + (STDOUT, APP/TASK/deploy-to-postgresql)#
#2026 09 23 16:35:38.815#Z#DEBUG#89a811f3-b76c-11f1-a9d4-eeee0a93f2f4.hpbuysell-otc-salesorder-postgres-deployer#flowable-async-job-executor-thread-28290#
[PollExecuteTaskStatusExecution] 9409158a-3ef5-419f-b18e-c3263bd4e0f3 [2026-09-23T16:35:36.911845] 'VQQGEwJVUzEiMCAGA1UECgwZQW1hem9uIFdlYiBTZXJ2aWNlcywgSW5jLjETMBEG\n' + (STDOUT, APP/TASK/deploy-to-postgresql)#
#2026 09 23 16:35:38.815#Z#DEBUG#89a811f3-b76c-11f1-a9d4-eeee0a93f2f4.hpbuysell-otc-salesorder-postgres-deployer#flowable-async-job-executor-thread-28290#
[PollExecuteTaskStatusExecution] 9409158a-3ef5-419f-b18e-c3263bd4e0f3 [2026-09-23T16:35:36.911849] 'A1UECwwKQW1hem9uIFJEUzELMAkGA1UECAwCV0ExLzAtBgNVBAMMJkFtYXpvbiBS\n' + (STDOUT, APP/TASK/deploy-to-postgresql)#
#2026 09 23 16:35:38.815#Z#DEBUG#89a811f3-b76c-11f1-a9d4-eeee0a93f2f4.hpbuysell-otc-salesorder-postgres-deployer#flowable-async-job-executor-thread-28290#
[PollExecuteTaskStatusExecution] 9409158a-3ef5-419f-b18e-c3263bd4e0f3 [2026-09-23T16:35:36.911852] 'RFMgdXMtZWFzdC0xIFJvb3QgQ0EgRUNDMzg0IEcxMRAwDgYDVQQHDAdTZWF0dGxl\n' + (STDOUT, APP/TASK/deploy-to-postgresql)#
#2026 09 23 16:35:38.815#Z#DEBUG#89a811f3-b76c-11f1-a9d4-eeee0a93f2f4.hpbuysell-otc-salesorder-postgres-deployer#flowable-async-job-executor-thread-28290#
[PollExecuteTaskStatusExecution] 9409158a-3ef5-419f-b18e-c3263bd4e0f3 [2026-09-23T16:35:36.911855] 'MHYwEAYHKoZIzj0CAQYFK4EEACIDYgAEx5xjrup8II4HOJw15NTnS3H5yMrQGlbj\n' + (STDOUT, APP/TASK/deploy-to-postgresql)#
#2026 09 23 16:35:38.815#Z#DEBUG#89a811f3-b76c-11f1-a9d4-eeee0a93f2f4.hpbuysell-otc-salesorder-postgres-deployer#flowable-async-job-executor-thread-28290#
[PollExecuteTaskStatusExecution] 9409158a-3ef5-419f-b18e-c3263bd4e0f3 [2026-09-23T16:35:36.911857] 'EDA5MMGnE9DmHp5dACIxmPXPMe/99nO7wNdl7G71OYPCgEvWm0FhdvVUeTb3LVnV\n' + (STDOUT, APP/TASK/deploy-to-postgresql)#
#2026 09 23 16:35:38.815#Z#DEBUG#89a811f3-b76c-11f1-a9d4-eeee0a93f2f4.hpbuysell-otc-salesorder-postgres-deployer#flowable-async-job-executor-thread-28290#
[PollExecuteTaskStatusExecution] 9409158a-3ef5-419f-b18e-c3263bd4e0f3 [2026-09-23T16:35:36.911858] 'BnaXt32Ek7/oxGk1T+Df03C+W0vmuJ+wo0IwQDAPBgNVHRMBAf8EBTADAQH/MB0G\n' + (STDOUT, APP/TASK/deploy-to-postgresql)#
#2026 09 23 16:35:38.815#Z#DEBUG#89a811f3-b76c-11f1-a9d4-eeee0a93f2f4.hpbuysell-otc-salesorder-postgres-deployer#flowable-async-job-executor-thread-28290#
[PollExecuteTaskStatusExecution] 9409158a-3ef5-419f-b18e-c3263bd4e0f3 [2026-09-23T16:35:36.911860] 'A1UdDgQWBBTGXmqBWN/1tkSea4pNw0oHrjk2UDAOBgNVHQ8BAf8EBAMCAYYwCgYI\n' + (STDOUT, APP/TASK/deploy-to-postgresql)#
#2026 09 23 16:35:38.815#Z#DEBUG#89a811f3-b76c-11f1-a9d4-eeee0a93f2f4.hpbuysell-otc-salesorder-postgres-deployer#flowable-async-job-executor-thread-28290#
[PollExecuteTaskStatusExecution] 9409158a-3ef5-419f-b18e-c3263bd4e0f3 [2026-09-23T16:35:36.911863] 'KoZIzj0EAwMDaAAwZQIxAIqqZWCSrIkZ7zsv/FygtAusW6yvlL935YAWYPVXU30m\n' + (STDOUT, APP/TASK/deploy-to-postgresql)#
#2026 09 23 16:35:38.815#Z#DEBUG#89a811f3-b76c-11f1-a9d4-eeee0a93f2f4.hpbuysell-otc-salesorder-postgres-deployer#flowable-async-job-executor-thread-28290#
[PollExecuteTaskStatusExecution] 9409158a-3ef5-419f-b18e-c3263bd4e0f3 [2026-09-23T16:35:36.911865] 'jkMFLM+/RJ9GMvnO8jHfCgIwB+whlkcItzE9CRQ6CsMo/d5cEHDUu/QW6jSIh9BR\n' + (STDOUT, APP/TASK/deploy-to-postgresql)#
#2026 09 23 16:35:38.815#Z#DEBUG#89a811f3-b76c-11f1-a9d4-eeee0a93f2f4.hpbuysell-otc-salesorder-postgres-deployer#flowable-async-job-executor-thread-28290#
[PollExecuteTaskStatusExecution] 9409158a-3ef5-419f-b18e-c3263bd4e0f3 [2026-09-23T16:35:36.911867] 'OGh9pTYPVkUbBiKPA7lVVhre\n' + (STDOUT, APP/TASK/deploy-to-postgresql)#
#2026 09 23 16:35:38.815#Z#DEBUG#89a811f3-b76c-11f1-a9d4-eeee0a93f2f4.hpbuysell-otc-salesorder-postgres-deployer#flowable-async-job-executor-thread-28290#
[PollExecuteTaskStatusExecution] 9409158a-3ef5-419f-b18e-c3263bd4e0f3 [2026-09-23T16:35:36.911869] '-----END CERTIFICATE-----\n', (STDOUT, APP/TASK/deploy-to-postgresql)#
#2026 09 23 16:35:38.815#Z#DEBUG#89a811f3-b76c-11f1-a9d4-eeee0a93f2f4.hpbuysell-otc-salesorder-postgres-deployer#flowable-async-job-executor-thread-28290#
[PollExecuteTaskStatusExecution] 9409158a-3ef5-419f-b18e-c3263bd4e0f3 [2026-09-23T16:35:36.911871] uri: 'postgres://e4d51886f3dc:daacb78fca6ef102b1397708@postgres-63a33c28-9d9e-4453-821a-000f0ee4a75c.c24srvdukvjo.us-east-1.rds.amazonaws.com:7565/BQiFxAUMVHcr', (STDOUT, APP/TASK/deploy-to-postgresql)#
#2026 09 23 16:35:38.815#Z#DEBUG#89a811f3-b76c-11f1-a9d4-eeee0a93f2f4.hpbuysell-otc-salesorder-postgres-deployer#flowable-async-job-executor-thread-28290#
[PollExecuteTaskStatusExecution] 9409158a-3ef5-419f-b18e-c3263bd4e0f3 [2026-09-23T16:35:36.911874] urls: { (STDOUT, APP/TASK/deploy-to-postgresql)#
#2026 09 23 16:35:38.815#Z#DEBUG#89a811f3-b76c-11f1-a9d4-eeee0a93f2f4.hpbuysell-otc-salesorder-postgres-deployer#flowable-async-job-executor-thread-28290#
[PollExecuteTaskStatusExecution] 9409158a-3ef5-419f-b18e-c3263bd4e0f3 [2026-09-23T16:35:36.911876] api_server: 'https://api-backing-services.us10.data.services.cloud.sap' (STDOUT, APP/TASK/deploy-to-postgresql)#
#2026 09 23 16:35:38.815#Z#DEBUG#89a811f3-b76c-11f1-a9d4-eeee0a93f2f4.hpbuysell-otc-salesorder-postgres-deployer#flowable-async-job-executor-thread-28290#
[PollExecuteTaskStatusExecution] 9409158a-3ef5-419f-b18e-c3263bd4e0f3 [2026-09-23T16:35:36.911879] } (STDOUT, APP/TASK/deploy-to-postgresql)#
#2026 09 23 16:35:38.815#Z#DEBUG#89a811f3-b76c-11f1-a9d4-eeee0a93f2f4.hpbuysell-otc-salesorder-postgres-deployer#flowable-async-job-executor-thread-28290#
[PollExecuteTaskStatusExecution] 9409158a-3ef5-419f-b18e-c3263bd4e0f3 [2026-09-23T16:35:36.911882] } (STDOUT, APP/TASK/deploy-to-postgresql)#
#2026 09 23 16:35:38.815#Z#DEBUG#89a811f3-b76c-11f1-a9d4-eeee0a93f2f4.hpbuysell-otc-salesorder-postgres-deployer#flowable-async-job-executor-thread-28290#
[PollExecuteTaskStatusExecution] 9409158a-3ef5-419f-b18e-c3263bd4e0f3 [2026-09-23T16:35:36.911883] } {} (STDOUT, APP/TASK/deploy-to-postgresql)#
#2026 09 23 16:35:38.815#Z#DEBUG#89a811f3-b76c-11f1-a9d4-eeee0a93f2f4.hpbuysell-otc-salesorder-postgres-deployer#flowable-async-job-executor-thread-28290#
[PollExecuteTaskStatusExecution] 9409158a-3ef5-419f-b18e-c3263bd4e0f3 [2026-09-23T16:35:37.461976] (node:56) DeprecationWarning: Calling client.query() when the client is already executing a query is deprecated and will be removed in pg@9.0. Use async/await or an external async flow control mechanism instead. (STDERR, APP/TASK/deploy-to-postgresql)#
#2026 09 23 16:35:38.815#Z#DEBUG#89a811f3-b76c-11f1-a9d4-eeee0a93f2f4.hpbuysell-otc-salesorder-postgres-deployer#flowable-async-job-executor-thread-28290#
[PollExecuteTaskStatusExecution] 9409158a-3ef5-419f-b18e-c3263bd4e0f3 [2026-09-23T16:35:37.462015] (Use `node --trace-deprecation ...` to show where the warning was created) (STDERR, APP/TASK/deploy-to-postgresql)#
#2026 09 23 16:35:38.815#Z#DEBUG#89a811f3-b76c-11f1-a9d4-eeee0a93f2f4.hpbuysell-otc-salesorder-postgres-deployer#flowable-async-job-executor-thread-28290#
[PollExecuteTaskStatusExecution] 9409158a-3ef5-419f-b18e-c3263bd4e0f3 [2026-09-23T16:35:37.825276] /> deployment to postgres-63a33c28-9d9e-4453-821a-000f0ee4a75c.c24srvdukvjo.us-east-1.rds.amazonaws.com:7565 failed (STDOUT, APP/TASK/deploy-to-postgresql)#
#2026 09 23 16:35:38.815#Z#DEBUG#89a811f3-b76c-11f1-a9d4-eeee0a93f2f4.hpbuysell-otc-salesorder-postgres-deployer#flowable-async-job-executor-thread-28290#
[PollExecuteTaskStatusExecution] 9409158a-3ef5-419f-b18e-c3263bd4e0f3 [2026-09-23T16:35:37.825924] Error: CDS compilation failed (@sap/cds-compiler v6.9.5) (STDERR, APP/TASK/deploy-to-postgresql)#
#2026 09 23 16:35:38.815#Z#DEBUG#89a811f3-b76c-11f1-a9d4-eeee0a93f2f4.hpbuysell-otc-salesorder-postgres-deployer#flowable-async-job-executor-thread-28290#
[PollExecuteTaskStatusExecution] 9409158a-3ef5-419f-b18e-c3263bd4e0f3 [2026-09-23T16:35:37.825950] db/csn.json:811: Error: Dropping elements is not supported (in entity:“hpbuysell.otc.salesorder.SalesOrderAcknowledgements”/element:“ID”) (STDERR, APP/TASK/deploy-to-postgresql)#
#2026 09 23 16:35:38.815#Z#DEBUG#89a811f3-b76c-11f1-a9d4-eeee0a93f2f4.hpbuysell-otc-salesorder-postgres-deployer#flowable-async-job-executor-thread-28290#
[PollExecuteTaskStatusExecution] 9409158a-3ef5-419f-b18e-c3263bd4e0f3 [2026-09-23T16:35:37.825954] at throwWithAnyError (/home/vcap/app/node_modules/@sap/cds-compiler/lib/base/messages.js:607:13) (STDERR, APP/TASK/deploy-to-postgresql)#
#2026 09 23 16:35:38.815#Z#DEBUG#89a811f3-b76c-11f1-a9d4-eeee0a93f2f4.hpbuysell-otc-salesorder-postgres-deployer#flowable-async-job-executor-thread-28290#
[PollExecuteTaskStatusExecution] 9409158a-3ef5-419f-b18e-c3263bd4e0f3 [2026-09-23T16:35:37.825959] at Proxy.toSqlDdl (/home/vcap/app/node_modules/@sap/cds-compiler/lib/render/toSql.js:311:3) (STDERR, APP/TASK/deploy-to-postgresql)#
#2026 09 23 16:35:38.815#Z#DEBUG#89a811f3-b76c-11f1-a9d4-eeee0a93f2f4.hpbuysell-otc-salesorder-postgres-deployer#flowable-async-job-executor-thread-28290#
[PollExecuteTaskStatusExecution] 9409158a-3ef5-419f-b18e-c3263bd4e0f3 [2026-09-23T16:35:37.825966] at sqlMigration (/home/vcap/app/node_modules/@sap/cds-compiler/lib/api/main.js:606:13) (STDERR, APP/TASK/deploy-to-postgresql)#
#2026 09 23 16:35:38.815#Z#DEBUG#89a811f3-b76c-11f1-a9d4-eeee0a93f2f4.hpbuysell-otc-salesorder-postgres-deployer#flowable-async-job-executor-thread-28290#
[PollExecuteTaskStatusExecution] 9409158a-3ef5-419f-b18e-c3263bd4e0f3 [2026-09-23T16:35:37.825969] at Function.api [as migration] (/home/vcap/app/node_modules/@sap/cds-compiler/lib/api/main.js:1185:22) (STDERR, APP/TASK/deploy-to-postgresql)#
#2026 09 23 16:35:38.815#Z#DEBUG#89a811f3-b76c-11f1-a9d4-eeee0a93f2f4.hpbuysell-otc-salesorder-postgres-deployer#flowable-async-job-executor-thread-28290#
[PollExecuteTaskStatusExecution] 9409158a-3ef5-419f-b18e-c3263bd4e0f3 [2026-09-23T16:35:37.825972] at Function.migration (/home/vcap/app/node_modules/@sap/cds-compiler/lib/main.js:157:41) (STDERR, APP/TASK/deploy-to-postgresql)#
#2026 09 23 16:35:38.815#Z#DEBUG#89a811f3-b76c-11f1-a9d4-eeee0a93f2f4.hpbuysell-otc-salesorder-postgres-deployer#flowable-async-job-executor-thread-28290#
[PollExecuteTaskStatusExecution] 9409158a-3ef5-419f-b18e-c3263bd4e0f3 [2026-09-23T16:35:37.825975] at Object.deltaSql (/home/vcap/app/node_modules/@sap/cds/lib/compile/cdsc.js:165:53) (STDERR, APP/TASK/deploy-to-postgresql)#
#2026 09 23 16:35:38.815#Z#DEBUG#89a811f3-b76c-11f1-a9d4-eeee0a93f2f4.hpbuysell-otc-salesorder-postgres-deployer#flowable-async-job-executor-thread-28290#
[PollExecuteTaskStatusExecution] 9409158a-3ef5-419f-b18e-c3263bd4e0f3 [2026-09-23T16:35:37.825978] at /home/vcap/app/node_modules/@sap/cds/lib/compile/to/sql.js:38:61 (STDERR, APP/TASK/deploy-to-postgresql)#
#2026 09 23 16:35:38.815#Z#DEBUG#89a811f3-b76c-11f1-a9d4-eeee0a93f2f4.hpbuysell-otc-salesorder-postgres-deployer#flowable-async-job-executor-thread-28290#
[PollExecuteTaskStatusExecution] 9409158a-3ef5-419f-b18e-c3263bd4e0f3 [2026-09-23T16:35:37.825984] at next (/home/vcap/app/node_modules/@sap/cds/lib/compile/to/sql.js:44:4) (STDERR, APP/TASK/deploy-to-postgresql)#
#2026 09 23 16:35:38.815#Z#DEBUG#89a811f3-b76c-11f1-a9d4-eeee0a93f2f4.hpbuysell-otc-salesorder-postgres-deployer#flowable-async-job-executor-thread-28290#
[PollExecuteTaskStatusExecution] 9409158a-3ef5-419f-b18e-c3263bd4e0f3 [2026-09-23T16:35:37.825988] at Function.cds_compile_to_deltaSql [as delta] (/home/vcap/app/node_modules/@sap/cds/lib/compile/to/sql.js:46:21) (STDERR, APP/TASK/deploy-to-postgresql)#
#2026 09 23 16:35:38.815#Z#DEBUG#89a811f3-b76c-11f1-a9d4-eeee0a93f2f4.hpbuysell-otc-salesorder-postgres-deployer#flowable-async-job-executor-thread-28290#
[PollExecuteTaskStatusExecution] 9409158a-3ef5-419f-b18e-c3263bd4e0f3 [2026-09-23T16:35:37.825990] at deploy.schema (/home/vcap/app/node_modules/@sap/cds/lib/dbs/cds-deploy.js:75:75) (STDERR, APP/TASK/deploy-to-postgresql)#
#2026 09 23 16:35:38.815#Z#DEBUG#89a811f3-b76c-11f1-a9d4-eeee0a93f2f4.hpbuysell-otc-salesorder-postgres-deployer#flowable-async-job-executor-thread-28290#
[PollExecuteTaskStatusExecution] 9409158a-3ef5-419f-b18e-c3263bd4e0f3 [2026-09-23T16:35:37.847125] npm notice (STDERR, APP/TASK/deploy-to-postgresql)#
#2026 09 23 16:35:38.815#Z#DEBUG#89a811f3-b76c-11f1-a9d4-eeee0a93f2f4.hpbuysell-otc-salesorder-postgres-deployer#flowable-async-job-executor-thread-28290#
[PollExecuteTaskStatusExecution] 9409158a-3ef5-419f-b18e-c3263bd4e0f3 [2026-09-23T16:35:37.847138] npm notice New major version of npm available! 10.9.8 -> 12.1.0 (STDERR, APP/TASK/deploy-to-postgresql)#
#2026 09 23 16:35:38.815#Z#DEBUG#89a811f3-b76c-11f1-a9d4-eeee0a93f2f4.hpbuysell-otc-salesorder-postgres-deployer#flowable-async-job-executor-thread-28290#
[PollExecuteTaskStatusExecution] 9409158a-3ef5-419f-b18e-c3263bd4e0f3 [2026-09-23T16:35:37.847141] npm notice Changelog: https://github.com/npm/cli/releases/tag/v12.1.0 (STDERR, APP/TASK/deploy-to-postgresql)#
#2026 09 23 16:35:38.815#Z#DEBUG#89a811f3-b76c-11f1-a9d4-eeee0a93f2f4.hpbuysell-otc-salesorder-postgres-deployer#flowable-async-job-executor-thread-28290#
[PollExecuteTaskStatusExecution] 9409158a-3ef5-419f-b18e-c3263bd4e0f3 [2026-09-23T16:35:37.847142] npm notice To update run: npm install -g npm@12.1.0 (STDERR, APP/TASK/deploy-to-postgresql)#
#2026 09 23 16:35:38.815#Z#DEBUG#89a811f3-b76c-11f1-a9d4-eeee0a93f2f4.hpbuysell-otc-salesorder-postgres-deployer#flowable-async-job-executor-thread-28290#
[PollExecuteTaskStatusExecution] 9409158a-3ef5-419f-b18e-c3263bd4e0f3 [2026-09-23T16:35:37.847145] npm notice (STDERR, APP/TASK/deploy-to-postgresql)#
#2026 09 23 16:35:38.815#Z#DEBUG#89a811f3-b76c-11f1-a9d4-eeee0a93f2f4.hpbuysell-otc-salesorder-postgres-deployer#flowable-async-job-executor-thread-28290#
[PollExecuteTaskStatusExecution] 9409158a-3ef5-419f-b18e-c3263bd4e0f3 [2026-09-23T16:35:37.900500] Exit status 1 (STDOUT, APP/TASK/deploy-to-postgresql)#
#2026 09 23 16:35:48.847#Z#DEBUG#89a811f3-b76c-11f1-a9d4-eeee0a93f2f4.hpbuysell-otc-salesorder-postgres-deployer#flowable-async-job-executor-thread-22054#
[PollExecuteTaskStatusExecution] 9409158a-3ef5-419f-b18e-c3263bd4e0f3 [2026-09-23T16:34:02.941131] Updated app with guid 9409158a-3ef5-419f-b18e-c3263bd4e0f3 ({"lifecycle"=>{"data"=>{"buildpacks"=>["nodejs_buildpack"]}, "type"=>"buildpack"}}) (STDOUT, API)#
#2026 09 23 16:35:48.847#Z#DEBUG#89a811f3-b76c-11f1-a9d4-eeee0a93f2f4.hpbuysell-otc-salesorder-postgres-deployer#flowable-async-job-executor-thread-22054#
[PollExecuteTaskStatusExecution] 9409158a-3ef5-419f-b18e-c3263bd4e0f3 [2026-09-23T16:34:03.062639] Updating process: "web" (STDOUT, API)#
#2026 09 23 16:35:48.847#Z#DEBUG#89a811f3-b76c-11f1-a9d4-eeee0a93f2f4.hpbuysell-otc-salesorder-postgres-deployer#flowable-async-job-executor-thread-22054#
[PollExecuteTaskStatusExecution] 9409158a-3ef5-419f-b18e-c3263bd4e0f3 [2026-09-23T16:34:38.924183] Uploading app package for app with guid 9409158a-3ef5-419f-b18e-c3263bd4e0f3 (STDOUT, API)#
#2026 09 23 16:35:48.847#Z#DEBUG#89a811f3-b76c-11f1-a9d4-eeee0a93f2f4.hpbuysell-otc-salesorder-postgres-deployer#flowable-async-job-executor-thread-22054#
[PollExecuteTaskStatusExecution] 9409158a-3ef5-419f-b18e-c3263bd4e0f3 [2026-09-23T16:34:39.117933] Updated app with guid 9409158a-3ef5-419f-b18e-c3263bd4e0f3 ({"environment_variables"=>"[PRIVATE DATA HIDDEN]"}) (STDOUT, API)#
#2026 09 23 16:35:48.847#Z#DEBUG#89a811f3-b76c-11f1-a9d4-eeee0a93f2f4.hpbuysell-otc-salesorder-postgres-deployer#flowable-async-job-executor-thread-22054#
[PollExecuteTaskStatusExecution] 9409158a-3ef5-419f-b18e-c3263bd4e0f3 [2026-09-23T16:34:48.894228] Creating build for app with guid 9409158a-3ef5-419f-b18e-c3263bd4e0f3 (STDOUT, API)#
#2026 09 23 16:35:48.847#Z#DEBUG#89a811f3-b76c-11f1-a9d4-eeee0a93f2f4.hpbuysell-otc-salesorder-postgres-deployer#flowable-async-job-executor-thread-22054#
[PollExecuteTaskStatusExecution] 9409158a-3ef5-419f-b18e-c3263bd4e0f3 [2026-09-23T16:34:49.282519] Downloading nodejs_buildpack... (STDOUT, STG)#
#2026 09 23 16:35:48.847#Z#DEBUG#89a811f3-b76c-11f1-a9d4-eeee0a93f2f4.hpbuysell-otc-salesorder-postgres-deployer#flowable-async-job-executor-thread-22054#
[PollExecuteTaskStatusExecution] 9409158a-3ef5-419f-b18e-c3263bd4e0f3 [2026-09-23T16:34:49.320916] Downloaded nodejs_buildpack (STDOUT, STG)#
#2026 09 23 16:35:48.847#Z#DEBUG#89a811f3-b76c-11f1-a9d4-eeee0a93f2f4.hpbuysell-otc-salesorder-postgres-deployer#flowable-async-job-executor-thread-22054#
[PollExecuteTaskStatusExecution] 9409158a-3ef5-419f-b18e-c3263bd4e0f3 [2026-09-23T16:34:49.320988] Cell e92d70ea-20bb-4bd3-b62a-3f8ab64af136 creating container for instance b2d19168-9a0b-4d05-9952-968a341bf132 (STDOUT, STG)#
#2026 09 23 16:35:48.847#Z#DEBUG#89a811f3-b76c-11f1-a9d4-eeee0a93f2f4.hpbuysell-otc-salesorder-postgres-deployer#flowable-async-job-executor-thread-22054#
[PollExecuteTaskStatusExecution] 9409158a-3ef5-419f-b18e-c3263bd4e0f3 [2026-09-23T16:34:49.646764] Security group rules were updated (STDOUT, STG)#
#2026 09 23 16:35:48.847#Z#DEBUG#89a811f3-b76c-11f1-a9d4-eeee0a93f2f4.hpbuysell-otc-salesorder-postgres-deployer#flowable-async-job-executor-thread-22054#
[PollExecuteTaskStatusExecution] 9409158a-3ef5-419f-b18e-c3263bd4e0f3 [2026-09-23T16:34:49.664369] Cell e92d70ea-20bb-4bd3-b62a-3f8ab64af136 successfully created container for instance b2d19168-9a0b-4d05-9952-968a341bf132 (STDOUT, STG)#
#2026 09 23 16:35:48.847#Z#DEBUG#89a811f3-b76c-11f1-a9d4-eeee0a93f2f4.hpbuysell-otc-salesorder-postgres-deployer#flowable-async-job-executor-thread-22054#
[PollExecuteTaskStatusExecution] 9409158a-3ef5-419f-b18e-c3263bd4e0f3 [2026-09-23T16:34:50.268211] Downloading build artifacts cache... (STDOUT, STG)#
#2026 09 23 16:35:48.847#Z#DEBUG#89a811f3-b76c-11f1-a9d4-eeee0a93f2f4.hpbuysell-otc-salesorder-postgres-deployer#flowable-async-job-executor-thread-22054#
[PollExecuteTaskStatusExecution] 9409158a-3ef5-419f-b18e-c3263bd4e0f3 [2026-09-23T16:34:50.268333] Downloading app package... (STDOUT, STG)#
#2026 09 23 16:35:48.847#Z#DEBUG#89a811f3-b76c-11f1-a9d4-eeee0a93f2f4.hpbuysell-otc-salesorder-postgres-deployer#flowable-async-job-executor-thread-22054#
[PollExecuteTaskStatusExecution] 9409158a-3ef5-419f-b18e-c3263bd4e0f3 [2026-09-23T16:34:50.349223] Downloaded build artifacts cache (215B) (STDOUT, STG)#
#2026 09 23 16:35:48.847#Z#DEBUG#89a811f3-b76c-11f1-a9d4-eeee0a93f2f4.hpbuysell-otc-salesorder-postgres-deployer#flowable-async-job-executor-thread-22054#
[PollExecuteTaskStatusExecution] 9409158a-3ef5-419f-b18e-c3263bd4e0f3 [2026-09-23T16:34:50.583017] Downloaded app package (3.1M) (STDOUT, STG)#
#2026 09 23 16:35:48.847#Z#DEBUG#89a811f3-b76c-11f1-a9d4-eeee0a93f2f4.hpbuysell-otc-salesorder-postgres-deployer#flowable-async-job-executor-thread-22054#
[PollExecuteTaskStatusExecution] 9409158a-3ef5-419f-b18e-c3263bd4e0f3 [2026-09-23T16:34:50.651127] -----> Nodejs Buildpack version 1.9.4 (STDOUT, STG)#
#2026 09 23 16:35:48.847#Z#DEBUG#89a811f3-b76c-11f1-a9d4-eeee0a93f2f4.hpbuysell-otc-salesorder-postgres-deployer#flowable-async-job-executor-thread-22054#
[PollExecuteTaskStatusExecution] 9409158a-3ef5-419f-b18e-c3263bd4e0f3 [2026-09-23T16:34:50.766428] -----> Bootstrapping python (STDOUT, STG)#
#2026 09 23 16:35:48.847#Z#DEBUG#89a811f3-b76c-11f1-a9d4-eeee0a93f2f4.hpbuysell-otc-salesorder-postgres-deployer#flowable-async-job-executor-thread-22054#
[PollExecuteTaskStatusExecution] 9409158a-3ef5-419f-b18e-c3263bd4e0f3 [2026-09-23T16:34:50.766450] -----> Installing python 3.13.15 (STDOUT, STG)#
#2026 09 23 16:35:48.847#Z#DEBUG#89a811f3-b76c-11f1-a9d4-eeee0a93f2f4.hpbuysell-otc-salesorder-postgres-deployer#flowable-async-job-executor-thread-22054#
[PollExecuteTaskStatusExecution] 9409158a-3ef5-419f-b18e-c3263bd4e0f3 [2026-09-23T16:34:50.766488] Copy [/tmp/buildpacks/a5982ae3653c0c93/dependencies/6832464ec708e1392d482a6034aa2c94/python_3.13.15_linux_x64_cflinuxfs4_0c9cd9fd.tgz] (STDOUT, STG)#
#2026 09 23 16:35:48.847#Z#DEBUG#89a811f3-b76c-11f1-a9d4-eeee0a93f2f4.hpbuysell-otc-salesorder-postgres-deployer#flowable-async-job-executor-thread-22054#
[PollExecuteTaskStatusExecution] 9409158a-3ef5-419f-b18e-c3263bd4e0f3 [2026-09-23T16:34:54.032600] -----> Installing binaries (STDOUT, STG)#
#2026 09 23 16:35:48.847#Z#DEBUG#89a811f3-b76c-11f1-a9d4-eeee0a93f2f4.hpbuysell-otc-salesorder-postgres-deployer#flowable-async-job-executor-thread-22054#
[PollExecuteTaskStatusExecution] 9409158a-3ef5-419f-b18e-c3263bd4e0f3 [2026-09-23T16:34:54.032627] engines.node (package.json): unspecified (STDOUT, STG)#
#2026 09 23 16:35:48.847#Z#DEBUG#89a811f3-b76c-11f1-a9d4-eeee0a93f2f4.hpbuysell-otc-salesorder-postgres-deployer#flowable-async-job-executor-thread-22054#
[PollExecuteTaskStatusExecution] 9409158a-3ef5-419f-b18e-c3263bd4e0f3 [2026-09-23T16:34:54.032631] engines.npm (package.json): unspecified (use default) (STDOUT, STG)#
#2026 09 23 16:35:48.847#Z#DEBUG#89a811f3-b76c-11f1-a9d4-eeee0a93f2f4.hpbuysell-otc-salesorder-postgres-deployer#flowable-async-job-executor-thread-22054#
[PollExecuteTaskStatusExecution] 9409158a-3ef5-419f-b18e-c3263bd4e0f3 [2026-09-23T16:34:54.032634] [31;1m**WARNING**[0m Node version not specified in package.json or .nvmrc. See: http://docs.cloudfoundry.org/buildpacks/node/node-tips.html (STDOUT, STG)#
#2026 09 23 16:35:48.847#Z#DEBUG#89a811f3-b76c-11f1-a9d4-eeee0a93f2f4.hpbuysell-otc-salesorder-postgres-deployer#flowable-async-job-executor-thread-22054#
[PollExecuteTaskStatusExecution] 9409158a-3ef5-419f-b18e-c3263bd4e0f3 [2026-09-23T16:34:54.032662] -----> Installing node 22.23.2 (STDOUT, STG)#
#2026 09 23 16:35:48.847#Z#DEBUG#89a811f3-b76c-11f1-a9d4-eeee0a93f2f4.hpbuysell-otc-salesorder-postgres-deployer#flowable-async-job-executor-thread-22054#
[PollExecuteTaskStatusExecution] 9409158a-3ef5-419f-b18e-c3263bd4e0f3 [2026-09-23T16:34:54.032785] Copy [/tmp/buildpacks/a5982ae3653c0c93/dependencies/d69f9b8550b7904ed82cbc204ef0d72d/node_22.23.2_linux_x64_cflinuxfs4_8bfe78a5.tgz] (STDOUT, STG)#
#2026 09 23 16:35:48.847#Z#DEBUG#89a811f3-b76c-11f1-a9d4-eeee0a93f2f4.hpbuysell-otc-salesorder-postgres-deployer#flowable-async-job-executor-thread-22054#
[PollExecuteTaskStatusExecution] 9409158a-3ef5-419f-b18e-c3263bd4e0f3 [2026-09-23T16:34:55.892303] Using default npm version: 10.9.8 (STDOUT, STG)#
#2026 09 23 16:35:48.847#Z#DEBUG#89a811f3-b76c-11f1-a9d4-eeee0a93f2f4.hpbuysell-otc-salesorder-postgres-deployer#flowable-async-job-executor-thread-22054#
[PollExecuteTaskStatusExecution] 9409158a-3ef5-419f-b18e-c3263bd4e0f3 [2026-09-23T16:34:55.892329] -----> Installing yarn 1.22.22 (STDOUT, STG)#
#2026 09 23 16:35:48.847#Z#DEBUG#89a811f3-b76c-11f1-a9d4-eeee0a93f2f4.hpbuysell-otc-salesorder-postgres-deployer#flowable-async-job-executor-thread-22054#
[PollExecuteTaskStatusExecution] 9409158a-3ef5-419f-b18e-c3263bd4e0f3 [2026-09-23T16:34:55.892347] Copy [/tmp/buildpacks/a5982ae3653c0c93/dependencies/e4fe26756e9984a665478d350474fa2e/yarn_1.22.22_linux_noarch_any-stack_b6132b86.tgz] (STDOUT, STG)#
#2026 09 23 16:35:48.847#Z#DEBUG#89a811f3-b76c-11f1-a9d4-eeee0a93f2f4.hpbuysell-otc-salesorder-postgres-deployer#flowable-async-job-executor-thread-22054#
[PollExecuteTaskStatusExecution] 9409158a-3ef5-419f-b18e-c3263bd4e0f3 [2026-09-23T16:34:56.147494] Installed yarn 1.22.22 (STDOUT, STG)#
#2026 09 23 16:35:48.847#Z#DEBUG#89a811f3-b76c-11f1-a9d4-eeee0a93f2f4.hpbuysell-otc-salesorder-postgres-deployer#flowable-async-job-executor-thread-22054#
[PollExecuteTaskStatusExecution] 9409158a-3ef5-419f-b18e-c3263bd4e0f3 [2026-09-23T16:34:56.147527] -----> Creating runtime environment (STDOUT, STG)#
#2026 09 23 16:35:48.847#Z#DEBUG#89a811f3-b76c-11f1-a9d4-eeee0a93f2f4.hpbuysell-otc-salesorder-postgres-deployer#flowable-async-job-executor-thread-22054#
[PollExecuteTaskStatusExecution] 9409158a-3ef5-419f-b18e-c3263bd4e0f3 [2026-09-23T16:34:56.149201] NODE_ENV=production (STDOUT, STG)#
#2026 09 23 16:35:48.847#Z#DEBUG#89a811f3-b76c-11f1-a9d4-eeee0a93f2f4.hpbuysell-otc-salesorder-postgres-deployer#flowable-async-job-executor-thread-22054#
[PollExecuteTaskStatusExecution] 9409158a-3ef5-419f-b18e-c3263bd4e0f3 [2026-09-23T16:34:56.149215] NODE_HOME=/tmp/contents2561168110/deps/0/node (STDOUT, STG)#
#2026 09 23 16:35:48.847#Z#DEBUG#89a811f3-b76c-11f1-a9d4-eeee0a93f2f4.hpbuysell-otc-salesorder-postgres-deployer#flowable-async-job-executor-thread-22054#
[PollExecuteTaskStatusExecution] 9409158a-3ef5-419f-b18e-c3263bd4e0f3 [2026-09-23T16:34:56.149218] NODE_MODULES_CACHE=true (STDOUT, STG)#
#2026 09 23 16:35:48.847#Z#DEBUG#89a811f3-b76c-11f1-a9d4-eeee0a93f2f4.hpbuysell-otc-salesorder-postgres-deployer#flowable-async-job-executor-thread-22054#
[PollExecuteTaskStatusExecution] 9409158a-3ef5-419f-b18e-c3263bd4e0f3 [2026-09-23T16:34:56.149220] NODE_VERBOSE=false (STDOUT, STG)#
#2026 09 23 16:35:48.847#Z#DEBUG#89a811f3-b76c-11f1-a9d4-eeee0a93f2f4.hpbuysell-otc-salesorder-postgres-deployer#flowable-async-job-executor-thread-22054#
[PollExecuteTaskStatusExecution] 9409158a-3ef5-419f-b18e-c3263bd4e0f3 [2026-09-23T16:34:56.149221] NPM_CONFIG_LOGLEVEL=error (STDOUT, STG)#
#2026 09 23 16:35:48.847#Z#DEBUG#89a811f3-b76c-11f1-a9d4-eeee0a93f2f4.hpbuysell-otc-salesorder-postgres-deployer#flowable-async-job-executor-thread-22054#
[PollExecuteTaskStatusExecution] 9409158a-3ef5-419f-b18e-c3263bd4e0f3 [2026-09-23T16:34:56.149224] NPM_CONFIG_PRODUCTION=true (STDOUT, STG)#
#2026 09 23 16:35:48.847#Z#DEBUG#89a811f3-b76c-11f1-a9d4-eeee0a93f2f4.hpbuysell-otc-salesorder-postgres-deployer#flowable-async-job-executor-thread-22054#
[PollExecuteTaskStatusExecution] 9409158a-3ef5-419f-b18e-c3263bd4e0f3 [2026-09-23T16:34:56.149225] -----> Building dependencies (STDOUT, STG)#
#2026 09 23 16:35:48.847#Z#DEBUG#89a811f3-b76c-11f1-a9d4-eeee0a93f2f4.hpbuysell-otc-salesorder-postgres-deployer#flowable-async-job-executor-thread-22054#
[PollExecuteTaskStatusExecution] 9409158a-3ef5-419f-b18e-c3263bd4e0f3 [2026-09-23T16:34:56.149228] Prebuild detected (node_modules already exists) (STDOUT, STG)#
#2026 09 23 16:35:48.847#Z#DEBUG#89a811f3-b76c-11f1-a9d4-eeee0a93f2f4.hpbuysell-otc-salesorder-postgres-deployer#flowable-async-job-executor-thread-22054#
[PollExecuteTaskStatusExecution] 9409158a-3ef5-419f-b18e-c3263bd4e0f3 [2026-09-23T16:34:56.149316] Rebuilding any native modules (STDOUT, STG)#
#2026 09 23 16:35:48.847#Z#DEBUG#89a811f3-b76c-11f1-a9d4-eeee0a93f2f4.hpbuysell-otc-salesorder-postgres-deployer#flowable-async-job-executor-thread-22054#
[PollExecuteTaskStatusExecution] 9409158a-3ef5-419f-b18e-c3263bd4e0f3 [2026-09-23T16:34:56.664749] rebuilt dependencies successfully (STDOUT, STG)#
#2026 09 23 16:35:48.847#Z#DEBUG#89a811f3-b76c-11f1-a9d4-eeee0a93f2f4.hpbuysell-otc-salesorder-postgres-deployer#flowable-async-job-executor-thread-22054#
[PollExecuteTaskStatusExecution] 9409158a-3ef5-419f-b18e-c3263bd4e0f3 [2026-09-23T16:34:56.665630] npm notice (STDOUT, STG)#
#2026 09 23 16:35:48.847#Z#DEBUG#89a811f3-b76c-11f1-a9d4-eeee0a93f2f4.hpbuysell-otc-salesorder-postgres-deployer#flowable-async-job-executor-thread-22054#
[PollExecuteTaskStatusExecution] 9409158a-3ef5-419f-b18e-c3263bd4e0f3 [2026-09-23T16:34:56.665644] npm notice New major version of npm available! 10.9.8 -> 12.1.0 (STDOUT, STG)#
#2026 09 23 16:35:48.847#Z#DEBUG#89a811f3-b76c-11f1-a9d4-eeee0a93f2f4.hpbuysell-otc-salesorder-postgres-deployer#flowable-async-job-executor-thread-22054#
[PollExecuteTaskStatusExecution] 9409158a-3ef5-419f-b18e-c3263bd4e0f3 [2026-09-23T16:34:56.665648] npm notice Changelog: https://github.com/npm/cli/releases/tag/v12.1.0 (STDOUT, STG)#
#2026 09 23 16:35:48.847#Z#DEBUG#89a811f3-b76c-11f1-a9d4-eeee0a93f2f4.hpbuysell-otc-salesorder-postgres-deployer#flowable-async-job-executor-thread-22054#
[PollExecuteTaskStatusExecution] 9409158a-3ef5-419f-b18e-c3263bd4e0f3 [2026-09-23T16:34:56.665650] npm notice To update run: npm install -g npm@12.1.0 (STDOUT, STG)#
#2026 09 23 16:35:48.847#Z#DEBUG#89a811f3-b76c-11f1-a9d4-eeee0a93f2f4.hpbuysell-otc-salesorder-postgres-deployer#flowable-async-job-executor-thread-22054#
[PollExecuteTaskStatusExecution] 9409158a-3ef5-419f-b18e-c3263bd4e0f3 [2026-09-23T16:34:56.665652] npm notice (STDOUT, STG)#
#2026 09 23 16:35:48.847#Z#DEBUG#89a811f3-b76c-11f1-a9d4-eeee0a93f2f4.hpbuysell-otc-salesorder-postgres-deployer#flowable-async-job-executor-thread-22054#
[PollExecuteTaskStatusExecution] 9409158a-3ef5-419f-b18e-c3263bd4e0f3 [2026-09-23T16:34:56.720884] Installing any new modules (package.json + package-lock.json) (STDOUT, STG)#
#2026 09 23 16:35:48.847#Z#DEBUG#89a811f3-b76c-11f1-a9d4-eeee0a93f2f4.hpbuysell-otc-salesorder-postgres-deployer#flowable-async-job-executor-thread-22054#
[PollExecuteTaskStatusExecution] 9409158a-3ef5-419f-b18e-c3263bd4e0f3 [2026-09-23T16:34:57.157879] up to date in 375ms (STDOUT, STG)#
#2026 09 23 16:35:48.847#Z#DEBUG#89a811f3-b76c-11f1-a9d4-eeee0a93f2f4.hpbuysell-otc-salesorder-postgres-deployer#flowable-async-job-executor-thread-22054#
[PollExecuteTaskStatusExecution] 9409158a-3ef5-419f-b18e-c3263bd4e0f3 [2026-09-23T16:34:57.157924] 30 packages are looking for funding (STDOUT, STG)#
#2026 09 23 16:35:48.847#Z#DEBUG#89a811f3-b76c-11f1-a9d4-eeee0a93f2f4.hpbuysell-otc-salesorder-postgres-deployer#flowable-async-job-executor-thread-22054#
[PollExecuteTaskStatusExecution] 9409158a-3ef5-419f-b18e-c3263bd4e0f3 [2026-09-23T16:34:57.157931] run `npm fund` for details (STDOUT, STG)#
#2026 09 23 16:35:48.847#Z#DEBUG#89a811f3-b76c-11f1-a9d4-eeee0a93f2f4.hpbuysell-otc-salesorder-postgres-deployer#flowable-async-job-executor-thread-22054#
[PollExecuteTaskStatusExecution] 9409158a-3ef5-419f-b18e-c3263bd4e0f3 [2026-09-23T16:34:57.932379] Contrast Security no credentials found. Will not write environment files. (STDOUT, STG)#
#2026 09 23 16:35:48.847#Z#DEBUG#89a811f3-b76c-11f1-a9d4-eeee0a93f2f4.hpbuysell-otc-salesorder-postgres-deployer#flowable-async-job-executor-thread-22054#
[PollExecuteTaskStatusExecution] 9409158a-3ef5-419f-b18e-c3263bd4e0f3 [2026-09-23T16:35:05.888464] Exit status 0 (STDOUT, STG)#
#2026 09 23 16:35:48.847#Z#DEBUG#89a811f3-b76c-11f1-a9d4-eeee0a93f2f4.hpbuysell-otc-salesorder-postgres-deployer#flowable-async-job-executor-thread-22054#
[PollExecuteTaskStatusExecution] 9409158a-3ef5-419f-b18e-c3263bd4e0f3 [2026-09-23T16:35:05.888535] Uploading droplet, build artifacts cache... (STDOUT, STG)#
#2026 09 23 16:35:48.847#Z#DEBUG#89a811f3-b76c-11f1-a9d4-eeee0a93f2f4.hpbuysell-otc-salesorder-postgres-deployer#flowable-async-job-executor-thread-22054#
[PollExecuteTaskStatusExecution] 9409158a-3ef5-419f-b18e-c3263bd4e0f3 [2026-09-23T16:35:05.888608] Uploading droplet... (STDOUT, STG)#
#2026 09 23 16:35:48.847#Z#DEBUG#89a811f3-b76c-11f1-a9d4-eeee0a93f2f4.hpbuysell-otc-salesorder-postgres-deployer#flowable-async-job-executor-thread-22054#
[PollExecuteTaskStatusExecution] 9409158a-3ef5-419f-b18e-c3263bd4e0f3 [2026-09-23T16:35:05.888623] Uploading build artifacts cache... (STDOUT, STG)#
#2026 09 23 16:35:48.847#Z#DEBUG#89a811f3-b76c-11f1-a9d4-eeee0a93f2f4.hpbuysell-otc-salesorder-postgres-deployer#flowable-async-job-executor-thread-22054#
[PollExecuteTaskStatusExecution] 9409158a-3ef5-419f-b18e-c3263bd4e0f3 [2026-09-23T16:35:05.905189] Uploaded build artifacts cache (224B) (STDOUT, STG)#
#2026 09 23 16:35:48.847#Z#DEBUG#89a811f3-b76c-11f1-a9d4-eeee0a93f2f4.hpbuysell-otc-salesorder-postgres-deployer#flowable-async-job-executor-thread-22054#
[PollExecuteTaskStatusExecution] 9409158a-3ef5-419f-b18e-c3263bd4e0f3 [2026-09-23T16:35:06.493229] Creating droplet for app with guid 9409158a-3ef5-419f-b18e-c3263bd4e0f3 (STDOUT, API)#
#2026 09 23 16:35:48.847#Z#DEBUG#89a811f3-b76c-11f1-a9d4-eeee0a93f2f4.hpbuysell-otc-salesorder-postgres-deployer#flowable-async-job-executor-thread-22054#
[PollExecuteTaskStatusExecution] 9409158a-3ef5-419f-b18e-c3263bd4e0f3 [2026-09-23T16:35:08.560959] Uploaded droplet (59.5M) (STDOUT, STG)#
#2026 09 23 16:35:48.847#Z#DEBUG#89a811f3-b76c-11f1-a9d4-eeee0a93f2f4.hpbuysell-otc-salesorder-postgres-deployer#flowable-async-job-executor-thread-22054#
[PollExecuteTaskStatusExecution] 9409158a-3ef5-419f-b18e-c3263bd4e0f3 [2026-09-23T16:35:08.578586] Uploading complete (STDOUT, STG)#
#2026 09 23 16:35:48.847#Z#DEBUG#89a811f3-b76c-11f1-a9d4-eeee0a93f2f4.hpbuysell-otc-salesorder-postgres-deployer#flowable-async-job-executor-thread-22054#
[PollExecuteTaskStatusExecution] 9409158a-3ef5-419f-b18e-c3263bd4e0f3 [2026-09-23T16:35:09.645640] Cell e92d70ea-20bb-4bd3-b62a-3f8ab64af136 stopping instance b2d19168-9a0b-4d05-9952-968a341bf132 (STDOUT, STG)#
#2026 09 23 16:35:48.847#Z#DEBUG#89a811f3-b76c-11f1-a9d4-eeee0a93f2f4.hpbuysell-otc-salesorder-postgres-deployer#flowable-async-job-executor-thread-22054#
[PollExecuteTaskStatusExecution] 9409158a-3ef5-419f-b18e-c3263bd4e0f3 [2026-09-23T16:35:09.645681] Cell e92d70ea-20bb-4bd3-b62a-3f8ab64af136 destroying container for instance b2d19168-9a0b-4d05-9952-968a341bf132 (STDOUT, STG)#
#2026 09 23 16:35:48.847#Z#DEBUG#89a811f3-b76c-11f1-a9d4-eeee0a93f2f4.hpbuysell-otc-salesorder-postgres-deployer#flowable-async-job-executor-thread-22054#
[PollExecuteTaskStatusExecution] 9409158a-3ef5-419f-b18e-c3263bd4e0f3 [2026-09-23T16:35:09.715185] Staging complete for build b2d19168-9a0b-4d05-9952-968a341bf132 (STDOUT, API)#
#2026 09 23 16:35:48.847#Z#DEBUG#89a811f3-b76c-11f1-a9d4-eeee0a93f2f4.hpbuysell-otc-salesorder-postgres-deployer#flowable-async-job-executor-thread-22054#
[PollExecuteTaskStatusExecution] 9409158a-3ef5-419f-b18e-c3263bd4e0f3 [2026-09-23T16:35:10.724758] Cell e92d70ea-20bb-4bd3-b62a-3f8ab64af136 successfully destroyed container for instance b2d19168-9a0b-4d05-9952-968a341bf132 (STDOUT, STG)#
#2026 09 23 16:35:48.847#Z#DEBUG#89a811f3-b76c-11f1-a9d4-eeee0a93f2f4.hpbuysell-otc-salesorder-postgres-deployer#flowable-async-job-executor-thread-22054#
[PollExecuteTaskStatusExecution] 9409158a-3ef5-419f-b18e-c3263bd4e0f3 [2026-09-23T16:35:18.860660] Updated app with guid 9409158a-3ef5-419f-b18e-c3263bd4e0f3 ({:droplet_guid=>"39b6d6c9-6a15-4ee4-b80c-92595392842d"}) (STDOUT, API)#
#2026 09 23 16:35:48.847#Z#DEBUG#89a811f3-b76c-11f1-a9d4-eeee0a93f2f4.hpbuysell-otc-salesorder-postgres-deployer#flowable-async-job-executor-thread-22054#
[PollExecuteTaskStatusExecution] 9409158a-3ef5-419f-b18e-c3263bd4e0f3 [2026-09-23T16:35:19.335987] Cell d6f6c137-ae8a-48d5-9574-17d171a99dc7 creating container for instance 7117c9c4-7e6d-4717-8674-f2fbe6ad5125 (STDOUT, CELL)#
#2026 09 23 16:35:48.847#Z#DEBUG#89a811f3-b76c-11f1-a9d4-eeee0a93f2f4.hpbuysell-otc-salesorder-postgres-deployer#flowable-async-job-executor-thread-22054#
[PollExecuteTaskStatusExecution] 9409158a-3ef5-419f-b18e-c3263bd4e0f3 [2026-09-23T16:35:19.697593] Security group rules were updated (STDOUT, CELL)#
#2026 09 23 16:35:48.847#Z#DEBUG#89a811f3-b76c-11f1-a9d4-eeee0a93f2f4.hpbuysell-otc-salesorder-postgres-deployer#flowable-async-job-executor-thread-22054#
[PollExecuteTaskStatusExecution] 9409158a-3ef5-419f-b18e-c3263bd4e0f3 [2026-09-23T16:35:19.720968] Cell d6f6c137-ae8a-48d5-9574-17d171a99dc7 successfully created container for instance 7117c9c4-7e6d-4717-8674-f2fbe6ad5125 (STDOUT, CELL)#
#2026 09 23 16:35:48.847#Z#DEBUG#89a811f3-b76c-11f1-a9d4-eeee0a93f2f4.hpbuysell-otc-salesorder-postgres-deployer#flowable-async-job-executor-thread-22054#
[PollExecuteTaskStatusExecution] 9409158a-3ef5-419f-b18e-c3263bd4e0f3 [2026-09-23T16:35:23.016193] Invoking pre-start scripts. (STDOUT, APP/TASK/deploy-to-postgresql)#
#2026 09 23 16:35:48.847#Z#DEBUG#89a811f3-b76c-11f1-a9d4-eeee0a93f2f4.hpbuysell-otc-salesorder-postgres-deployer#flowable-async-job-executor-thread-22054#
[PollExecuteTaskStatusExecution] 9409158a-3ef5-419f-b18e-c3263bd4e0f3 [2026-09-23T16:35:23.167381] Invoking start command. (STDOUT, APP/TASK/deploy-to-postgresql)#
#2026 09 23 16:35:48.847#Z#DEBUG#89a811f3-b76c-11f1-a9d4-eeee0a93f2f4.hpbuysell-otc-salesorder-postgres-deployer#flowable-async-job-executor-thread-22054#
[PollExecuteTaskStatusExecution] 9409158a-3ef5-419f-b18e-c3263bd4e0f3 [2026-09-23T16:35:23.476874] > start (STDOUT, APP/TASK/deploy-to-postgresql)#
#2026 09 23 16:35:48.847#Z#DEBUG#89a811f3-b76c-11f1-a9d4-eeee0a93f2f4.hpbuysell-otc-salesorder-postgres-deployer#flowable-async-job-executor-thread-22054#
[PollExecuteTaskStatusExecution] 9409158a-3ef5-419f-b18e-c3263bd4e0f3 [2026-09-23T16:35:23.476896] > cds-deploy (STDOUT, APP/TASK/deploy-to-postgresql)#
#2026 09 23 16:35:48.847#Z#DEBUG#89a811f3-b76c-11f1-a9d4-eeee0a93f2f4.hpbuysell-otc-salesorder-postgres-deployer#flowable-async-job-executor-thread-22054#
[PollExecuteTaskStatusExecution] 9409158a-3ef5-419f-b18e-c3263bd4e0f3 [2026-09-23T16:35:23.535947] Deploying with options: { (STDOUT, APP/TASK/deploy-to-postgresql)#
#2026 09 23 16:35:48.847#Z#DEBUG#89a811f3-b76c-11f1-a9d4-eeee0a93f2f4.hpbuysell-otc-salesorder-postgres-deployer#flowable-async-job-executor-thread-22054#
[PollExecuteTaskStatusExecution] 9409158a-3ef5-419f-b18e-c3263bd4e0f3 [2026-09-23T16:35:23.535965] impl: '@cap-js/postgres', (STDOUT, APP/TASK/deploy-to-postgresql)#
#2026 09 23 16:35:48.847#Z#DEBUG#89a811f3-b76c-11f1-a9d4-eeee0a93f2f4.hpbuysell-otc-salesorder-postgres-deployer#flowable-async-job-executor-thread-22054#
[PollExecuteTaskStatusExecution] 9409158a-3ef5-419f-b18e-c3263bd4e0f3 [2026-09-23T16:35:23.535968] kind: 'postgres', (STDOUT, APP/TASK/deploy-to-postgresql)#
#2026 09 23 16:35:48.847#Z#DEBUG#89a811f3-b76c-11f1-a9d4-eeee0a93f2f4.hpbuysell-otc-salesorder-postgres-deployer#flowable-async-job-executor-thread-22054#
[PollExecuteTaskStatusExecution] 9409158a-3ef5-419f-b18e-c3263bd4e0f3 [2026-09-23T16:35:23.535971] dialect: 'postgres', (STDOUT, APP/TASK/deploy-to-postgresql)#
#2026 09 23 16:35:48.847#Z#DEBUG#89a811f3-b76c-11f1-a9d4-eeee0a93f2f4.hpbuysell-otc-salesorder-postgres-deployer#flowable-async-job-executor-thread-22054#
[PollExecuteTaskStatusExecution] 9409158a-3ef5-419f-b18e-c3263bd4e0f3 [2026-09-23T16:35:23.535974] vcap: { label: 'postgresql-db' }, (STDOUT, APP/TASK/deploy-to-postgresql)#
#2026 09 23 16:35:48.847#Z#DEBUG#89a811f3-b76c-11f1-a9d4-eeee0a93f2f4.hpbuysell-otc-salesorder-postgres-deployer#flowable-async-job-executor-thread-22054#
[PollExecuteTaskStatusExecution] 9409158a-3ef5-419f-b18e-c3263bd4e0f3 [2026-09-23T16:35:23.535977] pool: { (STDOUT, APP/TASK/deploy-to-postgresql)#
#2026 09 23 16:35:48.847#Z#DEBUG#89a811f3-b76c-11f1-a9d4-eeee0a93f2f4.hpbuysell-otc-salesorder-postgres-deployer#flowable-async-job-executor-thread-22054#
[PollExecuteTaskStatusExecution] 9409158a-3ef5-419f-b18e-c3263bd4e0f3 [2026-09-23T16:35:23.535979] min: 0, (STDOUT, APP/TASK/deploy-to-postgresql)#
#2026 09 23 16:35:48.847#Z#DEBUG#89a811f3-b76c-11f1-a9d4-eeee0a93f2f4.hpbuysell-otc-salesorder-postgres-deployer#flowable-async-job-executor-thread-22054#
[PollExecuteTaskStatusExecution] 9409158a-3ef5-419f-b18e-c3263bd4e0f3 [2026-09-23T16:35:23.535981] max: 10, (STDOUT, APP/TASK/deploy-to-postgresql)#
#2026 09 23 16:35:48.847#Z#DEBUG#89a811f3-b76c-11f1-a9d4-eeee0a93f2f4.hpbuysell-otc-salesorder-postgres-deployer#flowable-async-job-executor-thread-22054#
[PollExecuteTaskStatusExecution] 9409158a-3ef5-419f-b18e-c3263bd4e0f3 [2026-09-23T16:35:23.535983] testOnBorrow: true, (STDOUT, APP/TASK/deploy-to-postgresql)#
#2026 09 23 16:35:48.847#Z#DEBUG#89a811f3-b76c-11f1-a9d4-eeee0a93f2f4.hpbuysell-otc-salesorder-postgres-deployer#flowable-async-job-executor-thread-22054#
[PollExecuteTaskStatusExecution] 9409158a-3ef5-419f-b18e-c3263bd4e0f3 [2026-09-23T16:35:23.535987] acquireTimeoutMillis: 1000, (STDOUT, APP/TASK/deploy-to-postgresql)#
#2026 09 23 16:35:48.847#Z#DEBUG#89a811f3-b76c-11f1-a9d4-eeee0a93f2f4.hpbuysell-otc-salesorder-postgres-deployer#flowable-async-job-executor-thread-22054#
[PollExecuteTaskStatusExecution] 9409158a-3ef5-419f-b18e-c3263bd4e0f3 [2026-09-23T16:35:23.535988] destroyTimeoutMillis: 1000 (STDOUT, APP/TASK/deploy-to-postgresql)#
#2026 09 23 16:35:48.847#Z#DEBUG#89a811f3-b76c-11f1-a9d4-eeee0a93f2f4.hpbuysell-otc-salesorder-postgres-deployer#flowable-async-job-executor-thread-22054#
[PollExecuteTaskStatusExecution] 9409158a-3ef5-419f-b18e-c3263bd4e0f3 [2026-09-23T16:35:23.535993] }, (STDOUT, APP/TASK/deploy-to-postgresql)#
#2026 09 23 16:35:48.848#Z#DEBUG#89a811f3-b76c-11f1-a9d4-eeee0a93f2f4.hpbuysell-otc-salesorder-postgres-deployer#flowable-async-job-executor-thread-22054#
[PollExecuteTaskStatusExecution] 9409158a-3ef5-419f-b18e-c3263bd4e0f3 [2026-09-23T16:35:23.535995] schema_evolution: 'auto', (STDOUT, APP/TASK/deploy-to-postgresql)#
#2026 09 23 16:35:48.848#Z#DEBUG#89a811f3-b76c-11f1-a9d4-eeee0a93f2f4.hpbuysell-otc-salesorder-postgres-deployer#flowable-async-job-executor-thread-22054#
[PollExecuteTaskStatusExecution] 9409158a-3ef5-419f-b18e-c3263bd4e0f3 [2026-09-23T16:35:23.535996] credentials: { (STDOUT, APP/TASK/deploy-to-postgresql)#
#2026 09 23 16:35:48.848#Z#DEBUG#89a811f3-b76c-11f1-a9d4-eeee0a93f2f4.hpbuysell-otc-salesorder-postgres-deployer#flowable-async-job-executor-thread-22054#
[PollExecuteTaskStatusExecution] 9409158a-3ef5-419f-b18e-c3263bd4e0f3 [2026-09-23T16:35:23.535998] database: 'db.sqlite', (STDOUT, APP/TASK/deploy-to-postgresql)#
#2026 09 23 16:35:48.848#Z#DEBUG#89a811f3-b76c-11f1-a9d4-eeee0a93f2f4.hpbuysell-otc-salesorder-postgres-deployer#flowable-async-job-executor-thread-22054#
[PollExecuteTaskStatusExecution] 9409158a-3ef5-419f-b18e-c3263bd4e0f3 [2026-09-23T16:35:23.536] schema: 'hpbuysell_otc_salesorder', (STDOUT, APP/TASK/deploy-to-postgresql)#
#2026 09 23 16:35:48.848#Z#DEBUG#89a811f3-b76c-11f1-a9d4-eeee0a93f2f4.hpbuysell-otc-salesorder-postgres-deployer#flowable-async-job-executor-thread-22054#
[PollExecuteTaskStatusExecution] 9409158a-3ef5-419f-b18e-c3263bd4e0f3 [2026-09-23T16:35:23.536004] hostname: 'postgres-63a33c28-9d9e-4453-821a-000f0ee4a75c.c24srvdukvjo.us-east-1.rds.amazonaws.com', (STDOUT, APP/TASK/deploy-to-postgresql)#
#2026 09 23 16:35:48.848#Z#DEBUG#89a811f3-b76c-11f1-a9d4-eeee0a93f2f4.hpbuysell-otc-salesorder-postgres-deployer#flowable-async-job-executor-thread-22054#
[PollExecuteTaskStatusExecution] 9409158a-3ef5-419f-b18e-c3263bd4e0f3 [2026-09-23T16:35:23.536006] port: '7565', (STDOUT, APP/TASK/deploy-to-postgresql)#
#2026 09 23 16:35:48.848#Z#DEBUG#89a811f3-b76c-11f1-a9d4-eeee0a93f2f4.hpbuysell-otc-salesorder-postgres-deployer#flowable-async-job-executor-thread-22054#
[PollExecuteTaskStatusExecution] 9409158a-3ef5-419f-b18e-c3263bd4e0f3 [2026-09-23T16:35:23.536008] username: 'e4d51886f3dc', (STDOUT, APP/TASK/deploy-to-postgresql)#
#2026 09 23 16:35:48.848#Z#DEBUG#89a811f3-b76c-11f1-a9d4-eeee0a93f2f4.hpbuysell-otc-salesorder-postgres-deployer#flowable-async-job-executor-thread-22054#
[PollExecuteTaskStatusExecution] 9409158a-3ef5-419f-b18e-c3263bd4e0f3 [2026-09-23T16:35:23.536012] password: 'daacb78fca6ef102b1397708', (STDOUT, APP/TASK/deploy-to-postgresql)#
#2026 09 23 16:35:48.848#Z#DEBUG#89a811f3-b76c-11f1-a9d4-eeee0a93f2f4.hpbuysell-otc-salesorder-postgres-deployer#flowable-async-job-executor-thread-22054#
[PollExecuteTaskStatusExecution] 9409158a-3ef5-419f-b18e-c3263bd4e0f3 [2026-09-23T16:35:23.536014] dbname: 'BQiFxAUMVHcr', (STDOUT, APP/TASK/deploy-to-postgresql)#
#2026 09 23 16:35:48.848#Z#DEBUG#89a811f3-b76c-11f1-a9d4-eeee0a93f2f4.hpbuysell-otc-salesorder-postgres-deployer#flowable-async-job-executor-thread-22054#
[PollExecuteTaskStatusExecution] 9409158a-3ef5-419f-b18e-c3263bd4e0f3 [2026-09-23T16:35:23.536016] sslcert: '-----BEGIN CERTIFICATE-----\n' + (STDOUT, APP/TASK/deploy-to-postgresql)#
#2026 09 23 16:35:48.848#Z#DEBUG#89a811f3-b76c-11f1-a9d4-eeee0a93f2f4.hpbuysell-otc-salesorder-postgres-deployer#flowable-async-job-executor-thread-22054#
[PollExecuteTaskStatusExecution] 9409158a-3ef5-419f-b18e-c3263bd4e0f3 [2026-09-23T16:35:23.536018] 'MIID/zCCAuegAwIBAgIRAPVSMfFitmM5PhmbaOFoGfUwDQYJKoZIhvcNAQELBQAw\n' + (STDOUT, APP/TASK/deploy-to-postgresql)#
#2026 09 23 16:35:48.848#Z#DEBUG#89a811f3-b76c-11f1-a9d4-eeee0a93f2f4.hpbuysell-otc-salesorder-postgres-deployer#flowable-async-job-executor-thread-22054#
[PollExecuteTaskStatusExecution] 9409158a-3ef5-419f-b18e-c3263bd4e0f3 [2026-09-23T16:35:23.536022] 'gZcxCzAJBgNVBAYTAlVTMSIwIAYDVQQKDBlBbWF6b24gV2ViIFNlcnZpY2VzLCBJ\n' + (STDOUT, APP/TASK/deploy-to-postgresql)#
#2026 09 23 16:35:48.848#Z#DEBUG#89a811f3-b76c-11f1-a9d4-eeee0a93f2f4.hpbuysell-otc-salesorder-postgres-deployer#flowable-async-job-executor-thread-22054#
[PollExecuteTaskStatusExecution] 9409158a-3ef5-419f-b18e-c3263bd4e0f3 [2026-09-23T16:35:23.536023] 'bmMuMRMwEQYDVQQLDApBbWF6b24gUkRTMQswCQYDVQQIDAJXQTEwMC4GA1UEAwwn\n' + (STDOUT, APP/TASK/deploy-to-postgresql)#
#2026 09 23 16:35:48.848#Z#DEBUG#89a811f3-b76c-11f1-a9d4-eeee0a93f2f4.hpbuysell-otc-salesorder-postgres-deployer#flowable-async-job-executor-thread-22054#
[PollExecuteTaskStatusExecution] 9409158a-3ef5-419f-b18e-c3263bd4e0f3 [2026-09-23T16:35:23.536025] 'QW1hem9uIFJEUyB1cy1lYXN0LTEgUm9vdCBDQSBSU0EyMDQ4IEcxMRAwDgYDVQQH\n' + (STDOUT, APP/TASK/deploy-to-postgresql)#
#2026 09 23 16:35:48.848#Z#DEBUG#89a811f3-b76c-11f1-a9d4-eeee0a93f2f4.hpbuysell-otc-salesorder-postgres-deployer#flowable-async-job-executor-thread-22054#
[PollExecuteTaskStatusExecution] 9409158a-3ef5-419f-b18e-c3263bd4e0f3 [2026-09-23T16:35:23.536027] 'DAdTZWF0dGxlMCAXDTIxMDUyNTIyMzQ1N1oYDzIwNjEwNTI1MjMzNDU3WjCBlzEL\n' + (STDOUT, APP/TASK/deploy-to-postgresql)#
#2026 09 23 16:35:48.848#Z#DEBUG#89a811f3-b76c-11f1-a9d4-eeee0a93f2f4.hpbuysell-otc-salesorder-postgres-deployer#flowable-async-job-executor-thread-22054#
[PollExecuteTaskStatusExecution] 9409158a-3ef5-419f-b18e-c3263bd4e0f3 [2026-09-23T16:35:23.536029] 'MAkGA1UEBhMCVVMxIjAgBgNVBAoMGUFtYXpvbiBXZWIgU2VydmljZXMsIEluYy4x\n' + (STDOUT, APP/TASK/deploy-to-postgresql)#
#2026 09 23 16:35:48.848#Z#DEBUG#89a811f3-b76c-11f1-a9d4-eeee0a93f2f4.hpbuysell-otc-salesorder-postgres-deployer#flowable-async-job-executor-thread-22054#
[PollExecuteTaskStatusExecution] 9409158a-3ef5-419f-b18e-c3263bd4e0f3 [2026-09-23T16:35:23.536030] 'EzARBgNVBAsMCkFtYXpvbiBSRFMxCzAJBgNVBAgMAldBMTAwLgYDVQQDDCdBbWF6\n' + (STDOUT, APP/TASK/deploy-to-postgresql)#
#2026 09 23 16:35:48.848#Z#DEBUG#89a811f3-b76c-11f1-a9d4-eeee0a93f2f4.hpbuysell-otc-salesorder-postgres-deployer#flowable-async-job-executor-thread-22054#
[PollExecuteTaskStatusExecution] 9409158a-3ef5-419f-b18e-c3263bd4e0f3 [2026-09-23T16:35:23.536032] 'b24gUkRTIHVzLWVhc3QtMSBSb290IENBIFJTQTIwNDggRzExEDAOBgNVBAcMB1Nl\n' + (STDOUT, APP/TASK/deploy-to-postgresql)#
#2026 09 23 16:35:48.848#Z#DEBUG#89a811f3-b76c-11f1-a9d4-eeee0a93f2f4.hpbuysell-otc-salesorder-postgres-deployer#flowable-async-job-executor-thread-22054#
[PollExecuteTaskStatusExecution] 9409158a-3ef5-419f-b18e-c3263bd4e0f3 [2026-09-23T16:35:23.536034] 'YXR0bGUwggEiMA0GCSqGSIb3DQEBAQUAA4IBDwAwggEKAoIBAQDu9H7TBeGoDzMr\n' + (STDOUT, APP/TASK/deploy-to-postgresql)#
#2026 09 23 16:35:48.848#Z#DEBUG#89a811f3-b76c-11f1-a9d4-eeee0a93f2f4.hpbuysell-otc-salesorder-postgres-deployer#flowable-async-job-executor-thread-22054#
[PollExecuteTaskStatusExecution] 9409158a-3ef5-419f-b18e-c3263bd4e0f3 [2026-09-23T16:35:23.536036] 'dxN6H8COntJX4IR6dbyhnj5qMD4xl/IWvp50lt0VpmMd+z2PNZzx8RazeGC5IniV\n' + (STDOUT, APP/TASK/deploy-to-postgresql)#
#2026 09 23 16:35:48.848#Z#DEBUG#89a811f3-b76c-11f1-a9d4-eeee0a93f2f4.hpbuysell-otc-salesorder-postgres-deployer#flowable-async-job-executor-thread-22054#
[PollExecuteTaskStatusExecution] 9409158a-3ef5-419f-b18e-c3263bd4e0f3 [2026-09-23T16:35:23.536037] '5nrLg0AKWRQ2A/lGGXbUrGXCSe09brMQCxWBSIYe1WZZ1iU1IJ/6Bp4D2YEHpXrW\n' + (STDOUT, APP/TASK/deploy-to-postgresql)#
#2026 09 23 16:35:48.848#Z#DEBUG#89a811f3-b76c-11f1-a9d4-eeee0a93f2f4.hpbuysell-otc-salesorder-postgres-deployer#flowable-async-job-executor-thread-22054#
[PollExecuteTaskStatusExecution] 9409158a-3ef5-419f-b18e-c3263bd4e0f3 [2026-09-23T16:35:23.536051] 'bPkOq5x3YPcsoitgm1Xh8ygz6vb7PsvJvPbvRMnkDg5IqEThapPjmKb8ZJWyEFEE\n' + (STDOUT, APP/TASK/deploy-to-postgresql)#
#2026 09 23 16:35:48.848#Z#DEBUG#89a811f3-b76c-11f1-a9d4-eeee0a93f2f4.hpbuysell-otc-salesorder-postgres-deployer#flowable-async-job-executor-thread-22054#
[PollExecuteTaskStatusExecution] 9409158a-3ef5-419f-b18e-c3263bd4e0f3 [2026-09-23T16:35:23.536053] 'QRrkCIRueB1EqQtJw0fvP4PKDlCJAKBEs/y049FoOqYpT3pRy0WKqPhWve+hScMd\n' + (STDOUT, APP/TASK/deploy-to-postgresql)#
#2026 09 23 16:35:48.848#Z#DEBUG#89a811f3-b76c-11f1-a9d4-eeee0a93f2f4.hpbuysell-otc-salesorder-postgres-deployer#flowable-async-job-executor-thread-22054#
[PollExecuteTaskStatusExecution] 9409158a-3ef5-419f-b18e-c3263bd4e0f3 [2026-09-23T16:35:23.536056] '6obq8kxTFy1IHACjHc51nrGII5Bt76/MpTWhnJIJrCnq1/Uc3Qs8IVeb+sLaFC8K\n' + (STDOUT, APP/TASK/deploy-to-postgresql)#
#2026 09 23 16:35:48.848#Z#DEBUG#89a811f3-b76c-11f1-a9d4-eeee0a93f2f4.hpbuysell-otc-salesorder-postgres-deployer#flowable-async-job-executor-thread-22054#
[PollExecuteTaskStatusExecution] 9409158a-3ef5-419f-b18e-c3263bd4e0f3 [2026-09-23T16:35:23.536059] 'DI69Sw6bAgMBAAGjQjBAMA8GA1UdEwEB/wQFMAMBAf8wHQYDVR0OBBYEFE7PCopt\n' + (STDOUT, APP/TASK/deploy-to-postgresql)#
#2026 09 23 16:35:48.848#Z#DEBUG#89a811f3-b76c-11f1-a9d4-eeee0a93f2f4.hpbuysell-otc-salesorder-postgres-deployer#flowable-async-job-executor-thread-22054#
[PollExecuteTaskStatusExecution] 9409158a-3ef5-419f-b18e-c3263bd4e0f3 [2026-09-23T16:35:23.536061] 'lyOgtXX0Y1lObBUxuKaCMA4GA1UdDwEB/wQEAwIBhjANBgkqhkiG9w0BAQsFAAOC\n' + (STDOUT, APP/TASK/deploy-to-postgresql)#
#2026 09 23 16:35:48.848#Z#DEBUG#89a811f3-b76c-11f1-a9d4-eeee0a93f2f4.hpbuysell-otc-salesorder-postgres-deployer#flowable-async-job-executor-thread-22054#
[PollExecuteTaskStatusExecution] 9409158a-3ef5-419f-b18e-c3263bd4e0f3 [2026-09-23T16:35:23.536067] 'AQEAFj+bX8gLmMNefr5jRJfHjrL3iuZCjf7YEZgn89pS4z8408mjj9z6Q5D1H7yS\n' + (STDOUT, APP/TASK/deploy-to-postgresql)#
#2026 09 23 16:35:48.848#Z#DEBUG#89a811f3-b76c-11f1-a9d4-eeee0a93f2f4.hpbuysell-otc-salesorder-postgres-deployer#flowable-async-job-executor-thread-22054#
[PollExecuteTaskStatusExecution] 9409158a-3ef5-419f-b18e-c3263bd4e0f3 [2026-09-23T16:35:23.536069] 'jNETVV8QaJip1qyhh5gRzRaArgGAYvi2/r0zPsy+Tgf7v1KGL5Lh8NT8iCEGGXwF\n' + (STDOUT, APP/TASK/deploy-to-postgresql)#
#2026 09 23 16:35:48.848#Z#DEBUG#89a811f3-b76c-11f1-a9d4-eeee0a93f2f4.hpbuysell-otc-salesorder-postgres-deployer#flowable-async-job-executor-thread-22054#
[PollExecuteTaskStatusExecution] 9409158a-3ef5-419f-b18e-c3263bd4e0f3 [2026-09-23T16:35:23.536071] 'g3Ir+Nl3e+9XUp0eyyzBIjHtjLBm6yy8rGk9p6OtFDQnKF5OxwbAgip42CD75r/q\n' + (STDOUT, APP/TASK/deploy-to-postgresql)#
#2026 09 23 16:35:48.848#Z#DEBUG#89a811f3-b76c-11f1-a9d4-eeee0a93f2f4.hpbuysell-otc-salesorder-postgres-deployer#flowable-async-job-executor-thread-22054#
[PollExecuteTaskStatusExecution] 9409158a-3ef5-419f-b18e-c3263bd4e0f3 [2026-09-23T16:35:23.536073] 'p421maEDDvvRFR4D+99JZxgAYDBGqRRceUoe16qDzbMvlz0A9paCZFclxeftAxv6\n' + (STDOUT, APP/TASK/deploy-to-postgresql)#
#2026 09 23 16:35:48.848#Z#DEBUG#89a811f3-b76c-11f1-a9d4-eeee0a93f2f4.hpbuysell-otc-salesorder-postgres-deployer#flowable-async-job-executor-thread-22054#
[PollExecuteTaskStatusExecution] 9409158a-3ef5-419f-b18e-c3263bd4e0f3 [2026-09-23T16:35:23.536075] 'QlR5rItMz/XdzpBJUpYhdzM0gCzAzdQuVO5tjJxmXhkSMcDP+8Q+Uv6FA9k2VpUV\n' + (STDOUT, APP/TASK/deploy-to-postgresql)#
#2026 09 23 16:35:48.848#Z#DEBUG#89a811f3-b76c-11f1-a9d4-eeee0a93f2f4.hpbuysell-otc-salesorder-postgres-deployer#flowable-async-job-executor-thread-22054#
[PollExecuteTaskStatusExecution] 9409158a-3ef5-419f-b18e-c3263bd4e0f3 [2026-09-23T16:35:23.536076] 'E/O5jgpqUJJ2Hc/5rs9VkAPXeA==\n' + (STDOUT, APP/TASK/deploy-to-postgresql)#
#2026 09 23 16:35:48.848#Z#DEBUG#89a811f3-b76c-11f1-a9d4-eeee0a93f2f4.hpbuysell-otc-salesorder-postgres-deployer#flowable-async-job-executor-thread-22054#
[PollExecuteTaskStatusExecution] 9409158a-3ef5-419f-b18e-c3263bd4e0f3 [2026-09-23T16:35:23.536078] '-----END CERTIFICATE-----\n' + (STDOUT, APP/TASK/deploy-to-postgresql)#
#2026 09 23 16:35:48.848#Z#DEBUG#89a811f3-b76c-11f1-a9d4-eeee0a93f2f4.hpbuysell-otc-salesorder-postgres-deployer#flowable-async-job-executor-thread-22054#
[PollExecuteTaskStatusExecution] 9409158a-3ef5-419f-b18e-c3263bd4e0f3 [2026-09-23T16:35:23.536080] '-----BEGIN CERTIFICATE-----\n' + (STDOUT, APP/TASK/deploy-to-postgresql)#
#2026 09 23 16:35:48.848#Z#DEBUG#89a811f3-b76c-11f1-a9d4-eeee0a93f2f4.hpbuysell-otc-salesorder-postgres-deployer#flowable-async-job-executor-thread-22054#
[PollExecuteTaskStatusExecution] 9409158a-3ef5-419f-b18e-c3263bd4e0f3 [2026-09-23T16:35:23.536081] 'MIIF/jCCA+agAwIBAgIQaRHaEqqacXN20e8zZJtmDDANBgkqhkiG9w0BAQwFADCB\n' + (STDOUT, APP/TASK/deploy-to-postgresql)#
#2026 09 23 16:35:48.848#Z#DEBUG#89a811f3-b76c-11f1-a9d4-eeee0a93f2f4.hpbuysell-otc-salesorder-postgres-deployer#flowable-async-job-executor-thread-22054#
[PollExecuteTaskStatusExecution] 9409158a-3ef5-419f-b18e-c3263bd4e0f3 [2026-09-23T16:35:23.536083] 'lzELMAkGA1UEBhMCVVMxIjAgBgNVBAoMGUFtYXpvbiBXZWIgU2VydmljZXMsIElu\n' + (STDOUT, APP/TASK/deploy-to-postgresql)#
#2026 09 23 16:35:48.848#Z#DEBUG#89a811f3-b76c-11f1-a9d4-eeee0a93f2f4.hpbuysell-otc-salesorder-postgres-deployer#flowable-async-job-executor-thread-22054#
[PollExecuteTaskStatusExecution] 9409158a-3ef5-419f-b18e-c3263bd4e0f3 [2026-09-23T16:35:23.536085] 'Yy4xEzARBgNVBAsMCkFtYXpvbiBSRFMxCzAJBgNVBAgMAldBMTAwLgYDVQQDDCdB\n' + (STDOUT, APP/TASK/deploy-to-postgresql)#
#2026 09 23 16:35:48.848#Z#DEBUG#89a811f3-b76c-11f1-a9d4-eeee0a93f2f4.hpbuysell-otc-salesorder-postgres-deployer#flowable-async-job-executor-thread-22054#
[PollExecuteTaskStatusExecution] 9409158a-3ef5-419f-b18e-c3263bd4e0f3 [2026-09-23T16:35:23.536086] 'bWF6b24gUkRTIHVzLWVhc3QtMSBSb290IENBIFJTQTQwOTYgRzExEDAOBgNVBAcM\n' + (STDOUT, APP/TASK/deploy-to-postgresql)#
#2026 09 23 16:35:48.848#Z#DEBUG#89a811f3-b76c-11f1-a9d4-eeee0a93f2f4.hpbuysell-otc-salesorder-postgres-deployer#flowable-async-job-executor-thread-22054#
[PollExecuteTaskStatusExecution] 9409158a-3ef5-419f-b18e-c3263bd4e0f3 [2026-09-23T16:35:23.536091] 'B1NlYXR0bGUwIBcNMjEwNTI1MjIzODM1WhgPMjEyMTA1MjUyMzM4MzVaMIGXMQsw\n' + (STDOUT, APP/TASK/deploy-to-postgresql)#
#2026 09 23 16:35:48.848#Z#DEBUG#89a811f3-b76c-11f1-a9d4-eeee0a93f2f4.hpbuysell-otc-salesorder-postgres-deployer#flowable-async-job-executor-thread-22054#
[PollExecuteTaskStatusExecution] 9409158a-3ef5-419f-b18e-c3263bd4e0f3 [2026-09-23T16:35:23.536096] 'CQYDVQQGEwJVUzEiMCAGA1UECgwZQW1hem9uIFdlYiBTZXJ2aWNlcywgSW5jLjET\n' + (STDOUT, APP/TASK/deploy-to-postgresql)#
#2026 09 23 16:35:48.848#Z#DEBUG#89a811f3-b76c-11f1-a9d4-eeee0a93f2f4.hpbuysell-otc-salesorder-postgres-deployer#flowable-async-job-executor-thread-22054#
[PollExecuteTaskStatusExecution] 9409158a-3ef5-419f-b18e-c3263bd4e0f3 [2026-09-23T16:35:23.536098] 'MBEGA1UECwwKQW1hem9uIFJEUzELMAkGA1UECAwCV0ExMDAuBgNVBAMMJ0FtYXpv\n' + (STDOUT, APP/TASK/deploy-to-postgresql)#
#2026 09 23 16:35:48.848#Z#DEBUG#89a811f3-b76c-11f1-a9d4-eeee0a93f2f4.hpbuysell-otc-salesorder-postgres-deployer#flowable-async-job-executor-thread-22054#
[PollExecuteTaskStatusExecution] 9409158a-3ef5-419f-b18e-c3263bd4e0f3 [2026-09-23T16:35:23.536099] 'biBSRFMgdXMtZWFzdC0xIFJvb3QgQ0EgUlNBNDA5NiBHMTEQMA4GA1UEBwwHU2Vh\n' + (STDOUT, APP/TASK/deploy-to-postgresql)#
#2026 09 23 16:35:48.848#Z#DEBUG#89a811f3-b76c-11f1-a9d4-eeee0a93f2f4.hpbuysell-otc-salesorder-postgres-deployer#flowable-async-job-executor-thread-22054#
[PollExecuteTaskStatusExecution] 9409158a-3ef5-419f-b18e-c3263bd4e0f3 [2026-09-23T16:35:23.536101] 'dHRsZTCCAiIwDQYJKoZIhvcNAQEBBQADggIPADCCAgoCggIBAInfBCaHuvj6Rb5c\n' + (STDOUT, APP/TASK/deploy-to-postgresql)#
#2026 09 23 16:35:48.848#Z#DEBUG#89a811f3-b76c-11f1-a9d4-eeee0a93f2f4.hpbuysell-otc-salesorder-postgres-deployer#flowable-async-job-executor-thread-22054#
[PollExecuteTaskStatusExecution] 9409158a-3ef5-419f-b18e-c3263bd4e0f3 [2026-09-23T16:35:23.536102] 'L5Wmn1jv2PHtEGMHm+7Z8dYosdwouG8VG2A+BCYCZfij9lIGszrTXkY4O7vnXgru\n' + (STDOUT, APP/TASK/deploy-to-postgresql)#
#2026 09 23 16:35:48.848#Z#DEBUG#89a811f3-b76c-11f1-a9d4-eeee0a93f2f4.hpbuysell-otc-salesorder-postgres-deployer#flowable-async-job-executor-thread-22054#
[PollExecuteTaskStatusExecution] 9409158a-3ef5-419f-b18e-c3263bd4e0f3 [2026-09-23T16:35:23.536104] 'JUNdxh0Q3M83p4X+bg+gODUs3jf+Z3Oeq7nTOk/2UYvQLcxP4FEXILxDInbQFcIx\n' + (STDOUT, APP/TASK/deploy-to-postgresql)#
#2026 09 23 16:35:48.848#Z#DEBUG#89a811f3-b76c-11f1-a9d4-eeee0a93f2f4.hpbuysell-otc-salesorder-postgres-deployer#flowable-async-job-executor-thread-22054#
[PollExecuteTaskStatusExecution] 9409158a-3ef5-419f-b18e-c3263bd4e0f3 [2026-09-23T16:35:23.536106] 'yen1ESHggGrjEodgn6nbKQNRfIhjhW+TKYaewfsVWH7EF2pfj+cjbJ6njjgZ0/M9\n' + (STDOUT, APP/TASK/deploy-to-postgresql)#
#2026 09 23 16:35:48.848#Z#DEBUG#89a811f3-b76c-11f1-a9d4-eeee0a93f2f4.hpbuysell-otc-salesorder-postgres-deployer#flowable-async-job-executor-thread-22054#
[PollExecuteTaskStatusExecution] 9409158a-3ef5-419f-b18e-c3263bd4e0f3 [2026-09-23T16:35:23.536108] 'VZifJFBgat6XUTOf3jwHwkCBh7T6rDpgy19A61laImJCQhdTnHKvzTpxcxiLRh69\n' + (STDOUT, APP/TASK/deploy-to-postgresql)#
#2026 09 23 16:35:48.848#Z#DEBUG#89a811f3-b76c-11f1-a9d4-eeee0a93f2f4.hpbuysell-otc-salesorder-postgres-deployer#flowable-async-job-executor-thread-22054#
[PollExecuteTaskStatusExecution] 9409158a-3ef5-419f-b18e-c3263bd4e0f3 [2026-09-23T16:35:23.536110] 'ZObypR7W04OAUmFS88V7IotlPmCL8xf7kwxG+gQfvx31+A9IDMsiTqJ1Cc4fYEKg\n' + (STDOUT, APP/TASK/deploy-to-postgresql)#
#2026 09 23 16:35:48.848#Z#DEBUG#89a811f3-b76c-11f1-a9d4-eeee0a93f2f4.hpbuysell-otc-salesorder-postgres-deployer#flowable-async-job-executor-thread-22054#
[PollExecuteTaskStatusExecution] 9409158a-3ef5-419f-b18e-c3263bd4e0f3 [2026-09-23T16:35:23.536111] 'bL+Vo+2Ii4W2esCTGVYmHm73drznfeKwL+kmIC/Bq+DrZ+veTqKFYwSkpHRyJCEe\n' + (STDOUT, APP/TASK/deploy-to-postgresql)#
#2026 09 23 16:35:48.848#Z#DEBUG#89a811f3-b76c-11f1-a9d4-eeee0a93f2f4.hpbuysell-otc-salesorder-postgres-deployer#flowable-async-job-executor-thread-22054#
[PollExecuteTaskStatusExecution] 9409158a-3ef5-419f-b18e-c3263bd4e0f3 [2026-09-23T16:35:23.536116] 'U4Zym6POqQ/4LBSKwDUhWLJIlq99bjKX+hNTJykB+Lbcx0ScOP4IAZQoxmDxGWxN\n' + (STDOUT, APP/TASK/deploy-to-postgresql)#
#2026 09 23 16:35:48.848#Z#DEBUG#89a811f3-b76c-11f1-a9d4-eeee0a93f2f4.hpbuysell-otc-salesorder-postgres-deployer#flowable-async-job-executor-thread-22054#
[PollExecuteTaskStatusExecution] 9409158a-3ef5-419f-b18e-c3263bd4e0f3 [2026-09-23T16:35:23.536117] 'S+lQj+Cx2pwU3S/7+OxlRndZAX/FKgk7xSMkg88HykUZaZ/ozIiqJqSnGpgXCtED\n' + (STDOUT, APP/TASK/deploy-to-postgresql)#
#2026 09 23 16:35:48.848#Z#DEBUG#89a811f3-b76c-11f1-a9d4-eeee0a93f2f4.hpbuysell-otc-salesorder-postgres-deployer#flowable-async-job-executor-thread-22054#
[PollExecuteTaskStatusExecution] 9409158a-3ef5-419f-b18e-c3263bd4e0f3 [2026-09-23T16:35:23.536119] 'oQ4OJw5ozAr+/wudOawaMwUWQl5asD8fuy/hl5S1nv9XxIc842QJOtJFxhyeMIXt\n' + (STDOUT, APP/TASK/deploy-to-postgresql)#
#2026 09 23 16:35:48.848#Z#DEBUG#89a811f3-b76c-11f1-a9d4-eeee0a93f2f4.hpbuysell-otc-salesorder-postgres-deployer#flowable-async-job-executor-thread-22054#
[PollExecuteTaskStatusExecution] 9409158a-3ef5-419f-b18e-c3263bd4e0f3 [2026-09-23T16:35:23.536121] 'LVECVw/dPekhMjS3Zo3wwRgYbnKG7YXXT5WMxJEnHu8+cYpMiRClzq2BEP6/MtI2\n' + (STDOUT, APP/TASK/deploy-to-postgresql)#
#2026 09 23 16:35:48.848#Z#DEBUG#89a811f3-b76c-11f1-a9d4-eeee0a93f2f4.hpbuysell-otc-salesorder-postgres-deployer#flowable-async-job-executor-thread-22054#
[PollExecuteTaskStatusExecution] 9409158a-3ef5-419f-b18e-c3263bd4e0f3 [2026-09-23T16:35:23.536124] 'AZQQUFu2yFjRGL2OZA6IYjxnXYiRAgMBAAGjQjBAMA8GA1UdEwEB/wQFMAMBAf8w\n' + (STDOUT, APP/TASK/deploy-to-postgresql)#
#2026 09 23 16:35:48.848#Z#DEBUG#89a811f3-b76c-11f1-a9d4-eeee0a93f2f4.hpbuysell-otc-salesorder-postgres-deployer#flowable-async-job-executor-thread-22054#
[PollExecuteTaskStatusExecution] 9409158a-3ef5-419f-b18e-c3263bd4e0f3 [2026-09-23T16:35:23.536126] 'HQYDVR0OBBYEFADCcQCPX2HmkqQcmuHfiQ2jjqnrMA4GA1UdDwEB/wQEAwIBhjAN\n' + (STDOUT, APP/TASK/deploy-to-postgresql)#
#2026 09 23 16:35:48.848#Z#DEBUG#89a811f3-b76c-11f1-a9d4-eeee0a93f2f4.hpbuysell-otc-salesorder-postgres-deployer#flowable-async-job-executor-thread-22054#
[PollExecuteTaskStatusExecution] 9409158a-3ef5-419f-b18e-c3263bd4e0f3 [2026-09-23T16:35:23.536128] 'BgkqhkiG9w0BAQwFAAOCAgEASXkGQ2eUmudIKPeOIF7RBryCoPmMOsqP0+1qxF8l\n' + (STDOUT, APP/TASK/deploy-to-postgresql)#
#2026 09 23 16:35:48.848#Z#DEBUG#89a811f3-b76c-11f1-a9d4-eeee0a93f2f4.hpbuysell-otc-salesorder-postgres-deployer#flowable-async-job-executor-thread-22054#
[PollExecuteTaskStatusExecution] 9409158a-3ef5-419f-b18e-c3263bd4e0f3 [2026-09-23T16:35:23.536135] 'pGkwmrgNDGpmd9s0ArfIVBTc1jmpgB3oiRW9c6n2OmwBKL4UPuQ8O3KwSP0iD2sZ\n' + (STDOUT, APP/TASK/deploy-to-postgresql)#
#2026 09 23 16:35:48.848#Z#DEBUG#89a811f3-b76c-11f1-a9d4-eeee0a93f2f4.hpbuysell-otc-salesorder-postgres-deployer#flowable-async-job-executor-thread-22054#
[PollExecuteTaskStatusExecution] 9409158a-3ef5-419f-b18e-c3263bd4e0f3 [2026-09-23T16:35:23.536138] 'KMXoMEyphCEzW1I2GRvYDugL3Z9MWrnHkoaoH2l8YyTYvszTvdgxBPpM2x4pSkp+\n' + (STDOUT, APP/TASK/deploy-to-postgresql)#
#2026 09 23 16:35:48.848#Z#DEBUG#89a811f3-b76c-11f1-a9d4-eeee0a93f2f4.hpbuysell-otc-salesorder-postgres-deployer#flowable-async-job-executor-thread-22054#
[PollExecuteTaskStatusExecution] 9409158a-3ef5-419f-b18e-c3263bd4e0f3 [2026-09-23T16:35:23.536140] '76d4/eRpJ5mVuQ93nC+YG0wXCxSq63hX4kyZgPxgCdAA+qgFfKIGyNqUIqWgeyTP\n' + (STDOUT, APP/TASK/deploy-to-postgresql)#
#2026 09 23 16:35:48.848#Z#DEBUG#89a811f3-b76c-11f1-a9d4-eeee0a93f2f4.hpbuysell-otc-salesorder-postgres-deployer#flowable-async-job-executor-thread-22054#
[PollExecuteTaskStatusExecution] 9409158a-3ef5-419f-b18e-c3263bd4e0f3 [2026-09-23T16:35:23.536142] 'n5OgKaboYk2141Rf2hGMD3/hsGm0rrJh7g3C0ZirPws3eeJfulvAOIy2IZzqHUSY\n' + (STDOUT, APP/TASK/deploy-to-postgresql)#
#2026 09 23 16:35:48.848#Z#DEBUG#89a811f3-b76c-11f1-a9d4-eeee0a93f2f4.hpbuysell-otc-salesorder-postgres-deployer#flowable-async-job-executor-thread-22054#
[PollExecuteTaskStatusExecution] 9409158a-3ef5-419f-b18e-c3263bd4e0f3 [2026-09-23T16:35:23.536144] 'jkFzraz6LEH3IlArT3jUPvWKqvh2lJWnnp56aqxBR7qHH5voD49UpJWY1K0BjGnS\n' + (STDOUT, APP/TASK/deploy-to-postgresql)#
#2026 09 23 16:35:48.848#Z#DEBUG#89a811f3-b76c-11f1-a9d4-eeee0a93f2f4.hpbuysell-otc-salesorder-postgres-deployer#flowable-async-job-executor-thread-22054#
[PollExecuteTaskStatusExecution] 9409158a-3ef5-419f-b18e-c3263bd4e0f3 [2026-09-23T16:35:23.536146] 'OHcurpp0Yt/BIs4VZeWdCZwI7JaSeDcPMaMDBvND3Ia5Fga0thgYQTG6dE+N5fgF\n' + (STDOUT, APP/TASK/deploy-to-postgresql)#
#2026 09 23 16:35:48.848#Z#DEBUG#89a811f3-b76c-11f1-a9d4-eeee0a93f2f4.hpbuysell-otc-salesorder-postgres-deployer#flowable-async-job-executor-thread-22054#
[PollExecuteTaskStatusExecution] 9409158a-3ef5-419f-b18e-c3263bd4e0f3 [2026-09-23T16:35:23.536147] 'z+hRaujXO2nb0LmddVyvE8prYlWRMuYFv+Co8hcMdJ0lEZlfVNu0jbm9/GmwAZ+l\n' + (STDOUT, APP/TASK/deploy-to-postgresql)#
#2026 09 23 16:35:48.848#Z#DEBUG#89a811f3-b76c-11f1-a9d4-eeee0a93f2f4.hpbuysell-otc-salesorder-postgres-deployer#flowable-async-job-executor-thread-22054#
[PollExecuteTaskStatusExecution] 9409158a-3ef5-419f-b18e-c3263bd4e0f3 [2026-09-23T16:35:23.536150] '9umeYO9yz/uC7edC8XJBglMAKUmVK9wNtOckUWAcCfnPWYLbYa/PqtXBYcxrso5j\n' + (STDOUT, APP/TASK/deploy-to-postgresql)#
#2026 09 23 16:35:48.848#Z#DEBUG#89a811f3-b76c-11f1-a9d4-eeee0a93f2f4.hpbuysell-otc-salesorder-postgres-deployer#flowable-async-job-executor-thread-22054#
[PollExecuteTaskStatusExecution] 9409158a-3ef5-419f-b18e-c3263bd4e0f3 [2026-09-23T16:35:23.536153] 'iaS/A7iEW51uteHBGrViCy1afGG+hiUWwFlesli+Rq4dNstX3h6h2baWABaAxEVJ\n' + (STDOUT, APP/TASK/deploy-to-postgresql)#
#2026 09 23 16:35:48.848#Z#DEBUG#89a811f3-b76c-11f1-a9d4-eeee0a93f2f4.hpbuysell-otc-salesorder-postgres-deployer#flowable-async-job-executor-thread-22054#
[PollExecuteTaskStatusExecution] 9409158a-3ef5-419f-b18e-c3263bd4e0f3 [2026-09-23T16:35:23.536155] 'y1RnTQSz6mROT1VmZSgSVO37rgIyY0Hf0872ogcTS+FfvXgBxCxsNWEbiQ/XXva4\n' + (STDOUT, APP/TASK/deploy-to-postgresql)#
#2026 09 23 16:35:48.848#Z#DEBUG#89a811f3-b76c-11f1-a9d4-eeee0a93f2f4.hpbuysell-otc-salesorder-postgres-deployer#flowable-async-job-executor-thread-22054#
[PollExecuteTaskStatusExecution] 9409158a-3ef5-419f-b18e-c3263bd4e0f3 [2026-09-23T16:35:23.536158] '0Ws=\n' + (STDOUT, APP/TASK/deploy-to-postgresql)#
#2026 09 23 16:35:48.848#Z#DEBUG#89a811f3-b76c-11f1-a9d4-eeee0a93f2f4.hpbuysell-otc-salesorder-postgres-deployer#flowable-async-job-executor-thread-22054#
[PollExecuteTaskStatusExecution] 9409158a-3ef5-419f-b18e-c3263bd4e0f3 [2026-09-23T16:35:23.536161] '-----END CERTIFICATE-----\n' + (STDOUT, APP/TASK/deploy-to-postgresql)#
#2026 09 23 16:35:48.848#Z#DEBUG#89a811f3-b76c-11f1-a9d4-eeee0a93f2f4.hpbuysell-otc-salesorder-postgres-deployer#flowable-async-job-executor-thread-22054#
[PollExecuteTaskStatusExecution] 9409158a-3ef5-419f-b18e-c3263bd4e0f3 [2026-09-23T16:35:23.536165] '-----BEGIN CERTIFICATE-----\n' + (STDOUT, APP/TASK/deploy-to-postgresql)#
#2026 09 23 16:35:48.848#Z#DEBUG#89a811f3-b76c-11f1-a9d4-eeee0a93f2f4.hpbuysell-otc-salesorder-postgres-deployer#flowable-async-job-executor-thread-22054#
[PollExecuteTaskStatusExecution] 9409158a-3ef5-419f-b18e-c3263bd4e0f3 [2026-09-23T16:35:23.536167] 'MIICrjCCAjSgAwIBAgIRAPAlEk8VJPmEzVRRaWvTh2AwCgYIKoZIzj0EAwMwgZYx\n' + (STDOUT, APP/TASK/deploy-to-postgresql)#
#2026 09 23 16:35:48.848#Z#DEBUG#89a811f3-b76c-11f1-a9d4-eeee0a93f2f4.hpbuysell-otc-salesorder-postgres-deployer#flowable-async-job-executor-thread-22054#
[PollExecuteTaskStatusExecution] 9409158a-3ef5-419f-b18e-c3263bd4e0f3 [2026-09-23T16:35:23.536169] 'CzAJBgNVBAYTAlVTMSIwIAYDVQQKDBlBbWF6b24gV2ViIFNlcnZpY2VzLCBJbmMu\n' + (STDOUT, APP/TASK/deploy-to-postgresql)#
#2026 09 23 16:35:48.848#Z#DEBUG#89a811f3-b76c-11f1-a9d4-eeee0a93f2f4.hpbuysell-otc-salesorder-postgres-deployer#flowable-async-job-executor-thread-22054#
[PollExecuteTaskStatusExecution] 9409158a-3ef5-419f-b18e-c3263bd4e0f3 [2026-09-23T16:35:23.536172] 'MRMwEQYDVQQLDApBbWF6b24gUkRTMQswCQYDVQQIDAJXQTEvMC0GA1UEAwwmQW1h\n' + (STDOUT, APP/TASK/deploy-to-postgresql)#
#2026 09 23 16:35:48.848#Z#DEBUG#89a811f3-b76c-11f1-a9d4-eeee0a93f2f4.hpbuysell-otc-salesorder-postgres-deployer#flowable-async-job-executor-thread-22054#
[PollExecuteTaskStatusExecution] 9409158a-3ef5-419f-b18e-c3263bd4e0f3 [2026-09-23T16:35:23.536173] 'em9uIFJEUyB1cy1lYXN0LTEgUm9vdCBDQSBFQ0MzODQgRzExEDAOBgNVBAcMB1Nl\n' + (STDOUT, APP/TASK/deploy-to-postgresql)#
#2026 09 23 16:35:48.848#Z#DEBUG#89a811f3-b76c-11f1-a9d4-eeee0a93f2f4.hpbuysell-otc-salesorder-postgres-deployer#flowable-async-job-executor-thread-22054#
[PollExecuteTaskStatusExecution] 9409158a-3ef5-419f-b18e-c3263bd4e0f3 [2026-09-23T16:35:23.536175] 'YXR0bGUwIBcNMjEwNTI1MjI0MTU1WhgPMjEyMTA1MjUyMzQxNTVaMIGWMQswCQYD\n' + (STDOUT, APP/TASK/deploy-to-postgresql)#
#2026 09 23 16:35:48.848#Z#DEBUG#89a811f3-b76c-11f1-a9d4-eeee0a93f2f4.hpbuysell-otc-salesorder-postgres-deployer#flowable-async-job-executor-thread-22054#
[PollExecuteTaskStatusExecution] 9409158a-3ef5-419f-b18e-c3263bd4e0f3 [2026-09-23T16:35:23.536177] 'VQQGEwJVUzEiMCAGA1UECgwZQW1hem9uIFdlYiBTZXJ2aWNlcywgSW5jLjETMBEG\n' + (STDOUT, APP/TASK/deploy-to-postgresql)#
#2026 09 23 16:35:48.848#Z#DEBUG#89a811f3-b76c-11f1-a9d4-eeee0a93f2f4.hpbuysell-otc-salesorder-postgres-deployer#flowable-async-job-executor-thread-22054#
[PollExecuteTaskStatusExecution] 9409158a-3ef5-419f-b18e-c3263bd4e0f3 [2026-09-23T16:35:23.536180] 'A1UECwwKQW1hem9uIFJEUzELMAkGA1UECAwCV0ExLzAtBgNVBAMMJkFtYXpvbiBS\n' + (STDOUT, APP/TASK/deploy-to-postgresql)#
#2026 09 23 16:35:48.848#Z#DEBUG#89a811f3-b76c-11f1-a9d4-eeee0a93f2f4.hpbuysell-otc-salesorder-postgres-deployer#flowable-async-job-executor-thread-22054#
[PollExecuteTaskStatusExecution] 9409158a-3ef5-419f-b18e-c3263bd4e0f3 [2026-09-23T16:35:23.536182] 'RFMgdXMtZWFzdC0xIFJvb3QgQ0EgRUNDMzg0IEcxMRAwDgYDVQQHDAdTZWF0dGxl\n' + (STDOUT, APP/TASK/deploy-to-postgresql)#
#2026 09 23 16:35:48.848#Z#DEBUG#89a811f3-b76c-11f1-a9d4-eeee0a93f2f4.hpbuysell-otc-salesorder-postgres-deployer#flowable-async-job-executor-thread-22054#
[PollExecuteTaskStatusExecution] 9409158a-3ef5-419f-b18e-c3263bd4e0f3 [2026-09-23T16:35:23.536183] 'MHYwEAYHKoZIzj0CAQYFK4EEACIDYgAEx5xjrup8II4HOJw15NTnS3H5yMrQGlbj\n' + (STDOUT, APP/TASK/deploy-to-postgresql)#
#2026 09 23 16:35:48.848#Z#DEBUG#89a811f3-b76c-11f1-a9d4-eeee0a93f2f4.hpbuysell-otc-salesorder-postgres-deployer#flowable-async-job-executor-thread-22054#
[PollExecuteTaskStatusExecution] 9409158a-3ef5-419f-b18e-c3263bd4e0f3 [2026-09-23T16:35:23.536185] 'EDA5MMGnE9DmHp5dACIxmPXPMe/99nO7wNdl7G71OYPCgEvWm0FhdvVUeTb3LVnV\n' + (STDOUT, APP/TASK/deploy-to-postgresql)#
#2026 09 23 16:35:48.848#Z#DEBUG#89a811f3-b76c-11f1-a9d4-eeee0a93f2f4.hpbuysell-otc-salesorder-postgres-deployer#flowable-async-job-executor-thread-22054#
[PollExecuteTaskStatusExecution] 9409158a-3ef5-419f-b18e-c3263bd4e0f3 [2026-09-23T16:35:23.536187] 'BnaXt32Ek7/oxGk1T+Df03C+W0vmuJ+wo0IwQDAPBgNVHRMBAf8EBTADAQH/MB0G\n' + (STDOUT, APP/TASK/deploy-to-postgresql)#
#2026 09 23 16:35:48.848#Z#DEBUG#89a811f3-b76c-11f1-a9d4-eeee0a93f2f4.hpbuysell-otc-salesorder-postgres-deployer#flowable-async-job-executor-thread-22054#
[PollExecuteTaskStatusExecution] 9409158a-3ef5-419f-b18e-c3263bd4e0f3 [2026-09-23T16:35:23.536190] 'A1UdDgQWBBTGXmqBWN/1tkSea4pNw0oHrjk2UDAOBgNVHQ8BAf8EBAMCAYYwCgYI\n' + (STDOUT, APP/TASK/deploy-to-postgresql)#
#2026 09 23 16:35:48.848#Z#DEBUG#89a811f3-b76c-11f1-a9d4-eeee0a93f2f4.hpbuysell-otc-salesorder-postgres-deployer#flowable-async-job-executor-thread-22054#
[PollExecuteTaskStatusExecution] 9409158a-3ef5-419f-b18e-c3263bd4e0f3 [2026-09-23T16:35:23.536193] 'KoZIzj0EAwMDaAAwZQIxAIqqZWCSrIkZ7zsv/FygtAusW6yvlL935YAWYPVXU30m\n' + (STDOUT, APP/TASK/deploy-to-postgresql)#
#2026 09 23 16:35:48.848#Z#DEBUG#89a811f3-b76c-11f1-a9d4-eeee0a93f2f4.hpbuysell-otc-salesorder-postgres-deployer#flowable-async-job-executor-thread-22054#
[PollExecuteTaskStatusExecution] 9409158a-3ef5-419f-b18e-c3263bd4e0f3 [2026-09-23T16:35:23.536195] 'jkMFLM+/RJ9GMvnO8jHfCgIwB+whlkcItzE9CRQ6CsMo/d5cEHDUu/QW6jSIh9BR\n' + (STDOUT, APP/TASK/deploy-to-postgresql)#
#2026 09 23 16:35:48.848#Z#DEBUG#89a811f3-b76c-11f1-a9d4-eeee0a93f2f4.hpbuysell-otc-salesorder-postgres-deployer#flowable-async-job-executor-thread-22054#
[PollExecuteTaskStatusExecution] 9409158a-3ef5-419f-b18e-c3263bd4e0f3 [2026-09-23T16:35:23.536197] 'OGh9pTYPVkUbBiKPA7lVVhre\n' + (STDOUT, APP/TASK/deploy-to-postgresql)#
#2026 09 23 16:35:48.848#Z#DEBUG#89a811f3-b76c-11f1-a9d4-eeee0a93f2f4.hpbuysell-otc-salesorder-postgres-deployer#flowable-async-job-executor-thread-22054#
[PollExecuteTaskStatusExecution] 9409158a-3ef5-419f-b18e-c3263bd4e0f3 [2026-09-23T16:35:23.536198] '-----END CERTIFICATE-----\n', (STDOUT, APP/TASK/deploy-to-postgresql)#
#2026 09 23 16:35:48.848#Z#DEBUG#89a811f3-b76c-11f1-a9d4-eeee0a93f2f4.hpbuysell-otc-salesorder-postgres-deployer#flowable-async-job-executor-thread-22054#
[PollExecuteTaskStatusExecution] 9409158a-3ef5-419f-b18e-c3263bd4e0f3 [2026-09-23T16:35:23.536201] sslrootcert: '-----BEGIN CERTIFICATE-----\n' + (STDOUT, APP/TASK/deploy-to-postgresql)#
#2026 09 23 16:35:48.848#Z#DEBUG#89a811f3-b76c-11f1-a9d4-eeee0a93f2f4.hpbuysell-otc-salesorder-postgres-deployer#flowable-async-job-executor-thread-22054#
[PollExecuteTaskStatusExecution] 9409158a-3ef5-419f-b18e-c3263bd4e0f3 [2026-09-23T16:35:23.536203] 'MIID/zCCAuegAwIBAgIRAPVSMfFitmM5PhmbaOFoGfUwDQYJKoZIhvcNAQELBQAw\n' + (STDOUT, APP/TASK/deploy-to-postgresql)#
#2026 09 23 16:35:48.848#Z#DEBUG#89a811f3-b76c-11f1-a9d4-eeee0a93f2f4.hpbuysell-otc-salesorder-postgres-deployer#flowable-async-job-executor-thread-22054#
[PollExecuteTaskStatusExecution] 9409158a-3ef5-419f-b18e-c3263bd4e0f3 [2026-09-23T16:35:23.536205] 'gZcxCzAJBgNVBAYTAlVTMSIwIAYDVQQKDBlBbWF6b24gV2ViIFNlcnZpY2VzLCBJ\n' + (STDOUT, APP/TASK/deploy-to-postgresql)#
#2026 09 23 16:35:48.848#Z#DEBUG#89a811f3-b76c-11f1-a9d4-eeee0a93f2f4.hpbuysell-otc-salesorder-postgres-deployer#flowable-async-job-executor-thread-22054#
[PollExecuteTaskStatusExecution] 9409158a-3ef5-419f-b18e-c3263bd4e0f3 [2026-09-23T16:35:23.536207] 'bmMuMRMwEQYDVQQLDApBbWF6b24gUkRTMQswCQYDVQQIDAJXQTEwMC4GA1UEAwwn\n' + (STDOUT, APP/TASK/deploy-to-postgresql)#
#2026 09 23 16:35:48.848#Z#DEBUG#89a811f3-b76c-11f1-a9d4-eeee0a93f2f4.hpbuysell-otc-salesorder-postgres-deployer#flowable-async-job-executor-thread-22054#
[PollExecuteTaskStatusExecution] 9409158a-3ef5-419f-b18e-c3263bd4e0f3 [2026-09-23T16:35:23.536209] 'QW1hem9uIFJEUyB1cy1lYXN0LTEgUm9vdCBDQSBSU0EyMDQ4IEcxMRAwDgYDVQQH\n' + (STDOUT, APP/TASK/deploy-to-postgresql)#
#2026 09 23 16:35:48.848#Z#DEBUG#89a811f3-b76c-11f1-a9d4-eeee0a93f2f4.hpbuysell-otc-salesorder-postgres-deployer#flowable-async-job-executor-thread-22054#
[PollExecuteTaskStatusExecution] 9409158a-3ef5-419f-b18e-c3263bd4e0f3 [2026-09-23T16:35:23.536210] 'DAdTZWF0dGxlMCAXDTIxMDUyNTIyMzQ1N1oYDzIwNjEwNTI1MjMzNDU3WjCBlzEL\n' + (STDOUT, APP/TASK/deploy-to-postgresql)#
#2026 09 23 16:35:48.848#Z#DEBUG#89a811f3-b76c-11f1-a9d4-eeee0a93f2f4.hpbuysell-otc-salesorder-postgres-deployer#flowable-async-job-executor-thread-22054#
[PollExecuteTaskStatusExecution] 9409158a-3ef5-419f-b18e-c3263bd4e0f3 [2026-09-23T16:35:23.536213] 'MAkGA1UEBhMCVVMxIjAgBgNVBAoMGUFtYXpvbiBXZWIgU2VydmljZXMsIEluYy4x\n' + (STDOUT, APP/TASK/deploy-to-postgresql)#
#2026 09 23 16:35:48.848#Z#DEBUG#89a811f3-b76c-11f1-a9d4-eeee0a93f2f4.hpbuysell-otc-salesorder-postgres-deployer#flowable-async-job-executor-thread-22054#
[PollExecuteTaskStatusExecution] 9409158a-3ef5-419f-b18e-c3263bd4e0f3 [2026-09-23T16:35:23.536215] 'EzARBgNVBAsMCkFtYXpvbiBSRFMxCzAJBgNVBAgMAldBMTAwLgYDVQQDDCdBbWF6\n' + (STDOUT, APP/TASK/deploy-to-postgresql)#
#2026 09 23 16:35:48.848#Z#DEBUG#89a811f3-b76c-11f1-a9d4-eeee0a93f2f4.hpbuysell-otc-salesorder-postgres-deployer#flowable-async-job-executor-thread-22054#
[PollExecuteTaskStatusExecution] 9409158a-3ef5-419f-b18e-c3263bd4e0f3 [2026-09-23T16:35:23.536240] 'b24gUkRTIHVzLWVhc3QtMSBSb290IENBIFJTQTIwNDggRzExEDAOBgNVBAcMB1Nl\n' + (STDOUT, APP/TASK/deploy-to-postgresql)#
#2026 09 23 16:35:48.848#Z#DEBUG#89a811f3-b76c-11f1-a9d4-eeee0a93f2f4.hpbuysell-otc-salesorder-postgres-deployer#flowable-async-job-executor-thread-22054#
[PollExecuteTaskStatusExecution] 9409158a-3ef5-419f-b18e-c3263bd4e0f3 [2026-09-23T16:35:23.536242] 'YXR0bGUwggEiMA0GCSqGSIb3DQEBAQUAA4IBDwAwggEKAoIBAQDu9H7TBeGoDzMr\n' + (STDOUT, APP/TASK/deploy-to-postgresql)#
#2026 09 23 16:35:48.848#Z#DEBUG#89a811f3-b76c-11f1-a9d4-eeee0a93f2f4.hpbuysell-otc-salesorder-postgres-deployer#flowable-async-job-executor-thread-22054#
[PollExecuteTaskStatusExecution] 9409158a-3ef5-419f-b18e-c3263bd4e0f3 [2026-09-23T16:35:23.536244] 'dxN6H8COntJX4IR6dbyhnj5qMD4xl/IWvp50lt0VpmMd+z2PNZzx8RazeGC5IniV\n' + (STDOUT, APP/TASK/deploy-to-postgresql)#
#2026 09 23 16:35:48.848#Z#DEBUG#89a811f3-b76c-11f1-a9d4-eeee0a93f2f4.hpbuysell-otc-salesorder-postgres-deployer#flowable-async-job-executor-thread-22054#
[PollExecuteTaskStatusExecution] 9409158a-3ef5-419f-b18e-c3263bd4e0f3 [2026-09-23T16:35:23.536246] '5nrLg0AKWRQ2A/lGGXbUrGXCSe09brMQCxWBSIYe1WZZ1iU1IJ/6Bp4D2YEHpXrW\n' + (STDOUT, APP/TASK/deploy-to-postgresql)#
#2026 09 23 16:35:48.848#Z#DEBUG#89a811f3-b76c-11f1-a9d4-eeee0a93f2f4.hpbuysell-otc-salesorder-postgres-deployer#flowable-async-job-executor-thread-22054#
[PollExecuteTaskStatusExecution] 9409158a-3ef5-419f-b18e-c3263bd4e0f3 [2026-09-23T16:35:23.536248] 'bPkOq5x3YPcsoitgm1Xh8ygz6vb7PsvJvPbvRMnkDg5IqEThapPjmKb8ZJWyEFEE\n' + (STDOUT, APP/TASK/deploy-to-postgresql)#
#2026 09 23 16:35:48.848#Z#DEBUG#89a811f3-b76c-11f1-a9d4-eeee0a93f2f4.hpbuysell-otc-salesorder-postgres-deployer#flowable-async-job-executor-thread-22054#
[PollExecuteTaskStatusExecution] 9409158a-3ef5-419f-b18e-c3263bd4e0f3 [2026-09-23T16:35:23.536250] 'QRrkCIRueB1EqQtJw0fvP4PKDlCJAKBEs/y049FoOqYpT3pRy0WKqPhWve+hScMd\n' + (STDOUT, APP/TASK/deploy-to-postgresql)#
#2026 09 23 16:35:48.848#Z#DEBUG#89a811f3-b76c-11f1-a9d4-eeee0a93f2f4.hpbuysell-otc-salesorder-postgres-deployer#flowable-async-job-executor-thread-22054#
[PollExecuteTaskStatusExecution] 9409158a-3ef5-419f-b18e-c3263bd4e0f3 [2026-09-23T16:35:23.536252] '6obq8kxTFy1IHACjHc51nrGII5Bt76/MpTWhnJIJrCnq1/Uc3Qs8IVeb+sLaFC8K\n' + (STDOUT, APP/TASK/deploy-to-postgresql)#
#2026 09 23 16:35:48.848#Z#DEBUG#89a811f3-b76c-11f1-a9d4-eeee0a93f2f4.hpbuysell-otc-salesorder-postgres-deployer#flowable-async-job-executor-thread-22054#
[PollExecuteTaskStatusExecution] 9409158a-3ef5-419f-b18e-c3263bd4e0f3 [2026-09-23T16:35:23.536253] 'DI69Sw6bAgMBAAGjQjBAMA8GA1UdEwEB/wQFMAMBAf8wHQYDVR0OBBYEFE7PCopt\n' + (STDOUT, APP/TASK/deploy-to-postgresql)#
#2026 09 23 16:35:48.848#Z#DEBUG#89a811f3-b76c-11f1-a9d4-eeee0a93f2f4.hpbuysell-otc-salesorder-postgres-deployer#flowable-async-job-executor-thread-22054#
[PollExecuteTaskStatusExecution] 9409158a-3ef5-419f-b18e-c3263bd4e0f3 [2026-09-23T16:35:23.536255] 'lyOgtXX0Y1lObBUxuKaCMA4GA1UdDwEB/wQEAwIBhjANBgkqhkiG9w0BAQsFAAOC\n' + (STDOUT, APP/TASK/deploy-to-postgresql)#
#2026 09 23 16:35:48.848#Z#DEBUG#89a811f3-b76c-11f1-a9d4-eeee0a93f2f4.hpbuysell-otc-salesorder-postgres-deployer#flowable-async-job-executor-thread-22054#
[PollExecuteTaskStatusExecution] 9409158a-3ef5-419f-b18e-c3263bd4e0f3 [2026-09-23T16:35:23.536257] 'AQEAFj+bX8gLmMNefr5jRJfHjrL3iuZCjf7YEZgn89pS4z8408mjj9z6Q5D1H7yS\n' + (STDOUT, APP/TASK/deploy-to-postgresql)#
#2026 09 23 16:35:48.848#Z#DEBUG#89a811f3-b76c-11f1-a9d4-eeee0a93f2f4.hpbuysell-otc-salesorder-postgres-deployer#flowable-async-job-executor-thread-22054#
[PollExecuteTaskStatusExecution] 9409158a-3ef5-419f-b18e-c3263bd4e0f3 [2026-09-23T16:35:23.536258] 'jNETVV8QaJip1qyhh5gRzRaArgGAYvi2/r0zPsy+Tgf7v1KGL5Lh8NT8iCEGGXwF\n' + (STDOUT, APP/TASK/deploy-to-postgresql)#
#2026 09 23 16:35:48.848#Z#DEBUG#89a811f3-b76c-11f1-a9d4-eeee0a93f2f4.hpbuysell-otc-salesorder-postgres-deployer#flowable-async-job-executor-thread-22054#
[PollExecuteTaskStatusExecution] 9409158a-3ef5-419f-b18e-c3263bd4e0f3 [2026-09-23T16:35:23.536260] 'g3Ir+Nl3e+9XUp0eyyzBIjHtjLBm6yy8rGk9p6OtFDQnKF5OxwbAgip42CD75r/q\n' + (STDOUT, APP/TASK/deploy-to-postgresql)#
#2026 09 23 16:35:48.848#Z#DEBUG#89a811f3-b76c-11f1-a9d4-eeee0a93f2f4.hpbuysell-otc-salesorder-postgres-deployer#flowable-async-job-executor-thread-22054#
[PollExecuteTaskStatusExecution] 9409158a-3ef5-419f-b18e-c3263bd4e0f3 [2026-09-23T16:35:23.536261] 'p421maEDDvvRFR4D+99JZxgAYDBGqRRceUoe16qDzbMvlz0A9paCZFclxeftAxv6\n' + (STDOUT, APP/TASK/deploy-to-postgresql)#
#2026 09 23 16:35:48.848#Z#DEBUG#89a811f3-b76c-11f1-a9d4-eeee0a93f2f4.hpbuysell-otc-salesorder-postgres-deployer#flowable-async-job-executor-thread-22054#
[PollExecuteTaskStatusExecution] 9409158a-3ef5-419f-b18e-c3263bd4e0f3 [2026-09-23T16:35:23.536263] 'QlR5rItMz/XdzpBJUpYhdzM0gCzAzdQuVO5tjJxmXhkSMcDP+8Q+Uv6FA9k2VpUV\n' + (STDOUT, APP/TASK/deploy-to-postgresql)#
#2026 09 23 16:35:48.848#Z#DEBUG#89a811f3-b76c-11f1-a9d4-eeee0a93f2f4.hpbuysell-otc-salesorder-postgres-deployer#flowable-async-job-executor-thread-22054#
[PollExecuteTaskStatusExecution] 9409158a-3ef5-419f-b18e-c3263bd4e0f3 [2026-09-23T16:35:23.536266] 'E/O5jgpqUJJ2Hc/5rs9VkAPXeA==\n' + (STDOUT, APP/TASK/deploy-to-postgresql)#
#2026 09 23 16:35:48.848#Z#DEBUG#89a811f3-b76c-11f1-a9d4-eeee0a93f2f4.hpbuysell-otc-salesorder-postgres-deployer#flowable-async-job-executor-thread-22054#
[PollExecuteTaskStatusExecution] 9409158a-3ef5-419f-b18e-c3263bd4e0f3 [2026-09-23T16:35:23.536268] '-----END CERTIFICATE-----\n' + (STDOUT, APP/TASK/deploy-to-postgresql)#
#2026 09 23 16:35:48.848#Z#DEBUG#89a811f3-b76c-11f1-a9d4-eeee0a93f2f4.hpbuysell-otc-salesorder-postgres-deployer#flowable-async-job-executor-thread-22054#
[PollExecuteTaskStatusExecution] 9409158a-3ef5-419f-b18e-c3263bd4e0f3 [2026-09-23T16:35:23.536270] '-----BEGIN CERTIFICATE-----\n' + (STDOUT, APP/TASK/deploy-to-postgresql)#
#2026 09 23 16:35:48.848#Z#DEBUG#89a811f3-b76c-11f1-a9d4-eeee0a93f2f4.hpbuysell-otc-salesorder-postgres-deployer#flowable-async-job-executor-thread-22054#
[PollExecuteTaskStatusExecution] 9409158a-3ef5-419f-b18e-c3263bd4e0f3 [2026-09-23T16:35:23.536273] 'MIIF/jCCA+agAwIBAgIQaRHaEqqacXN20e8zZJtmDDANBgkqhkiG9w0BAQwFADCB\n' + (STDOUT, APP/TASK/deploy-to-postgresql)#
#2026 09 23 16:35:48.848#Z#DEBUG#89a811f3-b76c-11f1-a9d4-eeee0a93f2f4.hpbuysell-otc-salesorder-postgres-deployer#flowable-async-job-executor-thread-22054#
[PollExecuteTaskStatusExecution] 9409158a-3ef5-419f-b18e-c3263bd4e0f3 [2026-09-23T16:35:23.536275] 'lzELMAkGA1UEBhMCVVMxIjAgBgNVBAoMGUFtYXpvbiBXZWIgU2VydmljZXMsIElu\n' + (STDOUT, APP/TASK/deploy-to-postgresql)#
#2026 09 23 16:35:48.848#Z#DEBUG#89a811f3-b76c-11f1-a9d4-eeee0a93f2f4.hpbuysell-otc-salesorder-postgres-deployer#flowable-async-job-executor-thread-22054#
[PollExecuteTaskStatusExecution] 9409158a-3ef5-419f-b18e-c3263bd4e0f3 [2026-09-23T16:35:23.536276] 'Yy4xEzARBgNVBAsMCkFtYXpvbiBSRFMxCzAJBgNVBAgMAldBMTAwLgYDVQQDDCdB\n' + (STDOUT, APP/TASK/deploy-to-postgresql)#
#2026 09 23 16:35:48.848#Z#DEBUG#89a811f3-b76c-11f1-a9d4-eeee0a93f2f4.hpbuysell-otc-salesorder-postgres-deployer#flowable-async-job-executor-thread-22054#
[PollExecuteTaskStatusExecution] 9409158a-3ef5-419f-b18e-c3263bd4e0f3 [2026-09-23T16:35:23.536278] 'bWF6b24gUkRTIHVzLWVhc3QtMSBSb290IENBIFJTQTQwOTYgRzExEDAOBgNVBAcM\n' + (STDOUT, APP/TASK/deploy-to-postgresql)#
#2026 09 23 16:35:48.848#Z#DEBUG#89a811f3-b76c-11f1-a9d4-eeee0a93f2f4.hpbuysell-otc-salesorder-postgres-deployer#flowable-async-job-executor-thread-22054#
[PollExecuteTaskStatusExecution] 9409158a-3ef5-419f-b18e-c3263bd4e0f3 [2026-09-23T16:35:23.536490] 'B1NlYXR0bGUwIBcNMjEwNTI1MjIzODM1WhgPMjEyMTA1MjUyMzM4MzVaMIGXMQsw\n' + (STDOUT, APP/TASK/deploy-to-postgresql)#
#2026 09 23 16:35:48.848#Z#DEBUG#89a811f3-b76c-11f1-a9d4-eeee0a93f2f4.hpbuysell-otc-salesorder-postgres-deployer#flowable-async-job-executor-thread-22054#
[PollExecuteTaskStatusExecution] 9409158a-3ef5-419f-b18e-c3263bd4e0f3 [2026-09-23T16:35:23.536494] 'CQYDVQQGEwJVUzEiMCAGA1UECgwZQW1hem9uIFdlYiBTZXJ2aWNlcywgSW5jLjET\n' + (STDOUT, APP/TASK/deploy-to-postgresql)#
#2026 09 23 16:35:48.848#Z#DEBUG#89a811f3-b76c-11f1-a9d4-eeee0a93f2f4.hpbuysell-otc-salesorder-postgres-deployer#flowable-async-job-executor-thread-22054#
[PollExecuteTaskStatusExecution] 9409158a-3ef5-419f-b18e-c3263bd4e0f3 [2026-09-23T16:35:23.536496] 'MBEGA1UECwwKQW1hem9uIFJEUzELMAkGA1UECAwCV0ExMDAuBgNVBAMMJ0FtYXpv\n' + (STDOUT, APP/TASK/deploy-to-postgresql)#
#2026 09 23 16:35:48.848#Z#DEBUG#89a811f3-b76c-11f1-a9d4-eeee0a93f2f4.hpbuysell-otc-salesorder-postgres-deployer#flowable-async-job-executor-thread-22054#
[PollExecuteTaskStatusExecution] 9409158a-3ef5-419f-b18e-c3263bd4e0f3 [2026-09-23T16:35:23.536499] 'biBSRFMgdXMtZWFzdC0xIFJvb3QgQ0EgUlNBNDA5NiBHMTEQMA4GA1UEBwwHU2Vh\n' + (STDOUT, APP/TASK/deploy-to-postgresql)#
#2026 09 23 16:35:48.848#Z#DEBUG#89a811f3-b76c-11f1-a9d4-eeee0a93f2f4.hpbuysell-otc-salesorder-postgres-deployer#flowable-async-job-executor-thread-22054#
[PollExecuteTaskStatusExecution] 9409158a-3ef5-419f-b18e-c3263bd4e0f3 [2026-09-23T16:35:23.536501] 'dHRsZTCCAiIwDQYJKoZIhvcNAQEBBQADggIPADCCAgoCggIBAInfBCaHuvj6Rb5c\n' + (STDOUT, APP/TASK/deploy-to-postgresql)#
#2026 09 23 16:35:48.848#Z#DEBUG#89a811f3-b76c-11f1-a9d4-eeee0a93f2f4.hpbuysell-otc-salesorder-postgres-deployer#flowable-async-job-executor-thread-22054#
[PollExecuteTaskStatusExecution] 9409158a-3ef5-419f-b18e-c3263bd4e0f3 [2026-09-23T16:35:23.536503] 'L5Wmn1jv2PHtEGMHm+7Z8dYosdwouG8VG2A+BCYCZfij9lIGszrTXkY4O7vnXgru\n' + (STDOUT, APP/TASK/deploy-to-postgresql)#
#2026 09 23 16:35:48.848#Z#DEBUG#89a811f3-b76c-11f1-a9d4-eeee0a93f2f4.hpbuysell-otc-salesorder-postgres-deployer#flowable-async-job-executor-thread-22054#
[PollExecuteTaskStatusExecution] 9409158a-3ef5-419f-b18e-c3263bd4e0f3 [2026-09-23T16:35:23.536504] 'JUNdxh0Q3M83p4X+bg+gODUs3jf+Z3Oeq7nTOk/2UYvQLcxP4FEXILxDInbQFcIx\n' + (STDOUT, APP/TASK/deploy-to-postgresql)#
#2026 09 23 16:35:48.848#Z#DEBUG#89a811f3-b76c-11f1-a9d4-eeee0a93f2f4.hpbuysell-otc-salesorder-postgres-deployer#flowable-async-job-executor-thread-22054#
[PollExecuteTaskStatusExecution] 9409158a-3ef5-419f-b18e-c3263bd4e0f3 [2026-09-23T16:35:23.536506] 'yen1ESHggGrjEodgn6nbKQNRfIhjhW+TKYaewfsVWH7EF2pfj+cjbJ6njjgZ0/M9\n' + (STDOUT, APP/TASK/deploy-to-postgresql)#
#2026 09 23 16:35:48.848#Z#DEBUG#89a811f3-b76c-11f1-a9d4-eeee0a93f2f4.hpbuysell-otc-salesorder-postgres-deployer#flowable-async-job-executor-thread-22054#
[PollExecuteTaskStatusExecution] 9409158a-3ef5-419f-b18e-c3263bd4e0f3 [2026-09-23T16:35:23.536507] 'VZifJFBgat6XUTOf3jwHwkCBh7T6rDpgy19A61laImJCQhdTnHKvzTpxcxiLRh69\n' + (STDOUT, APP/TASK/deploy-to-postgresql)#
#2026 09 23 16:35:48.848#Z#DEBUG#89a811f3-b76c-11f1-a9d4-eeee0a93f2f4.hpbuysell-otc-salesorder-postgres-deployer#flowable-async-job-executor-thread-22054#
[PollExecuteTaskStatusExecution] 9409158a-3ef5-419f-b18e-c3263bd4e0f3 [2026-09-23T16:35:23.536510] 'ZObypR7W04OAUmFS88V7IotlPmCL8xf7kwxG+gQfvx31+A9IDMsiTqJ1Cc4fYEKg\n' + (STDOUT, APP/TASK/deploy-to-postgresql)#
#2026 09 23 16:35:48.848#Z#DEBUG#89a811f3-b76c-11f1-a9d4-eeee0a93f2f4.hpbuysell-otc-salesorder-postgres-deployer#flowable-async-job-executor-thread-22054#
[PollExecuteTaskStatusExecution] 9409158a-3ef5-419f-b18e-c3263bd4e0f3 [2026-09-23T16:35:23.536512] 'bL+Vo+2Ii4W2esCTGVYmHm73drznfeKwL+kmIC/Bq+DrZ+veTqKFYwSkpHRyJCEe\n' + (STDOUT, APP/TASK/deploy-to-postgresql)#
#2026 09 23 16:35:48.848#Z#DEBUG#89a811f3-b76c-11f1-a9d4-eeee0a93f2f4.hpbuysell-otc-salesorder-postgres-deployer#flowable-async-job-executor-thread-22054#
[PollExecuteTaskStatusExecution] 9409158a-3ef5-419f-b18e-c3263bd4e0f3 [2026-09-23T16:35:23.536513] 'U4Zym6POqQ/4LBSKwDUhWLJIlq99bjKX+hNTJykB+Lbcx0ScOP4IAZQoxmDxGWxN\n' + (STDOUT, APP/TASK/deploy-to-postgresql)#
#2026 09 23 16:35:48.848#Z#DEBUG#89a811f3-b76c-11f1-a9d4-eeee0a93f2f4.hpbuysell-otc-salesorder-postgres-deployer#flowable-async-job-executor-thread-22054#
[PollExecuteTaskStatusExecution] 9409158a-3ef5-419f-b18e-c3263bd4e0f3 [2026-09-23T16:35:23.536515] 'S+lQj+Cx2pwU3S/7+OxlRndZAX/FKgk7xSMkg88HykUZaZ/ozIiqJqSnGpgXCtED\n' + (STDOUT, APP/TASK/deploy-to-postgresql)#
#2026 09 23 16:35:48.848#Z#DEBUG#89a811f3-b76c-11f1-a9d4-eeee0a93f2f4.hpbuysell-otc-salesorder-postgres-deployer#flowable-async-job-executor-thread-22054#
[PollExecuteTaskStatusExecution] 9409158a-3ef5-419f-b18e-c3263bd4e0f3 [2026-09-23T16:35:23.536516] 'oQ4OJw5ozAr+/wudOawaMwUWQl5asD8fuy/hl5S1nv9XxIc842QJOtJFxhyeMIXt\n' + (STDOUT, APP/TASK/deploy-to-postgresql)#
#2026 09 23 16:35:48.848#Z#DEBUG#89a811f3-b76c-11f1-a9d4-eeee0a93f2f4.hpbuysell-otc-salesorder-postgres-deployer#flowable-async-job-executor-thread-22054#
[PollExecuteTaskStatusExecution] 9409158a-3ef5-419f-b18e-c3263bd4e0f3 [2026-09-23T16:35:23.536517] 'LVECVw/dPekhMjS3Zo3wwRgYbnKG7YXXT5WMxJEnHu8+cYpMiRClzq2BEP6/MtI2\n' + (STDOUT, APP/TASK/deploy-to-postgresql)#
#2026 09 23 16:35:48.848#Z#DEBUG#89a811f3-b76c-11f1-a9d4-eeee0a93f2f4.hpbuysell-otc-salesorder-postgres-deployer#flowable-async-job-executor-thread-22054#
[PollExecuteTaskStatusExecution] 9409158a-3ef5-419f-b18e-c3263bd4e0f3 [2026-09-23T16:35:23.536519] 'AZQQUFu2yFjRGL2OZA6IYjxnXYiRAgMBAAGjQjBAMA8GA1UdEwEB/wQFMAMBAf8w\n' + (STDOUT, APP/TASK/deploy-to-postgresql)#
#2026 09 23 16:35:48.848#Z#DEBUG#89a811f3-b76c-11f1-a9d4-eeee0a93f2f4.hpbuysell-otc-salesorder-postgres-deployer#flowable-async-job-executor-thread-22054#
[PollExecuteTaskStatusExecution] 9409158a-3ef5-419f-b18e-c3263bd4e0f3 [2026-09-23T16:35:23.536521] 'HQYDVR0OBBYEFADCcQCPX2HmkqQcmuHfiQ2jjqnrMA4GA1UdDwEB/wQEAwIBhjAN\n' + (STDOUT, APP/TASK/deploy-to-postgresql)#
#2026 09 23 16:35:48.848#Z#DEBUG#89a811f3-b76c-11f1-a9d4-eeee0a93f2f4.hpbuysell-otc-salesorder-postgres-deployer#flowable-async-job-executor-thread-22054#
[PollExecuteTaskStatusExecution] 9409158a-3ef5-419f-b18e-c3263bd4e0f3 [2026-09-23T16:35:23.536523] 'BgkqhkiG9w0BAQwFAAOCAgEASXkGQ2eUmudIKPeOIF7RBryCoPmMOsqP0+1qxF8l\n' + (STDOUT, APP/TASK/deploy-to-postgresql)#
#2026 09 23 16:35:48.848#Z#DEBUG#89a811f3-b76c-11f1-a9d4-eeee0a93f2f4.hpbuysell-otc-salesorder-postgres-deployer#flowable-async-job-executor-thread-22054#
[PollExecuteTaskStatusExecution] 9409158a-3ef5-419f-b18e-c3263bd4e0f3 [2026-09-23T16:35:23.536524] 'pGkwmrgNDGpmd9s0ArfIVBTc1jmpgB3oiRW9c6n2OmwBKL4UPuQ8O3KwSP0iD2sZ\n' + (STDOUT, APP/TASK/deploy-to-postgresql)#
#2026 09 23 16:35:48.848#Z#DEBUG#89a811f3-b76c-11f1-a9d4-eeee0a93f2f4.hpbuysell-otc-salesorder-postgres-deployer#flowable-async-job-executor-thread-22054#
[PollExecuteTaskStatusExecution] 9409158a-3ef5-419f-b18e-c3263bd4e0f3 [2026-09-23T16:35:23.536527] 'KMXoMEyphCEzW1I2GRvYDugL3Z9MWrnHkoaoH2l8YyTYvszTvdgxBPpM2x4pSkp+\n' + (STDOUT, APP/TASK/deploy-to-postgresql)#
#2026 09 23 16:35:48.848#Z#DEBUG#89a811f3-b76c-11f1-a9d4-eeee0a93f2f4.hpbuysell-otc-salesorder-postgres-deployer#flowable-async-job-executor-thread-22054#
[PollExecuteTaskStatusExecution] 9409158a-3ef5-419f-b18e-c3263bd4e0f3 [2026-09-23T16:35:23.536530] '76d4/eRpJ5mVuQ93nC+YG0wXCxSq63hX4kyZgPxgCdAA+qgFfKIGyNqUIqWgeyTP\n' + (STDOUT, APP/TASK/deploy-to-postgresql)#
#2026 09 23 16:35:48.848#Z#DEBUG#89a811f3-b76c-11f1-a9d4-eeee0a93f2f4.hpbuysell-otc-salesorder-postgres-deployer#flowable-async-job-executor-thread-22054#
[PollExecuteTaskStatusExecution] 9409158a-3ef5-419f-b18e-c3263bd4e0f3 [2026-09-23T16:35:23.536531] 'n5OgKaboYk2141Rf2hGMD3/hsGm0rrJh7g3C0ZirPws3eeJfulvAOIy2IZzqHUSY\n' + (STDOUT, APP/TASK/deploy-to-postgresql)#
#2026 09 23 16:35:48.848#Z#DEBUG#89a811f3-b76c-11f1-a9d4-eeee0a93f2f4.hpbuysell-otc-salesorder-postgres-deployer#flowable-async-job-executor-thread-22054#
[PollExecuteTaskStatusExecution] 9409158a-3ef5-419f-b18e-c3263bd4e0f3 [2026-09-23T16:35:23.536533] 'jkFzraz6LEH3IlArT3jUPvWKqvh2lJWnnp56aqxBR7qHH5voD49UpJWY1K0BjGnS\n' + (STDOUT, APP/TASK/deploy-to-postgresql)#
#2026 09 23 16:35:48.848#Z#DEBUG#89a811f3-b76c-11f1-a9d4-eeee0a93f2f4.hpbuysell-otc-salesorder-postgres-deployer#flowable-async-job-executor-thread-22054#
[PollExecuteTaskStatusExecution] 9409158a-3ef5-419f-b18e-c3263bd4e0f3 [2026-09-23T16:35:23.536535] 'OHcurpp0Yt/BIs4VZeWdCZwI7JaSeDcPMaMDBvND3Ia5Fga0thgYQTG6dE+N5fgF\n' + (STDOUT, APP/TASK/deploy-to-postgresql)#
#2026 09 23 16:35:48.848#Z#DEBUG#89a811f3-b76c-11f1-a9d4-eeee0a93f2f4.hpbuysell-otc-salesorder-postgres-deployer#flowable-async-job-executor-thread-22054#
[PollExecuteTaskStatusExecution] 9409158a-3ef5-419f-b18e-c3263bd4e0f3 [2026-09-23T16:35:23.536536] 'z+hRaujXO2nb0LmddVyvE8prYlWRMuYFv+Co8hcMdJ0lEZlfVNu0jbm9/GmwAZ+l\n' + (STDOUT, APP/TASK/deploy-to-postgresql)#
#2026 09 23 16:35:48.848#Z#DEBUG#89a811f3-b76c-11f1-a9d4-eeee0a93f2f4.hpbuysell-otc-salesorder-postgres-deployer#flowable-async-job-executor-thread-22054#
[PollExecuteTaskStatusExecution] 9409158a-3ef5-419f-b18e-c3263bd4e0f3 [2026-09-23T16:35:23.536540] '9umeYO9yz/uC7edC8XJBglMAKUmVK9wNtOckUWAcCfnPWYLbYa/PqtXBYcxrso5j\n' + (STDOUT, APP/TASK/deploy-to-postgresql)#
#2026 09 23 16:35:48.848#Z#DEBUG#89a811f3-b76c-11f1-a9d4-eeee0a93f2f4.hpbuysell-otc-salesorder-postgres-deployer#flowable-async-job-executor-thread-22054#
[PollExecuteTaskStatusExecution] 9409158a-3ef5-419f-b18e-c3263bd4e0f3 [2026-09-23T16:35:23.536542] 'iaS/A7iEW51uteHBGrViCy1afGG+hiUWwFlesli+Rq4dNstX3h6h2baWABaAxEVJ\n' + (STDOUT, APP/TASK/deploy-to-postgresql)#
#2026 09 23 16:35:48.848#Z#DEBUG#89a811f3-b76c-11f1-a9d4-eeee0a93f2f4.hpbuysell-otc-salesorder-postgres-deployer#flowable-async-job-executor-thread-22054#
[PollExecuteTaskStatusExecution] 9409158a-3ef5-419f-b18e-c3263bd4e0f3 [2026-09-23T16:35:23.536544] 'y1RnTQSz6mROT1VmZSgSVO37rgIyY0Hf0872ogcTS+FfvXgBxCxsNWEbiQ/XXva4\n' + (STDOUT, APP/TASK/deploy-to-postgresql)#
#2026 09 23 16:35:48.848#Z#DEBUG#89a811f3-b76c-11f1-a9d4-eeee0a93f2f4.hpbuysell-otc-salesorder-postgres-deployer#flowable-async-job-executor-thread-22054#
[PollExecuteTaskStatusExecution] 9409158a-3ef5-419f-b18e-c3263bd4e0f3 [2026-09-23T16:35:23.536545] '0Ws=\n' + (STDOUT, APP/TASK/deploy-to-postgresql)#
#2026 09 23 16:35:48.848#Z#DEBUG#89a811f3-b76c-11f1-a9d4-eeee0a93f2f4.hpbuysell-otc-salesorder-postgres-deployer#flowable-async-job-executor-thread-22054#
[PollExecuteTaskStatusExecution] 9409158a-3ef5-419f-b18e-c3263bd4e0f3 [2026-09-23T16:35:23.536547] '-----END CERTIFICATE-----\n' + (STDOUT, APP/TASK/deploy-to-postgresql)#
#2026 09 23 16:35:48.848#Z#DEBUG#89a811f3-b76c-11f1-a9d4-eeee0a93f2f4.hpbuysell-otc-salesorder-postgres-deployer#flowable-async-job-executor-thread-22054#
[PollExecuteTaskStatusExecution] 9409158a-3ef5-419f-b18e-c3263bd4e0f3 [2026-09-23T16:35:23.536548] '-----BEGIN CERTIFICATE-----\n' + (STDOUT, APP/TASK/deploy-to-postgresql)#
#2026 09 23 16:35:48.848#Z#DEBUG#89a811f3-b76c-11f1-a9d4-eeee0a93f2f4.hpbuysell-otc-salesorder-postgres-deployer#flowable-async-job-executor-thread-22054#
[PollExecuteTaskStatusExecution] 9409158a-3ef5-419f-b18e-c3263bd4e0f3 [2026-09-23T16:35:23.536552] 'MIICrjCCAjSgAwIBAgIRAPAlEk8VJPmEzVRRaWvTh2AwCgYIKoZIzj0EAwMwgZYx\n' + (STDOUT, APP/TASK/deploy-to-postgresql)#
#2026 09 23 16:35:48.848#Z#DEBUG#89a811f3-b76c-11f1-a9d4-eeee0a93f2f4.hpbuysell-otc-salesorder-postgres-deployer#flowable-async-job-executor-thread-22054#
[PollExecuteTaskStatusExecution] 9409158a-3ef5-419f-b18e-c3263bd4e0f3 [2026-09-23T16:35:23.536553] 'CzAJBgNVBAYTAlVTMSIwIAYDVQQKDBlBbWF6b24gV2ViIFNlcnZpY2VzLCBJbmMu\n' + (STDOUT, APP/TASK/deploy-to-postgresql)#
#2026 09 23 16:35:48.848#Z#DEBUG#89a811f3-b76c-11f1-a9d4-eeee0a93f2f4.hpbuysell-otc-salesorder-postgres-deployer#flowable-async-job-executor-thread-22054#
[PollExecuteTaskStatusExecution] 9409158a-3ef5-419f-b18e-c3263bd4e0f3 [2026-09-23T16:35:23.536555] 'MRMwEQYDVQQLDApBbWF6b24gUkRTMQswCQYDVQQIDAJXQTEvMC0GA1UEAwwmQW1h\n' + (STDOUT, APP/TASK/deploy-to-postgresql)#
#2026 09 23 16:35:48.848#Z#DEBUG#89a811f3-b76c-11f1-a9d4-eeee0a93f2f4.hpbuysell-otc-salesorder-postgres-deployer#flowable-async-job-executor-thread-22054#
[PollExecuteTaskStatusExecution] 9409158a-3ef5-419f-b18e-c3263bd4e0f3 [2026-09-23T16:35:23.536556] 'em9uIFJEUyB1cy1lYXN0LTEgUm9vdCBDQSBFQ0MzODQgRzExEDAOBgNVBAcMB1Nl\n' + (STDOUT, APP/TASK/deploy-to-postgresql)#
#2026 09 23 16:35:48.848#Z#DEBUG#89a811f3-b76c-11f1-a9d4-eeee0a93f2f4.hpbuysell-otc-salesorder-postgres-deployer#flowable-async-job-executor-thread-22054#
[PollExecuteTaskStatusExecution] 9409158a-3ef5-419f-b18e-c3263bd4e0f3 [2026-09-23T16:35:23.536557] 'YXR0bGUwIBcNMjEwNTI1MjI0MTU1WhgPMjEyMTA1MjUyMzQxNTVaMIGWMQswCQYD\n' + (STDOUT, APP/TASK/deploy-to-postgresql)#
#2026 09 23 16:35:48.848#Z#DEBUG#89a811f3-b76c-11f1-a9d4-eeee0a93f2f4.hpbuysell-otc-salesorder-postgres-deployer#flowable-async-job-executor-thread-22054#
[PollExecuteTaskStatusExecution] 9409158a-3ef5-419f-b18e-c3263bd4e0f3 [2026-09-23T16:35:23.536559] 'VQQGEwJVUzEiMCAGA1UECgwZQW1hem9uIFdlYiBTZXJ2aWNlcywgSW5jLjETMBEG\n' + (STDOUT, APP/TASK/deploy-to-postgresql)#
#2026 09 23 16:35:48.848#Z#DEBUG#89a811f3-b76c-11f1-a9d4-eeee0a93f2f4.hpbuysell-otc-salesorder-postgres-deployer#flowable-async-job-executor-thread-22054#
[PollExecuteTaskStatusExecution] 9409158a-3ef5-419f-b18e-c3263bd4e0f3 [2026-09-23T16:35:23.536562] 'A1UECwwKQW1hem9uIFJEUzELMAkGA1UECAwCV0ExLzAtBgNVBAMMJkFtYXpvbiBS\n' + (STDOUT, APP/TASK/deploy-to-postgresql)#
#2026 09 23 16:35:48.848#Z#DEBUG#89a811f3-b76c-11f1-a9d4-eeee0a93f2f4.hpbuysell-otc-salesorder-postgres-deployer#flowable-async-job-executor-thread-22054#
[PollExecuteTaskStatusExecution] 9409158a-3ef5-419f-b18e-c3263bd4e0f3 [2026-09-23T16:35:23.536563] 'RFMgdXMtZWFzdC0xIFJvb3QgQ0EgRUNDMzg0IEcxMRAwDgYDVQQHDAdTZWF0dGxl\n' + (STDOUT, APP/TASK/deploy-to-postgresql)#
#2026 09 23 16:35:48.848#Z#DEBUG#89a811f3-b76c-11f1-a9d4-eeee0a93f2f4.hpbuysell-otc-salesorder-postgres-deployer#flowable-async-job-executor-thread-22054#
[PollExecuteTaskStatusExecution] 9409158a-3ef5-419f-b18e-c3263bd4e0f3 [2026-09-23T16:35:23.536564] 'MHYwEAYHKoZIzj0CAQYFK4EEACIDYgAEx5xjrup8II4HOJw15NTnS3H5yMrQGlbj\n' + (STDOUT, APP/TASK/deploy-to-postgresql)#
#2026 09 23 16:35:48.848#Z#DEBUG#89a811f3-b76c-11f1-a9d4-eeee0a93f2f4.hpbuysell-otc-salesorder-postgres-deployer#flowable-async-job-executor-thread-22054#
[PollExecuteTaskStatusExecution] 9409158a-3ef5-419f-b18e-c3263bd4e0f3 [2026-09-23T16:35:23.536566] 'EDA5MMGnE9DmHp5dACIxmPXPMe/99nO7wNdl7G71OYPCgEvWm0FhdvVUeTb3LVnV\n' + (STDOUT, APP/TASK/deploy-to-postgresql)#
#2026 09 23 16:35:48.848#Z#DEBUG#89a811f3-b76c-11f1-a9d4-eeee0a93f2f4.hpbuysell-otc-salesorder-postgres-deployer#flowable-async-job-executor-thread-22054#
[PollExecuteTaskStatusExecution] 9409158a-3ef5-419f-b18e-c3263bd4e0f3 [2026-09-23T16:35:23.536567] 'BnaXt32Ek7/oxGk1T+Df03C+W0vmuJ+wo0IwQDAPBgNVHRMBAf8EBTADAQH/MB0G\n' + (STDOUT, APP/TASK/deploy-to-postgresql)#
#2026 09 23 16:35:48.848#Z#DEBUG#89a811f3-b76c-11f1-a9d4-eeee0a93f2f4.hpbuysell-otc-salesorder-postgres-deployer#flowable-async-job-executor-thread-22054#
[PollExecuteTaskStatusExecution] 9409158a-3ef5-419f-b18e-c3263bd4e0f3 [2026-09-23T16:35:23.536569] 'A1UdDgQWBBTGXmqBWN/1tkSea4pNw0oHrjk2UDAOBgNVHQ8BAf8EBAMCAYYwCgYI\n' + (STDOUT, APP/TASK/deploy-to-postgresql)#
#2026 09 23 16:35:48.848#Z#DEBUG#89a811f3-b76c-11f1-a9d4-eeee0a93f2f4.hpbuysell-otc-salesorder-postgres-deployer#flowable-async-job-executor-thread-22054#
[PollExecuteTaskStatusExecution] 9409158a-3ef5-419f-b18e-c3263bd4e0f3 [2026-09-23T16:35:23.536571] 'KoZIzj0EAwMDaAAwZQIxAIqqZWCSrIkZ7zsv/FygtAusW6yvlL935YAWYPVXU30m\n' + (STDOUT, APP/TASK/deploy-to-postgresql)#
#2026 09 23 16:35:48.848#Z#DEBUG#89a811f3-b76c-11f1-a9d4-eeee0a93f2f4.hpbuysell-otc-salesorder-postgres-deployer#flowable-async-job-executor-thread-22054#
[PollExecuteTaskStatusExecution] 9409158a-3ef5-419f-b18e-c3263bd4e0f3 [2026-09-23T16:35:23.536572] 'jkMFLM+/RJ9GMvnO8jHfCgIwB+whlkcItzE9CRQ6CsMo/d5cEHDUu/QW6jSIh9BR\n' + (STDOUT, APP/TASK/deploy-to-postgresql)#
#2026 09 23 16:35:48.848#Z#DEBUG#89a811f3-b76c-11f1-a9d4-eeee0a93f2f4.hpbuysell-otc-salesorder-postgres-deployer#flowable-async-job-executor-thread-22054#
[PollExecuteTaskStatusExecution] 9409158a-3ef5-419f-b18e-c3263bd4e0f3 [2026-09-23T16:35:23.536573] 'OGh9pTYPVkUbBiKPA7lVVhre\n' + (STDOUT, APP/TASK/deploy-to-postgresql)#
#2026 09 23 16:35:48.848#Z#DEBUG#89a811f3-b76c-11f1-a9d4-eeee0a93f2f4.hpbuysell-otc-salesorder-postgres-deployer#flowable-async-job-executor-thread-22054#
[PollExecuteTaskStatusExecution] 9409158a-3ef5-419f-b18e-c3263bd4e0f3 [2026-09-23T16:35:23.536575] '-----END CERTIFICATE-----\n', (STDOUT, APP/TASK/deploy-to-postgresql)#
#2026 09 23 16:35:48.848#Z#DEBUG#89a811f3-b76c-11f1-a9d4-eeee0a93f2f4.hpbuysell-otc-salesorder-postgres-deployer#flowable-async-job-executor-thread-22054#
[PollExecuteTaskStatusExecution] 9409158a-3ef5-419f-b18e-c3263bd4e0f3 [2026-09-23T16:35:23.536578] uri: 'postgres://e4d51886f3dc:daacb78fca6ef102b1397708@postgres-63a33c28-9d9e-4453-821a-000f0ee4a75c.c24srvdukvjo.us-east-1.rds.amazonaws.com:7565/BQiFxAUMVHcr', (STDOUT, APP/TASK/deploy-to-postgresql)#
#2026 09 23 16:35:48.848#Z#DEBUG#89a811f3-b76c-11f1-a9d4-eeee0a93f2f4.hpbuysell-otc-salesorder-postgres-deployer#flowable-async-job-executor-thread-22054#
[PollExecuteTaskStatusExecution] 9409158a-3ef5-419f-b18e-c3263bd4e0f3 [2026-09-23T16:35:23.536580] urls: { (STDOUT, APP/TASK/deploy-to-postgresql)#
#2026 09 23 16:35:48.848#Z#DEBUG#89a811f3-b76c-11f1-a9d4-eeee0a93f2f4.hpbuysell-otc-salesorder-postgres-deployer#flowable-async-job-executor-thread-22054#
[PollExecuteTaskStatusExecution] 9409158a-3ef5-419f-b18e-c3263bd4e0f3 [2026-09-23T16:35:23.536581] api_server: 'https://api-backing-services.us10.data.services.cloud.sap' (STDOUT, APP/TASK/deploy-to-postgresql)#
#2026 09 23 16:35:48.848#Z#DEBUG#89a811f3-b76c-11f1-a9d4-eeee0a93f2f4.hpbuysell-otc-salesorder-postgres-deployer#flowable-async-job-executor-thread-22054#
[PollExecuteTaskStatusExecution] 9409158a-3ef5-419f-b18e-c3263bd4e0f3 [2026-09-23T16:35:23.536583] } (STDOUT, APP/TASK/deploy-to-postgresql)#
#2026 09 23 16:35:48.848#Z#DEBUG#89a811f3-b76c-11f1-a9d4-eeee0a93f2f4.hpbuysell-otc-salesorder-postgres-deployer#flowable-async-job-executor-thread-22054#
[PollExecuteTaskStatusExecution] 9409158a-3ef5-419f-b18e-c3263bd4e0f3 [2026-09-23T16:35:23.536585] } (STDOUT, APP/TASK/deploy-to-postgresql)#
#2026 09 23 16:35:48.848#Z#DEBUG#89a811f3-b76c-11f1-a9d4-eeee0a93f2f4.hpbuysell-otc-salesorder-postgres-deployer#flowable-async-job-executor-thread-22054#
[PollExecuteTaskStatusExecution] 9409158a-3ef5-419f-b18e-c3263bd4e0f3 [2026-09-23T16:35:23.536586] } {} (STDOUT, APP/TASK/deploy-to-postgresql)#
#2026 09 23 16:35:48.848#Z#DEBUG#89a811f3-b76c-11f1-a9d4-eeee0a93f2f4.hpbuysell-otc-salesorder-postgres-deployer#flowable-async-job-executor-thread-22054#
[PollExecuteTaskStatusExecution] 9409158a-3ef5-419f-b18e-c3263bd4e0f3 [2026-09-23T16:35:24.104209] (node:57) DeprecationWarning: Calling client.query() when the client is already executing a query is deprecated and will be removed in pg@9.0. Use async/await or an external async flow control mechanism instead. (STDERR, APP/TASK/deploy-to-postgresql)#
#2026 09 23 16:35:48.848#Z#DEBUG#89a811f3-b76c-11f1-a9d4-eeee0a93f2f4.hpbuysell-otc-salesorder-postgres-deployer#flowable-async-job-executor-thread-22054#
[PollExecuteTaskStatusExecution] 9409158a-3ef5-419f-b18e-c3263bd4e0f3 [2026-09-23T16:35:24.104242] (Use `node --trace-deprecation ...` to show where the warning was created) (STDERR, APP/TASK/deploy-to-postgresql)#
#2026 09 23 16:35:48.848#Z#DEBUG#89a811f3-b76c-11f1-a9d4-eeee0a93f2f4.hpbuysell-otc-salesorder-postgres-deployer#flowable-async-job-executor-thread-22054#
[PollExecuteTaskStatusExecution] 9409158a-3ef5-419f-b18e-c3263bd4e0f3 [2026-09-23T16:35:24.478845] /> deployment to postgres-63a33c28-9d9e-4453-821a-000f0ee4a75c.c24srvdukvjo.us-east-1.rds.amazonaws.com:7565 failed (STDOUT, APP/TASK/deploy-to-postgresql)#
#2026 09 23 16:35:48.848#Z#DEBUG#89a811f3-b76c-11f1-a9d4-eeee0a93f2f4.hpbuysell-otc-salesorder-postgres-deployer#flowable-async-job-executor-thread-22054#
[PollExecuteTaskStatusExecution] 9409158a-3ef5-419f-b18e-c3263bd4e0f3 [2026-09-23T16:35:24.479500] Error: CDS compilation failed (@sap/cds-compiler v6.9.5) (STDERR, APP/TASK/deploy-to-postgresql)#
#2026 09 23 16:35:48.848#Z#DEBUG#89a811f3-b76c-11f1-a9d4-eeee0a93f2f4.hpbuysell-otc-salesorder-postgres-deployer#flowable-async-job-executor-thread-22054#
[PollExecuteTaskStatusExecution] 9409158a-3ef5-419f-b18e-c3263bd4e0f3 [2026-09-23T16:35:24.479517] db/csn.json:811: Error: Dropping elements is not supported (in entity:“hpbuysell.otc.salesorder.SalesOrderAcknowledgements”/element:“ID”) (STDERR, APP/TASK/deploy-to-postgresql)#
#2026 09 23 16:35:48.848#Z#DEBUG#89a811f3-b76c-11f1-a9d4-eeee0a93f2f4.hpbuysell-otc-salesorder-postgres-deployer#flowable-async-job-executor-thread-22054#
[PollExecuteTaskStatusExecution] 9409158a-3ef5-419f-b18e-c3263bd4e0f3 [2026-09-23T16:35:24.479526] at throwWithAnyError (/home/vcap/app/node_modules/@sap/cds-compiler/lib/base/messages.js:607:13) (STDERR, APP/TASK/deploy-to-postgresql)#
#2026 09 23 16:35:48.848#Z#DEBUG#89a811f3-b76c-11f1-a9d4-eeee0a93f2f4.hpbuysell-otc-salesorder-postgres-deployer#flowable-async-job-executor-thread-22054#
[PollExecuteTaskStatusExecution] 9409158a-3ef5-419f-b18e-c3263bd4e0f3 [2026-09-23T16:35:24.479529] at Proxy.toSqlDdl (/home/vcap/app/node_modules/@sap/cds-compiler/lib/render/toSql.js:311:3) (STDERR, APP/TASK/deploy-to-postgresql)#
#2026 09 23 16:35:48.848#Z#DEBUG#89a811f3-b76c-11f1-a9d4-eeee0a93f2f4.hpbuysell-otc-salesorder-postgres-deployer#flowable-async-job-executor-thread-22054#
[PollExecuteTaskStatusExecution] 9409158a-3ef5-419f-b18e-c3263bd4e0f3 [2026-09-23T16:35:24.479531] at sqlMigration (/home/vcap/app/node_modules/@sap/cds-compiler/lib/api/main.js:606:13) (STDERR, APP/TASK/deploy-to-postgresql)#
#2026 09 23 16:35:48.848#Z#DEBUG#89a811f3-b76c-11f1-a9d4-eeee0a93f2f4.hpbuysell-otc-salesorder-postgres-deployer#flowable-async-job-executor-thread-22054#
[PollExecuteTaskStatusExecution] 9409158a-3ef5-419f-b18e-c3263bd4e0f3 [2026-09-23T16:35:24.479533] at Function.api [as migration] (/home/vcap/app/node_modules/@sap/cds-compiler/lib/api/main.js:1185:22) (STDERR, APP/TASK/deploy-to-postgresql)#
#2026 09 23 16:35:48.848#Z#DEBUG#89a811f3-b76c-11f1-a9d4-eeee0a93f2f4.hpbuysell-otc-salesorder-postgres-deployer#flowable-async-job-executor-thread-22054#
[PollExecuteTaskStatusExecution] 9409158a-3ef5-419f-b18e-c3263bd4e0f3 [2026-09-23T16:35:24.479535] at Function.migration (/home/vcap/app/node_modules/@sap/cds-compiler/lib/main.js:157:41) (STDERR, APP/TASK/deploy-to-postgresql)#
#2026 09 23 16:35:48.848#Z#DEBUG#89a811f3-b76c-11f1-a9d4-eeee0a93f2f4.hpbuysell-otc-salesorder-postgres-deployer#flowable-async-job-executor-thread-22054#
[PollExecuteTaskStatusExecution] 9409158a-3ef5-419f-b18e-c3263bd4e0f3 [2026-09-23T16:35:24.479537] at Object.deltaSql (/home/vcap/app/node_modules/@sap/cds/lib/compile/cdsc.js:165:53) (STDERR, APP/TASK/deploy-to-postgresql)#
#2026 09 23 16:35:48.848#Z#DEBUG#89a811f3-b76c-11f1-a9d4-eeee0a93f2f4.hpbuysell-otc-salesorder-postgres-deployer#flowable-async-job-executor-thread-22054#
[PollExecuteTaskStatusExecution] 9409158a-3ef5-419f-b18e-c3263bd4e0f3 [2026-09-23T16:35:24.479540] at /home/vcap/app/node_modules/@sap/cds/lib/compile/to/sql.js:38:61 (STDERR, APP/TASK/deploy-to-postgresql)#
#2026 09 23 16:35:48.848#Z#DEBUG#89a811f3-b76c-11f1-a9d4-eeee0a93f2f4.hpbuysell-otc-salesorder-postgres-deployer#flowable-async-job-executor-thread-22054#
[PollExecuteTaskStatusExecution] 9409158a-3ef5-419f-b18e-c3263bd4e0f3 [2026-09-23T16:35:24.479542] at next (/home/vcap/app/node_modules/@sap/cds/lib/compile/to/sql.js:44:4) (STDERR, APP/TASK/deploy-to-postgresql)#
#2026 09 23 16:35:48.848#Z#DEBUG#89a811f3-b76c-11f1-a9d4-eeee0a93f2f4.hpbuysell-otc-salesorder-postgres-deployer#flowable-async-job-executor-thread-22054#
[PollExecuteTaskStatusExecution] 9409158a-3ef5-419f-b18e-c3263bd4e0f3 [2026-09-23T16:35:24.479545] at Function.cds_compile_to_deltaSql [as delta] (/home/vcap/app/node_modules/@sap/cds/lib/compile/to/sql.js:46:21) (STDERR, APP/TASK/deploy-to-postgresql)#
#2026 09 23 16:35:48.848#Z#DEBUG#89a811f3-b76c-11f1-a9d4-eeee0a93f2f4.hpbuysell-otc-salesorder-postgres-deployer#flowable-async-job-executor-thread-22054#
[PollExecuteTaskStatusExecution] 9409158a-3ef5-419f-b18e-c3263bd4e0f3 [2026-09-23T16:35:24.479546] at deploy.schema (/home/vcap/app/node_modules/@sap/cds/lib/dbs/cds-deploy.js:75:75) (STDERR, APP/TASK/deploy-to-postgresql)#
#2026 09 23 16:35:48.848#Z#DEBUG#89a811f3-b76c-11f1-a9d4-eeee0a93f2f4.hpbuysell-otc-salesorder-postgres-deployer#flowable-async-job-executor-thread-22054#
[PollExecuteTaskStatusExecution] 9409158a-3ef5-419f-b18e-c3263bd4e0f3 [2026-09-23T16:35:24.507673] npm notice (STDERR, APP/TASK/deploy-to-postgresql)#
#2026 09 23 16:35:48.848#Z#DEBUG#89a811f3-b76c-11f1-a9d4-eeee0a93f2f4.hpbuysell-otc-salesorder-postgres-deployer#flowable-async-job-executor-thread-22054#
[PollExecuteTaskStatusExecution] 9409158a-3ef5-419f-b18e-c3263bd4e0f3 [2026-09-23T16:35:24.507698] npm notice New major version of npm available! 10.9.8 -> 12.1.0 (STDERR, APP/TASK/deploy-to-postgresql)#
#2026 09 23 16:35:48.848#Z#DEBUG#89a811f3-b76c-11f1-a9d4-eeee0a93f2f4.hpbuysell-otc-salesorder-postgres-deployer#flowable-async-job-executor-thread-22054#
[PollExecuteTaskStatusExecution] 9409158a-3ef5-419f-b18e-c3263bd4e0f3 [2026-09-23T16:35:24.507706] npm notice Changelog: https://github.com/npm/cli/releases/tag/v12.1.0 (STDERR, APP/TASK/deploy-to-postgresql)#
#2026 09 23 16:35:48.848#Z#DEBUG#89a811f3-b76c-11f1-a9d4-eeee0a93f2f4.hpbuysell-otc-salesorder-postgres-deployer#flowable-async-job-executor-thread-22054#
[PollExecuteTaskStatusExecution] 9409158a-3ef5-419f-b18e-c3263bd4e0f3 [2026-09-23T16:35:24.507708] npm notice To update run: npm install -g npm@12.1.0 (STDERR, APP/TASK/deploy-to-postgresql)#
#2026 09 23 16:35:48.848#Z#DEBUG#89a811f3-b76c-11f1-a9d4-eeee0a93f2f4.hpbuysell-otc-salesorder-postgres-deployer#flowable-async-job-executor-thread-22054#
[PollExecuteTaskStatusExecution] 9409158a-3ef5-419f-b18e-c3263bd4e0f3 [2026-09-23T16:35:24.507709] npm notice (STDERR, APP/TASK/deploy-to-postgresql)#
#2026 09 23 16:35:48.848#Z#DEBUG#89a811f3-b76c-11f1-a9d4-eeee0a93f2f4.hpbuysell-otc-salesorder-postgres-deployer#flowable-async-job-executor-thread-22054#
[PollExecuteTaskStatusExecution] 9409158a-3ef5-419f-b18e-c3263bd4e0f3 [2026-09-23T16:35:24.562666] Exit status 1 (STDOUT, APP/TASK/deploy-to-postgresql)#
#2026 09 23 16:35:48.848#Z#DEBUG#89a811f3-b76c-11f1-a9d4-eeee0a93f2f4.hpbuysell-otc-salesorder-postgres-deployer#flowable-async-job-executor-thread-22054#
[PollExecuteTaskStatusExecution] 9409158a-3ef5-419f-b18e-c3263bd4e0f3 [2026-09-23T16:35:25.355669] Cell d6f6c137-ae8a-48d5-9574-17d171a99dc7 stopping instance 7117c9c4-7e6d-4717-8674-f2fbe6ad5125 (STDOUT, CELL)#
#2026 09 23 16:35:48.848#Z#DEBUG#89a811f3-b76c-11f1-a9d4-eeee0a93f2f4.hpbuysell-otc-salesorder-postgres-deployer#flowable-async-job-executor-thread-22054#
[PollExecuteTaskStatusExecution] 9409158a-3ef5-419f-b18e-c3263bd4e0f3 [2026-09-23T16:35:25.355749] Cell d6f6c137-ae8a-48d5-9574-17d171a99dc7 destroying container for instance 7117c9c4-7e6d-4717-8674-f2fbe6ad5125 (STDOUT, CELL)#
#2026 09 23 16:35:48.848#Z#DEBUG#89a811f3-b76c-11f1-a9d4-eeee0a93f2f4.hpbuysell-otc-salesorder-postgres-deployer#flowable-async-job-executor-thread-22054#
[PollExecuteTaskStatusExecution] 9409158a-3ef5-419f-b18e-c3263bd4e0f3 [2026-09-23T16:35:26.563261] Cell d6f6c137-ae8a-48d5-9574-17d171a99dc7 successfully destroyed container for instance 7117c9c4-7e6d-4717-8674-f2fbe6ad5125 (STDOUT, CELL)#
#2026 09 23 16:35:48.848#Z#DEBUG#89a811f3-b76c-11f1-a9d4-eeee0a93f2f4.hpbuysell-otc-salesorder-postgres-deployer#flowable-async-job-executor-thread-22054#
[PollExecuteTaskStatusExecution] 9409158a-3ef5-419f-b18e-c3263bd4e0f3 [2026-09-23T16:35:32.297242] Cell a2a00f1d-079f-4e20-bb58-abe9cdcb03c8 creating container for instance 075cb87f-c737-451e-95f6-3adef90e6793 (STDOUT, CELL)#
#2026 09 23 16:35:48.848#Z#DEBUG#89a811f3-b76c-11f1-a9d4-eeee0a93f2f4.hpbuysell-otc-salesorder-postgres-deployer#flowable-async-job-executor-thread-22054#
[PollExecuteTaskStatusExecution] 9409158a-3ef5-419f-b18e-c3263bd4e0f3 [2026-09-23T16:35:32.637287] Security group rules were updated (STDOUT, CELL)#
#2026 09 23 16:35:48.848#Z#DEBUG#89a811f3-b76c-11f1-a9d4-eeee0a93f2f4.hpbuysell-otc-salesorder-postgres-deployer#flowable-async-job-executor-thread-22054#
[PollExecuteTaskStatusExecution] 9409158a-3ef5-419f-b18e-c3263bd4e0f3 [2026-09-23T16:35:32.661630] Cell a2a00f1d-079f-4e20-bb58-abe9cdcb03c8 successfully created container for instance 075cb87f-c737-451e-95f6-3adef90e6793 (STDOUT, CELL)#
#2026 09 23 16:35:48.848#Z#DEBUG#89a811f3-b76c-11f1-a9d4-eeee0a93f2f4.hpbuysell-otc-salesorder-postgres-deployer#flowable-async-job-executor-thread-22054#
[PollExecuteTaskStatusExecution] 9409158a-3ef5-419f-b18e-c3263bd4e0f3 [2026-09-23T16:35:36.368605] Invoking pre-start scripts. (STDOUT, APP/TASK/deploy-to-postgresql)#
#2026 09 23 16:35:48.848#Z#DEBUG#89a811f3-b76c-11f1-a9d4-eeee0a93f2f4.hpbuysell-otc-salesorder-postgres-deployer#flowable-async-job-executor-thread-22054#
[PollExecuteTaskStatusExecution] 9409158a-3ef5-419f-b18e-c3263bd4e0f3 [2026-09-23T16:35:36.528982] Invoking start command. (STDOUT, APP/TASK/deploy-to-postgresql)#
#2026 09 23 16:35:48.848#Z#DEBUG#89a811f3-b76c-11f1-a9d4-eeee0a93f2f4.hpbuysell-otc-salesorder-postgres-deployer#flowable-async-job-executor-thread-22054#
[PollExecuteTaskStatusExecution] 9409158a-3ef5-419f-b18e-c3263bd4e0f3 [2026-09-23T16:35:36.854122] > start (STDOUT, APP/TASK/deploy-to-postgresql)#
#2026 09 23 16:35:48.848#Z#DEBUG#89a811f3-b76c-11f1-a9d4-eeee0a93f2f4.hpbuysell-otc-salesorder-postgres-deployer#flowable-async-job-executor-thread-22054#
[PollExecuteTaskStatusExecution] 9409158a-3ef5-419f-b18e-c3263bd4e0f3 [2026-09-23T16:35:36.854153] > cds-deploy (STDOUT, APP/TASK/deploy-to-postgresql)#
#2026 09 23 16:35:48.848#Z#DEBUG#89a811f3-b76c-11f1-a9d4-eeee0a93f2f4.hpbuysell-otc-salesorder-postgres-deployer#flowable-async-job-executor-thread-22054#
[PollExecuteTaskStatusExecution] 9409158a-3ef5-419f-b18e-c3263bd4e0f3 [2026-09-23T16:35:36.911083] Deploying with options: { (STDOUT, APP/TASK/deploy-to-postgresql)#
#2026 09 23 16:35:48.848#Z#DEBUG#89a811f3-b76c-11f1-a9d4-eeee0a93f2f4.hpbuysell-otc-salesorder-postgres-deployer#flowable-async-job-executor-thread-22054#
[PollExecuteTaskStatusExecution] 9409158a-3ef5-419f-b18e-c3263bd4e0f3 [2026-09-23T16:35:36.911115] impl: '@cap-js/postgres', (STDOUT, APP/TASK/deploy-to-postgresql)#
#2026 09 23 16:35:48.848#Z#DEBUG#89a811f3-b76c-11f1-a9d4-eeee0a93f2f4.hpbuysell-otc-salesorder-postgres-deployer#flowable-async-job-executor-thread-22054#
[PollExecuteTaskStatusExecution] 9409158a-3ef5-419f-b18e-c3263bd4e0f3 [2026-09-23T16:35:36.911121] kind: 'postgres', (STDOUT, APP/TASK/deploy-to-postgresql)#
#2026 09 23 16:35:48.848#Z#DEBUG#89a811f3-b76c-11f1-a9d4-eeee0a93f2f4.hpbuysell-otc-salesorder-postgres-deployer#flowable-async-job-executor-thread-22054#
[PollExecuteTaskStatusExecution] 9409158a-3ef5-419f-b18e-c3263bd4e0f3 [2026-09-23T16:35:36.911130] dialect: 'postgres', (STDOUT, APP/TASK/deploy-to-postgresql)#
#2026 09 23 16:35:48.848#Z#DEBUG#89a811f3-b76c-11f1-a9d4-eeee0a93f2f4.hpbuysell-otc-salesorder-postgres-deployer#flowable-async-job-executor-thread-22054#
[PollExecuteTaskStatusExecution] 9409158a-3ef5-419f-b18e-c3263bd4e0f3 [2026-09-23T16:35:36.911135] vcap: { label: 'postgresql-db' }, (STDOUT, APP/TASK/deploy-to-postgresql)#
#2026 09 23 16:35:48.848#Z#DEBUG#89a811f3-b76c-11f1-a9d4-eeee0a93f2f4.hpbuysell-otc-salesorder-postgres-deployer#flowable-async-job-executor-thread-22054#
[PollExecuteTaskStatusExecution] 9409158a-3ef5-419f-b18e-c3263bd4e0f3 [2026-09-23T16:35:36.911140] pool: { (STDOUT, APP/TASK/deploy-to-postgresql)#
#2026 09 23 16:35:48.848#Z#DEBUG#89a811f3-b76c-11f1-a9d4-eeee0a93f2f4.hpbuysell-otc-salesorder-postgres-deployer#flowable-async-job-executor-thread-22054#
[PollExecuteTaskStatusExecution] 9409158a-3ef5-419f-b18e-c3263bd4e0f3 [2026-09-23T16:35:36.911143] min: 0, (STDOUT, APP/TASK/deploy-to-postgresql)#
#2026 09 23 16:35:48.848#Z#DEBUG#89a811f3-b76c-11f1-a9d4-eeee0a93f2f4.hpbuysell-otc-salesorder-postgres-deployer#flowable-async-job-executor-thread-22054#
[PollExecuteTaskStatusExecution] 9409158a-3ef5-419f-b18e-c3263bd4e0f3 [2026-09-23T16:35:36.911147] max: 10, (STDOUT, APP/TASK/deploy-to-postgresql)#
#2026 09 23 16:35:48.848#Z#DEBUG#89a811f3-b76c-11f1-a9d4-eeee0a93f2f4.hpbuysell-otc-salesorder-postgres-deployer#flowable-async-job-executor-thread-22054#
[PollExecuteTaskStatusExecution] 9409158a-3ef5-419f-b18e-c3263bd4e0f3 [2026-09-23T16:35:36.911151] testOnBorrow: true, (STDOUT, APP/TASK/deploy-to-postgresql)#
#2026 09 23 16:35:48.848#Z#DEBUG#89a811f3-b76c-11f1-a9d4-eeee0a93f2f4.hpbuysell-otc-salesorder-postgres-deployer#flowable-async-job-executor-thread-22054#
[PollExecuteTaskStatusExecution] 9409158a-3ef5-419f-b18e-c3263bd4e0f3 [2026-09-23T16:35:36.911158] acquireTimeoutMillis: 1000, (STDOUT, APP/TASK/deploy-to-postgresql)#
#2026 09 23 16:35:48.848#Z#DEBUG#89a811f3-b76c-11f1-a9d4-eeee0a93f2f4.hpbuysell-otc-salesorder-postgres-deployer#flowable-async-job-executor-thread-22054#
[PollExecuteTaskStatusExecution] 9409158a-3ef5-419f-b18e-c3263bd4e0f3 [2026-09-23T16:35:36.911161] destroyTimeoutMillis: 1000 (STDOUT, APP/TASK/deploy-to-postgresql)#
#2026 09 23 16:35:48.848#Z#DEBUG#89a811f3-b76c-11f1-a9d4-eeee0a93f2f4.hpbuysell-otc-salesorder-postgres-deployer#flowable-async-job-executor-thread-22054#
[PollExecuteTaskStatusExecution] 9409158a-3ef5-419f-b18e-c3263bd4e0f3 [2026-09-23T16:35:36.911165] }, (STDOUT, APP/TASK/deploy-to-postgresql)#
#2026 09 23 16:35:48.848#Z#DEBUG#89a811f3-b76c-11f1-a9d4-eeee0a93f2f4.hpbuysell-otc-salesorder-postgres-deployer#flowable-async-job-executor-thread-22054#
[PollExecuteTaskStatusExecution] 9409158a-3ef5-419f-b18e-c3263bd4e0f3 [2026-09-23T16:35:36.911169] schema_evolution: 'auto', (STDOUT, APP/TASK/deploy-to-postgresql)#
#2026 09 23 16:35:48.848#Z#DEBUG#89a811f3-b76c-11f1-a9d4-eeee0a93f2f4.hpbuysell-otc-salesorder-postgres-deployer#flowable-async-job-executor-thread-22054#
[PollExecuteTaskStatusExecution] 9409158a-3ef5-419f-b18e-c3263bd4e0f3 [2026-09-23T16:35:36.911172] credentials: { (STDOUT, APP/TASK/deploy-to-postgresql)#
#2026 09 23 16:35:48.848#Z#DEBUG#89a811f3-b76c-11f1-a9d4-eeee0a93f2f4.hpbuysell-otc-salesorder-postgres-deployer#flowable-async-job-executor-thread-22054#
[PollExecuteTaskStatusExecution] 9409158a-3ef5-419f-b18e-c3263bd4e0f3 [2026-09-23T16:35:36.911175] database: 'db.sqlite', (STDOUT, APP/TASK/deploy-to-postgresql)#
#2026 09 23 16:35:48.848#Z#DEBUG#89a811f3-b76c-11f1-a9d4-eeee0a93f2f4.hpbuysell-otc-salesorder-postgres-deployer#flowable-async-job-executor-thread-22054#
[PollExecuteTaskStatusExecution] 9409158a-3ef5-419f-b18e-c3263bd4e0f3 [2026-09-23T16:35:36.911179] schema: 'hpbuysell_otc_salesorder', (STDOUT, APP/TASK/deploy-to-postgresql)#
#2026 09 23 16:35:48.848#Z#DEBUG#89a811f3-b76c-11f1-a9d4-eeee0a93f2f4.hpbuysell-otc-salesorder-postgres-deployer#flowable-async-job-executor-thread-22054#
[PollExecuteTaskStatusExecution] 9409158a-3ef5-419f-b18e-c3263bd4e0f3 [2026-09-23T16:35:36.911184] hostname: 'postgres-63a33c28-9d9e-4453-821a-000f0ee4a75c.c24srvdukvjo.us-east-1.rds.amazonaws.com', (STDOUT, APP/TASK/deploy-to-postgresql)#
#2026 09 23 16:35:48.848#Z#DEBUG#89a811f3-b76c-11f1-a9d4-eeee0a93f2f4.hpbuysell-otc-salesorder-postgres-deployer#flowable-async-job-executor-thread-22054#
[PollExecuteTaskStatusExecution] 9409158a-3ef5-419f-b18e-c3263bd4e0f3 [2026-09-23T16:35:36.911187] port: '7565', (STDOUT, APP/TASK/deploy-to-postgresql)#
#2026 09 23 16:35:48.848#Z#DEBUG#89a811f3-b76c-11f1-a9d4-eeee0a93f2f4.hpbuysell-otc-salesorder-postgres-deployer#flowable-async-job-executor-thread-22054#
[PollExecuteTaskStatusExecution] 9409158a-3ef5-419f-b18e-c3263bd4e0f3 [2026-09-23T16:35:36.911190] username: 'e4d51886f3dc', (STDOUT, APP/TASK/deploy-to-postgresql)#
#2026 09 23 16:35:48.848#Z#DEBUG#89a811f3-b76c-11f1-a9d4-eeee0a93f2f4.hpbuysell-otc-salesorder-postgres-deployer#flowable-async-job-executor-thread-22054#
[PollExecuteTaskStatusExecution] 9409158a-3ef5-419f-b18e-c3263bd4e0f3 [2026-09-23T16:35:36.911193] password: 'daacb78fca6ef102b1397708', (STDOUT, APP/TASK/deploy-to-postgresql)#
#2026 09 23 16:35:48.848#Z#DEBUG#89a811f3-b76c-11f1-a9d4-eeee0a93f2f4.hpbuysell-otc-salesorder-postgres-deployer#flowable-async-job-executor-thread-22054#
[PollExecuteTaskStatusExecution] 9409158a-3ef5-419f-b18e-c3263bd4e0f3 [2026-09-23T16:35:36.911197] dbname: 'BQiFxAUMVHcr', (STDOUT, APP/TASK/deploy-to-postgresql)#
#2026 09 23 16:35:48.848#Z#DEBUG#89a811f3-b76c-11f1-a9d4-eeee0a93f2f4.hpbuysell-otc-salesorder-postgres-deployer#flowable-async-job-executor-thread-22054#
[PollExecuteTaskStatusExecution] 9409158a-3ef5-419f-b18e-c3263bd4e0f3 [2026-09-23T16:35:36.911201] sslcert: '-----BEGIN CERTIFICATE-----\n' + (STDOUT, APP/TASK/deploy-to-postgresql)#
#2026 09 23 16:35:48.848#Z#DEBUG#89a811f3-b76c-11f1-a9d4-eeee0a93f2f4.hpbuysell-otc-salesorder-postgres-deployer#flowable-async-job-executor-thread-22054#
[PollExecuteTaskStatusExecution] 9409158a-3ef5-419f-b18e-c3263bd4e0f3 [2026-09-23T16:35:36.911205] 'MIID/zCCAuegAwIBAgIRAPVSMfFitmM5PhmbaOFoGfUwDQYJKoZIhvcNAQELBQAw\n' + (STDOUT, APP/TASK/deploy-to-postgresql)#
#2026 09 23 16:35:48.848#Z#DEBUG#89a811f3-b76c-11f1-a9d4-eeee0a93f2f4.hpbuysell-otc-salesorder-postgres-deployer#flowable-async-job-executor-thread-22054#
[PollExecuteTaskStatusExecution] 9409158a-3ef5-419f-b18e-c3263bd4e0f3 [2026-09-23T16:35:36.911208] 'gZcxCzAJBgNVBAYTAlVTMSIwIAYDVQQKDBlBbWF6b24gV2ViIFNlcnZpY2VzLCBJ\n' + (STDOUT, APP/TASK/deploy-to-postgresql)#
#2026 09 23 16:35:48.848#Z#DEBUG#89a811f3-b76c-11f1-a9d4-eeee0a93f2f4.hpbuysell-otc-salesorder-postgres-deployer#flowable-async-job-executor-thread-22054#
[PollExecuteTaskStatusExecution] 9409158a-3ef5-419f-b18e-c3263bd4e0f3 [2026-09-23T16:35:36.911211] 'bmMuMRMwEQYDVQQLDApBbWF6b24gUkRTMQswCQYDVQQIDAJXQTEwMC4GA1UEAwwn\n' + (STDOUT, APP/TASK/deploy-to-postgresql)#
#2026 09 23 16:35:48.848#Z#DEBUG#89a811f3-b76c-11f1-a9d4-eeee0a93f2f4.hpbuysell-otc-salesorder-postgres-deployer#flowable-async-job-executor-thread-22054#
[PollExecuteTaskStatusExecution] 9409158a-3ef5-419f-b18e-c3263bd4e0f3 [2026-09-23T16:35:36.911214] 'QW1hem9uIFJEUyB1cy1lYXN0LTEgUm9vdCBDQSBSU0EyMDQ4IEcxMRAwDgYDVQQH\n' + (STDOUT, APP/TASK/deploy-to-postgresql)#
#2026 09 23 16:35:48.848#Z#DEBUG#89a811f3-b76c-11f1-a9d4-eeee0a93f2f4.hpbuysell-otc-salesorder-postgres-deployer#flowable-async-job-executor-thread-22054#
[PollExecuteTaskStatusExecution] 9409158a-3ef5-419f-b18e-c3263bd4e0f3 [2026-09-23T16:35:36.911220] 'DAdTZWF0dGxlMCAXDTIxMDUyNTIyMzQ1N1oYDzIwNjEwNTI1MjMzNDU3WjCBlzEL\n' + (STDOUT, APP/TASK/deploy-to-postgresql)#
#2026 09 23 16:35:48.848#Z#DEBUG#89a811f3-b76c-11f1-a9d4-eeee0a93f2f4.hpbuysell-otc-salesorder-postgres-deployer#flowable-async-job-executor-thread-22054#
[PollExecuteTaskStatusExecution] 9409158a-3ef5-419f-b18e-c3263bd4e0f3 [2026-09-23T16:35:36.911224] 'MAkGA1UEBhMCVVMxIjAgBgNVBAoMGUFtYXpvbiBXZWIgU2VydmljZXMsIEluYy4x\n' + (STDOUT, APP/TASK/deploy-to-postgresql)#
#2026 09 23 16:35:48.848#Z#DEBUG#89a811f3-b76c-11f1-a9d4-eeee0a93f2f4.hpbuysell-otc-salesorder-postgres-deployer#flowable-async-job-executor-thread-22054#
[PollExecuteTaskStatusExecution] 9409158a-3ef5-419f-b18e-c3263bd4e0f3 [2026-09-23T16:35:36.911228] 'EzARBgNVBAsMCkFtYXpvbiBSRFMxCzAJBgNVBAgMAldBMTAwLgYDVQQDDCdBbWF6\n' + (STDOUT, APP/TASK/deploy-to-postgresql)#
#2026 09 23 16:35:48.848#Z#DEBUG#89a811f3-b76c-11f1-a9d4-eeee0a93f2f4.hpbuysell-otc-salesorder-postgres-deployer#flowable-async-job-executor-thread-22054#
[PollExecuteTaskStatusExecution] 9409158a-3ef5-419f-b18e-c3263bd4e0f3 [2026-09-23T16:35:36.911233] 'b24gUkRTIHVzLWVhc3QtMSBSb290IENBIFJTQTIwNDggRzExEDAOBgNVBAcMB1Nl\n' + (STDOUT, APP/TASK/deploy-to-postgresql)#
#2026 09 23 16:35:48.848#Z#DEBUG#89a811f3-b76c-11f1-a9d4-eeee0a93f2f4.hpbuysell-otc-salesorder-postgres-deployer#flowable-async-job-executor-thread-22054#
[PollExecuteTaskStatusExecution] 9409158a-3ef5-419f-b18e-c3263bd4e0f3 [2026-09-23T16:35:36.911273] 'YXR0bGUwggEiMA0GCSqGSIb3DQEBAQUAA4IBDwAwggEKAoIBAQDu9H7TBeGoDzMr\n' + (STDOUT, APP/TASK/deploy-to-postgresql)#
#2026 09 23 16:35:48.848#Z#DEBUG#89a811f3-b76c-11f1-a9d4-eeee0a93f2f4.hpbuysell-otc-salesorder-postgres-deployer#flowable-async-job-executor-thread-22054#
[PollExecuteTaskStatusExecution] 9409158a-3ef5-419f-b18e-c3263bd4e0f3 [2026-09-23T16:35:36.911277] 'dxN6H8COntJX4IR6dbyhnj5qMD4xl/IWvp50lt0VpmMd+z2PNZzx8RazeGC5IniV\n' + (STDOUT, APP/TASK/deploy-to-postgresql)#
#2026 09 23 16:35:48.848#Z#DEBUG#89a811f3-b76c-11f1-a9d4-eeee0a93f2f4.hpbuysell-otc-salesorder-postgres-deployer#flowable-async-job-executor-thread-22054#
[PollExecuteTaskStatusExecution] 9409158a-3ef5-419f-b18e-c3263bd4e0f3 [2026-09-23T16:35:36.911281] '5nrLg0AKWRQ2A/lGGXbUrGXCSe09brMQCxWBSIYe1WZZ1iU1IJ/6Bp4D2YEHpXrW\n' + (STDOUT, APP/TASK/deploy-to-postgresql)#
#2026 09 23 16:35:48.848#Z#DEBUG#89a811f3-b76c-11f1-a9d4-eeee0a93f2f4.hpbuysell-otc-salesorder-postgres-deployer#flowable-async-job-executor-thread-22054#
[PollExecuteTaskStatusExecution] 9409158a-3ef5-419f-b18e-c3263bd4e0f3 [2026-09-23T16:35:36.911285] 'bPkOq5x3YPcsoitgm1Xh8ygz6vb7PsvJvPbvRMnkDg5IqEThapPjmKb8ZJWyEFEE\n' + (STDOUT, APP/TASK/deploy-to-postgresql)#
#2026 09 23 16:35:48.848#Z#DEBUG#89a811f3-b76c-11f1-a9d4-eeee0a93f2f4.hpbuysell-otc-salesorder-postgres-deployer#flowable-async-job-executor-thread-22054#
[PollExecuteTaskStatusExecution] 9409158a-3ef5-419f-b18e-c3263bd4e0f3 [2026-09-23T16:35:36.911288] 'QRrkCIRueB1EqQtJw0fvP4PKDlCJAKBEs/y049FoOqYpT3pRy0WKqPhWve+hScMd\n' + (STDOUT, APP/TASK/deploy-to-postgresql)#
#2026 09 23 16:35:48.848#Z#DEBUG#89a811f3-b76c-11f1-a9d4-eeee0a93f2f4.hpbuysell-otc-salesorder-postgres-deployer#flowable-async-job-executor-thread-22054#
[PollExecuteTaskStatusExecution] 9409158a-3ef5-419f-b18e-c3263bd4e0f3 [2026-09-23T16:35:36.911291] '6obq8kxTFy1IHACjHc51nrGII5Bt76/MpTWhnJIJrCnq1/Uc3Qs8IVeb+sLaFC8K\n' + (STDOUT, APP/TASK/deploy-to-postgresql)#
#2026 09 23 16:35:48.848#Z#DEBUG#89a811f3-b76c-11f1-a9d4-eeee0a93f2f4.hpbuysell-otc-salesorder-postgres-deployer#flowable-async-job-executor-thread-22054#
[PollExecuteTaskStatusExecution] 9409158a-3ef5-419f-b18e-c3263bd4e0f3 [2026-09-23T16:35:36.911294] 'DI69Sw6bAgMBAAGjQjBAMA8GA1UdEwEB/wQFMAMBAf8wHQYDVR0OBBYEFE7PCopt\n' + (STDOUT, APP/TASK/deploy-to-postgresql)#
#2026 09 23 16:35:48.848#Z#DEBUG#89a811f3-b76c-11f1-a9d4-eeee0a93f2f4.hpbuysell-otc-salesorder-postgres-deployer#flowable-async-job-executor-thread-22054#
[PollExecuteTaskStatusExecution] 9409158a-3ef5-419f-b18e-c3263bd4e0f3 [2026-09-23T16:35:36.911297] 'lyOgtXX0Y1lObBUxuKaCMA4GA1UdDwEB/wQEAwIBhjANBgkqhkiG9w0BAQsFAAOC\n' + (STDOUT, APP/TASK/deploy-to-postgresql)#
#2026 09 23 16:35:48.848#Z#DEBUG#89a811f3-b76c-11f1-a9d4-eeee0a93f2f4.hpbuysell-otc-salesorder-postgres-deployer#flowable-async-job-executor-thread-22054#
[PollExecuteTaskStatusExecution] 9409158a-3ef5-419f-b18e-c3263bd4e0f3 [2026-09-23T16:35:36.911304] 'AQEAFj+bX8gLmMNefr5jRJfHjrL3iuZCjf7YEZgn89pS4z8408mjj9z6Q5D1H7yS\n' + (STDOUT, APP/TASK/deploy-to-postgresql)#
#2026 09 23 16:35:48.848#Z#DEBUG#89a811f3-b76c-11f1-a9d4-eeee0a93f2f4.hpbuysell-otc-salesorder-postgres-deployer#flowable-async-job-executor-thread-22054#
[PollExecuteTaskStatusExecution] 9409158a-3ef5-419f-b18e-c3263bd4e0f3 [2026-09-23T16:35:36.911307] 'jNETVV8QaJip1qyhh5gRzRaArgGAYvi2/r0zPsy+Tgf7v1KGL5Lh8NT8iCEGGXwF\n' + (STDOUT, APP/TASK/deploy-to-postgresql)#
#2026 09 23 16:35:48.848#Z#DEBUG#89a811f3-b76c-11f1-a9d4-eeee0a93f2f4.hpbuysell-otc-salesorder-postgres-deployer#flowable-async-job-executor-thread-22054#
[PollExecuteTaskStatusExecution] 9409158a-3ef5-419f-b18e-c3263bd4e0f3 [2026-09-23T16:35:36.911311] 'g3Ir+Nl3e+9XUp0eyyzBIjHtjLBm6yy8rGk9p6OtFDQnKF5OxwbAgip42CD75r/q\n' + (STDOUT, APP/TASK/deploy-to-postgresql)#
#2026 09 23 16:35:48.848#Z#DEBUG#89a811f3-b76c-11f1-a9d4-eeee0a93f2f4.hpbuysell-otc-salesorder-postgres-deployer#flowable-async-job-executor-thread-22054#
[PollExecuteTaskStatusExecution] 9409158a-3ef5-419f-b18e-c3263bd4e0f3 [2026-09-23T16:35:36.911314] 'p421maEDDvvRFR4D+99JZxgAYDBGqRRceUoe16qDzbMvlz0A9paCZFclxeftAxv6\n' + (STDOUT, APP/TASK/deploy-to-postgresql)#
#2026 09 23 16:35:48.848#Z#DEBUG#89a811f3-b76c-11f1-a9d4-eeee0a93f2f4.hpbuysell-otc-salesorder-postgres-deployer#flowable-async-job-executor-thread-22054#
[PollExecuteTaskStatusExecution] 9409158a-3ef5-419f-b18e-c3263bd4e0f3 [2026-09-23T16:35:36.911317] 'QlR5rItMz/XdzpBJUpYhdzM0gCzAzdQuVO5tjJxmXhkSMcDP+8Q+Uv6FA9k2VpUV\n' + (STDOUT, APP/TASK/deploy-to-postgresql)#
#2026 09 23 16:35:48.848#Z#DEBUG#89a811f3-b76c-11f1-a9d4-eeee0a93f2f4.hpbuysell-otc-salesorder-postgres-deployer#flowable-async-job-executor-thread-22054#
[PollExecuteTaskStatusExecution] 9409158a-3ef5-419f-b18e-c3263bd4e0f3 [2026-09-23T16:35:36.911322] 'E/O5jgpqUJJ2Hc/5rs9VkAPXeA==\n' + (STDOUT, APP/TASK/deploy-to-postgresql)#
#2026 09 23 16:35:48.848#Z#DEBUG#89a811f3-b76c-11f1-a9d4-eeee0a93f2f4.hpbuysell-otc-salesorder-postgres-deployer#flowable-async-job-executor-thread-22054#
[PollExecuteTaskStatusExecution] 9409158a-3ef5-419f-b18e-c3263bd4e0f3 [2026-09-23T16:35:36.911325] '-----END CERTIFICATE-----\n' + (STDOUT, APP/TASK/deploy-to-postgresql)#
#2026 09 23 16:35:48.848#Z#DEBUG#89a811f3-b76c-11f1-a9d4-eeee0a93f2f4.hpbuysell-otc-salesorder-postgres-deployer#flowable-async-job-executor-thread-22054#
[PollExecuteTaskStatusExecution] 9409158a-3ef5-419f-b18e-c3263bd4e0f3 [2026-09-23T16:35:36.911331] '-----BEGIN CERTIFICATE-----\n' + (STDOUT, APP/TASK/deploy-to-postgresql)#
#2026 09 23 16:35:48.848#Z#DEBUG#89a811f3-b76c-11f1-a9d4-eeee0a93f2f4.hpbuysell-otc-salesorder-postgres-deployer#flowable-async-job-executor-thread-22054#
[PollExecuteTaskStatusExecution] 9409158a-3ef5-419f-b18e-c3263bd4e0f3 [2026-09-23T16:35:36.911335] 'MIIF/jCCA+agAwIBAgIQaRHaEqqacXN20e8zZJtmDDANBgkqhkiG9w0BAQwFADCB\n' + (STDOUT, APP/TASK/deploy-to-postgresql)#
#2026 09 23 16:35:48.848#Z#DEBUG#89a811f3-b76c-11f1-a9d4-eeee0a93f2f4.hpbuysell-otc-salesorder-postgres-deployer#flowable-async-job-executor-thread-22054#
[PollExecuteTaskStatusExecution] 9409158a-3ef5-419f-b18e-c3263bd4e0f3 [2026-09-23T16:35:36.911338] 'lzELMAkGA1UEBhMCVVMxIjAgBgNVBAoMGUFtYXpvbiBXZWIgU2VydmljZXMsIElu\n' + (STDOUT, APP/TASK/deploy-to-postgresql)#
#2026 09 23 16:35:48.848#Z#DEBUG#89a811f3-b76c-11f1-a9d4-eeee0a93f2f4.hpbuysell-otc-salesorder-postgres-deployer#flowable-async-job-executor-thread-22054#
[PollExecuteTaskStatusExecution] 9409158a-3ef5-419f-b18e-c3263bd4e0f3 [2026-09-23T16:35:36.911341] 'Yy4xEzARBgNVBAsMCkFtYXpvbiBSRFMxCzAJBgNVBAgMAldBMTAwLgYDVQQDDCdB\n' + (STDOUT, APP/TASK/deploy-to-postgresql)#
#2026 09 23 16:35:48.848#Z#DEBUG#89a811f3-b76c-11f1-a9d4-eeee0a93f2f4.hpbuysell-otc-salesorder-postgres-deployer#flowable-async-job-executor-thread-22054#
[PollExecuteTaskStatusExecution] 9409158a-3ef5-419f-b18e-c3263bd4e0f3 [2026-09-23T16:35:36.911344] 'bWF6b24gUkRTIHVzLWVhc3QtMSBSb290IENBIFJTQTQwOTYgRzExEDAOBgNVBAcM\n' + (STDOUT, APP/TASK/deploy-to-postgresql)#
#2026 09 23 16:35:48.848#Z#DEBUG#89a811f3-b76c-11f1-a9d4-eeee0a93f2f4.hpbuysell-otc-salesorder-postgres-deployer#flowable-async-job-executor-thread-22054#
[PollExecuteTaskStatusExecution] 9409158a-3ef5-419f-b18e-c3263bd4e0f3 [2026-09-23T16:35:36.911347] 'B1NlYXR0bGUwIBcNMjEwNTI1MjIzODM1WhgPMjEyMTA1MjUyMzM4MzVaMIGXMQsw\n' + (STDOUT, APP/TASK/deploy-to-postgresql)#
#2026 09 23 16:35:48.848#Z#DEBUG#89a811f3-b76c-11f1-a9d4-eeee0a93f2f4.hpbuysell-otc-salesorder-postgres-deployer#flowable-async-job-executor-thread-22054#
[PollExecuteTaskStatusExecution] 9409158a-3ef5-419f-b18e-c3263bd4e0f3 [2026-09-23T16:35:36.911355] 'CQYDVQQGEwJVUzEiMCAGA1UECgwZQW1hem9uIFdlYiBTZXJ2aWNlcywgSW5jLjET\n' + (STDOUT, APP/TASK/deploy-to-postgresql)#
#2026 09 23 16:35:48.848#Z#DEBUG#89a811f3-b76c-11f1-a9d4-eeee0a93f2f4.hpbuysell-otc-salesorder-postgres-deployer#flowable-async-job-executor-thread-22054#
[PollExecuteTaskStatusExecution] 9409158a-3ef5-419f-b18e-c3263bd4e0f3 [2026-09-23T16:35:36.911358] 'MBEGA1UECwwKQW1hem9uIFJEUzELMAkGA1UECAwCV0ExMDAuBgNVBAMMJ0FtYXpv\n' + (STDOUT, APP/TASK/deploy-to-postgresql)#
#2026 09 23 16:35:48.848#Z#DEBUG#89a811f3-b76c-11f1-a9d4-eeee0a93f2f4.hpbuysell-otc-salesorder-postgres-deployer#flowable-async-job-executor-thread-22054#
[PollExecuteTaskStatusExecution] 9409158a-3ef5-419f-b18e-c3263bd4e0f3 [2026-09-23T16:35:36.911362] 'biBSRFMgdXMtZWFzdC0xIFJvb3QgQ0EgUlNBNDA5NiBHMTEQMA4GA1UEBwwHU2Vh\n' + (STDOUT, APP/TASK/deploy-to-postgresql)#
#2026 09 23 16:35:48.848#Z#DEBUG#89a811f3-b76c-11f1-a9d4-eeee0a93f2f4.hpbuysell-otc-salesorder-postgres-deployer#flowable-async-job-executor-thread-22054#
[PollExecuteTaskStatusExecution] 9409158a-3ef5-419f-b18e-c3263bd4e0f3 [2026-09-23T16:35:36.911365] 'dHRsZTCCAiIwDQYJKoZIhvcNAQEBBQADggIPADCCAgoCggIBAInfBCaHuvj6Rb5c\n' + (STDOUT, APP/TASK/deploy-to-postgresql)#
#2026 09 23 16:35:48.848#Z#DEBUG#89a811f3-b76c-11f1-a9d4-eeee0a93f2f4.hpbuysell-otc-salesorder-postgres-deployer#flowable-async-job-executor-thread-22054#
[PollExecuteTaskStatusExecution] 9409158a-3ef5-419f-b18e-c3263bd4e0f3 [2026-09-23T16:35:36.911370] 'L5Wmn1jv2PHtEGMHm+7Z8dYosdwouG8VG2A+BCYCZfij9lIGszrTXkY4O7vnXgru\n' + (STDOUT, APP/TASK/deploy-to-postgresql)#
#2026 09 23 16:35:48.848#Z#DEBUG#89a811f3-b76c-11f1-a9d4-eeee0a93f2f4.hpbuysell-otc-salesorder-postgres-deployer#flowable-async-job-executor-thread-22054#
[PollExecuteTaskStatusExecution] 9409158a-3ef5-419f-b18e-c3263bd4e0f3 [2026-09-23T16:35:36.911375] 'JUNdxh0Q3M83p4X+bg+gODUs3jf+Z3Oeq7nTOk/2UYvQLcxP4FEXILxDInbQFcIx\n' + (STDOUT, APP/TASK/deploy-to-postgresql)#
#2026 09 23 16:35:48.848#Z#DEBUG#89a811f3-b76c-11f1-a9d4-eeee0a93f2f4.hpbuysell-otc-salesorder-postgres-deployer#flowable-async-job-executor-thread-22054#
[PollExecuteTaskStatusExecution] 9409158a-3ef5-419f-b18e-c3263bd4e0f3 [2026-09-23T16:35:36.911379] 'yen1ESHggGrjEodgn6nbKQNRfIhjhW+TKYaewfsVWH7EF2pfj+cjbJ6njjgZ0/M9\n' + (STDOUT, APP/TASK/deploy-to-postgresql)#
#2026 09 23 16:35:48.848#Z#DEBUG#89a811f3-b76c-11f1-a9d4-eeee0a93f2f4.hpbuysell-otc-salesorder-postgres-deployer#flowable-async-job-executor-thread-22054#
[PollExecuteTaskStatusExecution] 9409158a-3ef5-419f-b18e-c3263bd4e0f3 [2026-09-23T16:35:36.911383] 'VZifJFBgat6XUTOf3jwHwkCBh7T6rDpgy19A61laImJCQhdTnHKvzTpxcxiLRh69\n' + (STDOUT, APP/TASK/deploy-to-postgresql)#
#2026 09 23 16:35:48.848#Z#DEBUG#89a811f3-b76c-11f1-a9d4-eeee0a93f2f4.hpbuysell-otc-salesorder-postgres-deployer#flowable-async-job-executor-thread-22054#
[PollExecuteTaskStatusExecution] 9409158a-3ef5-419f-b18e-c3263bd4e0f3 [2026-09-23T16:35:36.911387] 'ZObypR7W04OAUmFS88V7IotlPmCL8xf7kwxG+gQfvx31+A9IDMsiTqJ1Cc4fYEKg\n' + (STDOUT, APP/TASK/deploy-to-postgresql)#
#2026 09 23 16:35:48.848#Z#DEBUG#89a811f3-b76c-11f1-a9d4-eeee0a93f2f4.hpbuysell-otc-salesorder-postgres-deployer#flowable-async-job-executor-thread-22054#
[PollExecuteTaskStatusExecution] 9409158a-3ef5-419f-b18e-c3263bd4e0f3 [2026-09-23T16:35:36.911390] 'bL+Vo+2Ii4W2esCTGVYmHm73drznfeKwL+kmIC/Bq+DrZ+veTqKFYwSkpHRyJCEe\n' + (STDOUT, APP/TASK/deploy-to-postgresql)#
#2026 09 23 16:35:48.848#Z#DEBUG#89a811f3-b76c-11f1-a9d4-eeee0a93f2f4.hpbuysell-otc-salesorder-postgres-deployer#flowable-async-job-executor-thread-22054#
[PollExecuteTaskStatusExecution] 9409158a-3ef5-419f-b18e-c3263bd4e0f3 [2026-09-23T16:35:36.911393] 'U4Zym6POqQ/4LBSKwDUhWLJIlq99bjKX+hNTJykB+Lbcx0ScOP4IAZQoxmDxGWxN\n' + (STDOUT, APP/TASK/deploy-to-postgresql)#
#2026 09 23 16:35:48.848#Z#DEBUG#89a811f3-b76c-11f1-a9d4-eeee0a93f2f4.hpbuysell-otc-salesorder-postgres-deployer#flowable-async-job-executor-thread-22054#
[PollExecuteTaskStatusExecution] 9409158a-3ef5-419f-b18e-c3263bd4e0f3 [2026-09-23T16:35:36.911397] 'S+lQj+Cx2pwU3S/7+OxlRndZAX/FKgk7xSMkg88HykUZaZ/ozIiqJqSnGpgXCtED\n' + (STDOUT, APP/TASK/deploy-to-postgresql)#
#2026 09 23 16:35:48.848#Z#DEBUG#89a811f3-b76c-11f1-a9d4-eeee0a93f2f4.hpbuysell-otc-salesorder-postgres-deployer#flowable-async-job-executor-thread-22054#
[PollExecuteTaskStatusExecution] 9409158a-3ef5-419f-b18e-c3263bd4e0f3 [2026-09-23T16:35:36.911400] 'oQ4OJw5ozAr+/wudOawaMwUWQl5asD8fuy/hl5S1nv9XxIc842QJOtJFxhyeMIXt\n' + (STDOUT, APP/TASK/deploy-to-postgresql)#
#2026 09 23 16:35:48.848#Z#DEBUG#89a811f3-b76c-11f1-a9d4-eeee0a93f2f4.hpbuysell-otc-salesorder-postgres-deployer#flowable-async-job-executor-thread-22054#
[PollExecuteTaskStatusExecution] 9409158a-3ef5-419f-b18e-c3263bd4e0f3 [2026-09-23T16:35:36.911403] 'LVECVw/dPekhMjS3Zo3wwRgYbnKG7YXXT5WMxJEnHu8+cYpMiRClzq2BEP6/MtI2\n' + (STDOUT, APP/TASK/deploy-to-postgresql)#
#2026 09 23 16:35:48.848#Z#DEBUG#89a811f3-b76c-11f1-a9d4-eeee0a93f2f4.hpbuysell-otc-salesorder-postgres-deployer#flowable-async-job-executor-thread-22054#
[PollExecuteTaskStatusExecution] 9409158a-3ef5-419f-b18e-c3263bd4e0f3 [2026-09-23T16:35:36.911406] 'AZQQUFu2yFjRGL2OZA6IYjxnXYiRAgMBAAGjQjBAMA8GA1UdEwEB/wQFMAMBAf8w\n' + (STDOUT, APP/TASK/deploy-to-postgresql)#
#2026 09 23 16:35:48.848#Z#DEBUG#89a811f3-b76c-11f1-a9d4-eeee0a93f2f4.hpbuysell-otc-salesorder-postgres-deployer#flowable-async-job-executor-thread-22054#
[PollExecuteTaskStatusExecution] 9409158a-3ef5-419f-b18e-c3263bd4e0f3 [2026-09-23T16:35:36.911410] 'HQYDVR0OBBYEFADCcQCPX2HmkqQcmuHfiQ2jjqnrMA4GA1UdDwEB/wQEAwIBhjAN\n' + (STDOUT, APP/TASK/deploy-to-postgresql)#
#2026 09 23 16:35:48.848#Z#DEBUG#89a811f3-b76c-11f1-a9d4-eeee0a93f2f4.hpbuysell-otc-salesorder-postgres-deployer#flowable-async-job-executor-thread-22054#
[PollExecuteTaskStatusExecution] 9409158a-3ef5-419f-b18e-c3263bd4e0f3 [2026-09-23T16:35:36.911413] 'BgkqhkiG9w0BAQwFAAOCAgEASXkGQ2eUmudIKPeOIF7RBryCoPmMOsqP0+1qxF8l\n' + (STDOUT, APP/TASK/deploy-to-postgresql)#
#2026 09 23 16:35:48.848#Z#DEBUG#89a811f3-b76c-11f1-a9d4-eeee0a93f2f4.hpbuysell-otc-salesorder-postgres-deployer#flowable-async-job-executor-thread-22054#
[PollExecuteTaskStatusExecution] 9409158a-3ef5-419f-b18e-c3263bd4e0f3 [2026-09-23T16:35:36.911425] 'pGkwmrgNDGpmd9s0ArfIVBTc1jmpgB3oiRW9c6n2OmwBKL4UPuQ8O3KwSP0iD2sZ\n' + (STDOUT, APP/TASK/deploy-to-postgresql)#
#2026 09 23 16:35:48.848#Z#DEBUG#89a811f3-b76c-11f1-a9d4-eeee0a93f2f4.hpbuysell-otc-salesorder-postgres-deployer#flowable-async-job-executor-thread-22054#
[PollExecuteTaskStatusExecution] 9409158a-3ef5-419f-b18e-c3263bd4e0f3 [2026-09-23T16:35:36.911428] 'KMXoMEyphCEzW1I2GRvYDugL3Z9MWrnHkoaoH2l8YyTYvszTvdgxBPpM2x4pSkp+\n' + (STDOUT, APP/TASK/deploy-to-postgresql)#
#2026 09 23 16:35:48.848#Z#DEBUG#89a811f3-b76c-11f1-a9d4-eeee0a93f2f4.hpbuysell-otc-salesorder-postgres-deployer#flowable-async-job-executor-thread-22054#
[PollExecuteTaskStatusExecution] 9409158a-3ef5-419f-b18e-c3263bd4e0f3 [2026-09-23T16:35:36.911431] '76d4/eRpJ5mVuQ93nC+YG0wXCxSq63hX4kyZgPxgCdAA+qgFfKIGyNqUIqWgeyTP\n' + (STDOUT, APP/TASK/deploy-to-postgresql)#
#2026 09 23 16:35:48.848#Z#DEBUG#89a811f3-b76c-11f1-a9d4-eeee0a93f2f4.hpbuysell-otc-salesorder-postgres-deployer#flowable-async-job-executor-thread-22054#
[PollExecuteTaskStatusExecution] 9409158a-3ef5-419f-b18e-c3263bd4e0f3 [2026-09-23T16:35:36.911434] 'n5OgKaboYk2141Rf2hGMD3/hsGm0rrJh7g3C0ZirPws3eeJfulvAOIy2IZzqHUSY\n' + (STDOUT, APP/TASK/deploy-to-postgresql)#
#2026 09 23 16:35:48.848#Z#DEBUG#89a811f3-b76c-11f1-a9d4-eeee0a93f2f4.hpbuysell-otc-salesorder-postgres-deployer#flowable-async-job-executor-thread-22054#
[PollExecuteTaskStatusExecution] 9409158a-3ef5-419f-b18e-c3263bd4e0f3 [2026-09-23T16:35:36.911438] 'jkFzraz6LEH3IlArT3jUPvWKqvh2lJWnnp56aqxBR7qHH5voD49UpJWY1K0BjGnS\n' + (STDOUT, APP/TASK/deploy-to-postgresql)#
#2026 09 23 16:35:48.848#Z#DEBUG#89a811f3-b76c-11f1-a9d4-eeee0a93f2f4.hpbuysell-otc-salesorder-postgres-deployer#flowable-async-job-executor-thread-22054#
[PollExecuteTaskStatusExecution] 9409158a-3ef5-419f-b18e-c3263bd4e0f3 [2026-09-23T16:35:36.911441] 'OHcurpp0Yt/BIs4VZeWdCZwI7JaSeDcPMaMDBvND3Ia5Fga0thgYQTG6dE+N5fgF\n' + (STDOUT, APP/TASK/deploy-to-postgresql)#
#2026 09 23 16:35:48.848#Z#DEBUG#89a811f3-b76c-11f1-a9d4-eeee0a93f2f4.hpbuysell-otc-salesorder-postgres-deployer#flowable-async-job-executor-thread-22054#
[PollExecuteTaskStatusExecution] 9409158a-3ef5-419f-b18e-c3263bd4e0f3 [2026-09-23T16:35:36.911443] 'z+hRaujXO2nb0LmddVyvE8prYlWRMuYFv+Co8hcMdJ0lEZlfVNu0jbm9/GmwAZ+l\n' + (STDOUT, APP/TASK/deploy-to-postgresql)#
#2026 09 23 16:35:48.848#Z#DEBUG#89a811f3-b76c-11f1-a9d4-eeee0a93f2f4.hpbuysell-otc-salesorder-postgres-deployer#flowable-async-job-executor-thread-22054#
[PollExecuteTaskStatusExecution] 9409158a-3ef5-419f-b18e-c3263bd4e0f3 [2026-09-23T16:35:36.911450] '9umeYO9yz/uC7edC8XJBglMAKUmVK9wNtOckUWAcCfnPWYLbYa/PqtXBYcxrso5j\n' + (STDOUT, APP/TASK/deploy-to-postgresql)#
#2026 09 23 16:35:48.848#Z#DEBUG#89a811f3-b76c-11f1-a9d4-eeee0a93f2f4.hpbuysell-otc-salesorder-postgres-deployer#flowable-async-job-executor-thread-22054#
[PollExecuteTaskStatusExecution] 9409158a-3ef5-419f-b18e-c3263bd4e0f3 [2026-09-23T16:35:36.911452] 'iaS/A7iEW51uteHBGrViCy1afGG+hiUWwFlesli+Rq4dNstX3h6h2baWABaAxEVJ\n' + (STDOUT, APP/TASK/deploy-to-postgresql)#
#2026 09 23 16:35:48.848#Z#DEBUG#89a811f3-b76c-11f1-a9d4-eeee0a93f2f4.hpbuysell-otc-salesorder-postgres-deployer#flowable-async-job-executor-thread-22054#
[PollExecuteTaskStatusExecution] 9409158a-3ef5-419f-b18e-c3263bd4e0f3 [2026-09-23T16:35:36.911455] 'y1RnTQSz6mROT1VmZSgSVO37rgIyY0Hf0872ogcTS+FfvXgBxCxsNWEbiQ/XXva4\n' + (STDOUT, APP/TASK/deploy-to-postgresql)#
#2026 09 23 16:35:48.848#Z#DEBUG#89a811f3-b76c-11f1-a9d4-eeee0a93f2f4.hpbuysell-otc-salesorder-postgres-deployer#flowable-async-job-executor-thread-22054#
[PollExecuteTaskStatusExecution] 9409158a-3ef5-419f-b18e-c3263bd4e0f3 [2026-09-23T16:35:36.911457] '0Ws=\n' + (STDOUT, APP/TASK/deploy-to-postgresql)#
#2026 09 23 16:35:48.848#Z#DEBUG#89a811f3-b76c-11f1-a9d4-eeee0a93f2f4.hpbuysell-otc-salesorder-postgres-deployer#flowable-async-job-executor-thread-22054#
[PollExecuteTaskStatusExecution] 9409158a-3ef5-419f-b18e-c3263bd4e0f3 [2026-09-23T16:35:36.911459] '-----END CERTIFICATE-----\n' + (STDOUT, APP/TASK/deploy-to-postgresql)#
#2026 09 23 16:35:48.848#Z#DEBUG#89a811f3-b76c-11f1-a9d4-eeee0a93f2f4.hpbuysell-otc-salesorder-postgres-deployer#flowable-async-job-executor-thread-22054#
[PollExecuteTaskStatusExecution] 9409158a-3ef5-419f-b18e-c3263bd4e0f3 [2026-09-23T16:35:36.911461] '-----BEGIN CERTIFICATE-----\n' + (STDOUT, APP/TASK/deploy-to-postgresql)#
#2026 09 23 16:35:48.848#Z#DEBUG#89a811f3-b76c-11f1-a9d4-eeee0a93f2f4.hpbuysell-otc-salesorder-postgres-deployer#flowable-async-job-executor-thread-22054#
[PollExecuteTaskStatusExecution] 9409158a-3ef5-419f-b18e-c3263bd4e0f3 [2026-09-23T16:35:36.911462] 'MIICrjCCAjSgAwIBAgIRAPAlEk8VJPmEzVRRaWvTh2AwCgYIKoZIzj0EAwMwgZYx\n' + (STDOUT, APP/TASK/deploy-to-postgresql)#
#2026 09 23 16:35:48.848#Z#DEBUG#89a811f3-b76c-11f1-a9d4-eeee0a93f2f4.hpbuysell-otc-salesorder-postgres-deployer#flowable-async-job-executor-thread-22054#
[PollExecuteTaskStatusExecution] 9409158a-3ef5-419f-b18e-c3263bd4e0f3 [2026-09-23T16:35:36.911464] 'CzAJBgNVBAYTAlVTMSIwIAYDVQQKDBlBbWF6b24gV2ViIFNlcnZpY2VzLCBJbmMu\n' + (STDOUT, APP/TASK/deploy-to-postgresql)#
#2026 09 23 16:35:48.848#Z#DEBUG#89a811f3-b76c-11f1-a9d4-eeee0a93f2f4.hpbuysell-otc-salesorder-postgres-deployer#flowable-async-job-executor-thread-22054#
[PollExecuteTaskStatusExecution] 9409158a-3ef5-419f-b18e-c3263bd4e0f3 [2026-09-23T16:35:36.911466] 'MRMwEQYDVQQLDApBbWF6b24gUkRTMQswCQYDVQQIDAJXQTEvMC0GA1UEAwwmQW1h\n' + (STDOUT, APP/TASK/deploy-to-postgresql)#
#2026 09 23 16:35:48.848#Z#DEBUG#89a811f3-b76c-11f1-a9d4-eeee0a93f2f4.hpbuysell-otc-salesorder-postgres-deployer#flowable-async-job-executor-thread-22054#
[PollExecuteTaskStatusExecution] 9409158a-3ef5-419f-b18e-c3263bd4e0f3 [2026-09-23T16:35:36.911468] 'em9uIFJEUyB1cy1lYXN0LTEgUm9vdCBDQSBFQ0MzODQgRzExEDAOBgNVBAcMB1Nl\n' + (STDOUT, APP/TASK/deploy-to-postgresql)#
#2026 09 23 16:35:48.848#Z#DEBUG#89a811f3-b76c-11f1-a9d4-eeee0a93f2f4.hpbuysell-otc-salesorder-postgres-deployer#flowable-async-job-executor-thread-22054#
[PollExecuteTaskStatusExecution] 9409158a-3ef5-419f-b18e-c3263bd4e0f3 [2026-09-23T16:35:36.911470] 'YXR0bGUwIBcNMjEwNTI1MjI0MTU1WhgPMjEyMTA1MjUyMzQxNTVaMIGWMQswCQYD\n' + (STDOUT, APP/TASK/deploy-to-postgresql)#
#2026 09 23 16:35:48.848#Z#DEBUG#89a811f3-b76c-11f1-a9d4-eeee0a93f2f4.hpbuysell-otc-salesorder-postgres-deployer#flowable-async-job-executor-thread-22054#
[PollExecuteTaskStatusExecution] 9409158a-3ef5-419f-b18e-c3263bd4e0f3 [2026-09-23T16:35:36.911471] 'VQQGEwJVUzEiMCAGA1UECgwZQW1hem9uIFdlYiBTZXJ2aWNlcywgSW5jLjETMBEG\n' + (STDOUT, APP/TASK/deploy-to-postgresql)#
#2026 09 23 16:35:48.848#Z#DEBUG#89a811f3-b76c-11f1-a9d4-eeee0a93f2f4.hpbuysell-otc-salesorder-postgres-deployer#flowable-async-job-executor-thread-22054#
[PollExecuteTaskStatusExecution] 9409158a-3ef5-419f-b18e-c3263bd4e0f3 [2026-09-23T16:35:36.911473] 'A1UECwwKQW1hem9uIFJEUzELMAkGA1UECAwCV0ExLzAtBgNVBAMMJkFtYXpvbiBS\n' + (STDOUT, APP/TASK/deploy-to-postgresql)#
#2026 09 23 16:35:48.848#Z#DEBUG#89a811f3-b76c-11f1-a9d4-eeee0a93f2f4.hpbuysell-otc-salesorder-postgres-deployer#flowable-async-job-executor-thread-22054#
[PollExecuteTaskStatusExecution] 9409158a-3ef5-419f-b18e-c3263bd4e0f3 [2026-09-23T16:35:36.911474] 'RFMgdXMtZWFzdC0xIFJvb3QgQ0EgRUNDMzg0IEcxMRAwDgYDVQQHDAdTZWF0dGxl\n' + (STDOUT, APP/TASK/deploy-to-postgresql)#
#2026 09 23 16:35:48.848#Z#DEBUG#89a811f3-b76c-11f1-a9d4-eeee0a93f2f4.hpbuysell-otc-salesorder-postgres-deployer#flowable-async-job-executor-thread-22054#
[PollExecuteTaskStatusExecution] 9409158a-3ef5-419f-b18e-c3263bd4e0f3 [2026-09-23T16:35:36.911477] 'MHYwEAYHKoZIzj0CAQYFK4EEACIDYgAEx5xjrup8II4HOJw15NTnS3H5yMrQGlbj\n' + (STDOUT, APP/TASK/deploy-to-postgresql)#
#2026 09 23 16:35:48.848#Z#DEBUG#89a811f3-b76c-11f1-a9d4-eeee0a93f2f4.hpbuysell-otc-salesorder-postgres-deployer#flowable-async-job-executor-thread-22054#
[PollExecuteTaskStatusExecution] 9409158a-3ef5-419f-b18e-c3263bd4e0f3 [2026-09-23T16:35:36.911479] 'EDA5MMGnE9DmHp5dACIxmPXPMe/99nO7wNdl7G71OYPCgEvWm0FhdvVUeTb3LVnV\n' + (STDOUT, APP/TASK/deploy-to-postgresql)#
#2026 09 23 16:35:48.848#Z#DEBUG#89a811f3-b76c-11f1-a9d4-eeee0a93f2f4.hpbuysell-otc-salesorder-postgres-deployer#flowable-async-job-executor-thread-22054#
[PollExecuteTaskStatusExecution] 9409158a-3ef5-419f-b18e-c3263bd4e0f3 [2026-09-23T16:35:36.911481] 'BnaXt32Ek7/oxGk1T+Df03C+W0vmuJ+wo0IwQDAPBgNVHRMBAf8EBTADAQH/MB0G\n' + (STDOUT, APP/TASK/deploy-to-postgresql)#
#2026 09 23 16:35:48.848#Z#DEBUG#89a811f3-b76c-11f1-a9d4-eeee0a93f2f4.hpbuysell-otc-salesorder-postgres-deployer#flowable-async-job-executor-thread-22054#
[PollExecuteTaskStatusExecution] 9409158a-3ef5-419f-b18e-c3263bd4e0f3 [2026-09-23T16:35:36.911484] 'A1UdDgQWBBTGXmqBWN/1tkSea4pNw0oHrjk2UDAOBgNVHQ8BAf8EBAMCAYYwCgYI\n' + (STDOUT, APP/TASK/deploy-to-postgresql)#
#2026 09 23 16:35:48.848#Z#DEBUG#89a811f3-b76c-11f1-a9d4-eeee0a93f2f4.hpbuysell-otc-salesorder-postgres-deployer#flowable-async-job-executor-thread-22054#
[PollExecuteTaskStatusExecution] 9409158a-3ef5-419f-b18e-c3263bd4e0f3 [2026-09-23T16:35:36.911487] 'KoZIzj0EAwMDaAAwZQIxAIqqZWCSrIkZ7zsv/FygtAusW6yvlL935YAWYPVXU30m\n' + (STDOUT, APP/TASK/deploy-to-postgresql)#
#2026 09 23 16:35:48.848#Z#DEBUG#89a811f3-b76c-11f1-a9d4-eeee0a93f2f4.hpbuysell-otc-salesorder-postgres-deployer#flowable-async-job-executor-thread-22054#
[PollExecuteTaskStatusExecution] 9409158a-3ef5-419f-b18e-c3263bd4e0f3 [2026-09-23T16:35:36.911489] 'jkMFLM+/RJ9GMvnO8jHfCgIwB+whlkcItzE9CRQ6CsMo/d5cEHDUu/QW6jSIh9BR\n' + (STDOUT, APP/TASK/deploy-to-postgresql)#
#2026 09 23 16:35:48.848#Z#DEBUG#89a811f3-b76c-11f1-a9d4-eeee0a93f2f4.hpbuysell-otc-salesorder-postgres-deployer#flowable-async-job-executor-thread-22054#
[PollExecuteTaskStatusExecution] 9409158a-3ef5-419f-b18e-c3263bd4e0f3 [2026-09-23T16:35:36.911491] 'OGh9pTYPVkUbBiKPA7lVVhre\n' + (STDOUT, APP/TASK/deploy-to-postgresql)#
#2026 09 23 16:35:48.848#Z#DEBUG#89a811f3-b76c-11f1-a9d4-eeee0a93f2f4.hpbuysell-otc-salesorder-postgres-deployer#flowable-async-job-executor-thread-22054#
[PollExecuteTaskStatusExecution] 9409158a-3ef5-419f-b18e-c3263bd4e0f3 [2026-09-23T16:35:36.911493] '-----END CERTIFICATE-----\n', (STDOUT, APP/TASK/deploy-to-postgresql)#
#2026 09 23 16:35:48.848#Z#DEBUG#89a811f3-b76c-11f1-a9d4-eeee0a93f2f4.hpbuysell-otc-salesorder-postgres-deployer#flowable-async-job-executor-thread-22054#
[PollExecuteTaskStatusExecution] 9409158a-3ef5-419f-b18e-c3263bd4e0f3 [2026-09-23T16:35:36.911495] sslrootcert: '-----BEGIN CERTIFICATE-----\n' + (STDOUT, APP/TASK/deploy-to-postgresql)#
#2026 09 23 16:35:48.848#Z#DEBUG#89a811f3-b76c-11f1-a9d4-eeee0a93f2f4.hpbuysell-otc-salesorder-postgres-deployer#flowable-async-job-executor-thread-22054#
[PollExecuteTaskStatusExecution] 9409158a-3ef5-419f-b18e-c3263bd4e0f3 [2026-09-23T16:35:36.911497] 'MIID/zCCAuegAwIBAgIRAPVSMfFitmM5PhmbaOFoGfUwDQYJKoZIhvcNAQELBQAw\n' + (STDOUT, APP/TASK/deploy-to-postgresql)#
#2026 09 23 16:35:48.848#Z#DEBUG#89a811f3-b76c-11f1-a9d4-eeee0a93f2f4.hpbuysell-otc-salesorder-postgres-deployer#flowable-async-job-executor-thread-22054#
[PollExecuteTaskStatusExecution] 9409158a-3ef5-419f-b18e-c3263bd4e0f3 [2026-09-23T16:35:36.911499] 'gZcxCzAJBgNVBAYTAlVTMSIwIAYDVQQKDBlBbWF6b24gV2ViIFNlcnZpY2VzLCBJ\n' + (STDOUT, APP/TASK/deploy-to-postgresql)#
#2026 09 23 16:35:48.848#Z#DEBUG#89a811f3-b76c-11f1-a9d4-eeee0a93f2f4.hpbuysell-otc-salesorder-postgres-deployer#flowable-async-job-executor-thread-22054#
[PollExecuteTaskStatusExecution] 9409158a-3ef5-419f-b18e-c3263bd4e0f3 [2026-09-23T16:35:36.911501] 'bmMuMRMwEQYDVQQLDApBbWF6b24gUkRTMQswCQYDVQQIDAJXQTEwMC4GA1UEAwwn\n' + (STDOUT, APP/TASK/deploy-to-postgresql)#
#2026 09 23 16:35:48.848#Z#DEBUG#89a811f3-b76c-11f1-a9d4-eeee0a93f2f4.hpbuysell-otc-salesorder-postgres-deployer#flowable-async-job-executor-thread-22054#
[PollExecuteTaskStatusExecution] 9409158a-3ef5-419f-b18e-c3263bd4e0f3 [2026-09-23T16:35:36.911503] 'QW1hem9uIFJEUyB1cy1lYXN0LTEgUm9vdCBDQSBSU0EyMDQ4IEcxMRAwDgYDVQQH\n' + (STDOUT, APP/TASK/deploy-to-postgresql)#
#2026 09 23 16:35:48.848#Z#DEBUG#89a811f3-b76c-11f1-a9d4-eeee0a93f2f4.hpbuysell-otc-salesorder-postgres-deployer#flowable-async-job-executor-thread-22054#
[PollExecuteTaskStatusExecution] 9409158a-3ef5-419f-b18e-c3263bd4e0f3 [2026-09-23T16:35:36.911506] 'DAdTZWF0dGxlMCAXDTIxMDUyNTIyMzQ1N1oYDzIwNjEwNTI1MjMzNDU3WjCBlzEL\n' + (STDOUT, APP/TASK/deploy-to-postgresql)#
#2026 09 23 16:35:48.848#Z#DEBUG#89a811f3-b76c-11f1-a9d4-eeee0a93f2f4.hpbuysell-otc-salesorder-postgres-deployer#flowable-async-job-executor-thread-22054#
[PollExecuteTaskStatusExecution] 9409158a-3ef5-419f-b18e-c3263bd4e0f3 [2026-09-23T16:35:36.911508] 'MAkGA1UEBhMCVVMxIjAgBgNVBAoMGUFtYXpvbiBXZWIgU2VydmljZXMsIEluYy4x\n' + (STDOUT, APP/TASK/deploy-to-postgresql)#
#2026 09 23 16:35:48.848#Z#DEBUG#89a811f3-b76c-11f1-a9d4-eeee0a93f2f4.hpbuysell-otc-salesorder-postgres-deployer#flowable-async-job-executor-thread-22054#
[PollExecuteTaskStatusExecution] 9409158a-3ef5-419f-b18e-c3263bd4e0f3 [2026-09-23T16:35:36.911512] 'EzARBgNVBAsMCkFtYXpvbiBSRFMxCzAJBgNVBAgMAldBMTAwLgYDVQQDDCdBbWF6\n' + (STDOUT, APP/TASK/deploy-to-postgresql)#
#2026 09 23 16:35:48.848#Z#DEBUG#89a811f3-b76c-11f1-a9d4-eeee0a93f2f4.hpbuysell-otc-salesorder-postgres-deployer#flowable-async-job-executor-thread-22054#
[PollExecuteTaskStatusExecution] 9409158a-3ef5-419f-b18e-c3263bd4e0f3 [2026-09-23T16:35:36.911514] 'b24gUkRTIHVzLWVhc3QtMSBSb290IENBIFJTQTIwNDggRzExEDAOBgNVBAcMB1Nl\n' + (STDOUT, APP/TASK/deploy-to-postgresql)#
#2026 09 23 16:35:48.848#Z#DEBUG#89a811f3-b76c-11f1-a9d4-eeee0a93f2f4.hpbuysell-otc-salesorder-postgres-deployer#flowable-async-job-executor-thread-22054#
[PollExecuteTaskStatusExecution] 9409158a-3ef5-419f-b18e-c3263bd4e0f3 [2026-09-23T16:35:36.911516] 'YXR0bGUwggEiMA0GCSqGSIb3DQEBAQUAA4IBDwAwggEKAoIBAQDu9H7TBeGoDzMr\n' + (STDOUT, APP/TASK/deploy-to-postgresql)#
#2026 09 23 16:35:48.848#Z#DEBUG#89a811f3-b76c-11f1-a9d4-eeee0a93f2f4.hpbuysell-otc-salesorder-postgres-deployer#flowable-async-job-executor-thread-22054#
[PollExecuteTaskStatusExecution] 9409158a-3ef5-419f-b18e-c3263bd4e0f3 [2026-09-23T16:35:36.911518] 'dxN6H8COntJX4IR6dbyhnj5qMD4xl/IWvp50lt0VpmMd+z2PNZzx8RazeGC5IniV\n' + (STDOUT, APP/TASK/deploy-to-postgresql)#
#2026 09 23 16:35:48.848#Z#DEBUG#89a811f3-b76c-11f1-a9d4-eeee0a93f2f4.hpbuysell-otc-salesorder-postgres-deployer#flowable-async-job-executor-thread-22054#
[PollExecuteTaskStatusExecution] 9409158a-3ef5-419f-b18e-c3263bd4e0f3 [2026-09-23T16:35:36.911520] '5nrLg0AKWRQ2A/lGGXbUrGXCSe09brMQCxWBSIYe1WZZ1iU1IJ/6Bp4D2YEHpXrW\n' + (STDOUT, APP/TASK/deploy-to-postgresql)#
#2026 09 23 16:35:48.848#Z#DEBUG#89a811f3-b76c-11f1-a9d4-eeee0a93f2f4.hpbuysell-otc-salesorder-postgres-deployer#flowable-async-job-executor-thread-22054#
[PollExecuteTaskStatusExecution] 9409158a-3ef5-419f-b18e-c3263bd4e0f3 [2026-09-23T16:35:36.911522] 'bPkOq5x3YPcsoitgm1Xh8ygz6vb7PsvJvPbvRMnkDg5IqEThapPjmKb8ZJWyEFEE\n' + (STDOUT, APP/TASK/deploy-to-postgresql)#
#2026 09 23 16:35:48.848#Z#DEBUG#89a811f3-b76c-11f1-a9d4-eeee0a93f2f4.hpbuysell-otc-salesorder-postgres-deployer#flowable-async-job-executor-thread-22054#
[PollExecuteTaskStatusExecution] 9409158a-3ef5-419f-b18e-c3263bd4e0f3 [2026-09-23T16:35:36.911523] 'QRrkCIRueB1EqQtJw0fvP4PKDlCJAKBEs/y049FoOqYpT3pRy0WKqPhWve+hScMd\n' + (STDOUT, APP/TASK/deploy-to-postgresql)#
#2026 09 23 16:35:48.848#Z#DEBUG#89a811f3-b76c-11f1-a9d4-eeee0a93f2f4.hpbuysell-otc-salesorder-postgres-deployer#flowable-async-job-executor-thread-22054#
[PollExecuteTaskStatusExecution] 9409158a-3ef5-419f-b18e-c3263bd4e0f3 [2026-09-23T16:35:36.911525] '6obq8kxTFy1IHACjHc51nrGII5Bt76/MpTWhnJIJrCnq1/Uc3Qs8IVeb+sLaFC8K\n' + (STDOUT, APP/TASK/deploy-to-postgresql)#
#2026 09 23 16:35:48.848#Z#DEBUG#89a811f3-b76c-11f1-a9d4-eeee0a93f2f4.hpbuysell-otc-salesorder-postgres-deployer#flowable-async-job-executor-thread-22054#
[PollExecuteTaskStatusExecution] 9409158a-3ef5-419f-b18e-c3263bd4e0f3 [2026-09-23T16:35:36.911527] 'DI69Sw6bAgMBAAGjQjBAMA8GA1UdEwEB/wQFMAMBAf8wHQYDVR0OBBYEFE7PCopt\n' + (STDOUT, APP/TASK/deploy-to-postgresql)#
#2026 09 23 16:35:48.848#Z#DEBUG#89a811f3-b76c-11f1-a9d4-eeee0a93f2f4.hpbuysell-otc-salesorder-postgres-deployer#flowable-async-job-executor-thread-22054#
[PollExecuteTaskStatusExecution] 9409158a-3ef5-419f-b18e-c3263bd4e0f3 [2026-09-23T16:35:36.911529] 'lyOgtXX0Y1lObBUxuKaCMA4GA1UdDwEB/wQEAwIBhjANBgkqhkiG9w0BAQsFAAOC\n' + (STDOUT, APP/TASK/deploy-to-postgresql)#
#2026 09 23 16:35:48.848#Z#DEBUG#89a811f3-b76c-11f1-a9d4-eeee0a93f2f4.hpbuysell-otc-salesorder-postgres-deployer#flowable-async-job-executor-thread-22054#
[PollExecuteTaskStatusExecution] 9409158a-3ef5-419f-b18e-c3263bd4e0f3 [2026-09-23T16:35:36.911532] 'AQEAFj+bX8gLmMNefr5jRJfHjrL3iuZCjf7YEZgn89pS4z8408mjj9z6Q5D1H7yS\n' + (STDOUT, APP/TASK/deploy-to-postgresql)#
#2026 09 23 16:35:48.848#Z#DEBUG#89a811f3-b76c-11f1-a9d4-eeee0a93f2f4.hpbuysell-otc-salesorder-postgres-deployer#flowable-async-job-executor-thread-22054#
[PollExecuteTaskStatusExecution] 9409158a-3ef5-419f-b18e-c3263bd4e0f3 [2026-09-23T16:35:36.911535] 'jNETVV8QaJip1qyhh5gRzRaArgGAYvi2/r0zPsy+Tgf7v1KGL5Lh8NT8iCEGGXwF\n' + (STDOUT, APP/TASK/deploy-to-postgresql)#
#2026 09 23 16:35:48.848#Z#DEBUG#89a811f3-b76c-11f1-a9d4-eeee0a93f2f4.hpbuysell-otc-salesorder-postgres-deployer#flowable-async-job-executor-thread-22054#
[PollExecuteTaskStatusExecution] 9409158a-3ef5-419f-b18e-c3263bd4e0f3 [2026-09-23T16:35:36.911537] 'g3Ir+Nl3e+9XUp0eyyzBIjHtjLBm6yy8rGk9p6OtFDQnKF5OxwbAgip42CD75r/q\n' + (STDOUT, APP/TASK/deploy-to-postgresql)#
#2026 09 23 16:35:48.848#Z#DEBUG#89a811f3-b76c-11f1-a9d4-eeee0a93f2f4.hpbuysell-otc-salesorder-postgres-deployer#flowable-async-job-executor-thread-22054#
[PollExecuteTaskStatusExecution] 9409158a-3ef5-419f-b18e-c3263bd4e0f3 [2026-09-23T16:35:36.911539] 'p421maEDDvvRFR4D+99JZxgAYDBGqRRceUoe16qDzbMvlz0A9paCZFclxeftAxv6\n' + (STDOUT, APP/TASK/deploy-to-postgresql)#
#2026 09 23 16:35:48.848#Z#DEBUG#89a811f3-b76c-11f1-a9d4-eeee0a93f2f4.hpbuysell-otc-salesorder-postgres-deployer#flowable-async-job-executor-thread-22054#
[PollExecuteTaskStatusExecution] 9409158a-3ef5-419f-b18e-c3263bd4e0f3 [2026-09-23T16:35:36.911540] 'QlR5rItMz/XdzpBJUpYhdzM0gCzAzdQuVO5tjJxmXhkSMcDP+8Q+Uv6FA9k2VpUV\n' + (STDOUT, APP/TASK/deploy-to-postgresql)#
#2026 09 23 16:35:48.848#Z#DEBUG#89a811f3-b76c-11f1-a9d4-eeee0a93f2f4.hpbuysell-otc-salesorder-postgres-deployer#flowable-async-job-executor-thread-22054#
[PollExecuteTaskStatusExecution] 9409158a-3ef5-419f-b18e-c3263bd4e0f3 [2026-09-23T16:35:36.911545] 'E/O5jgpqUJJ2Hc/5rs9VkAPXeA==\n' + (STDOUT, APP/TASK/deploy-to-postgresql)#
#2026 09 23 16:35:48.848#Z#DEBUG#89a811f3-b76c-11f1-a9d4-eeee0a93f2f4.hpbuysell-otc-salesorder-postgres-deployer#flowable-async-job-executor-thread-22054#
[PollExecuteTaskStatusExecution] 9409158a-3ef5-419f-b18e-c3263bd4e0f3 [2026-09-23T16:35:36.911547] '-----END CERTIFICATE-----\n' + (STDOUT, APP/TASK/deploy-to-postgresql)#
#2026 09 23 16:35:48.848#Z#DEBUG#89a811f3-b76c-11f1-a9d4-eeee0a93f2f4.hpbuysell-otc-salesorder-postgres-deployer#flowable-async-job-executor-thread-22054#
[PollExecuteTaskStatusExecution] 9409158a-3ef5-419f-b18e-c3263bd4e0f3 [2026-09-23T16:35:36.911570] '-----BEGIN CERTIFICATE-----\n' + (STDOUT, APP/TASK/deploy-to-postgresql)#
#2026 09 23 16:35:48.848#Z#DEBUG#89a811f3-b76c-11f1-a9d4-eeee0a93f2f4.hpbuysell-otc-salesorder-postgres-deployer#flowable-async-job-executor-thread-22054#
[PollExecuteTaskStatusExecution] 9409158a-3ef5-419f-b18e-c3263bd4e0f3 [2026-09-23T16:35:36.911572] 'MIIF/jCCA+agAwIBAgIQaRHaEqqacXN20e8zZJtmDDANBgkqhkiG9w0BAQwFADCB\n' + (STDOUT, APP/TASK/deploy-to-postgresql)#
#2026 09 23 16:35:48.848#Z#DEBUG#89a811f3-b76c-11f1-a9d4-eeee0a93f2f4.hpbuysell-otc-salesorder-postgres-deployer#flowable-async-job-executor-thread-22054#
[PollExecuteTaskStatusExecution] 9409158a-3ef5-419f-b18e-c3263bd4e0f3 [2026-09-23T16:35:36.911574] 'lzELMAkGA1UEBhMCVVMxIjAgBgNVBAoMGUFtYXpvbiBXZWIgU2VydmljZXMsIElu\n' + (STDOUT, APP/TASK/deploy-to-postgresql)#
#2026 09 23 16:35:48.848#Z#DEBUG#89a811f3-b76c-11f1-a9d4-eeee0a93f2f4.hpbuysell-otc-salesorder-postgres-deployer#flowable-async-job-executor-thread-22054#
[PollExecuteTaskStatusExecution] 9409158a-3ef5-419f-b18e-c3263bd4e0f3 [2026-09-23T16:35:36.911578] 'Yy4xEzARBgNVBAsMCkFtYXpvbiBSRFMxCzAJBgNVBAgMAldBMTAwLgYDVQQDDCdB\n' + (STDOUT, APP/TASK/deploy-to-postgresql)#
#2026 09 23 16:35:48.848#Z#DEBUG#89a811f3-b76c-11f1-a9d4-eeee0a93f2f4.hpbuysell-otc-salesorder-postgres-deployer#flowable-async-job-executor-thread-22054#
[PollExecuteTaskStatusExecution] 9409158a-3ef5-419f-b18e-c3263bd4e0f3 [2026-09-23T16:35:36.911579] 'bWF6b24gUkRTIHVzLWVhc3QtMSBSb290IENBIFJTQTQwOTYgRzExEDAOBgNVBAcM\n' + (STDOUT, APP/TASK/deploy-to-postgresql)#
#2026 09 23 16:35:48.848#Z#DEBUG#89a811f3-b76c-11f1-a9d4-eeee0a93f2f4.hpbuysell-otc-salesorder-postgres-deployer#flowable-async-job-executor-thread-22054#
[PollExecuteTaskStatusExecution] 9409158a-3ef5-419f-b18e-c3263bd4e0f3 [2026-09-23T16:35:36.911755] 'B1NlYXR0bGUwIBcNMjEwNTI1MjIzODM1WhgPMjEyMTA1MjUyMzM4MzVaMIGXMQsw\n' + (STDOUT, APP/TASK/deploy-to-postgresql)#
#2026 09 23 16:35:48.848#Z#DEBUG#89a811f3-b76c-11f1-a9d4-eeee0a93f2f4.hpbuysell-otc-salesorder-postgres-deployer#flowable-async-job-executor-thread-22054#
[PollExecuteTaskStatusExecution] 9409158a-3ef5-419f-b18e-c3263bd4e0f3 [2026-09-23T16:35:36.911759] 'CQYDVQQGEwJVUzEiMCAGA1UECgwZQW1hem9uIFdlYiBTZXJ2aWNlcywgSW5jLjET\n' + (STDOUT, APP/TASK/deploy-to-postgresql)#
#2026 09 23 16:35:48.848#Z#DEBUG#89a811f3-b76c-11f1-a9d4-eeee0a93f2f4.hpbuysell-otc-salesorder-postgres-deployer#flowable-async-job-executor-thread-22054#
[PollExecuteTaskStatusExecution] 9409158a-3ef5-419f-b18e-c3263bd4e0f3 [2026-09-23T16:35:36.911761] 'MBEGA1UECwwKQW1hem9uIFJEUzELMAkGA1UECAwCV0ExMDAuBgNVBAMMJ0FtYXpv\n' + (STDOUT, APP/TASK/deploy-to-postgresql)#
#2026 09 23 16:35:48.848#Z#DEBUG#89a811f3-b76c-11f1-a9d4-eeee0a93f2f4.hpbuysell-otc-salesorder-postgres-deployer#flowable-async-job-executor-thread-22054#
[PollExecuteTaskStatusExecution] 9409158a-3ef5-419f-b18e-c3263bd4e0f3 [2026-09-23T16:35:36.911763] 'biBSRFMgdXMtZWFzdC0xIFJvb3QgQ0EgUlNBNDA5NiBHMTEQMA4GA1UEBwwHU2Vh\n' + (STDOUT, APP/TASK/deploy-to-postgresql)#
#2026 09 23 16:35:48.848#Z#DEBUG#89a811f3-b76c-11f1-a9d4-eeee0a93f2f4.hpbuysell-otc-salesorder-postgres-deployer#flowable-async-job-executor-thread-22054#
[PollExecuteTaskStatusExecution] 9409158a-3ef5-419f-b18e-c3263bd4e0f3 [2026-09-23T16:35:36.911766] 'dHRsZTCCAiIwDQYJKoZIhvcNAQEBBQADggIPADCCAgoCggIBAInfBCaHuvj6Rb5c\n' + (STDOUT, APP/TASK/deploy-to-postgresql)#
#2026 09 23 16:35:48.848#Z#DEBUG#89a811f3-b76c-11f1-a9d4-eeee0a93f2f4.hpbuysell-otc-salesorder-postgres-deployer#flowable-async-job-executor-thread-22054#
[PollExecuteTaskStatusExecution] 9409158a-3ef5-419f-b18e-c3263bd4e0f3 [2026-09-23T16:35:36.911768] 'L5Wmn1jv2PHtEGMHm+7Z8dYosdwouG8VG2A+BCYCZfij9lIGszrTXkY4O7vnXgru\n' + (STDOUT, APP/TASK/deploy-to-postgresql)#
#2026 09 23 16:35:48.848#Z#DEBUG#89a811f3-b76c-11f1-a9d4-eeee0a93f2f4.hpbuysell-otc-salesorder-postgres-deployer#flowable-async-job-executor-thread-22054#
[PollExecuteTaskStatusExecution] 9409158a-3ef5-419f-b18e-c3263bd4e0f3 [2026-09-23T16:35:36.911770] 'JUNdxh0Q3M83p4X+bg+gODUs3jf+Z3Oeq7nTOk/2UYvQLcxP4FEXILxDInbQFcIx\n' + (STDOUT, APP/TASK/deploy-to-postgresql)#
#2026 09 23 16:35:48.848#Z#DEBUG#89a811f3-b76c-11f1-a9d4-eeee0a93f2f4.hpbuysell-otc-salesorder-postgres-deployer#flowable-async-job-executor-thread-22054#
[PollExecuteTaskStatusExecution] 9409158a-3ef5-419f-b18e-c3263bd4e0f3 [2026-09-23T16:35:36.911772] 'yen1ESHggGrjEodgn6nbKQNRfIhjhW+TKYaewfsVWH7EF2pfj+cjbJ6njjgZ0/M9\n' + (STDOUT, APP/TASK/deploy-to-postgresql)#
#2026 09 23 16:35:48.848#Z#DEBUG#89a811f3-b76c-11f1-a9d4-eeee0a93f2f4.hpbuysell-otc-salesorder-postgres-deployer#flowable-async-job-executor-thread-22054#
[PollExecuteTaskStatusExecution] 9409158a-3ef5-419f-b18e-c3263bd4e0f3 [2026-09-23T16:35:36.911773] 'VZifJFBgat6XUTOf3jwHwkCBh7T6rDpgy19A61laImJCQhdTnHKvzTpxcxiLRh69\n' + (STDOUT, APP/TASK/deploy-to-postgresql)#
#2026 09 23 16:35:48.848#Z#DEBUG#89a811f3-b76c-11f1-a9d4-eeee0a93f2f4.hpbuysell-otc-salesorder-postgres-deployer#flowable-async-job-executor-thread-22054#
[PollExecuteTaskStatusExecution] 9409158a-3ef5-419f-b18e-c3263bd4e0f3 [2026-09-23T16:35:36.911775] 'ZObypR7W04OAUmFS88V7IotlPmCL8xf7kwxG+gQfvx31+A9IDMsiTqJ1Cc4fYEKg\n' + (STDOUT, APP/TASK/deploy-to-postgresql)#
#2026 09 23 16:35:48.848#Z#DEBUG#89a811f3-b76c-11f1-a9d4-eeee0a93f2f4.hpbuysell-otc-salesorder-postgres-deployer#flowable-async-job-executor-thread-22054#
[PollExecuteTaskStatusExecution] 9409158a-3ef5-419f-b18e-c3263bd4e0f3 [2026-09-23T16:35:36.911777] 'bL+Vo+2Ii4W2esCTGVYmHm73drznfeKwL+kmIC/Bq+DrZ+veTqKFYwSkpHRyJCEe\n' + (STDOUT, APP/TASK/deploy-to-postgresql)#
#2026 09 23 16:35:48.848#Z#DEBUG#89a811f3-b76c-11f1-a9d4-eeee0a93f2f4.hpbuysell-otc-salesorder-postgres-deployer#flowable-async-job-executor-thread-22054#
[PollExecuteTaskStatusExecution] 9409158a-3ef5-419f-b18e-c3263bd4e0f3 [2026-09-23T16:35:36.911778] 'U4Zym6POqQ/4LBSKwDUhWLJIlq99bjKX+hNTJykB+Lbcx0ScOP4IAZQoxmDxGWxN\n' + (STDOUT, APP/TASK/deploy-to-postgresql)#
#2026 09 23 16:35:48.848#Z#DEBUG#89a811f3-b76c-11f1-a9d4-eeee0a93f2f4.hpbuysell-otc-salesorder-postgres-deployer#flowable-async-job-executor-thread-22054#
[PollExecuteTaskStatusExecution] 9409158a-3ef5-419f-b18e-c3263bd4e0f3 [2026-09-23T16:35:36.911780] 'S+lQj+Cx2pwU3S/7+OxlRndZAX/FKgk7xSMkg88HykUZaZ/ozIiqJqSnGpgXCtED\n' + (STDOUT, APP/TASK/deploy-to-postgresql)#
#2026 09 23 16:35:48.848#Z#DEBUG#89a811f3-b76c-11f1-a9d4-eeee0a93f2f4.hpbuysell-otc-salesorder-postgres-deployer#flowable-async-job-executor-thread-22054#
[PollExecuteTaskStatusExecution] 9409158a-3ef5-419f-b18e-c3263bd4e0f3 [2026-09-23T16:35:36.911782] 'oQ4OJw5ozAr+/wudOawaMwUWQl5asD8fuy/hl5S1nv9XxIc842QJOtJFxhyeMIXt\n' + (STDOUT, APP/TASK/deploy-to-postgresql)#
#2026 09 23 16:35:48.848#Z#DEBUG#89a811f3-b76c-11f1-a9d4-eeee0a93f2f4.hpbuysell-otc-salesorder-postgres-deployer#flowable-async-job-executor-thread-22054#
[PollExecuteTaskStatusExecution] 9409158a-3ef5-419f-b18e-c3263bd4e0f3 [2026-09-23T16:35:36.911784] 'LVECVw/dPekhMjS3Zo3wwRgYbnKG7YXXT5WMxJEnHu8+cYpMiRClzq2BEP6/MtI2\n' + (STDOUT, APP/TASK/deploy-to-postgresql)#
#2026 09 23 16:35:48.848#Z#DEBUG#89a811f3-b76c-11f1-a9d4-eeee0a93f2f4.hpbuysell-otc-salesorder-postgres-deployer#flowable-async-job-executor-thread-22054#
[PollExecuteTaskStatusExecution] 9409158a-3ef5-419f-b18e-c3263bd4e0f3 [2026-09-23T16:35:36.911786] 'AZQQUFu2yFjRGL2OZA6IYjxnXYiRAgMBAAGjQjBAMA8GA1UdEwEB/wQFMAMBAf8w\n' + (STDOUT, APP/TASK/deploy-to-postgresql)#
#2026 09 23 16:35:48.848#Z#DEBUG#89a811f3-b76c-11f1-a9d4-eeee0a93f2f4.hpbuysell-otc-salesorder-postgres-deployer#flowable-async-job-executor-thread-22054#
[PollExecuteTaskStatusExecution] 9409158a-3ef5-419f-b18e-c3263bd4e0f3 [2026-09-23T16:35:36.911788] 'HQYDVR0OBBYEFADCcQCPX2HmkqQcmuHfiQ2jjqnrMA4GA1UdDwEB/wQEAwIBhjAN\n' + (STDOUT, APP/TASK/deploy-to-postgresql)#
#2026 09 23 16:35:48.848#Z#DEBUG#89a811f3-b76c-11f1-a9d4-eeee0a93f2f4.hpbuysell-otc-salesorder-postgres-deployer#flowable-async-job-executor-thread-22054#
[PollExecuteTaskStatusExecution] 9409158a-3ef5-419f-b18e-c3263bd4e0f3 [2026-09-23T16:35:36.911789] 'BgkqhkiG9w0BAQwFAAOCAgEASXkGQ2eUmudIKPeOIF7RBryCoPmMOsqP0+1qxF8l\n' + (STDOUT, APP/TASK/deploy-to-postgresql)#
#2026 09 23 16:35:48.848#Z#DEBUG#89a811f3-b76c-11f1-a9d4-eeee0a93f2f4.hpbuysell-otc-salesorder-postgres-deployer#flowable-async-job-executor-thread-22054#
[PollExecuteTaskStatusExecution] 9409158a-3ef5-419f-b18e-c3263bd4e0f3 [2026-09-23T16:35:36.911792] 'pGkwmrgNDGpmd9s0ArfIVBTc1jmpgB3oiRW9c6n2OmwBKL4UPuQ8O3KwSP0iD2sZ\n' + (STDOUT, APP/TASK/deploy-to-postgresql)#
#2026 09 23 16:35:48.848#Z#DEBUG#89a811f3-b76c-11f1-a9d4-eeee0a93f2f4.hpbuysell-otc-salesorder-postgres-deployer#flowable-async-job-executor-thread-22054#
[PollExecuteTaskStatusExecution] 9409158a-3ef5-419f-b18e-c3263bd4e0f3 [2026-09-23T16:35:36.911794] 'KMXoMEyphCEzW1I2GRvYDugL3Z9MWrnHkoaoH2l8YyTYvszTvdgxBPpM2x4pSkp+\n' + (STDOUT, APP/TASK/deploy-to-postgresql)#
#2026 09 23 16:35:48.848#Z#DEBUG#89a811f3-b76c-11f1-a9d4-eeee0a93f2f4.hpbuysell-otc-salesorder-postgres-deployer#flowable-async-job-executor-thread-22054#
[PollExecuteTaskStatusExecution] 9409158a-3ef5-419f-b18e-c3263bd4e0f3 [2026-09-23T16:35:36.911796] '76d4/eRpJ5mVuQ93nC+YG0wXCxSq63hX4kyZgPxgCdAA+qgFfKIGyNqUIqWgeyTP\n' + (STDOUT, APP/TASK/deploy-to-postgresql)#
#2026 09 23 16:35:48.848#Z#DEBUG#89a811f3-b76c-11f1-a9d4-eeee0a93f2f4.hpbuysell-otc-salesorder-postgres-deployer#flowable-async-job-executor-thread-22054#
[PollExecuteTaskStatusExecution] 9409158a-3ef5-419f-b18e-c3263bd4e0f3 [2026-09-23T16:35:36.911798] 'n5OgKaboYk2141Rf2hGMD3/hsGm0rrJh7g3C0ZirPws3eeJfulvAOIy2IZzqHUSY\n' + (STDOUT, APP/TASK/deploy-to-postgresql)#
#2026 09 23 16:35:48.848#Z#DEBUG#89a811f3-b76c-11f1-a9d4-eeee0a93f2f4.hpbuysell-otc-salesorder-postgres-deployer#flowable-async-job-executor-thread-22054#
[PollExecuteTaskStatusExecution] 9409158a-3ef5-419f-b18e-c3263bd4e0f3 [2026-09-23T16:35:36.911803] 'jkFzraz6LEH3IlArT3jUPvWKqvh2lJWnnp56aqxBR7qHH5voD49UpJWY1K0BjGnS\n' + (STDOUT, APP/TASK/deploy-to-postgresql)#
#2026 09 23 16:35:48.848#Z#DEBUG#89a811f3-b76c-11f1-a9d4-eeee0a93f2f4.hpbuysell-otc-salesorder-postgres-deployer#flowable-async-job-executor-thread-22054#
[PollExecuteTaskStatusExecution] 9409158a-3ef5-419f-b18e-c3263bd4e0f3 [2026-09-23T16:35:36.911805] 'OHcurpp0Yt/BIs4VZeWdCZwI7JaSeDcPMaMDBvND3Ia5Fga0thgYQTG6dE+N5fgF\n' + (STDOUT, APP/TASK/deploy-to-postgresql)#
#2026 09 23 16:35:48.848#Z#DEBUG#89a811f3-b76c-11f1-a9d4-eeee0a93f2f4.hpbuysell-otc-salesorder-postgres-deployer#flowable-async-job-executor-thread-22054#
[PollExecuteTaskStatusExecution] 9409158a-3ef5-419f-b18e-c3263bd4e0f3 [2026-09-23T16:35:36.911806] 'z+hRaujXO2nb0LmddVyvE8prYlWRMuYFv+Co8hcMdJ0lEZlfVNu0jbm9/GmwAZ+l\n' + (STDOUT, APP/TASK/deploy-to-postgresql)#
#2026 09 23 16:35:48.848#Z#DEBUG#89a811f3-b76c-11f1-a9d4-eeee0a93f2f4.hpbuysell-otc-salesorder-postgres-deployer#flowable-async-job-executor-thread-22054#
[PollExecuteTaskStatusExecution] 9409158a-3ef5-419f-b18e-c3263bd4e0f3 [2026-09-23T16:35:36.911809] '9umeYO9yz/uC7edC8XJBglMAKUmVK9wNtOckUWAcCfnPWYLbYa/PqtXBYcxrso5j\n' + (STDOUT, APP/TASK/deploy-to-postgresql)#
#2026 09 23 16:35:48.848#Z#DEBUG#89a811f3-b76c-11f1-a9d4-eeee0a93f2f4.hpbuysell-otc-salesorder-postgres-deployer#flowable-async-job-executor-thread-22054#
[PollExecuteTaskStatusExecution] 9409158a-3ef5-419f-b18e-c3263bd4e0f3 [2026-09-23T16:35:36.911812] 'iaS/A7iEW51uteHBGrViCy1afGG+hiUWwFlesli+Rq4dNstX3h6h2baWABaAxEVJ\n' + (STDOUT, APP/TASK/deploy-to-postgresql)#
#2026 09 23 16:35:48.848#Z#DEBUG#89a811f3-b76c-11f1-a9d4-eeee0a93f2f4.hpbuysell-otc-salesorder-postgres-deployer#flowable-async-job-executor-thread-22054#
[PollExecuteTaskStatusExecution] 9409158a-3ef5-419f-b18e-c3263bd4e0f3 [2026-09-23T16:35:36.911817] 'y1RnTQSz6mROT1VmZSgSVO37rgIyY0Hf0872ogcTS+FfvXgBxCxsNWEbiQ/XXva4\n' + (STDOUT, APP/TASK/deploy-to-postgresql)#
#2026 09 23 16:35:48.848#Z#DEBUG#89a811f3-b76c-11f1-a9d4-eeee0a93f2f4.hpbuysell-otc-salesorder-postgres-deployer#flowable-async-job-executor-thread-22054#
[PollExecuteTaskStatusExecution] 9409158a-3ef5-419f-b18e-c3263bd4e0f3 [2026-09-23T16:35:36.911819] '0Ws=\n' + (STDOUT, APP/TASK/deploy-to-postgresql)#
#2026 09 23 16:35:48.848#Z#DEBUG#89a811f3-b76c-11f1-a9d4-eeee0a93f2f4.hpbuysell-otc-salesorder-postgres-deployer#flowable-async-job-executor-thread-22054#
[PollExecuteTaskStatusExecution] 9409158a-3ef5-419f-b18e-c3263bd4e0f3 [2026-09-23T16:35:36.911822] '-----END CERTIFICATE-----\n' + (STDOUT, APP/TASK/deploy-to-postgresql)#
#2026 09 23 16:35:48.848#Z#DEBUG#89a811f3-b76c-11f1-a9d4-eeee0a93f2f4.hpbuysell-otc-salesorder-postgres-deployer#flowable-async-job-executor-thread-22054#
[PollExecuteTaskStatusExecution] 9409158a-3ef5-419f-b18e-c3263bd4e0f3 [2026-09-23T16:35:36.911825] '-----BEGIN CERTIFICATE-----\n' + (STDOUT, APP/TASK/deploy-to-postgresql)#
#2026 09 23 16:35:48.848#Z#DEBUG#89a811f3-b76c-11f1-a9d4-eeee0a93f2f4.hpbuysell-otc-salesorder-postgres-deployer#flowable-async-job-executor-thread-22054#
[PollExecuteTaskStatusExecution] 9409158a-3ef5-419f-b18e-c3263bd4e0f3 [2026-09-23T16:35:36.911829] 'MIICrjCCAjSgAwIBAgIRAPAlEk8VJPmEzVRRaWvTh2AwCgYIKoZIzj0EAwMwgZYx\n' + (STDOUT, APP/TASK/deploy-to-postgresql)#
#2026 09 23 16:35:48.848#Z#DEBUG#89a811f3-b76c-11f1-a9d4-eeee0a93f2f4.hpbuysell-otc-salesorder-postgres-deployer#flowable-async-job-executor-thread-22054#
[PollExecuteTaskStatusExecution] 9409158a-3ef5-419f-b18e-c3263bd4e0f3 [2026-09-23T16:35:36.911832] 'CzAJBgNVBAYTAlVTMSIwIAYDVQQKDBlBbWF6b24gV2ViIFNlcnZpY2VzLCBJbmMu\n' + (STDOUT, APP/TASK/deploy-to-postgresql)#
#2026 09 23 16:35:48.848#Z#DEBUG#89a811f3-b76c-11f1-a9d4-eeee0a93f2f4.hpbuysell-otc-salesorder-postgres-deployer#flowable-async-job-executor-thread-22054#
[PollExecuteTaskStatusExecution] 9409158a-3ef5-419f-b18e-c3263bd4e0f3 [2026-09-23T16:35:36.911835] 'MRMwEQYDVQQLDApBbWF6b24gUkRTMQswCQYDVQQIDAJXQTEvMC0GA1UEAwwmQW1h\n' + (STDOUT, APP/TASK/deploy-to-postgresql)#
#2026 09 23 16:35:48.848#Z#DEBUG#89a811f3-b76c-11f1-a9d4-eeee0a93f2f4.hpbuysell-otc-salesorder-postgres-deployer#flowable-async-job-executor-thread-22054#
[PollExecuteTaskStatusExecution] 9409158a-3ef5-419f-b18e-c3263bd4e0f3 [2026-09-23T16:35:36.911838] 'em9uIFJEUyB1cy1lYXN0LTEgUm9vdCBDQSBFQ0MzODQgRzExEDAOBgNVBAcMB1Nl\n' + (STDOUT, APP/TASK/deploy-to-postgresql)#
#2026 09 23 16:35:48.848#Z#DEBUG#89a811f3-b76c-11f1-a9d4-eeee0a93f2f4.hpbuysell-otc-salesorder-postgres-deployer#flowable-async-job-executor-thread-22054#
[PollExecuteTaskStatusExecution] 9409158a-3ef5-419f-b18e-c3263bd4e0f3 [2026-09-23T16:35:36.911842] 'YXR0bGUwIBcNMjEwNTI1MjI0MTU1WhgPMjEyMTA1MjUyMzQxNTVaMIGWMQswCQYD\n' + (STDOUT, APP/TASK/deploy-to-postgresql)#
#2026 09 23 16:35:48.848#Z#DEBUG#89a811f3-b76c-11f1-a9d4-eeee0a93f2f4.hpbuysell-otc-salesorder-postgres-deployer#flowable-async-job-executor-thread-22054#
[PollExecuteTaskStatusExecution] 9409158a-3ef5-419f-b18e-c3263bd4e0f3 [2026-09-23T16:35:36.911845] 'VQQGEwJVUzEiMCAGA1UECgwZQW1hem9uIFdlYiBTZXJ2aWNlcywgSW5jLjETMBEG\n' + (STDOUT, APP/TASK/deploy-to-postgresql)#
#2026 09 23 16:35:48.848#Z#DEBUG#89a811f3-b76c-11f1-a9d4-eeee0a93f2f4.hpbuysell-otc-salesorder-postgres-deployer#flowable-async-job-executor-thread-22054#
[PollExecuteTaskStatusExecution] 9409158a-3ef5-419f-b18e-c3263bd4e0f3 [2026-09-23T16:35:36.911849] 'A1UECwwKQW1hem9uIFJEUzELMAkGA1UECAwCV0ExLzAtBgNVBAMMJkFtYXpvbiBS\n' + (STDOUT, APP/TASK/deploy-to-postgresql)#
#2026 09 23 16:35:48.848#Z#DEBUG#89a811f3-b76c-11f1-a9d4-eeee0a93f2f4.hpbuysell-otc-salesorder-postgres-deployer#flowable-async-job-executor-thread-22054#
[PollExecuteTaskStatusExecution] 9409158a-3ef5-419f-b18e-c3263bd4e0f3 [2026-09-23T16:35:36.911852] 'RFMgdXMtZWFzdC0xIFJvb3QgQ0EgRUNDMzg0IEcxMRAwDgYDVQQHDAdTZWF0dGxl\n' + (STDOUT, APP/TASK/deploy-to-postgresql)#
#2026 09 23 16:35:48.848#Z#DEBUG#89a811f3-b76c-11f1-a9d4-eeee0a93f2f4.hpbuysell-otc-salesorder-postgres-deployer#flowable-async-job-executor-thread-22054#
[PollExecuteTaskStatusExecution] 9409158a-3ef5-419f-b18e-c3263bd4e0f3 [2026-09-23T16:35:36.911855] 'MHYwEAYHKoZIzj0CAQYFK4EEACIDYgAEx5xjrup8II4HOJw15NTnS3H5yMrQGlbj\n' + (STDOUT, APP/TASK/deploy-to-postgresql)#
#2026 09 23 16:35:48.848#Z#DEBUG#89a811f3-b76c-11f1-a9d4-eeee0a93f2f4.hpbuysell-otc-salesorder-postgres-deployer#flowable-async-job-executor-thread-22054#
[PollExecuteTaskStatusExecution] 9409158a-3ef5-419f-b18e-c3263bd4e0f3 [2026-09-23T16:35:36.911857] 'EDA5MMGnE9DmHp5dACIxmPXPMe/99nO7wNdl7G71OYPCgEvWm0FhdvVUeTb3LVnV\n' + (STDOUT, APP/TASK/deploy-to-postgresql)#
#2026 09 23 16:35:48.848#Z#DEBUG#89a811f3-b76c-11f1-a9d4-eeee0a93f2f4.hpbuysell-otc-salesorder-postgres-deployer#flowable-async-job-executor-thread-22054#
[PollExecuteTaskStatusExecution] 9409158a-3ef5-419f-b18e-c3263bd4e0f3 [2026-09-23T16:35:36.911858] 'BnaXt32Ek7/oxGk1T+Df03C+W0vmuJ+wo0IwQDAPBgNVHRMBAf8EBTADAQH/MB0G\n' + (STDOUT, APP/TASK/deploy-to-postgresql)#
#2026 09 23 16:35:48.848#Z#DEBUG#89a811f3-b76c-11f1-a9d4-eeee0a93f2f4.hpbuysell-otc-salesorder-postgres-deployer#flowable-async-job-executor-thread-22054#
[PollExecuteTaskStatusExecution] 9409158a-3ef5-419f-b18e-c3263bd4e0f3 [2026-09-23T16:35:36.911860] 'A1UdDgQWBBTGXmqBWN/1tkSea4pNw0oHrjk2UDAOBgNVHQ8BAf8EBAMCAYYwCgYI\n' + (STDOUT, APP/TASK/deploy-to-postgresql)#
#2026 09 23 16:35:48.848#Z#DEBUG#89a811f3-b76c-11f1-a9d4-eeee0a93f2f4.hpbuysell-otc-salesorder-postgres-deployer#flowable-async-job-executor-thread-22054#
[PollExecuteTaskStatusExecution] 9409158a-3ef5-419f-b18e-c3263bd4e0f3 [2026-09-23T16:35:36.911863] 'KoZIzj0EAwMDaAAwZQIxAIqqZWCSrIkZ7zsv/FygtAusW6yvlL935YAWYPVXU30m\n' + (STDOUT, APP/TASK/deploy-to-postgresql)#
#2026 09 23 16:35:48.848#Z#DEBUG#89a811f3-b76c-11f1-a9d4-eeee0a93f2f4.hpbuysell-otc-salesorder-postgres-deployer#flowable-async-job-executor-thread-22054#
[PollExecuteTaskStatusExecution] 9409158a-3ef5-419f-b18e-c3263bd4e0f3 [2026-09-23T16:35:36.911865] 'jkMFLM+/RJ9GMvnO8jHfCgIwB+whlkcItzE9CRQ6CsMo/d5cEHDUu/QW6jSIh9BR\n' + (STDOUT, APP/TASK/deploy-to-postgresql)#
#2026 09 23 16:35:48.848#Z#DEBUG#89a811f3-b76c-11f1-a9d4-eeee0a93f2f4.hpbuysell-otc-salesorder-postgres-deployer#flowable-async-job-executor-thread-22054#
[PollExecuteTaskStatusExecution] 9409158a-3ef5-419f-b18e-c3263bd4e0f3 [2026-09-23T16:35:36.911867] 'OGh9pTYPVkUbBiKPA7lVVhre\n' + (STDOUT, APP/TASK/deploy-to-postgresql)#
#2026 09 23 16:35:48.848#Z#DEBUG#89a811f3-b76c-11f1-a9d4-eeee0a93f2f4.hpbuysell-otc-salesorder-postgres-deployer#flowable-async-job-executor-thread-22054#
[PollExecuteTaskStatusExecution] 9409158a-3ef5-419f-b18e-c3263bd4e0f3 [2026-09-23T16:35:36.911869] '-----END CERTIFICATE-----\n', (STDOUT, APP/TASK/deploy-to-postgresql)#
#2026 09 23 16:35:48.848#Z#DEBUG#89a811f3-b76c-11f1-a9d4-eeee0a93f2f4.hpbuysell-otc-salesorder-postgres-deployer#flowable-async-job-executor-thread-22054#
[PollExecuteTaskStatusExecution] 9409158a-3ef5-419f-b18e-c3263bd4e0f3 [2026-09-23T16:35:36.911871] uri: 'postgres://e4d51886f3dc:daacb78fca6ef102b1397708@postgres-63a33c28-9d9e-4453-821a-000f0ee4a75c.c24srvdukvjo.us-east-1.rds.amazonaws.com:7565/BQiFxAUMVHcr', (STDOUT, APP/TASK/deploy-to-postgresql)#
#2026 09 23 16:35:48.848#Z#DEBUG#89a811f3-b76c-11f1-a9d4-eeee0a93f2f4.hpbuysell-otc-salesorder-postgres-deployer#flowable-async-job-executor-thread-22054#
[PollExecuteTaskStatusExecution] 9409158a-3ef5-419f-b18e-c3263bd4e0f3 [2026-09-23T16:35:36.911874] urls: { (STDOUT, APP/TASK/deploy-to-postgresql)#
#2026 09 23 16:35:48.848#Z#DEBUG#89a811f3-b76c-11f1-a9d4-eeee0a93f2f4.hpbuysell-otc-salesorder-postgres-deployer#flowable-async-job-executor-thread-22054#
[PollExecuteTaskStatusExecution] 9409158a-3ef5-419f-b18e-c3263bd4e0f3 [2026-09-23T16:35:36.911876] api_server: 'https://api-backing-services.us10.data.services.cloud.sap' (STDOUT, APP/TASK/deploy-to-postgresql)#
#2026 09 23 16:35:48.848#Z#DEBUG#89a811f3-b76c-11f1-a9d4-eeee0a93f2f4.hpbuysell-otc-salesorder-postgres-deployer#flowable-async-job-executor-thread-22054#
[PollExecuteTaskStatusExecution] 9409158a-3ef5-419f-b18e-c3263bd4e0f3 [2026-09-23T16:35:36.911879] } (STDOUT, APP/TASK/deploy-to-postgresql)#
#2026 09 23 16:35:48.848#Z#DEBUG#89a811f3-b76c-11f1-a9d4-eeee0a93f2f4.hpbuysell-otc-salesorder-postgres-deployer#flowable-async-job-executor-thread-22054#
[PollExecuteTaskStatusExecution] 9409158a-3ef5-419f-b18e-c3263bd4e0f3 [2026-09-23T16:35:36.911882] } (STDOUT, APP/TASK/deploy-to-postgresql)#
#2026 09 23 16:35:48.848#Z#DEBUG#89a811f3-b76c-11f1-a9d4-eeee0a93f2f4.hpbuysell-otc-salesorder-postgres-deployer#flowable-async-job-executor-thread-22054#
[PollExecuteTaskStatusExecution] 9409158a-3ef5-419f-b18e-c3263bd4e0f3 [2026-09-23T16:35:36.911883] } {} (STDOUT, APP/TASK/deploy-to-postgresql)#
#2026 09 23 16:35:48.848#Z#DEBUG#89a811f3-b76c-11f1-a9d4-eeee0a93f2f4.hpbuysell-otc-salesorder-postgres-deployer#flowable-async-job-executor-thread-22054#
[PollExecuteTaskStatusExecution] 9409158a-3ef5-419f-b18e-c3263bd4e0f3 [2026-09-23T16:35:37.461976] (node:56) DeprecationWarning: Calling client.query() when the client is already executing a query is deprecated and will be removed in pg@9.0. Use async/await or an external async flow control mechanism instead. (STDERR, APP/TASK/deploy-to-postgresql)#
#2026 09 23 16:35:48.848#Z#DEBUG#89a811f3-b76c-11f1-a9d4-eeee0a93f2f4.hpbuysell-otc-salesorder-postgres-deployer#flowable-async-job-executor-thread-22054#
[PollExecuteTaskStatusExecution] 9409158a-3ef5-419f-b18e-c3263bd4e0f3 [2026-09-23T16:35:37.462015] (Use `node --trace-deprecation ...` to show where the warning was created) (STDERR, APP/TASK/deploy-to-postgresql)#
#2026 09 23 16:35:48.848#Z#DEBUG#89a811f3-b76c-11f1-a9d4-eeee0a93f2f4.hpbuysell-otc-salesorder-postgres-deployer#flowable-async-job-executor-thread-22054#
[PollExecuteTaskStatusExecution] 9409158a-3ef5-419f-b18e-c3263bd4e0f3 [2026-09-23T16:35:37.825276] /> deployment to postgres-63a33c28-9d9e-4453-821a-000f0ee4a75c.c24srvdukvjo.us-east-1.rds.amazonaws.com:7565 failed (STDOUT, APP/TASK/deploy-to-postgresql)#
#2026 09 23 16:35:48.848#Z#DEBUG#89a811f3-b76c-11f1-a9d4-eeee0a93f2f4.hpbuysell-otc-salesorder-postgres-deployer#flowable-async-job-executor-thread-22054#
[PollExecuteTaskStatusExecution] 9409158a-3ef5-419f-b18e-c3263bd4e0f3 [2026-09-23T16:35:37.825924] Error: CDS compilation failed (@sap/cds-compiler v6.9.5) (STDERR, APP/TASK/deploy-to-postgresql)#
#2026 09 23 16:35:48.848#Z#DEBUG#89a811f3-b76c-11f1-a9d4-eeee0a93f2f4.hpbuysell-otc-salesorder-postgres-deployer#flowable-async-job-executor-thread-22054#
[PollExecuteTaskStatusExecution] 9409158a-3ef5-419f-b18e-c3263bd4e0f3 [2026-09-23T16:35:37.825950] db/csn.json:811: Error: Dropping elements is not supported (in entity:“hpbuysell.otc.salesorder.SalesOrderAcknowledgements”/element:“ID”) (STDERR, APP/TASK/deploy-to-postgresql)#
#2026 09 23 16:35:48.848#Z#DEBUG#89a811f3-b76c-11f1-a9d4-eeee0a93f2f4.hpbuysell-otc-salesorder-postgres-deployer#flowable-async-job-executor-thread-22054#
[PollExecuteTaskStatusExecution] 9409158a-3ef5-419f-b18e-c3263bd4e0f3 [2026-09-23T16:35:37.825954] at throwWithAnyError (/home/vcap/app/node_modules/@sap/cds-compiler/lib/base/messages.js:607:13) (STDERR, APP/TASK/deploy-to-postgresql)#
#2026 09 23 16:35:48.848#Z#DEBUG#89a811f3-b76c-11f1-a9d4-eeee0a93f2f4.hpbuysell-otc-salesorder-postgres-deployer#flowable-async-job-executor-thread-22054#
[PollExecuteTaskStatusExecution] 9409158a-3ef5-419f-b18e-c3263bd4e0f3 [2026-09-23T16:35:37.825959] at Proxy.toSqlDdl (/home/vcap/app/node_modules/@sap/cds-compiler/lib/render/toSql.js:311:3) (STDERR, APP/TASK/deploy-to-postgresql)#
#2026 09 23 16:35:48.848#Z#DEBUG#89a811f3-b76c-11f1-a9d4-eeee0a93f2f4.hpbuysell-otc-salesorder-postgres-deployer#flowable-async-job-executor-thread-22054#
[PollExecuteTaskStatusExecution] 9409158a-3ef5-419f-b18e-c3263bd4e0f3 [2026-09-23T16:35:37.825966] at sqlMigration (/home/vcap/app/node_modules/@sap/cds-compiler/lib/api/main.js:606:13) (STDERR, APP/TASK/deploy-to-postgresql)#
#2026 09 23 16:35:48.848#Z#DEBUG#89a811f3-b76c-11f1-a9d4-eeee0a93f2f4.hpbuysell-otc-salesorder-postgres-deployer#flowable-async-job-executor-thread-22054#
[PollExecuteTaskStatusExecution] 9409158a-3ef5-419f-b18e-c3263bd4e0f3 [2026-09-23T16:35:37.825969] at Function.api [as migration] (/home/vcap/app/node_modules/@sap/cds-compiler/lib/api/main.js:1185:22) (STDERR, APP/TASK/deploy-to-postgresql)#
#2026 09 23 16:35:48.848#Z#DEBUG#89a811f3-b76c-11f1-a9d4-eeee0a93f2f4.hpbuysell-otc-salesorder-postgres-deployer#flowable-async-job-executor-thread-22054#
[PollExecuteTaskStatusExecution] 9409158a-3ef5-419f-b18e-c3263bd4e0f3 [2026-09-23T16:35:37.825972] at Function.migration (/home/vcap/app/node_modules/@sap/cds-compiler/lib/main.js:157:41) (STDERR, APP/TASK/deploy-to-postgresql)#
#2026 09 23 16:35:48.848#Z#DEBUG#89a811f3-b76c-11f1-a9d4-eeee0a93f2f4.hpbuysell-otc-salesorder-postgres-deployer#flowable-async-job-executor-thread-22054#
[PollExecuteTaskStatusExecution] 9409158a-3ef5-419f-b18e-c3263bd4e0f3 [2026-09-23T16:35:37.825975] at Object.deltaSql (/home/vcap/app/node_modules/@sap/cds/lib/compile/cdsc.js:165:53) (STDERR, APP/TASK/deploy-to-postgresql)#
#2026 09 23 16:35:48.848#Z#DEBUG#89a811f3-b76c-11f1-a9d4-eeee0a93f2f4.hpbuysell-otc-salesorder-postgres-deployer#flowable-async-job-executor-thread-22054#
[PollExecuteTaskStatusExecution] 9409158a-3ef5-419f-b18e-c3263bd4e0f3 [2026-09-23T16:35:37.825978] at /home/vcap/app/node_modules/@sap/cds/lib/compile/to/sql.js:38:61 (STDERR, APP/TASK/deploy-to-postgresql)#
#2026 09 23 16:35:48.848#Z#DEBUG#89a811f3-b76c-11f1-a9d4-eeee0a93f2f4.hpbuysell-otc-salesorder-postgres-deployer#flowable-async-job-executor-thread-22054#
[PollExecuteTaskStatusExecution] 9409158a-3ef5-419f-b18e-c3263bd4e0f3 [2026-09-23T16:35:37.825984] at next (/home/vcap/app/node_modules/@sap/cds/lib/compile/to/sql.js:44:4) (STDERR, APP/TASK/deploy-to-postgresql)#
#2026 09 23 16:35:48.848#Z#DEBUG#89a811f3-b76c-11f1-a9d4-eeee0a93f2f4.hpbuysell-otc-salesorder-postgres-deployer#flowable-async-job-executor-thread-22054#
[PollExecuteTaskStatusExecution] 9409158a-3ef5-419f-b18e-c3263bd4e0f3 [2026-09-23T16:35:37.825988] at Function.cds_compile_to_deltaSql [as delta] (/home/vcap/app/node_modules/@sap/cds/lib/compile/to/sql.js:46:21) (STDERR, APP/TASK/deploy-to-postgresql)#
#2026 09 23 16:35:48.848#Z#DEBUG#89a811f3-b76c-11f1-a9d4-eeee0a93f2f4.hpbuysell-otc-salesorder-postgres-deployer#flowable-async-job-executor-thread-22054#
[PollExecuteTaskStatusExecution] 9409158a-3ef5-419f-b18e-c3263bd4e0f3 [2026-09-23T16:35:37.825990] at deploy.schema (/home/vcap/app/node_modules/@sap/cds/lib/dbs/cds-deploy.js:75:75) (STDERR, APP/TASK/deploy-to-postgresql)#
#2026 09 23 16:35:48.848#Z#DEBUG#89a811f3-b76c-11f1-a9d4-eeee0a93f2f4.hpbuysell-otc-salesorder-postgres-deployer#flowable-async-job-executor-thread-22054#
[PollExecuteTaskStatusExecution] 9409158a-3ef5-419f-b18e-c3263bd4e0f3 [2026-09-23T16:35:37.847125] npm notice (STDERR, APP/TASK/deploy-to-postgresql)#
#2026 09 23 16:35:48.848#Z#DEBUG#89a811f3-b76c-11f1-a9d4-eeee0a93f2f4.hpbuysell-otc-salesorder-postgres-deployer#flowable-async-job-executor-thread-22054#
[PollExecuteTaskStatusExecution] 9409158a-3ef5-419f-b18e-c3263bd4e0f3 [2026-09-23T16:35:37.847138] npm notice New major version of npm available! 10.9.8 -> 12.1.0 (STDERR, APP/TASK/deploy-to-postgresql)#
#2026 09 23 16:35:48.848#Z#DEBUG#89a811f3-b76c-11f1-a9d4-eeee0a93f2f4.hpbuysell-otc-salesorder-postgres-deployer#flowable-async-job-executor-thread-22054#
[PollExecuteTaskStatusExecution] 9409158a-3ef5-419f-b18e-c3263bd4e0f3 [2026-09-23T16:35:37.847141] npm notice Changelog: https://github.com/npm/cli/releases/tag/v12.1.0 (STDERR, APP/TASK/deploy-to-postgresql)#
#2026 09 23 16:35:48.848#Z#DEBUG#89a811f3-b76c-11f1-a9d4-eeee0a93f2f4.hpbuysell-otc-salesorder-postgres-deployer#flowable-async-job-executor-thread-22054#
[PollExecuteTaskStatusExecution] 9409158a-3ef5-419f-b18e-c3263bd4e0f3 [2026-09-23T16:35:37.847142] npm notice To update run: npm install -g npm@12.1.0 (STDERR, APP/TASK/deploy-to-postgresql)#
#2026 09 23 16:35:48.848#Z#DEBUG#89a811f3-b76c-11f1-a9d4-eeee0a93f2f4.hpbuysell-otc-salesorder-postgres-deployer#flowable-async-job-executor-thread-22054#
[PollExecuteTaskStatusExecution] 9409158a-3ef5-419f-b18e-c3263bd4e0f3 [2026-09-23T16:35:37.847145] npm notice (STDERR, APP/TASK/deploy-to-postgresql)#
#2026 09 23 16:35:48.848#Z#DEBUG#89a811f3-b76c-11f1-a9d4-eeee0a93f2f4.hpbuysell-otc-salesorder-postgres-deployer#flowable-async-job-executor-thread-22054#
[PollExecuteTaskStatusExecution] 9409158a-3ef5-419f-b18e-c3263bd4e0f3 [2026-09-23T16:35:37.900500] Exit status 1 (STDOUT, APP/TASK/deploy-to-postgresql)#
#2026 09 23 16:35:48.848#Z#DEBUG#89a811f3-b76c-11f1-a9d4-eeee0a93f2f4.hpbuysell-otc-salesorder-postgres-deployer#flowable-async-job-executor-thread-22054#
[PollExecuteTaskStatusExecution] 9409158a-3ef5-419f-b18e-c3263bd4e0f3 [2026-09-23T16:35:38.377833] Cell a2a00f1d-079f-4e20-bb58-abe9cdcb03c8 stopping instance 075cb87f-c737-451e-95f6-3adef90e6793 (STDOUT, CELL)#
#2026 09 23 16:35:48.848#Z#DEBUG#89a811f3-b76c-11f1-a9d4-eeee0a93f2f4.hpbuysell-otc-salesorder-postgres-deployer#flowable-async-job-executor-thread-22054#
[PollExecuteTaskStatusExecution] 9409158a-3ef5-419f-b18e-c3263bd4e0f3 [2026-09-23T16:35:38.377863] Cell a2a00f1d-079f-4e20-bb58-abe9cdcb03c8 destroying container for instance 075cb87f-c737-451e-95f6-3adef90e6793 (STDOUT, CELL)#
#2026 09 23 16:35:48.848#Z#DEBUG#89a811f3-b76c-11f1-a9d4-eeee0a93f2f4.hpbuysell-otc-salesorder-postgres-deployer#flowable-async-job-executor-thread-22054#
[PollExecuteTaskStatusExecution] 9409158a-3ef5-419f-b18e-c3263bd4e0f3 [2026-09-23T16:35:39.628660] Cell a2a00f1d-079f-4e20-bb58-abe9cdcb03c8 successfully destroyed container for instance 075cb87f-c737-451e-95f6-3adef90e6793 (STDOUT, CELL)#
#2026 09 23 16:35:48.848#Z#DEBUG#89a811f3-b76c-11f1-a9d4-eeee0a93f2f4.hpbuysell-otc-salesorder-postgres-deployer#flowable-async-job-executor-thread-22054#
[PollExecuteTaskStatusExecution] 9409158a-3ef5-419f-b18e-c3263bd4e0f3 [2026-09-23T16:35:41.556087] Cell a2a00f1d-079f-4e20-bb58-abe9cdcb03c8 creating container for instance 60bdcdc5-11d5-424b-b0af-d8b7d7622d51 (STDOUT, CELL)#
#2026 09 23 16:35:48.848#Z#DEBUG#89a811f3-b76c-11f1-a9d4-eeee0a93f2f4.hpbuysell-otc-salesorder-postgres-deployer#flowable-async-job-executor-thread-22054#
[PollExecuteTaskStatusExecution] 9409158a-3ef5-419f-b18e-c3263bd4e0f3 [2026-09-23T16:35:41.904040] Security group rules were updated (STDOUT, CELL)#
#2026 09 23 16:35:48.848#Z#DEBUG#89a811f3-b76c-11f1-a9d4-eeee0a93f2f4.hpbuysell-otc-salesorder-postgres-deployer#flowable-async-job-executor-thread-22054#
[PollExecuteTaskStatusExecution] 9409158a-3ef5-419f-b18e-c3263bd4e0f3 [2026-09-23T16:35:41.924504] Cell a2a00f1d-079f-4e20-bb58-abe9cdcb03c8 successfully created container for instance 60bdcdc5-11d5-424b-b0af-d8b7d7622d51 (STDOUT, CELL)#
#2026 09 23 16:35:48.848#Z#DEBUG#89a811f3-b76c-11f1-a9d4-eeee0a93f2f4.hpbuysell-otc-salesorder-postgres-deployer#flowable-async-job-executor-thread-22054#
[PollExecuteTaskStatusExecution] 9409158a-3ef5-419f-b18e-c3263bd4e0f3 [2026-09-23T16:35:46.262857] Invoking pre-start scripts. (STDOUT, APP/TASK/deploy-to-postgresql)#
#2026 09 23 16:35:48.848#Z#DEBUG#89a811f3-b76c-11f1-a9d4-eeee0a93f2f4.hpbuysell-otc-salesorder-postgres-deployer#flowable-async-job-executor-thread-22054#
[PollExecuteTaskStatusExecution] 9409158a-3ef5-419f-b18e-c3263bd4e0f3 [2026-09-23T16:35:46.416948] Invoking start command. (STDOUT, APP/TASK/deploy-to-postgresql)#
#2026 09 23 16:35:48.848#Z#DEBUG#89a811f3-b76c-11f1-a9d4-eeee0a93f2f4.hpbuysell-otc-salesorder-postgres-deployer#flowable-async-job-executor-thread-22054#
[PollExecuteTaskStatusExecution] 9409158a-3ef5-419f-b18e-c3263bd4e0f3 [2026-09-23T16:35:46.734711] > start (STDOUT, APP/TASK/deploy-to-postgresql)#
#2026 09 23 16:35:48.848#Z#DEBUG#89a811f3-b76c-11f1-a9d4-eeee0a93f2f4.hpbuysell-otc-salesorder-postgres-deployer#flowable-async-job-executor-thread-22054#
[PollExecuteTaskStatusExecution] 9409158a-3ef5-419f-b18e-c3263bd4e0f3 [2026-09-23T16:35:46.734743] > cds-deploy (STDOUT, APP/TASK/deploy-to-postgresql)#
#2026 09 23 16:35:48.848#Z#DEBUG#89a811f3-b76c-11f1-a9d4-eeee0a93f2f4.hpbuysell-otc-salesorder-postgres-deployer#flowable-async-job-executor-thread-22054#
[PollExecuteTaskStatusExecution] 9409158a-3ef5-419f-b18e-c3263bd4e0f3 [2026-09-23T16:35:46.791737] Deploying with options: { (STDOUT, APP/TASK/deploy-to-postgresql)#
#2026 09 23 16:35:48.848#Z#DEBUG#89a811f3-b76c-11f1-a9d4-eeee0a93f2f4.hpbuysell-otc-salesorder-postgres-deployer#flowable-async-job-executor-thread-22054#
[PollExecuteTaskStatusExecution] 9409158a-3ef5-419f-b18e-c3263bd4e0f3 [2026-09-23T16:35:46.791763] impl: '@cap-js/postgres', (STDOUT, APP/TASK/deploy-to-postgresql)#
#2026 09 23 16:35:48.848#Z#DEBUG#89a811f3-b76c-11f1-a9d4-eeee0a93f2f4.hpbuysell-otc-salesorder-postgres-deployer#flowable-async-job-executor-thread-22054#
[PollExecuteTaskStatusExecution] 9409158a-3ef5-419f-b18e-c3263bd4e0f3 [2026-09-23T16:35:46.791766] kind: 'postgres', (STDOUT, APP/TASK/deploy-to-postgresql)#
#2026 09 23 16:35:48.848#Z#DEBUG#89a811f3-b76c-11f1-a9d4-eeee0a93f2f4.hpbuysell-otc-salesorder-postgres-deployer#flowable-async-job-executor-thread-22054#
[PollExecuteTaskStatusExecution] 9409158a-3ef5-419f-b18e-c3263bd4e0f3 [2026-09-23T16:35:46.791768] dialect: 'postgres', (STDOUT, APP/TASK/deploy-to-postgresql)#
#2026 09 23 16:35:48.848#Z#DEBUG#89a811f3-b76c-11f1-a9d4-eeee0a93f2f4.hpbuysell-otc-salesorder-postgres-deployer#flowable-async-job-executor-thread-22054#
[PollExecuteTaskStatusExecution] 9409158a-3ef5-419f-b18e-c3263bd4e0f3 [2026-09-23T16:35:46.791772] vcap: { label: 'postgresql-db' }, (STDOUT, APP/TASK/deploy-to-postgresql)#
#2026 09 23 16:35:48.848#Z#DEBUG#89a811f3-b76c-11f1-a9d4-eeee0a93f2f4.hpbuysell-otc-salesorder-postgres-deployer#flowable-async-job-executor-thread-22054#
[PollExecuteTaskStatusExecution] 9409158a-3ef5-419f-b18e-c3263bd4e0f3 [2026-09-23T16:35:46.791774] pool: { (STDOUT, APP/TASK/deploy-to-postgresql)#
#2026 09 23 16:35:48.848#Z#DEBUG#89a811f3-b76c-11f1-a9d4-eeee0a93f2f4.hpbuysell-otc-salesorder-postgres-deployer#flowable-async-job-executor-thread-22054#
[PollExecuteTaskStatusExecution] 9409158a-3ef5-419f-b18e-c3263bd4e0f3 [2026-09-23T16:35:46.791776] min: 0, (STDOUT, APP/TASK/deploy-to-postgresql)#
#2026 09 23 16:35:48.848#Z#DEBUG#89a811f3-b76c-11f1-a9d4-eeee0a93f2f4.hpbuysell-otc-salesorder-postgres-deployer#flowable-async-job-executor-thread-22054#
[PollExecuteTaskStatusExecution] 9409158a-3ef5-419f-b18e-c3263bd4e0f3 [2026-09-23T16:35:46.791781] max: 10, (STDOUT, APP/TASK/deploy-to-postgresql)#
#2026 09 23 16:35:48.848#Z#DEBUG#89a811f3-b76c-11f1-a9d4-eeee0a93f2f4.hpbuysell-otc-salesorder-postgres-deployer#flowable-async-job-executor-thread-22054#
[PollExecuteTaskStatusExecution] 9409158a-3ef5-419f-b18e-c3263bd4e0f3 [2026-09-23T16:35:46.791783] testOnBorrow: true, (STDOUT, APP/TASK/deploy-to-postgresql)#
#2026 09 23 16:35:48.848#Z#DEBUG#89a811f3-b76c-11f1-a9d4-eeee0a93f2f4.hpbuysell-otc-salesorder-postgres-deployer#flowable-async-job-executor-thread-22054#
[PollExecuteTaskStatusExecution] 9409158a-3ef5-419f-b18e-c3263bd4e0f3 [2026-09-23T16:35:46.791786] acquireTimeoutMillis: 1000, (STDOUT, APP/TASK/deploy-to-postgresql)#
#2026 09 23 16:35:48.848#Z#DEBUG#89a811f3-b76c-11f1-a9d4-eeee0a93f2f4.hpbuysell-otc-salesorder-postgres-deployer#flowable-async-job-executor-thread-22054#
[PollExecuteTaskStatusExecution] 9409158a-3ef5-419f-b18e-c3263bd4e0f3 [2026-09-23T16:35:46.791788] destroyTimeoutMillis: 1000 (STDOUT, APP/TASK/deploy-to-postgresql)#
#2026 09 23 16:35:48.848#Z#DEBUG#89a811f3-b76c-11f1-a9d4-eeee0a93f2f4.hpbuysell-otc-salesorder-postgres-deployer#flowable-async-job-executor-thread-22054#
[PollExecuteTaskStatusExecution] 9409158a-3ef5-419f-b18e-c3263bd4e0f3 [2026-09-23T16:35:46.791790] }, (STDOUT, APP/TASK/deploy-to-postgresql)#
#2026 09 23 16:35:48.848#Z#DEBUG#89a811f3-b76c-11f1-a9d4-eeee0a93f2f4.hpbuysell-otc-salesorder-postgres-deployer#flowable-async-job-executor-thread-22054#
[PollExecuteTaskStatusExecution] 9409158a-3ef5-419f-b18e-c3263bd4e0f3 [2026-09-23T16:35:46.791795] schema_evolution: 'auto', (STDOUT, APP/TASK/deploy-to-postgresql)#
#2026 09 23 16:35:48.848#Z#DEBUG#89a811f3-b76c-11f1-a9d4-eeee0a93f2f4.hpbuysell-otc-salesorder-postgres-deployer#flowable-async-job-executor-thread-22054#
[PollExecuteTaskStatusExecution] 9409158a-3ef5-419f-b18e-c3263bd4e0f3 [2026-09-23T16:35:46.791797] credentials: { (STDOUT, APP/TASK/deploy-to-postgresql)#
#2026 09 23 16:35:48.848#Z#DEBUG#89a811f3-b76c-11f1-a9d4-eeee0a93f2f4.hpbuysell-otc-salesorder-postgres-deployer#flowable-async-job-executor-thread-22054#
[PollExecuteTaskStatusExecution] 9409158a-3ef5-419f-b18e-c3263bd4e0f3 [2026-09-23T16:35:46.791799] database: 'db.sqlite', (STDOUT, APP/TASK/deploy-to-postgresql)#
#2026 09 23 16:35:48.848#Z#DEBUG#89a811f3-b76c-11f1-a9d4-eeee0a93f2f4.hpbuysell-otc-salesorder-postgres-deployer#flowable-async-job-executor-thread-22054#
[PollExecuteTaskStatusExecution] 9409158a-3ef5-419f-b18e-c3263bd4e0f3 [2026-09-23T16:35:46.791801] schema: 'hpbuysell_otc_salesorder', (STDOUT, APP/TASK/deploy-to-postgresql)#
#2026 09 23 16:35:48.848#Z#DEBUG#89a811f3-b76c-11f1-a9d4-eeee0a93f2f4.hpbuysell-otc-salesorder-postgres-deployer#flowable-async-job-executor-thread-22054#
[PollExecuteTaskStatusExecution] 9409158a-3ef5-419f-b18e-c3263bd4e0f3 [2026-09-23T16:35:46.791803] hostname: 'postgres-63a33c28-9d9e-4453-821a-000f0ee4a75c.c24srvdukvjo.us-east-1.rds.amazonaws.com', (STDOUT, APP/TASK/deploy-to-postgresql)#
#2026 09 23 16:35:48.848#Z#DEBUG#89a811f3-b76c-11f1-a9d4-eeee0a93f2f4.hpbuysell-otc-salesorder-postgres-deployer#flowable-async-job-executor-thread-22054#
[PollExecuteTaskStatusExecution] 9409158a-3ef5-419f-b18e-c3263bd4e0f3 [2026-09-23T16:35:46.791805] port: '7565', (STDOUT, APP/TASK/deploy-to-postgresql)#
#2026 09 23 16:35:48.848#Z#DEBUG#89a811f3-b76c-11f1-a9d4-eeee0a93f2f4.hpbuysell-otc-salesorder-postgres-deployer#flowable-async-job-executor-thread-22054#
[PollExecuteTaskStatusExecution] 9409158a-3ef5-419f-b18e-c3263bd4e0f3 [2026-09-23T16:35:46.791808] username: 'e4d51886f3dc', (STDOUT, APP/TASK/deploy-to-postgresql)#
#2026 09 23 16:35:48.848#Z#DEBUG#89a811f3-b76c-11f1-a9d4-eeee0a93f2f4.hpbuysell-otc-salesorder-postgres-deployer#flowable-async-job-executor-thread-22054#
[PollExecuteTaskStatusExecution] 9409158a-3ef5-419f-b18e-c3263bd4e0f3 [2026-09-23T16:35:46.791809] password: 'daacb78fca6ef102b1397708', (STDOUT, APP/TASK/deploy-to-postgresql)#
#2026 09 23 16:35:48.848#Z#DEBUG#89a811f3-b76c-11f1-a9d4-eeee0a93f2f4.hpbuysell-otc-salesorder-postgres-deployer#flowable-async-job-executor-thread-22054#
[PollExecuteTaskStatusExecution] 9409158a-3ef5-419f-b18e-c3263bd4e0f3 [2026-09-23T16:35:46.791811] dbname: 'BQiFxAUMVHcr', (STDOUT, APP/TASK/deploy-to-postgresql)#
#2026 09 23 16:35:48.848#Z#DEBUG#89a811f3-b76c-11f1-a9d4-eeee0a93f2f4.hpbuysell-otc-salesorder-postgres-deployer#flowable-async-job-executor-thread-22054#
[PollExecuteTaskStatusExecution] 9409158a-3ef5-419f-b18e-c3263bd4e0f3 [2026-09-23T16:35:46.791814] sslcert: '-----BEGIN CERTIFICATE-----\n' + (STDOUT, APP/TASK/deploy-to-postgresql)#
#2026 09 23 16:35:48.848#Z#DEBUG#89a811f3-b76c-11f1-a9d4-eeee0a93f2f4.hpbuysell-otc-salesorder-postgres-deployer#flowable-async-job-executor-thread-22054#
[PollExecuteTaskStatusExecution] 9409158a-3ef5-419f-b18e-c3263bd4e0f3 [2026-09-23T16:35:46.791817] 'MIID/zCCAuegAwIBAgIRAPVSMfFitmM5PhmbaOFoGfUwDQYJKoZIhvcNAQELBQAw\n' + (STDOUT, APP/TASK/deploy-to-postgresql)#
#2026 09 23 16:35:48.849#Z#DEBUG#89a811f3-b76c-11f1-a9d4-eeee0a93f2f4.hpbuysell-otc-salesorder-postgres-deployer#flowable-async-job-executor-thread-22054#
[PollExecuteTaskStatusExecution] 9409158a-3ef5-419f-b18e-c3263bd4e0f3 [2026-09-23T16:35:46.791821] 'gZcxCzAJBgNVBAYTAlVTMSIwIAYDVQQKDBlBbWF6b24gV2ViIFNlcnZpY2VzLCBJ\n' + (STDOUT, APP/TASK/deploy-to-postgresql)#
#2026 09 23 16:35:48.849#Z#DEBUG#89a811f3-b76c-11f1-a9d4-eeee0a93f2f4.hpbuysell-otc-salesorder-postgres-deployer#flowable-async-job-executor-thread-22054#
[PollExecuteTaskStatusExecution] 9409158a-3ef5-419f-b18e-c3263bd4e0f3 [2026-09-23T16:35:46.791823] 'bmMuMRMwEQYDVQQLDApBbWF6b24gUkRTMQswCQYDVQQIDAJXQTEwMC4GA1UEAwwn\n' + (STDOUT, APP/TASK/deploy-to-postgresql)#
#2026 09 23 16:35:48.849#Z#DEBUG#89a811f3-b76c-11f1-a9d4-eeee0a93f2f4.hpbuysell-otc-salesorder-postgres-deployer#flowable-async-job-executor-thread-22054#
[PollExecuteTaskStatusExecution] 9409158a-3ef5-419f-b18e-c3263bd4e0f3 [2026-09-23T16:35:46.791825] 'QW1hem9uIFJEUyB1cy1lYXN0LTEgUm9vdCBDQSBSU0EyMDQ4IEcxMRAwDgYDVQQH\n' + (STDOUT, APP/TASK/deploy-to-postgresql)#
#2026 09 23 16:35:48.849#Z#DEBUG#89a811f3-b76c-11f1-a9d4-eeee0a93f2f4.hpbuysell-otc-salesorder-postgres-deployer#flowable-async-job-executor-thread-22054#
[PollExecuteTaskStatusExecution] 9409158a-3ef5-419f-b18e-c3263bd4e0f3 [2026-09-23T16:35:46.791827] 'DAdTZWF0dGxlMCAXDTIxMDUyNTIyMzQ1N1oYDzIwNjEwNTI1MjMzNDU3WjCBlzEL\n' + (STDOUT, APP/TASK/deploy-to-postgresql)#
#2026 09 23 16:35:48.849#Z#DEBUG#89a811f3-b76c-11f1-a9d4-eeee0a93f2f4.hpbuysell-otc-salesorder-postgres-deployer#flowable-async-job-executor-thread-22054#
[PollExecuteTaskStatusExecution] 9409158a-3ef5-419f-b18e-c3263bd4e0f3 [2026-09-23T16:35:46.791830] 'MAkGA1UEBhMCVVMxIjAgBgNVBAoMGUFtYXpvbiBXZWIgU2VydmljZXMsIEluYy4x\n' + (STDOUT, APP/TASK/deploy-to-postgresql)#
#2026 09 23 16:35:48.849#Z#DEBUG#89a811f3-b76c-11f1-a9d4-eeee0a93f2f4.hpbuysell-otc-salesorder-postgres-deployer#flowable-async-job-executor-thread-22054#
[PollExecuteTaskStatusExecution] 9409158a-3ef5-419f-b18e-c3263bd4e0f3 [2026-09-23T16:35:46.791832] 'EzARBgNVBAsMCkFtYXpvbiBSRFMxCzAJBgNVBAgMAldBMTAwLgYDVQQDDCdBbWF6\n' + (STDOUT, APP/TASK/deploy-to-postgresql)#
#2026 09 23 16:35:48.849#Z#DEBUG#89a811f3-b76c-11f1-a9d4-eeee0a93f2f4.hpbuysell-otc-salesorder-postgres-deployer#flowable-async-job-executor-thread-22054#
[PollExecuteTaskStatusExecution] 9409158a-3ef5-419f-b18e-c3263bd4e0f3 [2026-09-23T16:35:46.791834] 'b24gUkRTIHVzLWVhc3QtMSBSb290IENBIFJTQTIwNDggRzExEDAOBgNVBAcMB1Nl\n' + (STDOUT, APP/TASK/deploy-to-postgresql)#
#2026 09 23 16:35:48.849#Z#DEBUG#89a811f3-b76c-11f1-a9d4-eeee0a93f2f4.hpbuysell-otc-salesorder-postgres-deployer#flowable-async-job-executor-thread-22054#
[PollExecuteTaskStatusExecution] 9409158a-3ef5-419f-b18e-c3263bd4e0f3 [2026-09-23T16:35:46.791835] 'YXR0bGUwggEiMA0GCSqGSIb3DQEBAQUAA4IBDwAwggEKAoIBAQDu9H7TBeGoDzMr\n' + (STDOUT, APP/TASK/deploy-to-postgresql)#
#2026 09 23 16:35:48.849#Z#DEBUG#89a811f3-b76c-11f1-a9d4-eeee0a93f2f4.hpbuysell-otc-salesorder-postgres-deployer#flowable-async-job-executor-thread-22054#
[PollExecuteTaskStatusExecution] 9409158a-3ef5-419f-b18e-c3263bd4e0f3 [2026-09-23T16:35:46.791837] 'dxN6H8COntJX4IR6dbyhnj5qMD4xl/IWvp50lt0VpmMd+z2PNZzx8RazeGC5IniV\n' + (STDOUT, APP/TASK/deploy-to-postgresql)#
#2026 09 23 16:35:48.849#Z#DEBUG#89a811f3-b76c-11f1-a9d4-eeee0a93f2f4.hpbuysell-otc-salesorder-postgres-deployer#flowable-async-job-executor-thread-22054#
[PollExecuteTaskStatusExecution] 9409158a-3ef5-419f-b18e-c3263bd4e0f3 [2026-09-23T16:35:46.791839] '5nrLg0AKWRQ2A/lGGXbUrGXCSe09brMQCxWBSIYe1WZZ1iU1IJ/6Bp4D2YEHpXrW\n' + (STDOUT, APP/TASK/deploy-to-postgresql)#
#2026 09 23 16:35:48.849#Z#DEBUG#89a811f3-b76c-11f1-a9d4-eeee0a93f2f4.hpbuysell-otc-salesorder-postgres-deployer#flowable-async-job-executor-thread-22054#
[PollExecuteTaskStatusExecution] 9409158a-3ef5-419f-b18e-c3263bd4e0f3 [2026-09-23T16:35:46.791840] 'bPkOq5x3YPcsoitgm1Xh8ygz6vb7PsvJvPbvRMnkDg5IqEThapPjmKb8ZJWyEFEE\n' + (STDOUT, APP/TASK/deploy-to-postgresql)#
#2026 09 23 16:35:48.849#Z#DEBUG#89a811f3-b76c-11f1-a9d4-eeee0a93f2f4.hpbuysell-otc-salesorder-postgres-deployer#flowable-async-job-executor-thread-22054#
[PollExecuteTaskStatusExecution] 9409158a-3ef5-419f-b18e-c3263bd4e0f3 [2026-09-23T16:35:46.791842] 'QRrkCIRueB1EqQtJw0fvP4PKDlCJAKBEs/y049FoOqYpT3pRy0WKqPhWve+hScMd\n' + (STDOUT, APP/TASK/deploy-to-postgresql)#
#2026 09 23 16:35:48.849#Z#DEBUG#89a811f3-b76c-11f1-a9d4-eeee0a93f2f4.hpbuysell-otc-salesorder-postgres-deployer#flowable-async-job-executor-thread-22054#
[PollExecuteTaskStatusExecution] 9409158a-3ef5-419f-b18e-c3263bd4e0f3 [2026-09-23T16:35:46.791847] '6obq8kxTFy1IHACjHc51nrGII5Bt76/MpTWhnJIJrCnq1/Uc3Qs8IVeb+sLaFC8K\n' + (STDOUT, APP/TASK/deploy-to-postgresql)#
#2026 09 23 16:35:48.849#Z#DEBUG#89a811f3-b76c-11f1-a9d4-eeee0a93f2f4.hpbuysell-otc-salesorder-postgres-deployer#flowable-async-job-executor-thread-22054#
[PollExecuteTaskStatusExecution] 9409158a-3ef5-419f-b18e-c3263bd4e0f3 [2026-09-23T16:35:46.791849] 'DI69Sw6bAgMBAAGjQjBAMA8GA1UdEwEB/wQFMAMBAf8wHQYDVR0OBBYEFE7PCopt\n' + (STDOUT, APP/TASK/deploy-to-postgresql)#
#2026 09 23 16:35:48.849#Z#DEBUG#89a811f3-b76c-11f1-a9d4-eeee0a93f2f4.hpbuysell-otc-salesorder-postgres-deployer#flowable-async-job-executor-thread-22054#
[PollExecuteTaskStatusExecution] 9409158a-3ef5-419f-b18e-c3263bd4e0f3 [2026-09-23T16:35:46.791852] 'lyOgtXX0Y1lObBUxuKaCMA4GA1UdDwEB/wQEAwIBhjANBgkqhkiG9w0BAQsFAAOC\n' + (STDOUT, APP/TASK/deploy-to-postgresql)#
#2026 09 23 16:35:48.849#Z#DEBUG#89a811f3-b76c-11f1-a9d4-eeee0a93f2f4.hpbuysell-otc-salesorder-postgres-deployer#flowable-async-job-executor-thread-22054#
[PollExecuteTaskStatusExecution] 9409158a-3ef5-419f-b18e-c3263bd4e0f3 [2026-09-23T16:35:46.791854] 'AQEAFj+bX8gLmMNefr5jRJfHjrL3iuZCjf7YEZgn89pS4z8408mjj9z6Q5D1H7yS\n' + (STDOUT, APP/TASK/deploy-to-postgresql)#
#2026 09 23 16:35:48.849#Z#DEBUG#89a811f3-b76c-11f1-a9d4-eeee0a93f2f4.hpbuysell-otc-salesorder-postgres-deployer#flowable-async-job-executor-thread-22054#
[PollExecuteTaskStatusExecution] 9409158a-3ef5-419f-b18e-c3263bd4e0f3 [2026-09-23T16:35:46.791856] 'jNETVV8QaJip1qyhh5gRzRaArgGAYvi2/r0zPsy+Tgf7v1KGL5Lh8NT8iCEGGXwF\n' + (STDOUT, APP/TASK/deploy-to-postgresql)#
#2026 09 23 16:35:48.849#Z#DEBUG#89a811f3-b76c-11f1-a9d4-eeee0a93f2f4.hpbuysell-otc-salesorder-postgres-deployer#flowable-async-job-executor-thread-22054#
[PollExecuteTaskStatusExecution] 9409158a-3ef5-419f-b18e-c3263bd4e0f3 [2026-09-23T16:35:46.791858] 'g3Ir+Nl3e+9XUp0eyyzBIjHtjLBm6yy8rGk9p6OtFDQnKF5OxwbAgip42CD75r/q\n' + (STDOUT, APP/TASK/deploy-to-postgresql)#
#2026 09 23 16:35:48.849#Z#DEBUG#89a811f3-b76c-11f1-a9d4-eeee0a93f2f4.hpbuysell-otc-salesorder-postgres-deployer#flowable-async-job-executor-thread-22054#
[PollExecuteTaskStatusExecution] 9409158a-3ef5-419f-b18e-c3263bd4e0f3 [2026-09-23T16:35:46.791859] 'p421maEDDvvRFR4D+99JZxgAYDBGqRRceUoe16qDzbMvlz0A9paCZFclxeftAxv6\n' + (STDOUT, APP/TASK/deploy-to-postgresql)#
#2026 09 23 16:35:48.849#Z#DEBUG#89a811f3-b76c-11f1-a9d4-eeee0a93f2f4.hpbuysell-otc-salesorder-postgres-deployer#flowable-async-job-executor-thread-22054#
[PollExecuteTaskStatusExecution] 9409158a-3ef5-419f-b18e-c3263bd4e0f3 [2026-09-23T16:35:46.791861] 'QlR5rItMz/XdzpBJUpYhdzM0gCzAzdQuVO5tjJxmXhkSMcDP+8Q+Uv6FA9k2VpUV\n' + (STDOUT, APP/TASK/deploy-to-postgresql)#
#2026 09 23 16:35:48.849#Z#DEBUG#89a811f3-b76c-11f1-a9d4-eeee0a93f2f4.hpbuysell-otc-salesorder-postgres-deployer#flowable-async-job-executor-thread-22054#
[PollExecuteTaskStatusExecution] 9409158a-3ef5-419f-b18e-c3263bd4e0f3 [2026-09-23T16:35:46.791863] 'E/O5jgpqUJJ2Hc/5rs9VkAPXeA==\n' + (STDOUT, APP/TASK/deploy-to-postgresql)#
#2026 09 23 16:35:48.849#Z#DEBUG#89a811f3-b76c-11f1-a9d4-eeee0a93f2f4.hpbuysell-otc-salesorder-postgres-deployer#flowable-async-job-executor-thread-22054#
[PollExecuteTaskStatusExecution] 9409158a-3ef5-419f-b18e-c3263bd4e0f3 [2026-09-23T16:35:46.791866] '-----END CERTIFICATE-----\n' + (STDOUT, APP/TASK/deploy-to-postgresql)#
#2026 09 23 16:35:48.849#Z#DEBUG#89a811f3-b76c-11f1-a9d4-eeee0a93f2f4.hpbuysell-otc-salesorder-postgres-deployer#flowable-async-job-executor-thread-22054#
[PollExecuteTaskStatusExecution] 9409158a-3ef5-419f-b18e-c3263bd4e0f3 [2026-09-23T16:35:46.791868] '-----BEGIN CERTIFICATE-----\n' + (STDOUT, APP/TASK/deploy-to-postgresql)#
#2026 09 23 16:35:48.849#Z#DEBUG#89a811f3-b76c-11f1-a9d4-eeee0a93f2f4.hpbuysell-otc-salesorder-postgres-deployer#flowable-async-job-executor-thread-22054#
[PollExecuteTaskStatusExecution] 9409158a-3ef5-419f-b18e-c3263bd4e0f3 [2026-09-23T16:35:46.791870] 'MIIF/jCCA+agAwIBAgIQaRHaEqqacXN20e8zZJtmDDANBgkqhkiG9w0BAQwFADCB\n' + (STDOUT, APP/TASK/deploy-to-postgresql)#
#2026 09 23 16:35:48.849#Z#DEBUG#89a811f3-b76c-11f1-a9d4-eeee0a93f2f4.hpbuysell-otc-salesorder-postgres-deployer#flowable-async-job-executor-thread-22054#
[PollExecuteTaskStatusExecution] 9409158a-3ef5-419f-b18e-c3263bd4e0f3 [2026-09-23T16:35:46.791872] 'lzELMAkGA1UEBhMCVVMxIjAgBgNVBAoMGUFtYXpvbiBXZWIgU2VydmljZXMsIElu\n' + (STDOUT, APP/TASK/deploy-to-postgresql)#
#2026 09 23 16:35:48.849#Z#DEBUG#89a811f3-b76c-11f1-a9d4-eeee0a93f2f4.hpbuysell-otc-salesorder-postgres-deployer#flowable-async-job-executor-thread-22054#
[PollExecuteTaskStatusExecution] 9409158a-3ef5-419f-b18e-c3263bd4e0f3 [2026-09-23T16:35:46.791875] 'Yy4xEzARBgNVBAsMCkFtYXpvbiBSRFMxCzAJBgNVBAgMAldBMTAwLgYDVQQDDCdB\n' + (STDOUT, APP/TASK/deploy-to-postgresql)#
#2026 09 23 16:35:48.849#Z#DEBUG#89a811f3-b76c-11f1-a9d4-eeee0a93f2f4.hpbuysell-otc-salesorder-postgres-deployer#flowable-async-job-executor-thread-22054#
[PollExecuteTaskStatusExecution] 9409158a-3ef5-419f-b18e-c3263bd4e0f3 [2026-09-23T16:35:46.791878] 'bWF6b24gUkRTIHVzLWVhc3QtMSBSb290IENBIFJTQTQwOTYgRzExEDAOBgNVBAcM\n' + (STDOUT, APP/TASK/deploy-to-postgresql)#
#2026 09 23 16:35:48.849#Z#DEBUG#89a811f3-b76c-11f1-a9d4-eeee0a93f2f4.hpbuysell-otc-salesorder-postgres-deployer#flowable-async-job-executor-thread-22054#
[PollExecuteTaskStatusExecution] 9409158a-3ef5-419f-b18e-c3263bd4e0f3 [2026-09-23T16:35:46.791882] 'B1NlYXR0bGUwIBcNMjEwNTI1MjIzODM1WhgPMjEyMTA1MjUyMzM4MzVaMIGXMQsw\n' + (STDOUT, APP/TASK/deploy-to-postgresql)#
#2026 09 23 16:35:48.849#Z#DEBUG#89a811f3-b76c-11f1-a9d4-eeee0a93f2f4.hpbuysell-otc-salesorder-postgres-deployer#flowable-async-job-executor-thread-22054#
[PollExecuteTaskStatusExecution] 9409158a-3ef5-419f-b18e-c3263bd4e0f3 [2026-09-23T16:35:46.791884] 'CQYDVQQGEwJVUzEiMCAGA1UECgwZQW1hem9uIFdlYiBTZXJ2aWNlcywgSW5jLjET\n' + (STDOUT, APP/TASK/deploy-to-postgresql)#
#2026 09 23 16:35:48.849#Z#DEBUG#89a811f3-b76c-11f1-a9d4-eeee0a93f2f4.hpbuysell-otc-salesorder-postgres-deployer#flowable-async-job-executor-thread-22054#
[PollExecuteTaskStatusExecution] 9409158a-3ef5-419f-b18e-c3263bd4e0f3 [2026-09-23T16:35:46.791888] 'MBEGA1UECwwKQW1hem9uIFJEUzELMAkGA1UECAwCV0ExMDAuBgNVBAMMJ0FtYXpv\n' + (STDOUT, APP/TASK/deploy-to-postgresql)#
#2026 09 23 16:35:48.849#Z#DEBUG#89a811f3-b76c-11f1-a9d4-eeee0a93f2f4.hpbuysell-otc-salesorder-postgres-deployer#flowable-async-job-executor-thread-22054#
[PollExecuteTaskStatusExecution] 9409158a-3ef5-419f-b18e-c3263bd4e0f3 [2026-09-23T16:35:46.791889] 'biBSRFMgdXMtZWFzdC0xIFJvb3QgQ0EgUlNBNDA5NiBHMTEQMA4GA1UEBwwHU2Vh\n' + (STDOUT, APP/TASK/deploy-to-postgresql)#
#2026 09 23 16:35:48.849#Z#DEBUG#89a811f3-b76c-11f1-a9d4-eeee0a93f2f4.hpbuysell-otc-salesorder-postgres-deployer#flowable-async-job-executor-thread-22054#
[PollExecuteTaskStatusExecution] 9409158a-3ef5-419f-b18e-c3263bd4e0f3 [2026-09-23T16:35:46.791891] 'dHRsZTCCAiIwDQYJKoZIhvcNAQEBBQADggIPADCCAgoCggIBAInfBCaHuvj6Rb5c\n' + (STDOUT, APP/TASK/deploy-to-postgresql)#
#2026 09 23 16:35:48.849#Z#DEBUG#89a811f3-b76c-11f1-a9d4-eeee0a93f2f4.hpbuysell-otc-salesorder-postgres-deployer#flowable-async-job-executor-thread-22054#
[PollExecuteTaskStatusExecution] 9409158a-3ef5-419f-b18e-c3263bd4e0f3 [2026-09-23T16:35:46.791893] 'L5Wmn1jv2PHtEGMHm+7Z8dYosdwouG8VG2A+BCYCZfij9lIGszrTXkY4O7vnXgru\n' + (STDOUT, APP/TASK/deploy-to-postgresql)#
#2026 09 23 16:35:48.849#Z#DEBUG#89a811f3-b76c-11f1-a9d4-eeee0a93f2f4.hpbuysell-otc-salesorder-postgres-deployer#flowable-async-job-executor-thread-22054#
[PollExecuteTaskStatusExecution] 9409158a-3ef5-419f-b18e-c3263bd4e0f3 [2026-09-23T16:35:46.791897] 'JUNdxh0Q3M83p4X+bg+gODUs3jf+Z3Oeq7nTOk/2UYvQLcxP4FEXILxDInbQFcIx\n' + (STDOUT, APP/TASK/deploy-to-postgresql)#
#2026 09 23 16:35:48.849#Z#DEBUG#89a811f3-b76c-11f1-a9d4-eeee0a93f2f4.hpbuysell-otc-salesorder-postgres-deployer#flowable-async-job-executor-thread-22054#
[PollExecuteTaskStatusExecution] 9409158a-3ef5-419f-b18e-c3263bd4e0f3 [2026-09-23T16:35:46.791899] 'yen1ESHggGrjEodgn6nbKQNRfIhjhW+TKYaewfsVWH7EF2pfj+cjbJ6njjgZ0/M9\n' + (STDOUT, APP/TASK/deploy-to-postgresql)#
#2026 09 23 16:35:48.849#Z#DEBUG#89a811f3-b76c-11f1-a9d4-eeee0a93f2f4.hpbuysell-otc-salesorder-postgres-deployer#flowable-async-job-executor-thread-22054#
[PollExecuteTaskStatusExecution] 9409158a-3ef5-419f-b18e-c3263bd4e0f3 [2026-09-23T16:35:46.791901] 'VZifJFBgat6XUTOf3jwHwkCBh7T6rDpgy19A61laImJCQhdTnHKvzTpxcxiLRh69\n' + (STDOUT, APP/TASK/deploy-to-postgresql)#
#2026 09 23 16:35:48.849#Z#DEBUG#89a811f3-b76c-11f1-a9d4-eeee0a93f2f4.hpbuysell-otc-salesorder-postgres-deployer#flowable-async-job-executor-thread-22054#
[PollExecuteTaskStatusExecution] 9409158a-3ef5-419f-b18e-c3263bd4e0f3 [2026-09-23T16:35:46.791903] 'ZObypR7W04OAUmFS88V7IotlPmCL8xf7kwxG+gQfvx31+A9IDMsiTqJ1Cc4fYEKg\n' + (STDOUT, APP/TASK/deploy-to-postgresql)#
#2026 09 23 16:35:48.849#Z#DEBUG#89a811f3-b76c-11f1-a9d4-eeee0a93f2f4.hpbuysell-otc-salesorder-postgres-deployer#flowable-async-job-executor-thread-22054#
[PollExecuteTaskStatusExecution] 9409158a-3ef5-419f-b18e-c3263bd4e0f3 [2026-09-23T16:35:46.791905] 'bL+Vo+2Ii4W2esCTGVYmHm73drznfeKwL+kmIC/Bq+DrZ+veTqKFYwSkpHRyJCEe\n' + (STDOUT, APP/TASK/deploy-to-postgresql)#
#2026 09 23 16:35:48.849#Z#DEBUG#89a811f3-b76c-11f1-a9d4-eeee0a93f2f4.hpbuysell-otc-salesorder-postgres-deployer#flowable-async-job-executor-thread-22054#
[PollExecuteTaskStatusExecution] 9409158a-3ef5-419f-b18e-c3263bd4e0f3 [2026-09-23T16:35:46.791907] 'U4Zym6POqQ/4LBSKwDUhWLJIlq99bjKX+hNTJykB+Lbcx0ScOP4IAZQoxmDxGWxN\n' + (STDOUT, APP/TASK/deploy-to-postgresql)#
#2026 09 23 16:35:48.849#Z#DEBUG#89a811f3-b76c-11f1-a9d4-eeee0a93f2f4.hpbuysell-otc-salesorder-postgres-deployer#flowable-async-job-executor-thread-22054#
[PollExecuteTaskStatusExecution] 9409158a-3ef5-419f-b18e-c3263bd4e0f3 [2026-09-23T16:35:46.791909] 'S+lQj+Cx2pwU3S/7+OxlRndZAX/FKgk7xSMkg88HykUZaZ/ozIiqJqSnGpgXCtED\n' + (STDOUT, APP/TASK/deploy-to-postgresql)#
#2026 09 23 16:35:48.849#Z#DEBUG#89a811f3-b76c-11f1-a9d4-eeee0a93f2f4.hpbuysell-otc-salesorder-postgres-deployer#flowable-async-job-executor-thread-22054#
[PollExecuteTaskStatusExecution] 9409158a-3ef5-419f-b18e-c3263bd4e0f3 [2026-09-23T16:35:46.791912] 'oQ4OJw5ozAr+/wudOawaMwUWQl5asD8fuy/hl5S1nv9XxIc842QJOtJFxhyeMIXt\n' + (STDOUT, APP/TASK/deploy-to-postgresql)#
#2026 09 23 16:35:48.849#Z#DEBUG#89a811f3-b76c-11f1-a9d4-eeee0a93f2f4.hpbuysell-otc-salesorder-postgres-deployer#flowable-async-job-executor-thread-22054#
[PollExecuteTaskStatusExecution] 9409158a-3ef5-419f-b18e-c3263bd4e0f3 [2026-09-23T16:35:46.791913] 'LVECVw/dPekhMjS3Zo3wwRgYbnKG7YXXT5WMxJEnHu8+cYpMiRClzq2BEP6/MtI2\n' + (STDOUT, APP/TASK/deploy-to-postgresql)#
#2026 09 23 16:35:48.849#Z#DEBUG#89a811f3-b76c-11f1-a9d4-eeee0a93f2f4.hpbuysell-otc-salesorder-postgres-deployer#flowable-async-job-executor-thread-22054#
[PollExecuteTaskStatusExecution] 9409158a-3ef5-419f-b18e-c3263bd4e0f3 [2026-09-23T16:35:46.791915] 'AZQQUFu2yFjRGL2OZA6IYjxnXYiRAgMBAAGjQjBAMA8GA1UdEwEB/wQFMAMBAf8w\n' + (STDOUT, APP/TASK/deploy-to-postgresql)#
#2026 09 23 16:35:48.849#Z#DEBUG#89a811f3-b76c-11f1-a9d4-eeee0a93f2f4.hpbuysell-otc-salesorder-postgres-deployer#flowable-async-job-executor-thread-22054#
[PollExecuteTaskStatusExecution] 9409158a-3ef5-419f-b18e-c3263bd4e0f3 [2026-09-23T16:35:46.791917] 'HQYDVR0OBBYEFADCcQCPX2HmkqQcmuHfiQ2jjqnrMA4GA1UdDwEB/wQEAwIBhjAN\n' + (STDOUT, APP/TASK/deploy-to-postgresql)#
#2026 09 23 16:35:48.849#Z#DEBUG#89a811f3-b76c-11f1-a9d4-eeee0a93f2f4.hpbuysell-otc-salesorder-postgres-deployer#flowable-async-job-executor-thread-22054#
[PollExecuteTaskStatusExecution] 9409158a-3ef5-419f-b18e-c3263bd4e0f3 [2026-09-23T16:35:46.791918] 'BgkqhkiG9w0BAQwFAAOCAgEASXkGQ2eUmudIKPeOIF7RBryCoPmMOsqP0+1qxF8l\n' + (STDOUT, APP/TASK/deploy-to-postgresql)#
#2026 09 23 16:35:48.849#Z#DEBUG#89a811f3-b76c-11f1-a9d4-eeee0a93f2f4.hpbuysell-otc-salesorder-postgres-deployer#flowable-async-job-executor-thread-22054#
[PollExecuteTaskStatusExecution] 9409158a-3ef5-419f-b18e-c3263bd4e0f3 [2026-09-23T16:35:46.791928] 'pGkwmrgNDGpmd9s0ArfIVBTc1jmpgB3oiRW9c6n2OmwBKL4UPuQ8O3KwSP0iD2sZ\n' + (STDOUT, APP/TASK/deploy-to-postgresql)#
#2026 09 23 16:35:48.849#Z#DEBUG#89a811f3-b76c-11f1-a9d4-eeee0a93f2f4.hpbuysell-otc-salesorder-postgres-deployer#flowable-async-job-executor-thread-22054#
[PollExecuteTaskStatusExecution] 9409158a-3ef5-419f-b18e-c3263bd4e0f3 [2026-09-23T16:35:46.791931] 'KMXoMEyphCEzW1I2GRvYDugL3Z9MWrnHkoaoH2l8YyTYvszTvdgxBPpM2x4pSkp+\n' + (STDOUT, APP/TASK/deploy-to-postgresql)#
#2026 09 23 16:35:48.849#Z#DEBUG#89a811f3-b76c-11f1-a9d4-eeee0a93f2f4.hpbuysell-otc-salesorder-postgres-deployer#flowable-async-job-executor-thread-22054#
[PollExecuteTaskStatusExecution] 9409158a-3ef5-419f-b18e-c3263bd4e0f3 [2026-09-23T16:35:46.791933] '76d4/eRpJ5mVuQ93nC+YG0wXCxSq63hX4kyZgPxgCdAA+qgFfKIGyNqUIqWgeyTP\n' + (STDOUT, APP/TASK/deploy-to-postgresql)#
#2026 09 23 16:35:48.849#Z#DEBUG#89a811f3-b76c-11f1-a9d4-eeee0a93f2f4.hpbuysell-otc-salesorder-postgres-deployer#flowable-async-job-executor-thread-22054#
[PollExecuteTaskStatusExecution] 9409158a-3ef5-419f-b18e-c3263bd4e0f3 [2026-09-23T16:35:46.791935] 'n5OgKaboYk2141Rf2hGMD3/hsGm0rrJh7g3C0ZirPws3eeJfulvAOIy2IZzqHUSY\n' + (STDOUT, APP/TASK/deploy-to-postgresql)#
#2026 09 23 16:35:48.849#Z#DEBUG#89a811f3-b76c-11f1-a9d4-eeee0a93f2f4.hpbuysell-otc-salesorder-postgres-deployer#flowable-async-job-executor-thread-22054#
[PollExecuteTaskStatusExecution] 9409158a-3ef5-419f-b18e-c3263bd4e0f3 [2026-09-23T16:35:46.791937] 'jkFzraz6LEH3IlArT3jUPvWKqvh2lJWnnp56aqxBR7qHH5voD49UpJWY1K0BjGnS\n' + (STDOUT, APP/TASK/deploy-to-postgresql)#
#2026 09 23 16:35:48.849#Z#DEBUG#89a811f3-b76c-11f1-a9d4-eeee0a93f2f4.hpbuysell-otc-salesorder-postgres-deployer#flowable-async-job-executor-thread-22054#
[PollExecuteTaskStatusExecution] 9409158a-3ef5-419f-b18e-c3263bd4e0f3 [2026-09-23T16:35:46.791938] 'OHcurpp0Yt/BIs4VZeWdCZwI7JaSeDcPMaMDBvND3Ia5Fga0thgYQTG6dE+N5fgF\n' + (STDOUT, APP/TASK/deploy-to-postgresql)#
#2026 09 23 16:35:48.849#Z#DEBUG#89a811f3-b76c-11f1-a9d4-eeee0a93f2f4.hpbuysell-otc-salesorder-postgres-deployer#flowable-async-job-executor-thread-22054#
[PollExecuteTaskStatusExecution] 9409158a-3ef5-419f-b18e-c3263bd4e0f3 [2026-09-23T16:35:46.791942] 'z+hRaujXO2nb0LmddVyvE8prYlWRMuYFv+Co8hcMdJ0lEZlfVNu0jbm9/GmwAZ+l\n' + (STDOUT, APP/TASK/deploy-to-postgresql)#
#2026 09 23 16:35:48.849#Z#DEBUG#89a811f3-b76c-11f1-a9d4-eeee0a93f2f4.hpbuysell-otc-salesorder-postgres-deployer#flowable-async-job-executor-thread-22054#
[PollExecuteTaskStatusExecution] 9409158a-3ef5-419f-b18e-c3263bd4e0f3 [2026-09-23T16:35:46.791944] '9umeYO9yz/uC7edC8XJBglMAKUmVK9wNtOckUWAcCfnPWYLbYa/PqtXBYcxrso5j\n' + (STDOUT, APP/TASK/deploy-to-postgresql)#
#2026 09 23 16:35:48.849#Z#DEBUG#89a811f3-b76c-11f1-a9d4-eeee0a93f2f4.hpbuysell-otc-salesorder-postgres-deployer#flowable-async-job-executor-thread-22054#
[PollExecuteTaskStatusExecution] 9409158a-3ef5-419f-b18e-c3263bd4e0f3 [2026-09-23T16:35:46.791947] 'iaS/A7iEW51uteHBGrViCy1afGG+hiUWwFlesli+Rq4dNstX3h6h2baWABaAxEVJ\n' + (STDOUT, APP/TASK/deploy-to-postgresql)#
#2026 09 23 16:35:48.849#Z#DEBUG#89a811f3-b76c-11f1-a9d4-eeee0a93f2f4.hpbuysell-otc-salesorder-postgres-deployer#flowable-async-job-executor-thread-22054#
[PollExecuteTaskStatusExecution] 9409158a-3ef5-419f-b18e-c3263bd4e0f3 [2026-09-23T16:35:46.791949] 'y1RnTQSz6mROT1VmZSgSVO37rgIyY0Hf0872ogcTS+FfvXgBxCxsNWEbiQ/XXva4\n' + (STDOUT, APP/TASK/deploy-to-postgresql)#
#2026 09 23 16:35:48.849#Z#DEBUG#89a811f3-b76c-11f1-a9d4-eeee0a93f2f4.hpbuysell-otc-salesorder-postgres-deployer#flowable-async-job-executor-thread-22054#
[PollExecuteTaskStatusExecution] 9409158a-3ef5-419f-b18e-c3263bd4e0f3 [2026-09-23T16:35:46.791951] '0Ws=\n' + (STDOUT, APP/TASK/deploy-to-postgresql)#
#2026 09 23 16:35:48.849#Z#DEBUG#89a811f3-b76c-11f1-a9d4-eeee0a93f2f4.hpbuysell-otc-salesorder-postgres-deployer#flowable-async-job-executor-thread-22054#
[PollExecuteTaskStatusExecution] 9409158a-3ef5-419f-b18e-c3263bd4e0f3 [2026-09-23T16:35:46.791953] '-----END CERTIFICATE-----\n' + (STDOUT, APP/TASK/deploy-to-postgresql)#
#2026 09 23 16:35:48.849#Z#DEBUG#89a811f3-b76c-11f1-a9d4-eeee0a93f2f4.hpbuysell-otc-salesorder-postgres-deployer#flowable-async-job-executor-thread-22054#
[PollExecuteTaskStatusExecution] 9409158a-3ef5-419f-b18e-c3263bd4e0f3 [2026-09-23T16:35:46.791955] '-----BEGIN CERTIFICATE-----\n' + (STDOUT, APP/TASK/deploy-to-postgresql)#
#2026 09 23 16:35:48.849#Z#DEBUG#89a811f3-b76c-11f1-a9d4-eeee0a93f2f4.hpbuysell-otc-salesorder-postgres-deployer#flowable-async-job-executor-thread-22054#
[PollExecuteTaskStatusExecution] 9409158a-3ef5-419f-b18e-c3263bd4e0f3 [2026-09-23T16:35:46.791956] 'MIICrjCCAjSgAwIBAgIRAPAlEk8VJPmEzVRRaWvTh2AwCgYIKoZIzj0EAwMwgZYx\n' + (STDOUT, APP/TASK/deploy-to-postgresql)#
#2026 09 23 16:35:48.849#Z#DEBUG#89a811f3-b76c-11f1-a9d4-eeee0a93f2f4.hpbuysell-otc-salesorder-postgres-deployer#flowable-async-job-executor-thread-22054#
[PollExecuteTaskStatusExecution] 9409158a-3ef5-419f-b18e-c3263bd4e0f3 [2026-09-23T16:35:46.791961] 'CzAJBgNVBAYTAlVTMSIwIAYDVQQKDBlBbWF6b24gV2ViIFNlcnZpY2VzLCBJbmMu\n' + (STDOUT, APP/TASK/deploy-to-postgresql)#
#2026 09 23 16:35:48.849#Z#DEBUG#89a811f3-b76c-11f1-a9d4-eeee0a93f2f4.hpbuysell-otc-salesorder-postgres-deployer#flowable-async-job-executor-thread-22054#
[PollExecuteTaskStatusExecution] 9409158a-3ef5-419f-b18e-c3263bd4e0f3 [2026-09-23T16:35:46.791964] 'MRMwEQYDVQQLDApBbWF6b24gUkRTMQswCQYDVQQIDAJXQTEvMC0GA1UEAwwmQW1h\n' + (STDOUT, APP/TASK/deploy-to-postgresql)#
#2026 09 23 16:35:48.849#Z#DEBUG#89a811f3-b76c-11f1-a9d4-eeee0a93f2f4.hpbuysell-otc-salesorder-postgres-deployer#flowable-async-job-executor-thread-22054#
[PollExecuteTaskStatusExecution] 9409158a-3ef5-419f-b18e-c3263bd4e0f3 [2026-09-23T16:35:46.791969] 'em9uIFJEUyB1cy1lYXN0LTEgUm9vdCBDQSBFQ0MzODQgRzExEDAOBgNVBAcMB1Nl\n' + (STDOUT, APP/TASK/deploy-to-postgresql)#
#2026 09 23 16:35:48.849#Z#DEBUG#89a811f3-b76c-11f1-a9d4-eeee0a93f2f4.hpbuysell-otc-salesorder-postgres-deployer#flowable-async-job-executor-thread-22054#
[PollExecuteTaskStatusExecution] 9409158a-3ef5-419f-b18e-c3263bd4e0f3 [2026-09-23T16:35:46.791972] 'YXR0bGUwIBcNMjEwNTI1MjI0MTU1WhgPMjEyMTA1MjUyMzQxNTVaMIGWMQswCQYD\n' + (STDOUT, APP/TASK/deploy-to-postgresql)#
#2026 09 23 16:35:48.849#Z#DEBUG#89a811f3-b76c-11f1-a9d4-eeee0a93f2f4.hpbuysell-otc-salesorder-postgres-deployer#flowable-async-job-executor-thread-22054#
[PollExecuteTaskStatusExecution] 9409158a-3ef5-419f-b18e-c3263bd4e0f3 [2026-09-23T16:35:46.791976] 'VQQGEwJVUzEiMCAGA1UECgwZQW1hem9uIFdlYiBTZXJ2aWNlcywgSW5jLjETMBEG\n' + (STDOUT, APP/TASK/deploy-to-postgresql)#
#2026 09 23 16:35:48.849#Z#DEBUG#89a811f3-b76c-11f1-a9d4-eeee0a93f2f4.hpbuysell-otc-salesorder-postgres-deployer#flowable-async-job-executor-thread-22054#
[PollExecuteTaskStatusExecution] 9409158a-3ef5-419f-b18e-c3263bd4e0f3 [2026-09-23T16:35:46.791980] 'A1UECwwKQW1hem9uIFJEUzELMAkGA1UECAwCV0ExLzAtBgNVBAMMJkFtYXpvbiBS\n' + (STDOUT, APP/TASK/deploy-to-postgresql)#
#2026 09 23 16:35:48.849#Z#DEBUG#89a811f3-b76c-11f1-a9d4-eeee0a93f2f4.hpbuysell-otc-salesorder-postgres-deployer#flowable-async-job-executor-thread-22054#
[PollExecuteTaskStatusExecution] 9409158a-3ef5-419f-b18e-c3263bd4e0f3 [2026-09-23T16:35:46.791984] 'RFMgdXMtZWFzdC0xIFJvb3QgQ0EgRUNDMzg0IEcxMRAwDgYDVQQHDAdTZWF0dGxl\n' + (STDOUT, APP/TASK/deploy-to-postgresql)#
#2026 09 23 16:35:48.849#Z#DEBUG#89a811f3-b76c-11f1-a9d4-eeee0a93f2f4.hpbuysell-otc-salesorder-postgres-deployer#flowable-async-job-executor-thread-22054#
[PollExecuteTaskStatusExecution] 9409158a-3ef5-419f-b18e-c3263bd4e0f3 [2026-09-23T16:35:46.792010] 'MHYwEAYHKoZIzj0CAQYFK4EEACIDYgAEx5xjrup8II4HOJw15NTnS3H5yMrQGlbj\n' + (STDOUT, APP/TASK/deploy-to-postgresql)#
#2026 09 23 16:35:48.849#Z#DEBUG#89a811f3-b76c-11f1-a9d4-eeee0a93f2f4.hpbuysell-otc-salesorder-postgres-deployer#flowable-async-job-executor-thread-22054#
[PollExecuteTaskStatusExecution] 9409158a-3ef5-419f-b18e-c3263bd4e0f3 [2026-09-23T16:35:46.792013] 'EDA5MMGnE9DmHp5dACIxmPXPMe/99nO7wNdl7G71OYPCgEvWm0FhdvVUeTb3LVnV\n' + (STDOUT, APP/TASK/deploy-to-postgresql)#
#2026 09 23 16:35:48.849#Z#DEBUG#89a811f3-b76c-11f1-a9d4-eeee0a93f2f4.hpbuysell-otc-salesorder-postgres-deployer#flowable-async-job-executor-thread-22054#
[PollExecuteTaskStatusExecution] 9409158a-3ef5-419f-b18e-c3263bd4e0f3 [2026-09-23T16:35:46.792018] 'BnaXt32Ek7/oxGk1T+Df03C+W0vmuJ+wo0IwQDAPBgNVHRMBAf8EBTADAQH/MB0G\n' + (STDOUT, APP/TASK/deploy-to-postgresql)#
#2026 09 23 16:35:48.849#Z#DEBUG#89a811f3-b76c-11f1-a9d4-eeee0a93f2f4.hpbuysell-otc-salesorder-postgres-deployer#flowable-async-job-executor-thread-22054#
[PollExecuteTaskStatusExecution] 9409158a-3ef5-419f-b18e-c3263bd4e0f3 [2026-09-23T16:35:46.792021] 'A1UdDgQWBBTGXmqBWN/1tkSea4pNw0oHrjk2UDAOBgNVHQ8BAf8EBAMCAYYwCgYI\n' + (STDOUT, APP/TASK/deploy-to-postgresql)#
#2026 09 23 16:35:48.849#Z#DEBUG#89a811f3-b76c-11f1-a9d4-eeee0a93f2f4.hpbuysell-otc-salesorder-postgres-deployer#flowable-async-job-executor-thread-22054#
[PollExecuteTaskStatusExecution] 9409158a-3ef5-419f-b18e-c3263bd4e0f3 [2026-09-23T16:35:46.792024] 'KoZIzj0EAwMDaAAwZQIxAIqqZWCSrIkZ7zsv/FygtAusW6yvlL935YAWYPVXU30m\n' + (STDOUT, APP/TASK/deploy-to-postgresql)#
#2026 09 23 16:35:48.849#Z#DEBUG#89a811f3-b76c-11f1-a9d4-eeee0a93f2f4.hpbuysell-otc-salesorder-postgres-deployer#flowable-async-job-executor-thread-22054#
[PollExecuteTaskStatusExecution] 9409158a-3ef5-419f-b18e-c3263bd4e0f3 [2026-09-23T16:35:46.792026] 'jkMFLM+/RJ9GMvnO8jHfCgIwB+whlkcItzE9CRQ6CsMo/d5cEHDUu/QW6jSIh9BR\n' + (STDOUT, APP/TASK/deploy-to-postgresql)#
#2026 09 23 16:35:48.849#Z#DEBUG#89a811f3-b76c-11f1-a9d4-eeee0a93f2f4.hpbuysell-otc-salesorder-postgres-deployer#flowable-async-job-executor-thread-22054#
[PollExecuteTaskStatusExecution] 9409158a-3ef5-419f-b18e-c3263bd4e0f3 [2026-09-23T16:35:46.792028] 'OGh9pTYPVkUbBiKPA7lVVhre\n' + (STDOUT, APP/TASK/deploy-to-postgresql)#
#2026 09 23 16:35:48.849#Z#DEBUG#89a811f3-b76c-11f1-a9d4-eeee0a93f2f4.hpbuysell-otc-salesorder-postgres-deployer#flowable-async-job-executor-thread-22054#
[PollExecuteTaskStatusExecution] 9409158a-3ef5-419f-b18e-c3263bd4e0f3 [2026-09-23T16:35:46.792030] '-----END CERTIFICATE-----\n', (STDOUT, APP/TASK/deploy-to-postgresql)#
#2026 09 23 16:35:48.849#Z#DEBUG#89a811f3-b76c-11f1-a9d4-eeee0a93f2f4.hpbuysell-otc-salesorder-postgres-deployer#flowable-async-job-executor-thread-22054#
[PollExecuteTaskStatusExecution] 9409158a-3ef5-419f-b18e-c3263bd4e0f3 [2026-09-23T16:35:46.792032] sslrootcert: '-----BEGIN CERTIFICATE-----\n' + (STDOUT, APP/TASK/deploy-to-postgresql)#
#2026 09 23 16:35:48.849#Z#DEBUG#89a811f3-b76c-11f1-a9d4-eeee0a93f2f4.hpbuysell-otc-salesorder-postgres-deployer#flowable-async-job-executor-thread-22054#
[PollExecuteTaskStatusExecution] 9409158a-3ef5-419f-b18e-c3263bd4e0f3 [2026-09-23T16:35:46.792034] 'MIID/zCCAuegAwIBAgIRAPVSMfFitmM5PhmbaOFoGfUwDQYJKoZIhvcNAQELBQAw\n' + (STDOUT, APP/TASK/deploy-to-postgresql)#
#2026 09 23 16:35:48.849#Z#DEBUG#89a811f3-b76c-11f1-a9d4-eeee0a93f2f4.hpbuysell-otc-salesorder-postgres-deployer#flowable-async-job-executor-thread-22054#
[PollExecuteTaskStatusExecution] 9409158a-3ef5-419f-b18e-c3263bd4e0f3 [2026-09-23T16:35:46.792036] 'gZcxCzAJBgNVBAYTAlVTMSIwIAYDVQQKDBlBbWF6b24gV2ViIFNlcnZpY2VzLCBJ\n' + (STDOUT, APP/TASK/deploy-to-postgresql)#
#2026 09 23 16:35:48.849#Z#DEBUG#89a811f3-b76c-11f1-a9d4-eeee0a93f2f4.hpbuysell-otc-salesorder-postgres-deployer#flowable-async-job-executor-thread-22054#
[PollExecuteTaskStatusExecution] 9409158a-3ef5-419f-b18e-c3263bd4e0f3 [2026-09-23T16:35:46.792038] 'bmMuMRMwEQYDVQQLDApBbWF6b24gUkRTMQswCQYDVQQIDAJXQTEwMC4GA1UEAwwn\n' + (STDOUT, APP/TASK/deploy-to-postgresql)#
#2026 09 23 16:35:48.849#Z#DEBUG#89a811f3-b76c-11f1-a9d4-eeee0a93f2f4.hpbuysell-otc-salesorder-postgres-deployer#flowable-async-job-executor-thread-22054#
[PollExecuteTaskStatusExecution] 9409158a-3ef5-419f-b18e-c3263bd4e0f3 [2026-09-23T16:35:46.792040] 'QW1hem9uIFJEUyB1cy1lYXN0LTEgUm9vdCBDQSBSU0EyMDQ4IEcxMRAwDgYDVQQH\n' + (STDOUT, APP/TASK/deploy-to-postgresql)#
#2026 09 23 16:35:48.849#Z#DEBUG#89a811f3-b76c-11f1-a9d4-eeee0a93f2f4.hpbuysell-otc-salesorder-postgres-deployer#flowable-async-job-executor-thread-22054#
[PollExecuteTaskStatusExecution] 9409158a-3ef5-419f-b18e-c3263bd4e0f3 [2026-09-23T16:35:46.792041] 'DAdTZWF0dGxlMCAXDTIxMDUyNTIyMzQ1N1oYDzIwNjEwNTI1MjMzNDU3WjCBlzEL\n' + (STDOUT, APP/TASK/deploy-to-postgresql)#
#2026 09 23 16:35:48.849#Z#DEBUG#89a811f3-b76c-11f1-a9d4-eeee0a93f2f4.hpbuysell-otc-salesorder-postgres-deployer#flowable-async-job-executor-thread-22054#
[PollExecuteTaskStatusExecution] 9409158a-3ef5-419f-b18e-c3263bd4e0f3 [2026-09-23T16:35:46.792044] 'MAkGA1UEBhMCVVMxIjAgBgNVBAoMGUFtYXpvbiBXZWIgU2VydmljZXMsIEluYy4x\n' + (STDOUT, APP/TASK/deploy-to-postgresql)#
#2026 09 23 16:35:48.849#Z#DEBUG#89a811f3-b76c-11f1-a9d4-eeee0a93f2f4.hpbuysell-otc-salesorder-postgres-deployer#flowable-async-job-executor-thread-22054#
[PollExecuteTaskStatusExecution] 9409158a-3ef5-419f-b18e-c3263bd4e0f3 [2026-09-23T16:35:46.792049] 'EzARBgNVBAsMCkFtYXpvbiBSRFMxCzAJBgNVBAgMAldBMTAwLgYDVQQDDCdBbWF6\n' + (STDOUT, APP/TASK/deploy-to-postgresql)#
#2026 09 23 16:35:48.849#Z#DEBUG#89a811f3-b76c-11f1-a9d4-eeee0a93f2f4.hpbuysell-otc-salesorder-postgres-deployer#flowable-async-job-executor-thread-22054#
[PollExecuteTaskStatusExecution] 9409158a-3ef5-419f-b18e-c3263bd4e0f3 [2026-09-23T16:35:46.792052] 'b24gUkRTIHVzLWVhc3QtMSBSb290IENBIFJTQTIwNDggRzExEDAOBgNVBAcMB1Nl\n' + (STDOUT, APP/TASK/deploy-to-postgresql)#
#2026 09 23 16:35:48.849#Z#DEBUG#89a811f3-b76c-11f1-a9d4-eeee0a93f2f4.hpbuysell-otc-salesorder-postgres-deployer#flowable-async-job-executor-thread-22054#
[PollExecuteTaskStatusExecution] 9409158a-3ef5-419f-b18e-c3263bd4e0f3 [2026-09-23T16:35:46.792054] 'YXR0bGUwggEiMA0GCSqGSIb3DQEBAQUAA4IBDwAwggEKAoIBAQDu9H7TBeGoDzMr\n' + (STDOUT, APP/TASK/deploy-to-postgresql)#
#2026 09 23 16:35:48.849#Z#DEBUG#89a811f3-b76c-11f1-a9d4-eeee0a93f2f4.hpbuysell-otc-salesorder-postgres-deployer#flowable-async-job-executor-thread-22054#
[PollExecuteTaskStatusExecution] 9409158a-3ef5-419f-b18e-c3263bd4e0f3 [2026-09-23T16:35:46.792057] 'dxN6H8COntJX4IR6dbyhnj5qMD4xl/IWvp50lt0VpmMd+z2PNZzx8RazeGC5IniV\n' + (STDOUT, APP/TASK/deploy-to-postgresql)#
#2026 09 23 16:35:48.849#Z#DEBUG#89a811f3-b76c-11f1-a9d4-eeee0a93f2f4.hpbuysell-otc-salesorder-postgres-deployer#flowable-async-job-executor-thread-22054#
[PollExecuteTaskStatusExecution] 9409158a-3ef5-419f-b18e-c3263bd4e0f3 [2026-09-23T16:35:46.792058] '5nrLg0AKWRQ2A/lGGXbUrGXCSe09brMQCxWBSIYe1WZZ1iU1IJ/6Bp4D2YEHpXrW\n' + (STDOUT, APP/TASK/deploy-to-postgresql)#
#2026 09 23 16:35:48.849#Z#DEBUG#89a811f3-b76c-11f1-a9d4-eeee0a93f2f4.hpbuysell-otc-salesorder-postgres-deployer#flowable-async-job-executor-thread-22054#
[PollExecuteTaskStatusExecution] 9409158a-3ef5-419f-b18e-c3263bd4e0f3 [2026-09-23T16:35:46.792061] 'bPkOq5x3YPcsoitgm1Xh8ygz6vb7PsvJvPbvRMnkDg5IqEThapPjmKb8ZJWyEFEE\n' + (STDOUT, APP/TASK/deploy-to-postgresql)#
#2026 09 23 16:35:48.849#Z#DEBUG#89a811f3-b76c-11f1-a9d4-eeee0a93f2f4.hpbuysell-otc-salesorder-postgres-deployer#flowable-async-job-executor-thread-22054#
[PollExecuteTaskStatusExecution] 9409158a-3ef5-419f-b18e-c3263bd4e0f3 [2026-09-23T16:35:46.792064] 'QRrkCIRueB1EqQtJw0fvP4PKDlCJAKBEs/y049FoOqYpT3pRy0WKqPhWve+hScMd\n' + (STDOUT, APP/TASK/deploy-to-postgresql)#
#2026 09 23 16:35:48.849#Z#DEBUG#89a811f3-b76c-11f1-a9d4-eeee0a93f2f4.hpbuysell-otc-salesorder-postgres-deployer#flowable-async-job-executor-thread-22054#
[PollExecuteTaskStatusExecution] 9409158a-3ef5-419f-b18e-c3263bd4e0f3 [2026-09-23T16:35:46.792067] '6obq8kxTFy1IHACjHc51nrGII5Bt76/MpTWhnJIJrCnq1/Uc3Qs8IVeb+sLaFC8K\n' + (STDOUT, APP/TASK/deploy-to-postgresql)#
#2026 09 23 16:35:48.849#Z#DEBUG#89a811f3-b76c-11f1-a9d4-eeee0a93f2f4.hpbuysell-otc-salesorder-postgres-deployer#flowable-async-job-executor-thread-22054#
[PollExecuteTaskStatusExecution] 9409158a-3ef5-419f-b18e-c3263bd4e0f3 [2026-09-23T16:35:46.792072] 'DI69Sw6bAgMBAAGjQjBAMA8GA1UdEwEB/wQFMAMBAf8wHQYDVR0OBBYEFE7PCopt\n' + (STDOUT, APP/TASK/deploy-to-postgresql)#
#2026 09 23 16:35:48.849#Z#DEBUG#89a811f3-b76c-11f1-a9d4-eeee0a93f2f4.hpbuysell-otc-salesorder-postgres-deployer#flowable-async-job-executor-thread-22054#
[PollExecuteTaskStatusExecution] 9409158a-3ef5-419f-b18e-c3263bd4e0f3 [2026-09-23T16:35:46.792075] 'lyOgtXX0Y1lObBUxuKaCMA4GA1UdDwEB/wQEAwIBhjANBgkqhkiG9w0BAQsFAAOC\n' + (STDOUT, APP/TASK/deploy-to-postgresql)#
#2026 09 23 16:35:48.849#Z#DEBUG#89a811f3-b76c-11f1-a9d4-eeee0a93f2f4.hpbuysell-otc-salesorder-postgres-deployer#flowable-async-job-executor-thread-22054#
[PollExecuteTaskStatusExecution] 9409158a-3ef5-419f-b18e-c3263bd4e0f3 [2026-09-23T16:35:46.792078] 'AQEAFj+bX8gLmMNefr5jRJfHjrL3iuZCjf7YEZgn89pS4z8408mjj9z6Q5D1H7yS\n' + (STDOUT, APP/TASK/deploy-to-postgresql)#
#2026 09 23 16:35:48.849#Z#DEBUG#89a811f3-b76c-11f1-a9d4-eeee0a93f2f4.hpbuysell-otc-salesorder-postgres-deployer#flowable-async-job-executor-thread-22054#
[PollExecuteTaskStatusExecution] 9409158a-3ef5-419f-b18e-c3263bd4e0f3 [2026-09-23T16:35:46.792082] 'jNETVV8QaJip1qyhh5gRzRaArgGAYvi2/r0zPsy+Tgf7v1KGL5Lh8NT8iCEGGXwF\n' + (STDOUT, APP/TASK/deploy-to-postgresql)#
#2026 09 23 16:35:48.849#Z#DEBUG#89a811f3-b76c-11f1-a9d4-eeee0a93f2f4.hpbuysell-otc-salesorder-postgres-deployer#flowable-async-job-executor-thread-22054#
[PollExecuteTaskStatusExecution] 9409158a-3ef5-419f-b18e-c3263bd4e0f3 [2026-09-23T16:35:46.792085] 'g3Ir+Nl3e+9XUp0eyyzBIjHtjLBm6yy8rGk9p6OtFDQnKF5OxwbAgip42CD75r/q\n' + (STDOUT, APP/TASK/deploy-to-postgresql)#
#2026 09 23 16:35:48.849#Z#DEBUG#89a811f3-b76c-11f1-a9d4-eeee0a93f2f4.hpbuysell-otc-salesorder-postgres-deployer#flowable-async-job-executor-thread-22054#
[PollExecuteTaskStatusExecution] 9409158a-3ef5-419f-b18e-c3263bd4e0f3 [2026-09-23T16:35:46.792087] 'p421maEDDvvRFR4D+99JZxgAYDBGqRRceUoe16qDzbMvlz0A9paCZFclxeftAxv6\n' + (STDOUT, APP/TASK/deploy-to-postgresql)#
#2026 09 23 16:35:48.849#Z#DEBUG#89a811f3-b76c-11f1-a9d4-eeee0a93f2f4.hpbuysell-otc-salesorder-postgres-deployer#flowable-async-job-executor-thread-22054#
[PollExecuteTaskStatusExecution] 9409158a-3ef5-419f-b18e-c3263bd4e0f3 [2026-09-23T16:35:46.792090] 'QlR5rItMz/XdzpBJUpYhdzM0gCzAzdQuVO5tjJxmXhkSMcDP+8Q+Uv6FA9k2VpUV\n' + (STDOUT, APP/TASK/deploy-to-postgresql)#
#2026 09 23 16:35:48.849#Z#DEBUG#89a811f3-b76c-11f1-a9d4-eeee0a93f2f4.hpbuysell-otc-salesorder-postgres-deployer#flowable-async-job-executor-thread-22054#
[PollExecuteTaskStatusExecution] 9409158a-3ef5-419f-b18e-c3263bd4e0f3 [2026-09-23T16:35:46.792094] 'E/O5jgpqUJJ2Hc/5rs9VkAPXeA==\n' + (STDOUT, APP/TASK/deploy-to-postgresql)#
#2026 09 23 16:35:48.849#Z#DEBUG#89a811f3-b76c-11f1-a9d4-eeee0a93f2f4.hpbuysell-otc-salesorder-postgres-deployer#flowable-async-job-executor-thread-22054#
[PollExecuteTaskStatusExecution] 9409158a-3ef5-419f-b18e-c3263bd4e0f3 [2026-09-23T16:35:46.792097] '-----END CERTIFICATE-----\n' + (STDOUT, APP/TASK/deploy-to-postgresql)#
#2026 09 23 16:35:48.849#Z#DEBUG#89a811f3-b76c-11f1-a9d4-eeee0a93f2f4.hpbuysell-otc-salesorder-postgres-deployer#flowable-async-job-executor-thread-22054#
[PollExecuteTaskStatusExecution] 9409158a-3ef5-419f-b18e-c3263bd4e0f3 [2026-09-23T16:35:46.792100] '-----BEGIN CERTIFICATE-----\n' + (STDOUT, APP/TASK/deploy-to-postgresql)#
#2026 09 23 16:35:48.849#Z#DEBUG#89a811f3-b76c-11f1-a9d4-eeee0a93f2f4.hpbuysell-otc-salesorder-postgres-deployer#flowable-async-job-executor-thread-22054#
[PollExecuteTaskStatusExecution] 9409158a-3ef5-419f-b18e-c3263bd4e0f3 [2026-09-23T16:35:46.792102] 'MIIF/jCCA+agAwIBAgIQaRHaEqqacXN20e8zZJtmDDANBgkqhkiG9w0BAQwFADCB\n' + (STDOUT, APP/TASK/deploy-to-postgresql)#
#2026 09 23 16:35:48.849#Z#DEBUG#89a811f3-b76c-11f1-a9d4-eeee0a93f2f4.hpbuysell-otc-salesorder-postgres-deployer#flowable-async-job-executor-thread-22054#
[PollExecuteTaskStatusExecution] 9409158a-3ef5-419f-b18e-c3263bd4e0f3 [2026-09-23T16:35:46.792104] 'lzELMAkGA1UEBhMCVVMxIjAgBgNVBAoMGUFtYXpvbiBXZWIgU2VydmljZXMsIElu\n' + (STDOUT, APP/TASK/deploy-to-postgresql)#
#2026 09 23 16:35:48.849#Z#DEBUG#89a811f3-b76c-11f1-a9d4-eeee0a93f2f4.hpbuysell-otc-salesorder-postgres-deployer#flowable-async-job-executor-thread-22054#
[PollExecuteTaskStatusExecution] 9409158a-3ef5-419f-b18e-c3263bd4e0f3 [2026-09-23T16:35:46.792106] 'Yy4xEzARBgNVBAsMCkFtYXpvbiBSRFMxCzAJBgNVBAgMAldBMTAwLgYDVQQDDCdB\n' + (STDOUT, APP/TASK/deploy-to-postgresql)#
#2026 09 23 16:35:48.849#Z#DEBUG#89a811f3-b76c-11f1-a9d4-eeee0a93f2f4.hpbuysell-otc-salesorder-postgres-deployer#flowable-async-job-executor-thread-22054#
[PollExecuteTaskStatusExecution] 9409158a-3ef5-419f-b18e-c3263bd4e0f3 [2026-09-23T16:35:46.792108] 'bWF6b24gUkRTIHVzLWVhc3QtMSBSb290IENBIFJTQTQwOTYgRzExEDAOBgNVBAcM\n' + (STDOUT, APP/TASK/deploy-to-postgresql)#
#2026 09 23 16:35:48.849#Z#DEBUG#89a811f3-b76c-11f1-a9d4-eeee0a93f2f4.hpbuysell-otc-salesorder-postgres-deployer#flowable-async-job-executor-thread-22054#
[PollExecuteTaskStatusExecution] 9409158a-3ef5-419f-b18e-c3263bd4e0f3 [2026-09-23T16:35:46.792129] 'B1NlYXR0bGUwIBcNMjEwNTI1MjIzODM1WhgPMjEyMTA1MjUyMzM4MzVaMIGXMQsw\n' + (STDOUT, APP/TASK/deploy-to-postgresql)#
#2026 09 23 16:35:48.849#Z#DEBUG#89a811f3-b76c-11f1-a9d4-eeee0a93f2f4.hpbuysell-otc-salesorder-postgres-deployer#flowable-async-job-executor-thread-22054#
[PollExecuteTaskStatusExecution] 9409158a-3ef5-419f-b18e-c3263bd4e0f3 [2026-09-23T16:35:46.792131] 'CQYDVQQGEwJVUzEiMCAGA1UECgwZQW1hem9uIFdlYiBTZXJ2aWNlcywgSW5jLjET\n' + (STDOUT, APP/TASK/deploy-to-postgresql)#
#2026 09 23 16:35:48.849#Z#DEBUG#89a811f3-b76c-11f1-a9d4-eeee0a93f2f4.hpbuysell-otc-salesorder-postgres-deployer#flowable-async-job-executor-thread-22054#
[PollExecuteTaskStatusExecution] 9409158a-3ef5-419f-b18e-c3263bd4e0f3 [2026-09-23T16:35:46.792133] 'MBEGA1UECwwKQW1hem9uIFJEUzELMAkGA1UECAwCV0ExMDAuBgNVBAMMJ0FtYXpv\n' + (STDOUT, APP/TASK/deploy-to-postgresql)#
#2026 09 23 16:35:48.849#Z#DEBUG#89a811f3-b76c-11f1-a9d4-eeee0a93f2f4.hpbuysell-otc-salesorder-postgres-deployer#flowable-async-job-executor-thread-22054#
[PollExecuteTaskStatusExecution] 9409158a-3ef5-419f-b18e-c3263bd4e0f3 [2026-09-23T16:35:46.792135] 'biBSRFMgdXMtZWFzdC0xIFJvb3QgQ0EgUlNBNDA5NiBHMTEQMA4GA1UEBwwHU2Vh\n' + (STDOUT, APP/TASK/deploy-to-postgresql)#
#2026 09 23 16:35:48.849#Z#DEBUG#89a811f3-b76c-11f1-a9d4-eeee0a93f2f4.hpbuysell-otc-salesorder-postgres-deployer#flowable-async-job-executor-thread-22054#
[PollExecuteTaskStatusExecution] 9409158a-3ef5-419f-b18e-c3263bd4e0f3 [2026-09-23T16:35:46.792137] 'dHRsZTCCAiIwDQYJKoZIhvcNAQEBBQADggIPADCCAgoCggIBAInfBCaHuvj6Rb5c\n' + (STDOUT, APP/TASK/deploy-to-postgresql)#
#2026 09 23 16:35:48.849#Z#DEBUG#89a811f3-b76c-11f1-a9d4-eeee0a93f2f4.hpbuysell-otc-salesorder-postgres-deployer#flowable-async-job-executor-thread-22054#
[PollExecuteTaskStatusExecution] 9409158a-3ef5-419f-b18e-c3263bd4e0f3 [2026-09-23T16:35:46.792138] 'L5Wmn1jv2PHtEGMHm+7Z8dYosdwouG8VG2A+BCYCZfij9lIGszrTXkY4O7vnXgru\n' + (STDOUT, APP/TASK/deploy-to-postgresql)#
#2026 09 23 16:35:48.849#Z#DEBUG#89a811f3-b76c-11f1-a9d4-eeee0a93f2f4.hpbuysell-otc-salesorder-postgres-deployer#flowable-async-job-executor-thread-22054#
[PollExecuteTaskStatusExecution] 9409158a-3ef5-419f-b18e-c3263bd4e0f3 [2026-09-23T16:35:46.792141] 'JUNdxh0Q3M83p4X+bg+gODUs3jf+Z3Oeq7nTOk/2UYvQLcxP4FEXILxDInbQFcIx\n' + (STDOUT, APP/TASK/deploy-to-postgresql)#
#2026 09 23 16:35:48.849#Z#DEBUG#89a811f3-b76c-11f1-a9d4-eeee0a93f2f4.hpbuysell-otc-salesorder-postgres-deployer#flowable-async-job-executor-thread-22054#
[PollExecuteTaskStatusExecution] 9409158a-3ef5-419f-b18e-c3263bd4e0f3 [2026-09-23T16:35:46.792143] 'yen1ESHggGrjEodgn6nbKQNRfIhjhW+TKYaewfsVWH7EF2pfj+cjbJ6njjgZ0/M9\n' + (STDOUT, APP/TASK/deploy-to-postgresql)#
#2026 09 23 16:35:48.849#Z#DEBUG#89a811f3-b76c-11f1-a9d4-eeee0a93f2f4.hpbuysell-otc-salesorder-postgres-deployer#flowable-async-job-executor-thread-22054#
[PollExecuteTaskStatusExecution] 9409158a-3ef5-419f-b18e-c3263bd4e0f3 [2026-09-23T16:35:46.792145] 'VZifJFBgat6XUTOf3jwHwkCBh7T6rDpgy19A61laImJCQhdTnHKvzTpxcxiLRh69\n' + (STDOUT, APP/TASK/deploy-to-postgresql)#
#2026 09 23 16:35:48.849#Z#DEBUG#89a811f3-b76c-11f1-a9d4-eeee0a93f2f4.hpbuysell-otc-salesorder-postgres-deployer#flowable-async-job-executor-thread-22054#
[PollExecuteTaskStatusExecution] 9409158a-3ef5-419f-b18e-c3263bd4e0f3 [2026-09-23T16:35:46.792147] 'ZObypR7W04OAUmFS88V7IotlPmCL8xf7kwxG+gQfvx31+A9IDMsiTqJ1Cc4fYEKg\n' + (STDOUT, APP/TASK/deploy-to-postgresql)#
#2026 09 23 16:35:48.849#Z#DEBUG#89a811f3-b76c-11f1-a9d4-eeee0a93f2f4.hpbuysell-otc-salesorder-postgres-deployer#flowable-async-job-executor-thread-22054#
[PollExecuteTaskStatusExecution] 9409158a-3ef5-419f-b18e-c3263bd4e0f3 [2026-09-23T16:35:46.792148] 'bL+Vo+2Ii4W2esCTGVYmHm73drznfeKwL+kmIC/Bq+DrZ+veTqKFYwSkpHRyJCEe\n' + (STDOUT, APP/TASK/deploy-to-postgresql)#
#2026 09 23 16:35:48.849#Z#DEBUG#89a811f3-b76c-11f1-a9d4-eeee0a93f2f4.hpbuysell-otc-salesorder-postgres-deployer#flowable-async-job-executor-thread-22054#
[PollExecuteTaskStatusExecution] 9409158a-3ef5-419f-b18e-c3263bd4e0f3 [2026-09-23T16:35:46.792151] 'U4Zym6POqQ/4LBSKwDUhWLJIlq99bjKX+hNTJykB+Lbcx0ScOP4IAZQoxmDxGWxN\n' + (STDOUT, APP/TASK/deploy-to-postgresql)#
#2026 09 23 16:35:48.849#Z#DEBUG#89a811f3-b76c-11f1-a9d4-eeee0a93f2f4.hpbuysell-otc-salesorder-postgres-deployer#flowable-async-job-executor-thread-22054#
[PollExecuteTaskStatusExecution] 9409158a-3ef5-419f-b18e-c3263bd4e0f3 [2026-09-23T16:35:46.792155] 'S+lQj+Cx2pwU3S/7+OxlRndZAX/FKgk7xSMkg88HykUZaZ/ozIiqJqSnGpgXCtED\n' + (STDOUT, APP/TASK/deploy-to-postgresql)#
#2026 09 23 16:35:48.849#Z#DEBUG#89a811f3-b76c-11f1-a9d4-eeee0a93f2f4.hpbuysell-otc-salesorder-postgres-deployer#flowable-async-job-executor-thread-22054#
[PollExecuteTaskStatusExecution] 9409158a-3ef5-419f-b18e-c3263bd4e0f3 [2026-09-23T16:35:46.792157] 'oQ4OJw5ozAr+/wudOawaMwUWQl5asD8fuy/hl5S1nv9XxIc842QJOtJFxhyeMIXt\n' + (STDOUT, APP/TASK/deploy-to-postgresql)#
#2026 09 23 16:35:48.849#Z#DEBUG#89a811f3-b76c-11f1-a9d4-eeee0a93f2f4.hpbuysell-otc-salesorder-postgres-deployer#flowable-async-job-executor-thread-22054#
[PollExecuteTaskStatusExecution] 9409158a-3ef5-419f-b18e-c3263bd4e0f3 [2026-09-23T16:35:46.792159] 'LVECVw/dPekhMjS3Zo3wwRgYbnKG7YXXT5WMxJEnHu8+cYpMiRClzq2BEP6/MtI2\n' + (STDOUT, APP/TASK/deploy-to-postgresql)#
#2026 09 23 16:35:48.849#Z#DEBUG#89a811f3-b76c-11f1-a9d4-eeee0a93f2f4.hpbuysell-otc-salesorder-postgres-deployer#flowable-async-job-executor-thread-22054#
[PollExecuteTaskStatusExecution] 9409158a-3ef5-419f-b18e-c3263bd4e0f3 [2026-09-23T16:35:46.792161] 'AZQQUFu2yFjRGL2OZA6IYjxnXYiRAgMBAAGjQjBAMA8GA1UdEwEB/wQFMAMBAf8w\n' + (STDOUT, APP/TASK/deploy-to-postgresql)#
#2026 09 23 16:35:48.849#Z#DEBUG#89a811f3-b76c-11f1-a9d4-eeee0a93f2f4.hpbuysell-otc-salesorder-postgres-deployer#flowable-async-job-executor-thread-22054#
[PollExecuteTaskStatusExecution] 9409158a-3ef5-419f-b18e-c3263bd4e0f3 [2026-09-23T16:35:46.792163] 'HQYDVR0OBBYEFADCcQCPX2HmkqQcmuHfiQ2jjqnrMA4GA1UdDwEB/wQEAwIBhjAN\n' + (STDOUT, APP/TASK/deploy-to-postgresql)#
#2026 09 23 16:35:48.849#Z#DEBUG#89a811f3-b76c-11f1-a9d4-eeee0a93f2f4.hpbuysell-otc-salesorder-postgres-deployer#flowable-async-job-executor-thread-22054#
[PollExecuteTaskStatusExecution] 9409158a-3ef5-419f-b18e-c3263bd4e0f3 [2026-09-23T16:35:46.792165] 'BgkqhkiG9w0BAQwFAAOCAgEASXkGQ2eUmudIKPeOIF7RBryCoPmMOsqP0+1qxF8l\n' + (STDOUT, APP/TASK/deploy-to-postgresql)#
#2026 09 23 16:35:48.849#Z#DEBUG#89a811f3-b76c-11f1-a9d4-eeee0a93f2f4.hpbuysell-otc-salesorder-postgres-deployer#flowable-async-job-executor-thread-22054#
[PollExecuteTaskStatusExecution] 9409158a-3ef5-419f-b18e-c3263bd4e0f3 [2026-09-23T16:35:46.792167] 'pGkwmrgNDGpmd9s0ArfIVBTc1jmpgB3oiRW9c6n2OmwBKL4UPuQ8O3KwSP0iD2sZ\n' + (STDOUT, APP/TASK/deploy-to-postgresql)#
#2026 09 23 16:35:48.849#Z#DEBUG#89a811f3-b76c-11f1-a9d4-eeee0a93f2f4.hpbuysell-otc-salesorder-postgres-deployer#flowable-async-job-executor-thread-22054#
[PollExecuteTaskStatusExecution] 9409158a-3ef5-419f-b18e-c3263bd4e0f3 [2026-09-23T16:35:46.792168] 'KMXoMEyphCEzW1I2GRvYDugL3Z9MWrnHkoaoH2l8YyTYvszTvdgxBPpM2x4pSkp+\n' + (STDOUT, APP/TASK/deploy-to-postgresql)#
#2026 09 23 16:35:48.849#Z#DEBUG#89a811f3-b76c-11f1-a9d4-eeee0a93f2f4.hpbuysell-otc-salesorder-postgres-deployer#flowable-async-job-executor-thread-22054#
[PollExecuteTaskStatusExecution] 9409158a-3ef5-419f-b18e-c3263bd4e0f3 [2026-09-23T16:35:46.792170] '76d4/eRpJ5mVuQ93nC+YG0wXCxSq63hX4kyZgPxgCdAA+qgFfKIGyNqUIqWgeyTP\n' + (STDOUT, APP/TASK/deploy-to-postgresql)#
#2026 09 23 16:35:48.849#Z#DEBUG#89a811f3-b76c-11f1-a9d4-eeee0a93f2f4.hpbuysell-otc-salesorder-postgres-deployer#flowable-async-job-executor-thread-22054#
[PollExecuteTaskStatusExecution] 9409158a-3ef5-419f-b18e-c3263bd4e0f3 [2026-09-23T16:35:46.792174] 'n5OgKaboYk2141Rf2hGMD3/hsGm0rrJh7g3C0ZirPws3eeJfulvAOIy2IZzqHUSY\n' + (STDOUT, APP/TASK/deploy-to-postgresql)#
#2026 09 23 16:35:48.849#Z#DEBUG#89a811f3-b76c-11f1-a9d4-eeee0a93f2f4.hpbuysell-otc-salesorder-postgres-deployer#flowable-async-job-executor-thread-22054#
[PollExecuteTaskStatusExecution] 9409158a-3ef5-419f-b18e-c3263bd4e0f3 [2026-09-23T16:35:46.792175] 'jkFzraz6LEH3IlArT3jUPvWKqvh2lJWnnp56aqxBR7qHH5voD49UpJWY1K0BjGnS\n' + (STDOUT, APP/TASK/deploy-to-postgresql)#
#2026 09 23 16:35:48.849#Z#DEBUG#89a811f3-b76c-11f1-a9d4-eeee0a93f2f4.hpbuysell-otc-salesorder-postgres-deployer#flowable-async-job-executor-thread-22054#
[PollExecuteTaskStatusExecution] 9409158a-3ef5-419f-b18e-c3263bd4e0f3 [2026-09-23T16:35:46.792177] 'OHcurpp0Yt/BIs4VZeWdCZwI7JaSeDcPMaMDBvND3Ia5Fga0thgYQTG6dE+N5fgF\n' + (STDOUT, APP/TASK/deploy-to-postgresql)#
#2026 09 23 16:35:48.849#Z#DEBUG#89a811f3-b76c-11f1-a9d4-eeee0a93f2f4.hpbuysell-otc-salesorder-postgres-deployer#flowable-async-job-executor-thread-22054#
[PollExecuteTaskStatusExecution] 9409158a-3ef5-419f-b18e-c3263bd4e0f3 [2026-09-23T16:35:46.792179] 'z+hRaujXO2nb0LmddVyvE8prYlWRMuYFv+Co8hcMdJ0lEZlfVNu0jbm9/GmwAZ+l\n' + (STDOUT, APP/TASK/deploy-to-postgresql)#
#2026 09 23 16:35:48.849#Z#DEBUG#89a811f3-b76c-11f1-a9d4-eeee0a93f2f4.hpbuysell-otc-salesorder-postgres-deployer#flowable-async-job-executor-thread-22054#
[PollExecuteTaskStatusExecution] 9409158a-3ef5-419f-b18e-c3263bd4e0f3 [2026-09-23T16:35:46.792181] '9umeYO9yz/uC7edC8XJBglMAKUmVK9wNtOckUWAcCfnPWYLbYa/PqtXBYcxrso5j\n' + (STDOUT, APP/TASK/deploy-to-postgresql)#
#2026 09 23 16:35:48.849#Z#DEBUG#89a811f3-b76c-11f1-a9d4-eeee0a93f2f4.hpbuysell-otc-salesorder-postgres-deployer#flowable-async-job-executor-thread-22054#
[PollExecuteTaskStatusExecution] 9409158a-3ef5-419f-b18e-c3263bd4e0f3 [2026-09-23T16:35:46.792182] 'iaS/A7iEW51uteHBGrViCy1afGG+hiUWwFlesli+Rq4dNstX3h6h2baWABaAxEVJ\n' + (STDOUT, APP/TASK/deploy-to-postgresql)#
#2026 09 23 16:35:48.849#Z#DEBUG#89a811f3-b76c-11f1-a9d4-eeee0a93f2f4.hpbuysell-otc-salesorder-postgres-deployer#flowable-async-job-executor-thread-22054#
[PollExecuteTaskStatusExecution] 9409158a-3ef5-419f-b18e-c3263bd4e0f3 [2026-09-23T16:35:46.792184] 'y1RnTQSz6mROT1VmZSgSVO37rgIyY0Hf0872ogcTS+FfvXgBxCxsNWEbiQ/XXva4\n' + (STDOUT, APP/TASK/deploy-to-postgresql)#
#2026 09 23 16:35:48.849#Z#DEBUG#89a811f3-b76c-11f1-a9d4-eeee0a93f2f4.hpbuysell-otc-salesorder-postgres-deployer#flowable-async-job-executor-thread-22054#
[PollExecuteTaskStatusExecution] 9409158a-3ef5-419f-b18e-c3263bd4e0f3 [2026-09-23T16:35:46.792186] '0Ws=\n' + (STDOUT, APP/TASK/deploy-to-postgresql)#
#2026 09 23 16:35:48.849#Z#DEBUG#89a811f3-b76c-11f1-a9d4-eeee0a93f2f4.hpbuysell-otc-salesorder-postgres-deployer#flowable-async-job-executor-thread-22054#
[PollExecuteTaskStatusExecution] 9409158a-3ef5-419f-b18e-c3263bd4e0f3 [2026-09-23T16:35:46.792188] '-----END CERTIFICATE-----\n' + (STDOUT, APP/TASK/deploy-to-postgresql)#
#2026 09 23 16:35:48.849#Z#DEBUG#89a811f3-b76c-11f1-a9d4-eeee0a93f2f4.hpbuysell-otc-salesorder-postgres-deployer#flowable-async-job-executor-thread-22054#
[PollExecuteTaskStatusExecution] 9409158a-3ef5-419f-b18e-c3263bd4e0f3 [2026-09-23T16:35:46.792189] '-----BEGIN CERTIFICATE-----\n' + (STDOUT, APP/TASK/deploy-to-postgresql)#
#2026 09 23 16:35:48.849#Z#DEBUG#89a811f3-b76c-11f1-a9d4-eeee0a93f2f4.hpbuysell-otc-salesorder-postgres-deployer#flowable-async-job-executor-thread-22054#
[PollExecuteTaskStatusExecution] 9409158a-3ef5-419f-b18e-c3263bd4e0f3 [2026-09-23T16:35:46.792191] 'MIICrjCCAjSgAwIBAgIRAPAlEk8VJPmEzVRRaWvTh2AwCgYIKoZIzj0EAwMwgZYx\n' + (STDOUT, APP/TASK/deploy-to-postgresql)#
#2026 09 23 16:35:48.849#Z#DEBUG#89a811f3-b76c-11f1-a9d4-eeee0a93f2f4.hpbuysell-otc-salesorder-postgres-deployer#flowable-async-job-executor-thread-22054#
[PollExecuteTaskStatusExecution] 9409158a-3ef5-419f-b18e-c3263bd4e0f3 [2026-09-23T16:35:46.792193] 'CzAJBgNVBAYTAlVTMSIwIAYDVQQKDBlBbWF6b24gV2ViIFNlcnZpY2VzLCBJbmMu\n' + (STDOUT, APP/TASK/deploy-to-postgresql)#
#2026 09 23 16:35:48.849#Z#DEBUG#89a811f3-b76c-11f1-a9d4-eeee0a93f2f4.hpbuysell-otc-salesorder-postgres-deployer#flowable-async-job-executor-thread-22054#
[PollExecuteTaskStatusExecution] 9409158a-3ef5-419f-b18e-c3263bd4e0f3 [2026-09-23T16:35:46.792194] 'MRMwEQYDVQQLDApBbWF6b24gUkRTMQswCQYDVQQIDAJXQTEvMC0GA1UEAwwmQW1h\n' + (STDOUT, APP/TASK/deploy-to-postgresql)#
#2026 09 23 16:35:48.849#Z#DEBUG#89a811f3-b76c-11f1-a9d4-eeee0a93f2f4.hpbuysell-otc-salesorder-postgres-deployer#flowable-async-job-executor-thread-22054#
[PollExecuteTaskStatusExecution] 9409158a-3ef5-419f-b18e-c3263bd4e0f3 [2026-09-23T16:35:46.792196] 'em9uIFJEUyB1cy1lYXN0LTEgUm9vdCBDQSBFQ0MzODQgRzExEDAOBgNVBAcMB1Nl\n' + (STDOUT, APP/TASK/deploy-to-postgresql)#
#2026 09 23 16:35:48.849#Z#DEBUG#89a811f3-b76c-11f1-a9d4-eeee0a93f2f4.hpbuysell-otc-salesorder-postgres-deployer#flowable-async-job-executor-thread-22054#
[PollExecuteTaskStatusExecution] 9409158a-3ef5-419f-b18e-c3263bd4e0f3 [2026-09-23T16:35:46.792199] 'YXR0bGUwIBcNMjEwNTI1MjI0MTU1WhgPMjEyMTA1MjUyMzQxNTVaMIGWMQswCQYD\n' + (STDOUT, APP/TASK/deploy-to-postgresql)#
#2026 09 23 16:35:48.849#Z#DEBUG#89a811f3-b76c-11f1-a9d4-eeee0a93f2f4.hpbuysell-otc-salesorder-postgres-deployer#flowable-async-job-executor-thread-22054#
[PollExecuteTaskStatusExecution] 9409158a-3ef5-419f-b18e-c3263bd4e0f3 [2026-09-23T16:35:46.792200] 'VQQGEwJVUzEiMCAGA1UECgwZQW1hem9uIFdlYiBTZXJ2aWNlcywgSW5jLjETMBEG\n' + (STDOUT, APP/TASK/deploy-to-postgresql)#
#2026 09 23 16:35:48.849#Z#DEBUG#89a811f3-b76c-11f1-a9d4-eeee0a93f2f4.hpbuysell-otc-salesorder-postgres-deployer#flowable-async-job-executor-thread-22054#
[PollExecuteTaskStatusExecution] 9409158a-3ef5-419f-b18e-c3263bd4e0f3 [2026-09-23T16:35:46.792202] 'A1UECwwKQW1hem9uIFJEUzELMAkGA1UECAwCV0ExLzAtBgNVBAMMJkFtYXpvbiBS\n' + (STDOUT, APP/TASK/deploy-to-postgresql)#
#2026 09 23 16:35:48.849#Z#DEBUG#89a811f3-b76c-11f1-a9d4-eeee0a93f2f4.hpbuysell-otc-salesorder-postgres-deployer#flowable-async-job-executor-thread-22054#
[PollExecuteTaskStatusExecution] 9409158a-3ef5-419f-b18e-c3263bd4e0f3 [2026-09-23T16:35:46.792205] 'RFMgdXMtZWFzdC0xIFJvb3QgQ0EgRUNDMzg0IEcxMRAwDgYDVQQHDAdTZWF0dGxl\n' + (STDOUT, APP/TASK/deploy-to-postgresql)#
#2026 09 23 16:35:48.849#Z#DEBUG#89a811f3-b76c-11f1-a9d4-eeee0a93f2f4.hpbuysell-otc-salesorder-postgres-deployer#flowable-async-job-executor-thread-22054#
[PollExecuteTaskStatusExecution] 9409158a-3ef5-419f-b18e-c3263bd4e0f3 [2026-09-23T16:35:46.792206] 'MHYwEAYHKoZIzj0CAQYFK4EEACIDYgAEx5xjrup8II4HOJw15NTnS3H5yMrQGlbj\n' + (STDOUT, APP/TASK/deploy-to-postgresql)#
#2026 09 23 16:35:48.849#Z#DEBUG#89a811f3-b76c-11f1-a9d4-eeee0a93f2f4.hpbuysell-otc-salesorder-postgres-deployer#flowable-async-job-executor-thread-22054#
[PollExecuteTaskStatusExecution] 9409158a-3ef5-419f-b18e-c3263bd4e0f3 [2026-09-23T16:35:46.792208] 'EDA5MMGnE9DmHp5dACIxmPXPMe/99nO7wNdl7G71OYPCgEvWm0FhdvVUeTb3LVnV\n' + (STDOUT, APP/TASK/deploy-to-postgresql)#
#2026 09 23 16:35:48.849#Z#DEBUG#89a811f3-b76c-11f1-a9d4-eeee0a93f2f4.hpbuysell-otc-salesorder-postgres-deployer#flowable-async-job-executor-thread-22054#
[PollExecuteTaskStatusExecution] 9409158a-3ef5-419f-b18e-c3263bd4e0f3 [2026-09-23T16:35:46.792209] 'BnaXt32Ek7/oxGk1T+Df03C+W0vmuJ+wo0IwQDAPBgNVHRMBAf8EBTADAQH/MB0G\n' + (STDOUT, APP/TASK/deploy-to-postgresql)#
#2026 09 23 16:35:48.849#Z#DEBUG#89a811f3-b76c-11f1-a9d4-eeee0a93f2f4.hpbuysell-otc-salesorder-postgres-deployer#flowable-async-job-executor-thread-22054#
[PollExecuteTaskStatusExecution] 9409158a-3ef5-419f-b18e-c3263bd4e0f3 [2026-09-23T16:35:46.792211] 'A1UdDgQWBBTGXmqBWN/1tkSea4pNw0oHrjk2UDAOBgNVHQ8BAf8EBAMCAYYwCgYI\n' + (STDOUT, APP/TASK/deploy-to-postgresql)#
#2026 09 23 16:35:48.849#Z#DEBUG#89a811f3-b76c-11f1-a9d4-eeee0a93f2f4.hpbuysell-otc-salesorder-postgres-deployer#flowable-async-job-executor-thread-22054#
[PollExecuteTaskStatusExecution] 9409158a-3ef5-419f-b18e-c3263bd4e0f3 [2026-09-23T16:35:46.792213] 'KoZIzj0EAwMDaAAwZQIxAIqqZWCSrIkZ7zsv/FygtAusW6yvlL935YAWYPVXU30m\n' + (STDOUT, APP/TASK/deploy-to-postgresql)#
#2026 09 23 16:35:48.849#Z#DEBUG#89a811f3-b76c-11f1-a9d4-eeee0a93f2f4.hpbuysell-otc-salesorder-postgres-deployer#flowable-async-job-executor-thread-22054#
[PollExecuteTaskStatusExecution] 9409158a-3ef5-419f-b18e-c3263bd4e0f3 [2026-09-23T16:35:46.792214] 'jkMFLM+/RJ9GMvnO8jHfCgIwB+whlkcItzE9CRQ6CsMo/d5cEHDUu/QW6jSIh9BR\n' + (STDOUT, APP/TASK/deploy-to-postgresql)#
#2026 09 23 16:35:48.849#Z#DEBUG#89a811f3-b76c-11f1-a9d4-eeee0a93f2f4.hpbuysell-otc-salesorder-postgres-deployer#flowable-async-job-executor-thread-22054#
[PollExecuteTaskStatusExecution] 9409158a-3ef5-419f-b18e-c3263bd4e0f3 [2026-09-23T16:35:46.792217] 'OGh9pTYPVkUbBiKPA7lVVhre\n' + (STDOUT, APP/TASK/deploy-to-postgresql)#
#2026 09 23 16:35:48.849#Z#DEBUG#89a811f3-b76c-11f1-a9d4-eeee0a93f2f4.hpbuysell-otc-salesorder-postgres-deployer#flowable-async-job-executor-thread-22054#
[PollExecuteTaskStatusExecution] 9409158a-3ef5-419f-b18e-c3263bd4e0f3 [2026-09-23T16:35:46.792218] '-----END CERTIFICATE-----\n', (STDOUT, APP/TASK/deploy-to-postgresql)#
#2026 09 23 16:35:48.849#Z#DEBUG#89a811f3-b76c-11f1-a9d4-eeee0a93f2f4.hpbuysell-otc-salesorder-postgres-deployer#flowable-async-job-executor-thread-22054#
[PollExecuteTaskStatusExecution] 9409158a-3ef5-419f-b18e-c3263bd4e0f3 [2026-09-23T16:35:46.792222] uri: 'postgres://e4d51886f3dc:daacb78fca6ef102b1397708@postgres-63a33c28-9d9e-4453-821a-000f0ee4a75c.c24srvdukvjo.us-east-1.rds.amazonaws.com:7565/BQiFxAUMVHcr', (STDOUT, APP/TASK/deploy-to-postgresql)#
#2026 09 23 16:35:48.849#Z#DEBUG#89a811f3-b76c-11f1-a9d4-eeee0a93f2f4.hpbuysell-otc-salesorder-postgres-deployer#flowable-async-job-executor-thread-22054#
[PollExecuteTaskStatusExecution] 9409158a-3ef5-419f-b18e-c3263bd4e0f3 [2026-09-23T16:35:46.792224] urls: { (STDOUT, APP/TASK/deploy-to-postgresql)#
#2026 09 23 16:35:48.849#Z#DEBUG#89a811f3-b76c-11f1-a9d4-eeee0a93f2f4.hpbuysell-otc-salesorder-postgres-deployer#flowable-async-job-executor-thread-22054#
[PollExecuteTaskStatusExecution] 9409158a-3ef5-419f-b18e-c3263bd4e0f3 [2026-09-23T16:35:46.792227] api_server: 'https://api-backing-services.us10.data.services.cloud.sap' (STDOUT, APP/TASK/deploy-to-postgresql)#
#2026 09 23 16:35:48.849#Z#DEBUG#89a811f3-b76c-11f1-a9d4-eeee0a93f2f4.hpbuysell-otc-salesorder-postgres-deployer#flowable-async-job-executor-thread-22054#
[PollExecuteTaskStatusExecution] 9409158a-3ef5-419f-b18e-c3263bd4e0f3 [2026-09-23T16:35:46.792229] } (STDOUT, APP/TASK/deploy-to-postgresql)#
#2026 09 23 16:35:48.849#Z#DEBUG#89a811f3-b76c-11f1-a9d4-eeee0a93f2f4.hpbuysell-otc-salesorder-postgres-deployer#flowable-async-job-executor-thread-22054#
[PollExecuteTaskStatusExecution] 9409158a-3ef5-419f-b18e-c3263bd4e0f3 [2026-09-23T16:35:46.792231] } (STDOUT, APP/TASK/deploy-to-postgresql)#
#2026 09 23 16:35:48.849#Z#DEBUG#89a811f3-b76c-11f1-a9d4-eeee0a93f2f4.hpbuysell-otc-salesorder-postgres-deployer#flowable-async-job-executor-thread-22054#
[PollExecuteTaskStatusExecution] 9409158a-3ef5-419f-b18e-c3263bd4e0f3 [2026-09-23T16:35:46.792233] } {} (STDOUT, APP/TASK/deploy-to-postgresql)#
#2026 09 23 16:35:48.849#Z#DEBUG#89a811f3-b76c-11f1-a9d4-eeee0a93f2f4.hpbuysell-otc-salesorder-postgres-deployer#flowable-async-job-executor-thread-22054#
[PollExecuteTaskStatusExecution] 9409158a-3ef5-419f-b18e-c3263bd4e0f3 [2026-09-23T16:35:47.346102] (node:56) DeprecationWarning: Calling client.query() when the client is already executing a query is deprecated and will be removed in pg@9.0. Use async/await or an external async flow control mechanism instead. (STDERR, APP/TASK/deploy-to-postgresql)#
#2026 09 23 16:35:48.849#Z#DEBUG#89a811f3-b76c-11f1-a9d4-eeee0a93f2f4.hpbuysell-otc-salesorder-postgres-deployer#flowable-async-job-executor-thread-22054#
[PollExecuteTaskStatusExecution] 9409158a-3ef5-419f-b18e-c3263bd4e0f3 [2026-09-23T16:35:47.346125] (Use `node --trace-deprecation ...` to show where the warning was created) (STDERR, APP/TASK/deploy-to-postgresql)#
#2026 09 23 16:35:48.849#Z#DEBUG#89a811f3-b76c-11f1-a9d4-eeee0a93f2f4.hpbuysell-otc-salesorder-postgres-deployer#flowable-async-job-executor-thread-22054#
[PollExecuteTaskStatusExecution] 9409158a-3ef5-419f-b18e-c3263bd4e0f3 [2026-09-23T16:35:47.689162] /> deployment to postgres-63a33c28-9d9e-4453-821a-000f0ee4a75c.c24srvdukvjo.us-east-1.rds.amazonaws.com:7565 failed (STDOUT, APP/TASK/deploy-to-postgresql)#
#2026 09 23 16:35:48.849#Z#DEBUG#89a811f3-b76c-11f1-a9d4-eeee0a93f2f4.hpbuysell-otc-salesorder-postgres-deployer#flowable-async-job-executor-thread-22054#
[PollExecuteTaskStatusExecution] 9409158a-3ef5-419f-b18e-c3263bd4e0f3 [2026-09-23T16:35:47.689829] Error: CDS compilation failed (@sap/cds-compiler v6.9.5) (STDERR, APP/TASK/deploy-to-postgresql)#
#2026 09 23 16:35:48.849#Z#DEBUG#89a811f3-b76c-11f1-a9d4-eeee0a93f2f4.hpbuysell-otc-salesorder-postgres-deployer#flowable-async-job-executor-thread-22054#
[PollExecuteTaskStatusExecution] 9409158a-3ef5-419f-b18e-c3263bd4e0f3 [2026-09-23T16:35:47.689849] db/csn.json:811: Error: Dropping elements is not supported (in entity:“hpbuysell.otc.salesorder.SalesOrderAcknowledgements”/element:“ID”) (STDERR, APP/TASK/deploy-to-postgresql)#
#2026 09 23 16:35:48.849#Z#DEBUG#89a811f3-b76c-11f1-a9d4-eeee0a93f2f4.hpbuysell-otc-salesorder-postgres-deployer#flowable-async-job-executor-thread-22054#
[PollExecuteTaskStatusExecution] 9409158a-3ef5-419f-b18e-c3263bd4e0f3 [2026-09-23T16:35:47.689853] at throwWithAnyError (/home/vcap/app/node_modules/@sap/cds-compiler/lib/base/messages.js:607:13) (STDERR, APP/TASK/deploy-to-postgresql)#
#2026 09 23 16:35:48.849#Z#DEBUG#89a811f3-b76c-11f1-a9d4-eeee0a93f2f4.hpbuysell-otc-salesorder-postgres-deployer#flowable-async-job-executor-thread-22054#
[PollExecuteTaskStatusExecution] 9409158a-3ef5-419f-b18e-c3263bd4e0f3 [2026-09-23T16:35:47.689857] at Proxy.toSqlDdl (/home/vcap/app/node_modules/@sap/cds-compiler/lib/render/toSql.js:311:3) (STDERR, APP/TASK/deploy-to-postgresql)#
#2026 09 23 16:35:48.849#Z#DEBUG#89a811f3-b76c-11f1-a9d4-eeee0a93f2f4.hpbuysell-otc-salesorder-postgres-deployer#flowable-async-job-executor-thread-22054#
[PollExecuteTaskStatusExecution] 9409158a-3ef5-419f-b18e-c3263bd4e0f3 [2026-09-23T16:35:47.689867] at sqlMigration (/home/vcap/app/node_modules/@sap/cds-compiler/lib/api/main.js:606:13) (STDERR, APP/TASK/deploy-to-postgresql)#
#2026 09 23 16:35:48.849#Z#DEBUG#89a811f3-b76c-11f1-a9d4-eeee0a93f2f4.hpbuysell-otc-salesorder-postgres-deployer#flowable-async-job-executor-thread-22054#
[PollExecuteTaskStatusExecution] 9409158a-3ef5-419f-b18e-c3263bd4e0f3 [2026-09-23T16:35:47.689869] at Function.api [as migration] (/home/vcap/app/node_modules/@sap/cds-compiler/lib/api/main.js:1185:22) (STDERR, APP/TASK/deploy-to-postgresql)#
#2026 09 23 16:35:48.849#Z#DEBUG#89a811f3-b76c-11f1-a9d4-eeee0a93f2f4.hpbuysell-otc-salesorder-postgres-deployer#flowable-async-job-executor-thread-22054#
[PollExecuteTaskStatusExecution] 9409158a-3ef5-419f-b18e-c3263bd4e0f3 [2026-09-23T16:35:47.689871] at Function.migration (/home/vcap/app/node_modules/@sap/cds-compiler/lib/main.js:157:41) (STDERR, APP/TASK/deploy-to-postgresql)#
#2026 09 23 16:35:48.849#Z#DEBUG#89a811f3-b76c-11f1-a9d4-eeee0a93f2f4.hpbuysell-otc-salesorder-postgres-deployer#flowable-async-job-executor-thread-22054#
[PollExecuteTaskStatusExecution] 9409158a-3ef5-419f-b18e-c3263bd4e0f3 [2026-09-23T16:35:47.689875] at Object.deltaSql (/home/vcap/app/node_modules/@sap/cds/lib/compile/cdsc.js:165:53) (STDERR, APP/TASK/deploy-to-postgresql)#
#2026 09 23 16:35:48.849#Z#DEBUG#89a811f3-b76c-11f1-a9d4-eeee0a93f2f4.hpbuysell-otc-salesorder-postgres-deployer#flowable-async-job-executor-thread-22054#
[PollExecuteTaskStatusExecution] 9409158a-3ef5-419f-b18e-c3263bd4e0f3 [2026-09-23T16:35:47.689878] at /home/vcap/app/node_modules/@sap/cds/lib/compile/to/sql.js:38:61 (STDERR, APP/TASK/deploy-to-postgresql)#
#2026 09 23 16:35:48.849#Z#DEBUG#89a811f3-b76c-11f1-a9d4-eeee0a93f2f4.hpbuysell-otc-salesorder-postgres-deployer#flowable-async-job-executor-thread-22054#
[PollExecuteTaskStatusExecution] 9409158a-3ef5-419f-b18e-c3263bd4e0f3 [2026-09-23T16:35:47.689879] at next (/home/vcap/app/node_modules/@sap/cds/lib/compile/to/sql.js:44:4) (STDERR, APP/TASK/deploy-to-postgresql)#
#2026 09 23 16:35:48.849#Z#DEBUG#89a811f3-b76c-11f1-a9d4-eeee0a93f2f4.hpbuysell-otc-salesorder-postgres-deployer#flowable-async-job-executor-thread-22054#
[PollExecuteTaskStatusExecution] 9409158a-3ef5-419f-b18e-c3263bd4e0f3 [2026-09-23T16:35:47.689882] at Function.cds_compile_to_deltaSql [as delta] (/home/vcap/app/node_modules/@sap/cds/lib/compile/to/sql.js:46:21) (STDERR, APP/TASK/deploy-to-postgresql)#
#2026 09 23 16:35:48.849#Z#DEBUG#89a811f3-b76c-11f1-a9d4-eeee0a93f2f4.hpbuysell-otc-salesorder-postgres-deployer#flowable-async-job-executor-thread-22054#
[PollExecuteTaskStatusExecution] 9409158a-3ef5-419f-b18e-c3263bd4e0f3 [2026-09-23T16:35:47.689887] at deploy.schema (/home/vcap/app/node_modules/@sap/cds/lib/dbs/cds-deploy.js:75:75) (STDERR, APP/TASK/deploy-to-postgresql)#
#2026 09 23 16:35:48.849#Z#DEBUG#89a811f3-b76c-11f1-a9d4-eeee0a93f2f4.hpbuysell-otc-salesorder-postgres-deployer#flowable-async-job-executor-thread-22054#
[PollExecuteTaskStatusExecution] 9409158a-3ef5-419f-b18e-c3263bd4e0f3 [2026-09-23T16:35:47.713455] npm notice (STDERR, APP/TASK/deploy-to-postgresql)#
#2026 09 23 16:35:48.849#Z#DEBUG#89a811f3-b76c-11f1-a9d4-eeee0a93f2f4.hpbuysell-otc-salesorder-postgres-deployer#flowable-async-job-executor-thread-22054#
[PollExecuteTaskStatusExecution] 9409158a-3ef5-419f-b18e-c3263bd4e0f3 [2026-09-23T16:35:47.713475] npm notice New major version of npm available! 10.9.8 -> 12.1.0 (STDERR, APP/TASK/deploy-to-postgresql)#
#2026 09 23 16:35:48.849#Z#DEBUG#89a811f3-b76c-11f1-a9d4-eeee0a93f2f4.hpbuysell-otc-salesorder-postgres-deployer#flowable-async-job-executor-thread-22054#
[PollExecuteTaskStatusExecution] 9409158a-3ef5-419f-b18e-c3263bd4e0f3 [2026-09-23T16:35:47.713479] npm notice Changelog: https://github.com/npm/cli/releases/tag/v12.1.0 (STDERR, APP/TASK/deploy-to-postgresql)#
#2026 09 23 16:35:48.849#Z#DEBUG#89a811f3-b76c-11f1-a9d4-eeee0a93f2f4.hpbuysell-otc-salesorder-postgres-deployer#flowable-async-job-executor-thread-22054#
[PollExecuteTaskStatusExecution] 9409158a-3ef5-419f-b18e-c3263bd4e0f3 [2026-09-23T16:35:47.713484] npm notice To update run: npm install -g npm@12.1.0 (STDERR, APP/TASK/deploy-to-postgresql)#
#2026 09 23 16:35:48.849#Z#DEBUG#89a811f3-b76c-11f1-a9d4-eeee0a93f2f4.hpbuysell-otc-salesorder-postgres-deployer#flowable-async-job-executor-thread-22054#
[PollExecuteTaskStatusExecution] 9409158a-3ef5-419f-b18e-c3263bd4e0f3 [2026-09-23T16:35:47.713487] npm notice (STDERR, APP/TASK/deploy-to-postgresql)#
#2026 09 23 16:35:48.849#Z#DEBUG#89a811f3-b76c-11f1-a9d4-eeee0a93f2f4.hpbuysell-otc-salesorder-postgres-deployer#flowable-async-job-executor-thread-22054#
[PollExecuteTaskStatusExecution] 9409158a-3ef5-419f-b18e-c3263bd4e0f3 [2026-09-23T16:35:47.772970] Exit status 1 (STDOUT, APP/TASK/deploy-to-postgresql)#
#2026 09 23 16:35:48.849#Z#DEBUG#89a811f3-b76c-11f1-a9d4-eeee0a93f2f4.hpbuysell-otc-salesorder-postgres-deployer#flowable-async-job-executor-thread-22054#
[PollExecuteTaskStatusExecution] 9409158a-3ef5-419f-b18e-c3263bd4e0f3 [2026-09-23T16:35:48.286255] Cell a2a00f1d-079f-4e20-bb58-abe9cdcb03c8 stopping instance 60bdcdc5-11d5-424b-b0af-d8b7d7622d51 (STDOUT, CELL)#
#2026 09 23 16:35:48.849#Z#DEBUG#89a811f3-b76c-11f1-a9d4-eeee0a93f2f4.hpbuysell-otc-salesorder-postgres-deployer#flowable-async-job-executor-thread-22054#
[PollExecuteTaskStatusExecution] 9409158a-3ef5-419f-b18e-c3263bd4e0f3 [2026-09-23T16:35:48.286323] Cell a2a00f1d-079f-4e20-bb58-abe9cdcb03c8 destroying container for instance 60bdcdc5-11d5-424b-b0af-d8b7d7622d51 (STDOUT, CELL)#
#2026 09 23 16:35:58.949#Z#DEBUG#89a811f3-b76c-11f1-a9d4-eeee0a93f2f4.hpbuysell-otc-salesorder-postgres-deployer#flowable-async-job-executor-thread-28319#
[PollExecuteTaskStatusExecution] 9409158a-3ef5-419f-b18e-c3263bd4e0f3 [2026-09-23T16:34:02.941131] Updated app with guid 9409158a-3ef5-419f-b18e-c3263bd4e0f3 ({"lifecycle"=>{"data"=>{"buildpacks"=>["nodejs_buildpack"]}, "type"=>"buildpack"}}) (STDOUT, API)#
#2026 09 23 16:35:58.949#Z#DEBUG#89a811f3-b76c-11f1-a9d4-eeee0a93f2f4.hpbuysell-otc-salesorder-postgres-deployer#flowable-async-job-executor-thread-28319#
[PollExecuteTaskStatusExecution] 9409158a-3ef5-419f-b18e-c3263bd4e0f3 [2026-09-23T16:34:03.062639] Updating process: "web" (STDOUT, API)#
#2026 09 23 16:35:58.949#Z#DEBUG#89a811f3-b76c-11f1-a9d4-eeee0a93f2f4.hpbuysell-otc-salesorder-postgres-deployer#flowable-async-job-executor-thread-28319#
[PollExecuteTaskStatusExecution] 9409158a-3ef5-419f-b18e-c3263bd4e0f3 [2026-09-23T16:34:38.924183] Uploading app package for app with guid 9409158a-3ef5-419f-b18e-c3263bd4e0f3 (STDOUT, API)#
#2026 09 23 16:35:58.949#Z#DEBUG#89a811f3-b76c-11f1-a9d4-eeee0a93f2f4.hpbuysell-otc-salesorder-postgres-deployer#flowable-async-job-executor-thread-28319#
[PollExecuteTaskStatusExecution] 9409158a-3ef5-419f-b18e-c3263bd4e0f3 [2026-09-23T16:34:39.117933] Updated app with guid 9409158a-3ef5-419f-b18e-c3263bd4e0f3 ({"environment_variables"=>"[PRIVATE DATA HIDDEN]"}) (STDOUT, API)#
#2026 09 23 16:35:58.949#Z#DEBUG#89a811f3-b76c-11f1-a9d4-eeee0a93f2f4.hpbuysell-otc-salesorder-postgres-deployer#flowable-async-job-executor-thread-28319#
[PollExecuteTaskStatusExecution] 9409158a-3ef5-419f-b18e-c3263bd4e0f3 [2026-09-23T16:34:48.894228] Creating build for app with guid 9409158a-3ef5-419f-b18e-c3263bd4e0f3 (STDOUT, API)#
#2026 09 23 16:35:58.949#Z#DEBUG#89a811f3-b76c-11f1-a9d4-eeee0a93f2f4.hpbuysell-otc-salesorder-postgres-deployer#flowable-async-job-executor-thread-28319#
[PollExecuteTaskStatusExecution] 9409158a-3ef5-419f-b18e-c3263bd4e0f3 [2026-09-23T16:34:49.282519] Downloading nodejs_buildpack... (STDOUT, STG)#
#2026 09 23 16:35:58.949#Z#DEBUG#89a811f3-b76c-11f1-a9d4-eeee0a93f2f4.hpbuysell-otc-salesorder-postgres-deployer#flowable-async-job-executor-thread-28319#
[PollExecuteTaskStatusExecution] 9409158a-3ef5-419f-b18e-c3263bd4e0f3 [2026-09-23T16:34:49.320916] Downloaded nodejs_buildpack (STDOUT, STG)#
#2026 09 23 16:35:58.949#Z#DEBUG#89a811f3-b76c-11f1-a9d4-eeee0a93f2f4.hpbuysell-otc-salesorder-postgres-deployer#flowable-async-job-executor-thread-28319#
[PollExecuteTaskStatusExecution] 9409158a-3ef5-419f-b18e-c3263bd4e0f3 [2026-09-23T16:34:49.320988] Cell e92d70ea-20bb-4bd3-b62a-3f8ab64af136 creating container for instance b2d19168-9a0b-4d05-9952-968a341bf132 (STDOUT, STG)#
#2026 09 23 16:35:58.949#Z#DEBUG#89a811f3-b76c-11f1-a9d4-eeee0a93f2f4.hpbuysell-otc-salesorder-postgres-deployer#flowable-async-job-executor-thread-28319#
[PollExecuteTaskStatusExecution] 9409158a-3ef5-419f-b18e-c3263bd4e0f3 [2026-09-23T16:34:49.646764] Security group rules were updated (STDOUT, STG)#
#2026 09 23 16:35:58.949#Z#DEBUG#89a811f3-b76c-11f1-a9d4-eeee0a93f2f4.hpbuysell-otc-salesorder-postgres-deployer#flowable-async-job-executor-thread-28319#
[PollExecuteTaskStatusExecution] 9409158a-3ef5-419f-b18e-c3263bd4e0f3 [2026-09-23T16:34:49.664369] Cell e92d70ea-20bb-4bd3-b62a-3f8ab64af136 successfully created container for instance b2d19168-9a0b-4d05-9952-968a341bf132 (STDOUT, STG)#
#2026 09 23 16:35:58.949#Z#DEBUG#89a811f3-b76c-11f1-a9d4-eeee0a93f2f4.hpbuysell-otc-salesorder-postgres-deployer#flowable-async-job-executor-thread-28319#
[PollExecuteTaskStatusExecution] 9409158a-3ef5-419f-b18e-c3263bd4e0f3 [2026-09-23T16:34:50.268211] Downloading build artifacts cache... (STDOUT, STG)#
#2026 09 23 16:35:58.949#Z#DEBUG#89a811f3-b76c-11f1-a9d4-eeee0a93f2f4.hpbuysell-otc-salesorder-postgres-deployer#flowable-async-job-executor-thread-28319#
[PollExecuteTaskStatusExecution] 9409158a-3ef5-419f-b18e-c3263bd4e0f3 [2026-09-23T16:34:50.268333] Downloading app package... (STDOUT, STG)#
#2026 09 23 16:35:58.949#Z#DEBUG#89a811f3-b76c-11f1-a9d4-eeee0a93f2f4.hpbuysell-otc-salesorder-postgres-deployer#flowable-async-job-executor-thread-28319#
[PollExecuteTaskStatusExecution] 9409158a-3ef5-419f-b18e-c3263bd4e0f3 [2026-09-23T16:34:50.349223] Downloaded build artifacts cache (215B) (STDOUT, STG)#
#2026 09 23 16:35:58.949#Z#DEBUG#89a811f3-b76c-11f1-a9d4-eeee0a93f2f4.hpbuysell-otc-salesorder-postgres-deployer#flowable-async-job-executor-thread-28319#
[PollExecuteTaskStatusExecution] 9409158a-3ef5-419f-b18e-c3263bd4e0f3 [2026-09-23T16:34:50.583017] Downloaded app package (3.1M) (STDOUT, STG)#
#2026 09 23 16:35:58.949#Z#DEBUG#89a811f3-b76c-11f1-a9d4-eeee0a93f2f4.hpbuysell-otc-salesorder-postgres-deployer#flowable-async-job-executor-thread-28319#
[PollExecuteTaskStatusExecution] 9409158a-3ef5-419f-b18e-c3263bd4e0f3 [2026-09-23T16:34:50.651127] -----> Nodejs Buildpack version 1.9.4 (STDOUT, STG)#
#2026 09 23 16:35:58.949#Z#DEBUG#89a811f3-b76c-11f1-a9d4-eeee0a93f2f4.hpbuysell-otc-salesorder-postgres-deployer#flowable-async-job-executor-thread-28319#
[PollExecuteTaskStatusExecution] 9409158a-3ef5-419f-b18e-c3263bd4e0f3 [2026-09-23T16:34:50.766428] -----> Bootstrapping python (STDOUT, STG)#
#2026 09 23 16:35:58.949#Z#DEBUG#89a811f3-b76c-11f1-a9d4-eeee0a93f2f4.hpbuysell-otc-salesorder-postgres-deployer#flowable-async-job-executor-thread-28319#
[PollExecuteTaskStatusExecution] 9409158a-3ef5-419f-b18e-c3263bd4e0f3 [2026-09-23T16:34:50.766450] -----> Installing python 3.13.15 (STDOUT, STG)#
#2026 09 23 16:35:58.949#Z#DEBUG#89a811f3-b76c-11f1-a9d4-eeee0a93f2f4.hpbuysell-otc-salesorder-postgres-deployer#flowable-async-job-executor-thread-28319#
[PollExecuteTaskStatusExecution] 9409158a-3ef5-419f-b18e-c3263bd4e0f3 [2026-09-23T16:34:50.766488] Copy [/tmp/buildpacks/a5982ae3653c0c93/dependencies/6832464ec708e1392d482a6034aa2c94/python_3.13.15_linux_x64_cflinuxfs4_0c9cd9fd.tgz] (STDOUT, STG)#
#2026 09 23 16:35:58.949#Z#DEBUG#89a811f3-b76c-11f1-a9d4-eeee0a93f2f4.hpbuysell-otc-salesorder-postgres-deployer#flowable-async-job-executor-thread-28319#
[PollExecuteTaskStatusExecution] 9409158a-3ef5-419f-b18e-c3263bd4e0f3 [2026-09-23T16:34:54.032600] -----> Installing binaries (STDOUT, STG)#
#2026 09 23 16:35:58.949#Z#DEBUG#89a811f3-b76c-11f1-a9d4-eeee0a93f2f4.hpbuysell-otc-salesorder-postgres-deployer#flowable-async-job-executor-thread-28319#
[PollExecuteTaskStatusExecution] 9409158a-3ef5-419f-b18e-c3263bd4e0f3 [2026-09-23T16:34:54.032627] engines.node (package.json): unspecified (STDOUT, STG)#
#2026 09 23 16:35:58.949#Z#DEBUG#89a811f3-b76c-11f1-a9d4-eeee0a93f2f4.hpbuysell-otc-salesorder-postgres-deployer#flowable-async-job-executor-thread-28319#
[PollExecuteTaskStatusExecution] 9409158a-3ef5-419f-b18e-c3263bd4e0f3 [2026-09-23T16:34:54.032631] engines.npm (package.json): unspecified (use default) (STDOUT, STG)#
#2026 09 23 16:35:58.949#Z#DEBUG#89a811f3-b76c-11f1-a9d4-eeee0a93f2f4.hpbuysell-otc-salesorder-postgres-deployer#flowable-async-job-executor-thread-28319#
[PollExecuteTaskStatusExecution] 9409158a-3ef5-419f-b18e-c3263bd4e0f3 [2026-09-23T16:34:54.032634] [31;1m**WARNING**[0m Node version not specified in package.json or .nvmrc. See: http://docs.cloudfoundry.org/buildpacks/node/node-tips.html (STDOUT, STG)#
#2026 09 23 16:35:58.949#Z#DEBUG#89a811f3-b76c-11f1-a9d4-eeee0a93f2f4.hpbuysell-otc-salesorder-postgres-deployer#flowable-async-job-executor-thread-28319#
[PollExecuteTaskStatusExecution] 9409158a-3ef5-419f-b18e-c3263bd4e0f3 [2026-09-23T16:34:54.032662] -----> Installing node 22.23.2 (STDOUT, STG)#
#2026 09 23 16:35:58.949#Z#DEBUG#89a811f3-b76c-11f1-a9d4-eeee0a93f2f4.hpbuysell-otc-salesorder-postgres-deployer#flowable-async-job-executor-thread-28319#
[PollExecuteTaskStatusExecution] 9409158a-3ef5-419f-b18e-c3263bd4e0f3 [2026-09-23T16:34:54.032785] Copy [/tmp/buildpacks/a5982ae3653c0c93/dependencies/d69f9b8550b7904ed82cbc204ef0d72d/node_22.23.2_linux_x64_cflinuxfs4_8bfe78a5.tgz] (STDOUT, STG)#
#2026 09 23 16:35:58.949#Z#DEBUG#89a811f3-b76c-11f1-a9d4-eeee0a93f2f4.hpbuysell-otc-salesorder-postgres-deployer#flowable-async-job-executor-thread-28319#
[PollExecuteTaskStatusExecution] 9409158a-3ef5-419f-b18e-c3263bd4e0f3 [2026-09-23T16:34:55.892303] Using default npm version: 10.9.8 (STDOUT, STG)#
#2026 09 23 16:35:58.949#Z#DEBUG#89a811f3-b76c-11f1-a9d4-eeee0a93f2f4.hpbuysell-otc-salesorder-postgres-deployer#flowable-async-job-executor-thread-28319#
[PollExecuteTaskStatusExecution] 9409158a-3ef5-419f-b18e-c3263bd4e0f3 [2026-09-23T16:34:55.892329] -----> Installing yarn 1.22.22 (STDOUT, STG)#
#2026 09 23 16:35:58.949#Z#DEBUG#89a811f3-b76c-11f1-a9d4-eeee0a93f2f4.hpbuysell-otc-salesorder-postgres-deployer#flowable-async-job-executor-thread-28319#
[PollExecuteTaskStatusExecution] 9409158a-3ef5-419f-b18e-c3263bd4e0f3 [2026-09-23T16:34:55.892347] Copy [/tmp/buildpacks/a5982ae3653c0c93/dependencies/e4fe26756e9984a665478d350474fa2e/yarn_1.22.22_linux_noarch_any-stack_b6132b86.tgz] (STDOUT, STG)#
#2026 09 23 16:35:58.949#Z#DEBUG#89a811f3-b76c-11f1-a9d4-eeee0a93f2f4.hpbuysell-otc-salesorder-postgres-deployer#flowable-async-job-executor-thread-28319#
[PollExecuteTaskStatusExecution] 9409158a-3ef5-419f-b18e-c3263bd4e0f3 [2026-09-23T16:34:56.147494] Installed yarn 1.22.22 (STDOUT, STG)#
#2026 09 23 16:35:58.949#Z#DEBUG#89a811f3-b76c-11f1-a9d4-eeee0a93f2f4.hpbuysell-otc-salesorder-postgres-deployer#flowable-async-job-executor-thread-28319#
[PollExecuteTaskStatusExecution] 9409158a-3ef5-419f-b18e-c3263bd4e0f3 [2026-09-23T16:34:56.147527] -----> Creating runtime environment (STDOUT, STG)#
#2026 09 23 16:35:58.949#Z#DEBUG#89a811f3-b76c-11f1-a9d4-eeee0a93f2f4.hpbuysell-otc-salesorder-postgres-deployer#flowable-async-job-executor-thread-28319#
[PollExecuteTaskStatusExecution] 9409158a-3ef5-419f-b18e-c3263bd4e0f3 [2026-09-23T16:34:56.149201] NODE_ENV=production (STDOUT, STG)#
#2026 09 23 16:35:58.949#Z#DEBUG#89a811f3-b76c-11f1-a9d4-eeee0a93f2f4.hpbuysell-otc-salesorder-postgres-deployer#flowable-async-job-executor-thread-28319#
[PollExecuteTaskStatusExecution] 9409158a-3ef5-419f-b18e-c3263bd4e0f3 [2026-09-23T16:34:56.149215] NODE_HOME=/tmp/contents2561168110/deps/0/node (STDOUT, STG)#
#2026 09 23 16:35:58.949#Z#DEBUG#89a811f3-b76c-11f1-a9d4-eeee0a93f2f4.hpbuysell-otc-salesorder-postgres-deployer#flowable-async-job-executor-thread-28319#
[PollExecuteTaskStatusExecution] 9409158a-3ef5-419f-b18e-c3263bd4e0f3 [2026-09-23T16:34:56.149218] NODE_MODULES_CACHE=true (STDOUT, STG)#
#2026 09 23 16:35:58.949#Z#DEBUG#89a811f3-b76c-11f1-a9d4-eeee0a93f2f4.hpbuysell-otc-salesorder-postgres-deployer#flowable-async-job-executor-thread-28319#
[PollExecuteTaskStatusExecution] 9409158a-3ef5-419f-b18e-c3263bd4e0f3 [2026-09-23T16:34:56.149220] NODE_VERBOSE=false (STDOUT, STG)#
#2026 09 23 16:35:58.949#Z#DEBUG#89a811f3-b76c-11f1-a9d4-eeee0a93f2f4.hpbuysell-otc-salesorder-postgres-deployer#flowable-async-job-executor-thread-28319#
[PollExecuteTaskStatusExecution] 9409158a-3ef5-419f-b18e-c3263bd4e0f3 [2026-09-23T16:34:56.149221] NPM_CONFIG_LOGLEVEL=error (STDOUT, STG)#
#2026 09 23 16:35:58.949#Z#DEBUG#89a811f3-b76c-11f1-a9d4-eeee0a93f2f4.hpbuysell-otc-salesorder-postgres-deployer#flowable-async-job-executor-thread-28319#
[PollExecuteTaskStatusExecution] 9409158a-3ef5-419f-b18e-c3263bd4e0f3 [2026-09-23T16:34:56.149224] NPM_CONFIG_PRODUCTION=true (STDOUT, STG)#
#2026 09 23 16:35:58.949#Z#DEBUG#89a811f3-b76c-11f1-a9d4-eeee0a93f2f4.hpbuysell-otc-salesorder-postgres-deployer#flowable-async-job-executor-thread-28319#
[PollExecuteTaskStatusExecution] 9409158a-3ef5-419f-b18e-c3263bd4e0f3 [2026-09-23T16:34:56.149225] -----> Building dependencies (STDOUT, STG)#
#2026 09 23 16:35:58.949#Z#DEBUG#89a811f3-b76c-11f1-a9d4-eeee0a93f2f4.hpbuysell-otc-salesorder-postgres-deployer#flowable-async-job-executor-thread-28319#
[PollExecuteTaskStatusExecution] 9409158a-3ef5-419f-b18e-c3263bd4e0f3 [2026-09-23T16:34:56.149228] Prebuild detected (node_modules already exists) (STDOUT, STG)#
#2026 09 23 16:35:58.949#Z#DEBUG#89a811f3-b76c-11f1-a9d4-eeee0a93f2f4.hpbuysell-otc-salesorder-postgres-deployer#flowable-async-job-executor-thread-28319#
[PollExecuteTaskStatusExecution] 9409158a-3ef5-419f-b18e-c3263bd4e0f3 [2026-09-23T16:34:56.149316] Rebuilding any native modules (STDOUT, STG)#
#2026 09 23 16:35:58.949#Z#DEBUG#89a811f3-b76c-11f1-a9d4-eeee0a93f2f4.hpbuysell-otc-salesorder-postgres-deployer#flowable-async-job-executor-thread-28319#
[PollExecuteTaskStatusExecution] 9409158a-3ef5-419f-b18e-c3263bd4e0f3 [2026-09-23T16:34:56.664749] rebuilt dependencies successfully (STDOUT, STG)#
#2026 09 23 16:35:58.949#Z#DEBUG#89a811f3-b76c-11f1-a9d4-eeee0a93f2f4.hpbuysell-otc-salesorder-postgres-deployer#flowable-async-job-executor-thread-28319#
[PollExecuteTaskStatusExecution] 9409158a-3ef5-419f-b18e-c3263bd4e0f3 [2026-09-23T16:34:56.665630] npm notice (STDOUT, STG)#
#2026 09 23 16:35:58.949#Z#DEBUG#89a811f3-b76c-11f1-a9d4-eeee0a93f2f4.hpbuysell-otc-salesorder-postgres-deployer#flowable-async-job-executor-thread-28319#
[PollExecuteTaskStatusExecution] 9409158a-3ef5-419f-b18e-c3263bd4e0f3 [2026-09-23T16:34:56.665644] npm notice New major version of npm available! 10.9.8 -> 12.1.0 (STDOUT, STG)#
#2026 09 23 16:35:58.949#Z#DEBUG#89a811f3-b76c-11f1-a9d4-eeee0a93f2f4.hpbuysell-otc-salesorder-postgres-deployer#flowable-async-job-executor-thread-28319#
[PollExecuteTaskStatusExecution] 9409158a-3ef5-419f-b18e-c3263bd4e0f3 [2026-09-23T16:34:56.665648] npm notice Changelog: https://github.com/npm/cli/releases/tag/v12.1.0 (STDOUT, STG)#
#2026 09 23 16:35:58.949#Z#DEBUG#89a811f3-b76c-11f1-a9d4-eeee0a93f2f4.hpbuysell-otc-salesorder-postgres-deployer#flowable-async-job-executor-thread-28319#
[PollExecuteTaskStatusExecution] 9409158a-3ef5-419f-b18e-c3263bd4e0f3 [2026-09-23T16:34:56.665650] npm notice To update run: npm install -g npm@12.1.0 (STDOUT, STG)#
#2026 09 23 16:35:58.949#Z#DEBUG#89a811f3-b76c-11f1-a9d4-eeee0a93f2f4.hpbuysell-otc-salesorder-postgres-deployer#flowable-async-job-executor-thread-28319#
[PollExecuteTaskStatusExecution] 9409158a-3ef5-419f-b18e-c3263bd4e0f3 [2026-09-23T16:34:56.665652] npm notice (STDOUT, STG)#
#2026 09 23 16:35:58.949#Z#DEBUG#89a811f3-b76c-11f1-a9d4-eeee0a93f2f4.hpbuysell-otc-salesorder-postgres-deployer#flowable-async-job-executor-thread-28319#
[PollExecuteTaskStatusExecution] 9409158a-3ef5-419f-b18e-c3263bd4e0f3 [2026-09-23T16:34:56.720884] Installing any new modules (package.json + package-lock.json) (STDOUT, STG)#
#2026 09 23 16:35:58.949#Z#DEBUG#89a811f3-b76c-11f1-a9d4-eeee0a93f2f4.hpbuysell-otc-salesorder-postgres-deployer#flowable-async-job-executor-thread-28319#
[PollExecuteTaskStatusExecution] 9409158a-3ef5-419f-b18e-c3263bd4e0f3 [2026-09-23T16:34:57.157879] up to date in 375ms (STDOUT, STG)#
#2026 09 23 16:35:58.949#Z#DEBUG#89a811f3-b76c-11f1-a9d4-eeee0a93f2f4.hpbuysell-otc-salesorder-postgres-deployer#flowable-async-job-executor-thread-28319#
[PollExecuteTaskStatusExecution] 9409158a-3ef5-419f-b18e-c3263bd4e0f3 [2026-09-23T16:34:57.157924] 30 packages are looking for funding (STDOUT, STG)#
#2026 09 23 16:35:58.949#Z#DEBUG#89a811f3-b76c-11f1-a9d4-eeee0a93f2f4.hpbuysell-otc-salesorder-postgres-deployer#flowable-async-job-executor-thread-28319#
[PollExecuteTaskStatusExecution] 9409158a-3ef5-419f-b18e-c3263bd4e0f3 [2026-09-23T16:34:57.157931] run `npm fund` for details (STDOUT, STG)#
#2026 09 23 16:35:58.949#Z#DEBUG#89a811f3-b76c-11f1-a9d4-eeee0a93f2f4.hpbuysell-otc-salesorder-postgres-deployer#flowable-async-job-executor-thread-28319#
[PollExecuteTaskStatusExecution] 9409158a-3ef5-419f-b18e-c3263bd4e0f3 [2026-09-23T16:34:57.932379] Contrast Security no credentials found. Will not write environment files. (STDOUT, STG)#
#2026 09 23 16:35:58.949#Z#DEBUG#89a811f3-b76c-11f1-a9d4-eeee0a93f2f4.hpbuysell-otc-salesorder-postgres-deployer#flowable-async-job-executor-thread-28319#
[PollExecuteTaskStatusExecution] 9409158a-3ef5-419f-b18e-c3263bd4e0f3 [2026-09-23T16:35:05.888464] Exit status 0 (STDOUT, STG)#
#2026 09 23 16:35:58.949#Z#DEBUG#89a811f3-b76c-11f1-a9d4-eeee0a93f2f4.hpbuysell-otc-salesorder-postgres-deployer#flowable-async-job-executor-thread-28319#
[PollExecuteTaskStatusExecution] 9409158a-3ef5-419f-b18e-c3263bd4e0f3 [2026-09-23T16:35:05.888535] Uploading droplet, build artifacts cache... (STDOUT, STG)#
#2026 09 23 16:35:58.949#Z#DEBUG#89a811f3-b76c-11f1-a9d4-eeee0a93f2f4.hpbuysell-otc-salesorder-postgres-deployer#flowable-async-job-executor-thread-28319#
[PollExecuteTaskStatusExecution] 9409158a-3ef5-419f-b18e-c3263bd4e0f3 [2026-09-23T16:35:05.888608] Uploading droplet... (STDOUT, STG)#
#2026 09 23 16:35:58.949#Z#DEBUG#89a811f3-b76c-11f1-a9d4-eeee0a93f2f4.hpbuysell-otc-salesorder-postgres-deployer#flowable-async-job-executor-thread-28319#
[PollExecuteTaskStatusExecution] 9409158a-3ef5-419f-b18e-c3263bd4e0f3 [2026-09-23T16:35:05.888623] Uploading build artifacts cache... (STDOUT, STG)#
#2026 09 23 16:35:58.949#Z#DEBUG#89a811f3-b76c-11f1-a9d4-eeee0a93f2f4.hpbuysell-otc-salesorder-postgres-deployer#flowable-async-job-executor-thread-28319#
[PollExecuteTaskStatusExecution] 9409158a-3ef5-419f-b18e-c3263bd4e0f3 [2026-09-23T16:35:05.905189] Uploaded build artifacts cache (224B) (STDOUT, STG)#
#2026 09 23 16:35:58.949#Z#DEBUG#89a811f3-b76c-11f1-a9d4-eeee0a93f2f4.hpbuysell-otc-salesorder-postgres-deployer#flowable-async-job-executor-thread-28319#
[PollExecuteTaskStatusExecution] 9409158a-3ef5-419f-b18e-c3263bd4e0f3 [2026-09-23T16:35:06.493229] Creating droplet for app with guid 9409158a-3ef5-419f-b18e-c3263bd4e0f3 (STDOUT, API)#
#2026 09 23 16:35:58.949#Z#DEBUG#89a811f3-b76c-11f1-a9d4-eeee0a93f2f4.hpbuysell-otc-salesorder-postgres-deployer#flowable-async-job-executor-thread-28319#
[PollExecuteTaskStatusExecution] 9409158a-3ef5-419f-b18e-c3263bd4e0f3 [2026-09-23T16:35:08.560959] Uploaded droplet (59.5M) (STDOUT, STG)#
#2026 09 23 16:35:58.949#Z#DEBUG#89a811f3-b76c-11f1-a9d4-eeee0a93f2f4.hpbuysell-otc-salesorder-postgres-deployer#flowable-async-job-executor-thread-28319#
[PollExecuteTaskStatusExecution] 9409158a-3ef5-419f-b18e-c3263bd4e0f3 [2026-09-23T16:35:08.578586] Uploading complete (STDOUT, STG)#
#2026 09 23 16:35:58.949#Z#DEBUG#89a811f3-b76c-11f1-a9d4-eeee0a93f2f4.hpbuysell-otc-salesorder-postgres-deployer#flowable-async-job-executor-thread-28319#
[PollExecuteTaskStatusExecution] 9409158a-3ef5-419f-b18e-c3263bd4e0f3 [2026-09-23T16:35:09.645640] Cell e92d70ea-20bb-4bd3-b62a-3f8ab64af136 stopping instance b2d19168-9a0b-4d05-9952-968a341bf132 (STDOUT, STG)#
#2026 09 23 16:35:58.949#Z#DEBUG#89a811f3-b76c-11f1-a9d4-eeee0a93f2f4.hpbuysell-otc-salesorder-postgres-deployer#flowable-async-job-executor-thread-28319#
[PollExecuteTaskStatusExecution] 9409158a-3ef5-419f-b18e-c3263bd4e0f3 [2026-09-23T16:35:09.645681] Cell e92d70ea-20bb-4bd3-b62a-3f8ab64af136 destroying container for instance b2d19168-9a0b-4d05-9952-968a341bf132 (STDOUT, STG)#
#2026 09 23 16:35:58.949#Z#DEBUG#89a811f3-b76c-11f1-a9d4-eeee0a93f2f4.hpbuysell-otc-salesorder-postgres-deployer#flowable-async-job-executor-thread-28319#
[PollExecuteTaskStatusExecution] 9409158a-3ef5-419f-b18e-c3263bd4e0f3 [2026-09-23T16:35:09.715185] Staging complete for build b2d19168-9a0b-4d05-9952-968a341bf132 (STDOUT, API)#
#2026 09 23 16:35:58.949#Z#DEBUG#89a811f3-b76c-11f1-a9d4-eeee0a93f2f4.hpbuysell-otc-salesorder-postgres-deployer#flowable-async-job-executor-thread-28319#
[PollExecuteTaskStatusExecution] 9409158a-3ef5-419f-b18e-c3263bd4e0f3 [2026-09-23T16:35:10.724758] Cell e92d70ea-20bb-4bd3-b62a-3f8ab64af136 successfully destroyed container for instance b2d19168-9a0b-4d05-9952-968a341bf132 (STDOUT, STG)#
#2026 09 23 16:35:58.949#Z#DEBUG#89a811f3-b76c-11f1-a9d4-eeee0a93f2f4.hpbuysell-otc-salesorder-postgres-deployer#flowable-async-job-executor-thread-28319#
[PollExecuteTaskStatusExecution] 9409158a-3ef5-419f-b18e-c3263bd4e0f3 [2026-09-23T16:35:18.860660] Updated app with guid 9409158a-3ef5-419f-b18e-c3263bd4e0f3 ({:droplet_guid=>"39b6d6c9-6a15-4ee4-b80c-92595392842d"}) (STDOUT, API)#
#2026 09 23 16:35:58.949#Z#DEBUG#89a811f3-b76c-11f1-a9d4-eeee0a93f2f4.hpbuysell-otc-salesorder-postgres-deployer#flowable-async-job-executor-thread-28319#
[PollExecuteTaskStatusExecution] 9409158a-3ef5-419f-b18e-c3263bd4e0f3 [2026-09-23T16:35:19.335987] Cell d6f6c137-ae8a-48d5-9574-17d171a99dc7 creating container for instance 7117c9c4-7e6d-4717-8674-f2fbe6ad5125 (STDOUT, CELL)#
#2026 09 23 16:35:58.949#Z#DEBUG#89a811f3-b76c-11f1-a9d4-eeee0a93f2f4.hpbuysell-otc-salesorder-postgres-deployer#flowable-async-job-executor-thread-28319#
[PollExecuteTaskStatusExecution] 9409158a-3ef5-419f-b18e-c3263bd4e0f3 [2026-09-23T16:35:19.697593] Security group rules were updated (STDOUT, CELL)#
#2026 09 23 16:35:58.949#Z#DEBUG#89a811f3-b76c-11f1-a9d4-eeee0a93f2f4.hpbuysell-otc-salesorder-postgres-deployer#flowable-async-job-executor-thread-28319#
[PollExecuteTaskStatusExecution] 9409158a-3ef5-419f-b18e-c3263bd4e0f3 [2026-09-23T16:35:19.720968] Cell d6f6c137-ae8a-48d5-9574-17d171a99dc7 successfully created container for instance 7117c9c4-7e6d-4717-8674-f2fbe6ad5125 (STDOUT, CELL)#
#2026 09 23 16:35:58.949#Z#DEBUG#89a811f3-b76c-11f1-a9d4-eeee0a93f2f4.hpbuysell-otc-salesorder-postgres-deployer#flowable-async-job-executor-thread-28319#
[PollExecuteTaskStatusExecution] 9409158a-3ef5-419f-b18e-c3263bd4e0f3 [2026-09-23T16:35:23.016193] Invoking pre-start scripts. (STDOUT, APP/TASK/deploy-to-postgresql)#
#2026 09 23 16:35:58.949#Z#DEBUG#89a811f3-b76c-11f1-a9d4-eeee0a93f2f4.hpbuysell-otc-salesorder-postgres-deployer#flowable-async-job-executor-thread-28319#
[PollExecuteTaskStatusExecution] 9409158a-3ef5-419f-b18e-c3263bd4e0f3 [2026-09-23T16:35:23.167381] Invoking start command. (STDOUT, APP/TASK/deploy-to-postgresql)#
#2026 09 23 16:35:58.949#Z#DEBUG#89a811f3-b76c-11f1-a9d4-eeee0a93f2f4.hpbuysell-otc-salesorder-postgres-deployer#flowable-async-job-executor-thread-28319#
[PollExecuteTaskStatusExecution] 9409158a-3ef5-419f-b18e-c3263bd4e0f3 [2026-09-23T16:35:23.476874] > start (STDOUT, APP/TASK/deploy-to-postgresql)#
#2026 09 23 16:35:58.949#Z#DEBUG#89a811f3-b76c-11f1-a9d4-eeee0a93f2f4.hpbuysell-otc-salesorder-postgres-deployer#flowable-async-job-executor-thread-28319#
[PollExecuteTaskStatusExecution] 9409158a-3ef5-419f-b18e-c3263bd4e0f3 [2026-09-23T16:35:23.476896] > cds-deploy (STDOUT, APP/TASK/deploy-to-postgresql)#
#2026 09 23 16:35:58.949#Z#DEBUG#89a811f3-b76c-11f1-a9d4-eeee0a93f2f4.hpbuysell-otc-salesorder-postgres-deployer#flowable-async-job-executor-thread-28319#
[PollExecuteTaskStatusExecution] 9409158a-3ef5-419f-b18e-c3263bd4e0f3 [2026-09-23T16:35:23.535947] Deploying with options: { (STDOUT, APP/TASK/deploy-to-postgresql)#
#2026 09 23 16:35:58.949#Z#DEBUG#89a811f3-b76c-11f1-a9d4-eeee0a93f2f4.hpbuysell-otc-salesorder-postgres-deployer#flowable-async-job-executor-thread-28319#
[PollExecuteTaskStatusExecution] 9409158a-3ef5-419f-b18e-c3263bd4e0f3 [2026-09-23T16:35:23.535965] impl: '@cap-js/postgres', (STDOUT, APP/TASK/deploy-to-postgresql)#
#2026 09 23 16:35:58.949#Z#DEBUG#89a811f3-b76c-11f1-a9d4-eeee0a93f2f4.hpbuysell-otc-salesorder-postgres-deployer#flowable-async-job-executor-thread-28319#
[PollExecuteTaskStatusExecution] 9409158a-3ef5-419f-b18e-c3263bd4e0f3 [2026-09-23T16:35:23.535968] kind: 'postgres', (STDOUT, APP/TASK/deploy-to-postgresql)#
#2026 09 23 16:35:58.949#Z#DEBUG#89a811f3-b76c-11f1-a9d4-eeee0a93f2f4.hpbuysell-otc-salesorder-postgres-deployer#flowable-async-job-executor-thread-28319#
[PollExecuteTaskStatusExecution] 9409158a-3ef5-419f-b18e-c3263bd4e0f3 [2026-09-23T16:35:23.535971] dialect: 'postgres', (STDOUT, APP/TASK/deploy-to-postgresql)#
#2026 09 23 16:35:58.949#Z#DEBUG#89a811f3-b76c-11f1-a9d4-eeee0a93f2f4.hpbuysell-otc-salesorder-postgres-deployer#flowable-async-job-executor-thread-28319#
[PollExecuteTaskStatusExecution] 9409158a-3ef5-419f-b18e-c3263bd4e0f3 [2026-09-23T16:35:23.535974] vcap: { label: 'postgresql-db' }, (STDOUT, APP/TASK/deploy-to-postgresql)#
#2026 09 23 16:35:58.949#Z#DEBUG#89a811f3-b76c-11f1-a9d4-eeee0a93f2f4.hpbuysell-otc-salesorder-postgres-deployer#flowable-async-job-executor-thread-28319#
[PollExecuteTaskStatusExecution] 9409158a-3ef5-419f-b18e-c3263bd4e0f3 [2026-09-23T16:35:23.535977] pool: { (STDOUT, APP/TASK/deploy-to-postgresql)#
#2026 09 23 16:35:58.949#Z#DEBUG#89a811f3-b76c-11f1-a9d4-eeee0a93f2f4.hpbuysell-otc-salesorder-postgres-deployer#flowable-async-job-executor-thread-28319#
[PollExecuteTaskStatusExecution] 9409158a-3ef5-419f-b18e-c3263bd4e0f3 [2026-09-23T16:35:23.535979] min: 0, (STDOUT, APP/TASK/deploy-to-postgresql)#
#2026 09 23 16:35:58.949#Z#DEBUG#89a811f3-b76c-11f1-a9d4-eeee0a93f2f4.hpbuysell-otc-salesorder-postgres-deployer#flowable-async-job-executor-thread-28319#
[PollExecuteTaskStatusExecution] 9409158a-3ef5-419f-b18e-c3263bd4e0f3 [2026-09-23T16:35:23.535981] max: 10, (STDOUT, APP/TASK/deploy-to-postgresql)#
#2026 09 23 16:35:58.949#Z#DEBUG#89a811f3-b76c-11f1-a9d4-eeee0a93f2f4.hpbuysell-otc-salesorder-postgres-deployer#flowable-async-job-executor-thread-28319#
[PollExecuteTaskStatusExecution] 9409158a-3ef5-419f-b18e-c3263bd4e0f3 [2026-09-23T16:35:23.535983] testOnBorrow: true, (STDOUT, APP/TASK/deploy-to-postgresql)#
#2026 09 23 16:35:58.949#Z#DEBUG#89a811f3-b76c-11f1-a9d4-eeee0a93f2f4.hpbuysell-otc-salesorder-postgres-deployer#flowable-async-job-executor-thread-28319#
[PollExecuteTaskStatusExecution] 9409158a-3ef5-419f-b18e-c3263bd4e0f3 [2026-09-23T16:35:23.535987] acquireTimeoutMillis: 1000, (STDOUT, APP/TASK/deploy-to-postgresql)#
#2026 09 23 16:35:58.949#Z#DEBUG#89a811f3-b76c-11f1-a9d4-eeee0a93f2f4.hpbuysell-otc-salesorder-postgres-deployer#flowable-async-job-executor-thread-28319#
[PollExecuteTaskStatusExecution] 9409158a-3ef5-419f-b18e-c3263bd4e0f3 [2026-09-23T16:35:23.535988] destroyTimeoutMillis: 1000 (STDOUT, APP/TASK/deploy-to-postgresql)#
#2026 09 23 16:35:58.949#Z#DEBUG#89a811f3-b76c-11f1-a9d4-eeee0a93f2f4.hpbuysell-otc-salesorder-postgres-deployer#flowable-async-job-executor-thread-28319#
[PollExecuteTaskStatusExecution] 9409158a-3ef5-419f-b18e-c3263bd4e0f3 [2026-09-23T16:35:23.535993] }, (STDOUT, APP/TASK/deploy-to-postgresql)#
#2026 09 23 16:35:58.949#Z#DEBUG#89a811f3-b76c-11f1-a9d4-eeee0a93f2f4.hpbuysell-otc-salesorder-postgres-deployer#flowable-async-job-executor-thread-28319#
[PollExecuteTaskStatusExecution] 9409158a-3ef5-419f-b18e-c3263bd4e0f3 [2026-09-23T16:35:23.535995] schema_evolution: 'auto', (STDOUT, APP/TASK/deploy-to-postgresql)#
#2026 09 23 16:35:58.949#Z#DEBUG#89a811f3-b76c-11f1-a9d4-eeee0a93f2f4.hpbuysell-otc-salesorder-postgres-deployer#flowable-async-job-executor-thread-28319#
[PollExecuteTaskStatusExecution] 9409158a-3ef5-419f-b18e-c3263bd4e0f3 [2026-09-23T16:35:23.535996] credentials: { (STDOUT, APP/TASK/deploy-to-postgresql)#
#2026 09 23 16:35:58.949#Z#DEBUG#89a811f3-b76c-11f1-a9d4-eeee0a93f2f4.hpbuysell-otc-salesorder-postgres-deployer#flowable-async-job-executor-thread-28319#
[PollExecuteTaskStatusExecution] 9409158a-3ef5-419f-b18e-c3263bd4e0f3 [2026-09-23T16:35:23.535998] database: 'db.sqlite', (STDOUT, APP/TASK/deploy-to-postgresql)#
#2026 09 23 16:35:58.949#Z#DEBUG#89a811f3-b76c-11f1-a9d4-eeee0a93f2f4.hpbuysell-otc-salesorder-postgres-deployer#flowable-async-job-executor-thread-28319#
[PollExecuteTaskStatusExecution] 9409158a-3ef5-419f-b18e-c3263bd4e0f3 [2026-09-23T16:35:23.536] schema: 'hpbuysell_otc_salesorder', (STDOUT, APP/TASK/deploy-to-postgresql)#
#2026 09 23 16:35:58.949#Z#DEBUG#89a811f3-b76c-11f1-a9d4-eeee0a93f2f4.hpbuysell-otc-salesorder-postgres-deployer#flowable-async-job-executor-thread-28319#
[PollExecuteTaskStatusExecution] 9409158a-3ef5-419f-b18e-c3263bd4e0f3 [2026-09-23T16:35:23.536004] hostname: 'postgres-63a33c28-9d9e-4453-821a-000f0ee4a75c.c24srvdukvjo.us-east-1.rds.amazonaws.com', (STDOUT, APP/TASK/deploy-to-postgresql)#
#2026 09 23 16:35:58.949#Z#DEBUG#89a811f3-b76c-11f1-a9d4-eeee0a93f2f4.hpbuysell-otc-salesorder-postgres-deployer#flowable-async-job-executor-thread-28319#
[PollExecuteTaskStatusExecution] 9409158a-3ef5-419f-b18e-c3263bd4e0f3 [2026-09-23T16:35:23.536006] port: '7565', (STDOUT, APP/TASK/deploy-to-postgresql)#
#2026 09 23 16:35:58.949#Z#DEBUG#89a811f3-b76c-11f1-a9d4-eeee0a93f2f4.hpbuysell-otc-salesorder-postgres-deployer#flowable-async-job-executor-thread-28319#
[PollExecuteTaskStatusExecution] 9409158a-3ef5-419f-b18e-c3263bd4e0f3 [2026-09-23T16:35:23.536008] username: 'e4d51886f3dc', (STDOUT, APP/TASK/deploy-to-postgresql)#
#2026 09 23 16:35:58.949#Z#DEBUG#89a811f3-b76c-11f1-a9d4-eeee0a93f2f4.hpbuysell-otc-salesorder-postgres-deployer#flowable-async-job-executor-thread-28319#
[PollExecuteTaskStatusExecution] 9409158a-3ef5-419f-b18e-c3263bd4e0f3 [2026-09-23T16:35:23.536012] password: 'daacb78fca6ef102b1397708', (STDOUT, APP/TASK/deploy-to-postgresql)#
#2026 09 23 16:35:58.949#Z#DEBUG#89a811f3-b76c-11f1-a9d4-eeee0a93f2f4.hpbuysell-otc-salesorder-postgres-deployer#flowable-async-job-executor-thread-28319#
[PollExecuteTaskStatusExecution] 9409158a-3ef5-419f-b18e-c3263bd4e0f3 [2026-09-23T16:35:23.536014] dbname: 'BQiFxAUMVHcr', (STDOUT, APP/TASK/deploy-to-postgresql)#
#2026 09 23 16:35:58.949#Z#DEBUG#89a811f3-b76c-11f1-a9d4-eeee0a93f2f4.hpbuysell-otc-salesorder-postgres-deployer#flowable-async-job-executor-thread-28319#
[PollExecuteTaskStatusExecution] 9409158a-3ef5-419f-b18e-c3263bd4e0f3 [2026-09-23T16:35:23.536016] sslcert: '-----BEGIN CERTIFICATE-----\n' + (STDOUT, APP/TASK/deploy-to-postgresql)#
#2026 09 23 16:35:58.949#Z#DEBUG#89a811f3-b76c-11f1-a9d4-eeee0a93f2f4.hpbuysell-otc-salesorder-postgres-deployer#flowable-async-job-executor-thread-28319#
[PollExecuteTaskStatusExecution] 9409158a-3ef5-419f-b18e-c3263bd4e0f3 [2026-09-23T16:35:23.536018] 'MIID/zCCAuegAwIBAgIRAPVSMfFitmM5PhmbaOFoGfUwDQYJKoZIhvcNAQELBQAw\n' + (STDOUT, APP/TASK/deploy-to-postgresql)#
#2026 09 23 16:35:58.949#Z#DEBUG#89a811f3-b76c-11f1-a9d4-eeee0a93f2f4.hpbuysell-otc-salesorder-postgres-deployer#flowable-async-job-executor-thread-28319#
[PollExecuteTaskStatusExecution] 9409158a-3ef5-419f-b18e-c3263bd4e0f3 [2026-09-23T16:35:23.536022] 'gZcxCzAJBgNVBAYTAlVTMSIwIAYDVQQKDBlBbWF6b24gV2ViIFNlcnZpY2VzLCBJ\n' + (STDOUT, APP/TASK/deploy-to-postgresql)#
#2026 09 23 16:35:58.949#Z#DEBUG#89a811f3-b76c-11f1-a9d4-eeee0a93f2f4.hpbuysell-otc-salesorder-postgres-deployer#flowable-async-job-executor-thread-28319#
[PollExecuteTaskStatusExecution] 9409158a-3ef5-419f-b18e-c3263bd4e0f3 [2026-09-23T16:35:23.536023] 'bmMuMRMwEQYDVQQLDApBbWF6b24gUkRTMQswCQYDVQQIDAJXQTEwMC4GA1UEAwwn\n' + (STDOUT, APP/TASK/deploy-to-postgresql)#
#2026 09 23 16:35:58.949#Z#DEBUG#89a811f3-b76c-11f1-a9d4-eeee0a93f2f4.hpbuysell-otc-salesorder-postgres-deployer#flowable-async-job-executor-thread-28319#
[PollExecuteTaskStatusExecution] 9409158a-3ef5-419f-b18e-c3263bd4e0f3 [2026-09-23T16:35:23.536025] 'QW1hem9uIFJEUyB1cy1lYXN0LTEgUm9vdCBDQSBSU0EyMDQ4IEcxMRAwDgYDVQQH\n' + (STDOUT, APP/TASK/deploy-to-postgresql)#
#2026 09 23 16:35:58.949#Z#DEBUG#89a811f3-b76c-11f1-a9d4-eeee0a93f2f4.hpbuysell-otc-salesorder-postgres-deployer#flowable-async-job-executor-thread-28319#
[PollExecuteTaskStatusExecution] 9409158a-3ef5-419f-b18e-c3263bd4e0f3 [2026-09-23T16:35:23.536027] 'DAdTZWF0dGxlMCAXDTIxMDUyNTIyMzQ1N1oYDzIwNjEwNTI1MjMzNDU3WjCBlzEL\n' + (STDOUT, APP/TASK/deploy-to-postgresql)#
#2026 09 23 16:35:58.949#Z#DEBUG#89a811f3-b76c-11f1-a9d4-eeee0a93f2f4.hpbuysell-otc-salesorder-postgres-deployer#flowable-async-job-executor-thread-28319#
[PollExecuteTaskStatusExecution] 9409158a-3ef5-419f-b18e-c3263bd4e0f3 [2026-09-23T16:35:23.536029] 'MAkGA1UEBhMCVVMxIjAgBgNVBAoMGUFtYXpvbiBXZWIgU2VydmljZXMsIEluYy4x\n' + (STDOUT, APP/TASK/deploy-to-postgresql)#
#2026 09 23 16:35:58.949#Z#DEBUG#89a811f3-b76c-11f1-a9d4-eeee0a93f2f4.hpbuysell-otc-salesorder-postgres-deployer#flowable-async-job-executor-thread-28319#
[PollExecuteTaskStatusExecution] 9409158a-3ef5-419f-b18e-c3263bd4e0f3 [2026-09-23T16:35:23.536030] 'EzARBgNVBAsMCkFtYXpvbiBSRFMxCzAJBgNVBAgMAldBMTAwLgYDVQQDDCdBbWF6\n' + (STDOUT, APP/TASK/deploy-to-postgresql)#
#2026 09 23 16:35:58.949#Z#DEBUG#89a811f3-b76c-11f1-a9d4-eeee0a93f2f4.hpbuysell-otc-salesorder-postgres-deployer#flowable-async-job-executor-thread-28319#
[PollExecuteTaskStatusExecution] 9409158a-3ef5-419f-b18e-c3263bd4e0f3 [2026-09-23T16:35:23.536032] 'b24gUkRTIHVzLWVhc3QtMSBSb290IENBIFJTQTIwNDggRzExEDAOBgNVBAcMB1Nl\n' + (STDOUT, APP/TASK/deploy-to-postgresql)#
#2026 09 23 16:35:58.949#Z#DEBUG#89a811f3-b76c-11f1-a9d4-eeee0a93f2f4.hpbuysell-otc-salesorder-postgres-deployer#flowable-async-job-executor-thread-28319#
[PollExecuteTaskStatusExecution] 9409158a-3ef5-419f-b18e-c3263bd4e0f3 [2026-09-23T16:35:23.536034] 'YXR0bGUwggEiMA0GCSqGSIb3DQEBAQUAA4IBDwAwggEKAoIBAQDu9H7TBeGoDzMr\n' + (STDOUT, APP/TASK/deploy-to-postgresql)#
#2026 09 23 16:35:58.949#Z#DEBUG#89a811f3-b76c-11f1-a9d4-eeee0a93f2f4.hpbuysell-otc-salesorder-postgres-deployer#flowable-async-job-executor-thread-28319#
[PollExecuteTaskStatusExecution] 9409158a-3ef5-419f-b18e-c3263bd4e0f3 [2026-09-23T16:35:23.536036] 'dxN6H8COntJX4IR6dbyhnj5qMD4xl/IWvp50lt0VpmMd+z2PNZzx8RazeGC5IniV\n' + (STDOUT, APP/TASK/deploy-to-postgresql)#
#2026 09 23 16:35:58.949#Z#DEBUG#89a811f3-b76c-11f1-a9d4-eeee0a93f2f4.hpbuysell-otc-salesorder-postgres-deployer#flowable-async-job-executor-thread-28319#
[PollExecuteTaskStatusExecution] 9409158a-3ef5-419f-b18e-c3263bd4e0f3 [2026-09-23T16:35:23.536037] '5nrLg0AKWRQ2A/lGGXbUrGXCSe09brMQCxWBSIYe1WZZ1iU1IJ/6Bp4D2YEHpXrW\n' + (STDOUT, APP/TASK/deploy-to-postgresql)#
#2026 09 23 16:35:58.949#Z#DEBUG#89a811f3-b76c-11f1-a9d4-eeee0a93f2f4.hpbuysell-otc-salesorder-postgres-deployer#flowable-async-job-executor-thread-28319#
[PollExecuteTaskStatusExecution] 9409158a-3ef5-419f-b18e-c3263bd4e0f3 [2026-09-23T16:35:23.536051] 'bPkOq5x3YPcsoitgm1Xh8ygz6vb7PsvJvPbvRMnkDg5IqEThapPjmKb8ZJWyEFEE\n' + (STDOUT, APP/TASK/deploy-to-postgresql)#
#2026 09 23 16:35:58.949#Z#DEBUG#89a811f3-b76c-11f1-a9d4-eeee0a93f2f4.hpbuysell-otc-salesorder-postgres-deployer#flowable-async-job-executor-thread-28319#
[PollExecuteTaskStatusExecution] 9409158a-3ef5-419f-b18e-c3263bd4e0f3 [2026-09-23T16:35:23.536053] 'QRrkCIRueB1EqQtJw0fvP4PKDlCJAKBEs/y049FoOqYpT3pRy0WKqPhWve+hScMd\n' + (STDOUT, APP/TASK/deploy-to-postgresql)#
#2026 09 23 16:35:58.949#Z#DEBUG#89a811f3-b76c-11f1-a9d4-eeee0a93f2f4.hpbuysell-otc-salesorder-postgres-deployer#flowable-async-job-executor-thread-28319#
[PollExecuteTaskStatusExecution] 9409158a-3ef5-419f-b18e-c3263bd4e0f3 [2026-09-23T16:35:23.536056] '6obq8kxTFy1IHACjHc51nrGII5Bt76/MpTWhnJIJrCnq1/Uc3Qs8IVeb+sLaFC8K\n' + (STDOUT, APP/TASK/deploy-to-postgresql)#
#2026 09 23 16:35:58.949#Z#DEBUG#89a811f3-b76c-11f1-a9d4-eeee0a93f2f4.hpbuysell-otc-salesorder-postgres-deployer#flowable-async-job-executor-thread-28319#
[PollExecuteTaskStatusExecution] 9409158a-3ef5-419f-b18e-c3263bd4e0f3 [2026-09-23T16:35:23.536059] 'DI69Sw6bAgMBAAGjQjBAMA8GA1UdEwEB/wQFMAMBAf8wHQYDVR0OBBYEFE7PCopt\n' + (STDOUT, APP/TASK/deploy-to-postgresql)#
#2026 09 23 16:35:58.949#Z#DEBUG#89a811f3-b76c-11f1-a9d4-eeee0a93f2f4.hpbuysell-otc-salesorder-postgres-deployer#flowable-async-job-executor-thread-28319#
[PollExecuteTaskStatusExecution] 9409158a-3ef5-419f-b18e-c3263bd4e0f3 [2026-09-23T16:35:23.536061] 'lyOgtXX0Y1lObBUxuKaCMA4GA1UdDwEB/wQEAwIBhjANBgkqhkiG9w0BAQsFAAOC\n' + (STDOUT, APP/TASK/deploy-to-postgresql)#
#2026 09 23 16:35:58.949#Z#DEBUG#89a811f3-b76c-11f1-a9d4-eeee0a93f2f4.hpbuysell-otc-salesorder-postgres-deployer#flowable-async-job-executor-thread-28319#
[PollExecuteTaskStatusExecution] 9409158a-3ef5-419f-b18e-c3263bd4e0f3 [2026-09-23T16:35:23.536067] 'AQEAFj+bX8gLmMNefr5jRJfHjrL3iuZCjf7YEZgn89pS4z8408mjj9z6Q5D1H7yS\n' + (STDOUT, APP/TASK/deploy-to-postgresql)#
#2026 09 23 16:35:58.949#Z#DEBUG#89a811f3-b76c-11f1-a9d4-eeee0a93f2f4.hpbuysell-otc-salesorder-postgres-deployer#flowable-async-job-executor-thread-28319#
[PollExecuteTaskStatusExecution] 9409158a-3ef5-419f-b18e-c3263bd4e0f3 [2026-09-23T16:35:23.536069] 'jNETVV8QaJip1qyhh5gRzRaArgGAYvi2/r0zPsy+Tgf7v1KGL5Lh8NT8iCEGGXwF\n' + (STDOUT, APP/TASK/deploy-to-postgresql)#
#2026 09 23 16:35:58.949#Z#DEBUG#89a811f3-b76c-11f1-a9d4-eeee0a93f2f4.hpbuysell-otc-salesorder-postgres-deployer#flowable-async-job-executor-thread-28319#
[PollExecuteTaskStatusExecution] 9409158a-3ef5-419f-b18e-c3263bd4e0f3 [2026-09-23T16:35:23.536071] 'g3Ir+Nl3e+9XUp0eyyzBIjHtjLBm6yy8rGk9p6OtFDQnKF5OxwbAgip42CD75r/q\n' + (STDOUT, APP/TASK/deploy-to-postgresql)#
#2026 09 23 16:35:58.949#Z#DEBUG#89a811f3-b76c-11f1-a9d4-eeee0a93f2f4.hpbuysell-otc-salesorder-postgres-deployer#flowable-async-job-executor-thread-28319#
[PollExecuteTaskStatusExecution] 9409158a-3ef5-419f-b18e-c3263bd4e0f3 [2026-09-23T16:35:23.536073] 'p421maEDDvvRFR4D+99JZxgAYDBGqRRceUoe16qDzbMvlz0A9paCZFclxeftAxv6\n' + (STDOUT, APP/TASK/deploy-to-postgresql)#
#2026 09 23 16:35:58.949#Z#DEBUG#89a811f3-b76c-11f1-a9d4-eeee0a93f2f4.hpbuysell-otc-salesorder-postgres-deployer#flowable-async-job-executor-thread-28319#
[PollExecuteTaskStatusExecution] 9409158a-3ef5-419f-b18e-c3263bd4e0f3 [2026-09-23T16:35:23.536075] 'QlR5rItMz/XdzpBJUpYhdzM0gCzAzdQuVO5tjJxmXhkSMcDP+8Q+Uv6FA9k2VpUV\n' + (STDOUT, APP/TASK/deploy-to-postgresql)#
#2026 09 23 16:35:58.949#Z#DEBUG#89a811f3-b76c-11f1-a9d4-eeee0a93f2f4.hpbuysell-otc-salesorder-postgres-deployer#flowable-async-job-executor-thread-28319#
[PollExecuteTaskStatusExecution] 9409158a-3ef5-419f-b18e-c3263bd4e0f3 [2026-09-23T16:35:23.536076] 'E/O5jgpqUJJ2Hc/5rs9VkAPXeA==\n' + (STDOUT, APP/TASK/deploy-to-postgresql)#
#2026 09 23 16:35:58.949#Z#DEBUG#89a811f3-b76c-11f1-a9d4-eeee0a93f2f4.hpbuysell-otc-salesorder-postgres-deployer#flowable-async-job-executor-thread-28319#
[PollExecuteTaskStatusExecution] 9409158a-3ef5-419f-b18e-c3263bd4e0f3 [2026-09-23T16:35:23.536078] '-----END CERTIFICATE-----\n' + (STDOUT, APP/TASK/deploy-to-postgresql)#
#2026 09 23 16:35:58.949#Z#DEBUG#89a811f3-b76c-11f1-a9d4-eeee0a93f2f4.hpbuysell-otc-salesorder-postgres-deployer#flowable-async-job-executor-thread-28319#
[PollExecuteTaskStatusExecution] 9409158a-3ef5-419f-b18e-c3263bd4e0f3 [2026-09-23T16:35:23.536080] '-----BEGIN CERTIFICATE-----\n' + (STDOUT, APP/TASK/deploy-to-postgresql)#
#2026 09 23 16:35:58.949#Z#DEBUG#89a811f3-b76c-11f1-a9d4-eeee0a93f2f4.hpbuysell-otc-salesorder-postgres-deployer#flowable-async-job-executor-thread-28319#
[PollExecuteTaskStatusExecution] 9409158a-3ef5-419f-b18e-c3263bd4e0f3 [2026-09-23T16:35:23.536081] 'MIIF/jCCA+agAwIBAgIQaRHaEqqacXN20e8zZJtmDDANBgkqhkiG9w0BAQwFADCB\n' + (STDOUT, APP/TASK/deploy-to-postgresql)#
#2026 09 23 16:35:58.949#Z#DEBUG#89a811f3-b76c-11f1-a9d4-eeee0a93f2f4.hpbuysell-otc-salesorder-postgres-deployer#flowable-async-job-executor-thread-28319#
[PollExecuteTaskStatusExecution] 9409158a-3ef5-419f-b18e-c3263bd4e0f3 [2026-09-23T16:35:23.536083] 'lzELMAkGA1UEBhMCVVMxIjAgBgNVBAoMGUFtYXpvbiBXZWIgU2VydmljZXMsIElu\n' + (STDOUT, APP/TASK/deploy-to-postgresql)#
#2026 09 23 16:35:58.949#Z#DEBUG#89a811f3-b76c-11f1-a9d4-eeee0a93f2f4.hpbuysell-otc-salesorder-postgres-deployer#flowable-async-job-executor-thread-28319#
[PollExecuteTaskStatusExecution] 9409158a-3ef5-419f-b18e-c3263bd4e0f3 [2026-09-23T16:35:23.536085] 'Yy4xEzARBgNVBAsMCkFtYXpvbiBSRFMxCzAJBgNVBAgMAldBMTAwLgYDVQQDDCdB\n' + (STDOUT, APP/TASK/deploy-to-postgresql)#
#2026 09 23 16:35:58.949#Z#DEBUG#89a811f3-b76c-11f1-a9d4-eeee0a93f2f4.hpbuysell-otc-salesorder-postgres-deployer#flowable-async-job-executor-thread-28319#
[PollExecuteTaskStatusExecution] 9409158a-3ef5-419f-b18e-c3263bd4e0f3 [2026-09-23T16:35:23.536086] 'bWF6b24gUkRTIHVzLWVhc3QtMSBSb290IENBIFJTQTQwOTYgRzExEDAOBgNVBAcM\n' + (STDOUT, APP/TASK/deploy-to-postgresql)#
#2026 09 23 16:35:58.949#Z#DEBUG#89a811f3-b76c-11f1-a9d4-eeee0a93f2f4.hpbuysell-otc-salesorder-postgres-deployer#flowable-async-job-executor-thread-28319#
[PollExecuteTaskStatusExecution] 9409158a-3ef5-419f-b18e-c3263bd4e0f3 [2026-09-23T16:35:23.536091] 'B1NlYXR0bGUwIBcNMjEwNTI1MjIzODM1WhgPMjEyMTA1MjUyMzM4MzVaMIGXMQsw\n' + (STDOUT, APP/TASK/deploy-to-postgresql)#
#2026 09 23 16:35:58.949#Z#DEBUG#89a811f3-b76c-11f1-a9d4-eeee0a93f2f4.hpbuysell-otc-salesorder-postgres-deployer#flowable-async-job-executor-thread-28319#
[PollExecuteTaskStatusExecution] 9409158a-3ef5-419f-b18e-c3263bd4e0f3 [2026-09-23T16:35:23.536096] 'CQYDVQQGEwJVUzEiMCAGA1UECgwZQW1hem9uIFdlYiBTZXJ2aWNlcywgSW5jLjET\n' + (STDOUT, APP/TASK/deploy-to-postgresql)#
#2026 09 23 16:35:58.949#Z#DEBUG#89a811f3-b76c-11f1-a9d4-eeee0a93f2f4.hpbuysell-otc-salesorder-postgres-deployer#flowable-async-job-executor-thread-28319#
[PollExecuteTaskStatusExecution] 9409158a-3ef5-419f-b18e-c3263bd4e0f3 [2026-09-23T16:35:23.536098] 'MBEGA1UECwwKQW1hem9uIFJEUzELMAkGA1UECAwCV0ExMDAuBgNVBAMMJ0FtYXpv\n' + (STDOUT, APP/TASK/deploy-to-postgresql)#
#2026 09 23 16:35:58.949#Z#DEBUG#89a811f3-b76c-11f1-a9d4-eeee0a93f2f4.hpbuysell-otc-salesorder-postgres-deployer#flowable-async-job-executor-thread-28319#
[PollExecuteTaskStatusExecution] 9409158a-3ef5-419f-b18e-c3263bd4e0f3 [2026-09-23T16:35:23.536099] 'biBSRFMgdXMtZWFzdC0xIFJvb3QgQ0EgUlNBNDA5NiBHMTEQMA4GA1UEBwwHU2Vh\n' + (STDOUT, APP/TASK/deploy-to-postgresql)#
#2026 09 23 16:35:58.949#Z#DEBUG#89a811f3-b76c-11f1-a9d4-eeee0a93f2f4.hpbuysell-otc-salesorder-postgres-deployer#flowable-async-job-executor-thread-28319#
[PollExecuteTaskStatusExecution] 9409158a-3ef5-419f-b18e-c3263bd4e0f3 [2026-09-23T16:35:23.536101] 'dHRsZTCCAiIwDQYJKoZIhvcNAQEBBQADggIPADCCAgoCggIBAInfBCaHuvj6Rb5c\n' + (STDOUT, APP/TASK/deploy-to-postgresql)#
#2026 09 23 16:35:58.949#Z#DEBUG#89a811f3-b76c-11f1-a9d4-eeee0a93f2f4.hpbuysell-otc-salesorder-postgres-deployer#flowable-async-job-executor-thread-28319#
[PollExecuteTaskStatusExecution] 9409158a-3ef5-419f-b18e-c3263bd4e0f3 [2026-09-23T16:35:23.536102] 'L5Wmn1jv2PHtEGMHm+7Z8dYosdwouG8VG2A+BCYCZfij9lIGszrTXkY4O7vnXgru\n' + (STDOUT, APP/TASK/deploy-to-postgresql)#
#2026 09 23 16:35:58.949#Z#DEBUG#89a811f3-b76c-11f1-a9d4-eeee0a93f2f4.hpbuysell-otc-salesorder-postgres-deployer#flowable-async-job-executor-thread-28319#
[PollExecuteTaskStatusExecution] 9409158a-3ef5-419f-b18e-c3263bd4e0f3 [2026-09-23T16:35:23.536104] 'JUNdxh0Q3M83p4X+bg+gODUs3jf+Z3Oeq7nTOk/2UYvQLcxP4FEXILxDInbQFcIx\n' + (STDOUT, APP/TASK/deploy-to-postgresql)#
#2026 09 23 16:35:58.949#Z#DEBUG#89a811f3-b76c-11f1-a9d4-eeee0a93f2f4.hpbuysell-otc-salesorder-postgres-deployer#flowable-async-job-executor-thread-28319#
[PollExecuteTaskStatusExecution] 9409158a-3ef5-419f-b18e-c3263bd4e0f3 [2026-09-23T16:35:23.536106] 'yen1ESHggGrjEodgn6nbKQNRfIhjhW+TKYaewfsVWH7EF2pfj+cjbJ6njjgZ0/M9\n' + (STDOUT, APP/TASK/deploy-to-postgresql)#
#2026 09 23 16:35:58.949#Z#DEBUG#89a811f3-b76c-11f1-a9d4-eeee0a93f2f4.hpbuysell-otc-salesorder-postgres-deployer#flowable-async-job-executor-thread-28319#
[PollExecuteTaskStatusExecution] 9409158a-3ef5-419f-b18e-c3263bd4e0f3 [2026-09-23T16:35:23.536108] 'VZifJFBgat6XUTOf3jwHwkCBh7T6rDpgy19A61laImJCQhdTnHKvzTpxcxiLRh69\n' + (STDOUT, APP/TASK/deploy-to-postgresql)#
#2026 09 23 16:35:58.949#Z#DEBUG#89a811f3-b76c-11f1-a9d4-eeee0a93f2f4.hpbuysell-otc-salesorder-postgres-deployer#flowable-async-job-executor-thread-28319#
[PollExecuteTaskStatusExecution] 9409158a-3ef5-419f-b18e-c3263bd4e0f3 [2026-09-23T16:35:23.536110] 'ZObypR7W04OAUmFS88V7IotlPmCL8xf7kwxG+gQfvx31+A9IDMsiTqJ1Cc4fYEKg\n' + (STDOUT, APP/TASK/deploy-to-postgresql)#
#2026 09 23 16:35:58.949#Z#DEBUG#89a811f3-b76c-11f1-a9d4-eeee0a93f2f4.hpbuysell-otc-salesorder-postgres-deployer#flowable-async-job-executor-thread-28319#
[PollExecuteTaskStatusExecution] 9409158a-3ef5-419f-b18e-c3263bd4e0f3 [2026-09-23T16:35:23.536111] 'bL+Vo+2Ii4W2esCTGVYmHm73drznfeKwL+kmIC/Bq+DrZ+veTqKFYwSkpHRyJCEe\n' + (STDOUT, APP/TASK/deploy-to-postgresql)#
#2026 09 23 16:35:58.949#Z#DEBUG#89a811f3-b76c-11f1-a9d4-eeee0a93f2f4.hpbuysell-otc-salesorder-postgres-deployer#flowable-async-job-executor-thread-28319#
[PollExecuteTaskStatusExecution] 9409158a-3ef5-419f-b18e-c3263bd4e0f3 [2026-09-23T16:35:23.536116] 'U4Zym6POqQ/4LBSKwDUhWLJIlq99bjKX+hNTJykB+Lbcx0ScOP4IAZQoxmDxGWxN\n' + (STDOUT, APP/TASK/deploy-to-postgresql)#
#2026 09 23 16:35:58.949#Z#DEBUG#89a811f3-b76c-11f1-a9d4-eeee0a93f2f4.hpbuysell-otc-salesorder-postgres-deployer#flowable-async-job-executor-thread-28319#
[PollExecuteTaskStatusExecution] 9409158a-3ef5-419f-b18e-c3263bd4e0f3 [2026-09-23T16:35:23.536117] 'S+lQj+Cx2pwU3S/7+OxlRndZAX/FKgk7xSMkg88HykUZaZ/ozIiqJqSnGpgXCtED\n' + (STDOUT, APP/TASK/deploy-to-postgresql)#
#2026 09 23 16:35:58.949#Z#DEBUG#89a811f3-b76c-11f1-a9d4-eeee0a93f2f4.hpbuysell-otc-salesorder-postgres-deployer#flowable-async-job-executor-thread-28319#
[PollExecuteTaskStatusExecution] 9409158a-3ef5-419f-b18e-c3263bd4e0f3 [2026-09-23T16:35:23.536119] 'oQ4OJw5ozAr+/wudOawaMwUWQl5asD8fuy/hl5S1nv9XxIc842QJOtJFxhyeMIXt\n' + (STDOUT, APP/TASK/deploy-to-postgresql)#
#2026 09 23 16:35:58.949#Z#DEBUG#89a811f3-b76c-11f1-a9d4-eeee0a93f2f4.hpbuysell-otc-salesorder-postgres-deployer#flowable-async-job-executor-thread-28319#
[PollExecuteTaskStatusExecution] 9409158a-3ef5-419f-b18e-c3263bd4e0f3 [2026-09-23T16:35:23.536121] 'LVECVw/dPekhMjS3Zo3wwRgYbnKG7YXXT5WMxJEnHu8+cYpMiRClzq2BEP6/MtI2\n' + (STDOUT, APP/TASK/deploy-to-postgresql)#
#2026 09 23 16:35:58.949#Z#DEBUG#89a811f3-b76c-11f1-a9d4-eeee0a93f2f4.hpbuysell-otc-salesorder-postgres-deployer#flowable-async-job-executor-thread-28319#
[PollExecuteTaskStatusExecution] 9409158a-3ef5-419f-b18e-c3263bd4e0f3 [2026-09-23T16:35:23.536124] 'AZQQUFu2yFjRGL2OZA6IYjxnXYiRAgMBAAGjQjBAMA8GA1UdEwEB/wQFMAMBAf8w\n' + (STDOUT, APP/TASK/deploy-to-postgresql)#
#2026 09 23 16:35:58.949#Z#DEBUG#89a811f3-b76c-11f1-a9d4-eeee0a93f2f4.hpbuysell-otc-salesorder-postgres-deployer#flowable-async-job-executor-thread-28319#
[PollExecuteTaskStatusExecution] 9409158a-3ef5-419f-b18e-c3263bd4e0f3 [2026-09-23T16:35:23.536126] 'HQYDVR0OBBYEFADCcQCPX2HmkqQcmuHfiQ2jjqnrMA4GA1UdDwEB/wQEAwIBhjAN\n' + (STDOUT, APP/TASK/deploy-to-postgresql)#
#2026 09 23 16:35:58.949#Z#DEBUG#89a811f3-b76c-11f1-a9d4-eeee0a93f2f4.hpbuysell-otc-salesorder-postgres-deployer#flowable-async-job-executor-thread-28319#
[PollExecuteTaskStatusExecution] 9409158a-3ef5-419f-b18e-c3263bd4e0f3 [2026-09-23T16:35:23.536128] 'BgkqhkiG9w0BAQwFAAOCAgEASXkGQ2eUmudIKPeOIF7RBryCoPmMOsqP0+1qxF8l\n' + (STDOUT, APP/TASK/deploy-to-postgresql)#
#2026 09 23 16:35:58.949#Z#DEBUG#89a811f3-b76c-11f1-a9d4-eeee0a93f2f4.hpbuysell-otc-salesorder-postgres-deployer#flowable-async-job-executor-thread-28319#
[PollExecuteTaskStatusExecution] 9409158a-3ef5-419f-b18e-c3263bd4e0f3 [2026-09-23T16:35:23.536135] 'pGkwmrgNDGpmd9s0ArfIVBTc1jmpgB3oiRW9c6n2OmwBKL4UPuQ8O3KwSP0iD2sZ\n' + (STDOUT, APP/TASK/deploy-to-postgresql)#
#2026 09 23 16:35:58.949#Z#DEBUG#89a811f3-b76c-11f1-a9d4-eeee0a93f2f4.hpbuysell-otc-salesorder-postgres-deployer#flowable-async-job-executor-thread-28319#
[PollExecuteTaskStatusExecution] 9409158a-3ef5-419f-b18e-c3263bd4e0f3 [2026-09-23T16:35:23.536138] 'KMXoMEyphCEzW1I2GRvYDugL3Z9MWrnHkoaoH2l8YyTYvszTvdgxBPpM2x4pSkp+\n' + (STDOUT, APP/TASK/deploy-to-postgresql)#
#2026 09 23 16:35:58.949#Z#DEBUG#89a811f3-b76c-11f1-a9d4-eeee0a93f2f4.hpbuysell-otc-salesorder-postgres-deployer#flowable-async-job-executor-thread-28319#
[PollExecuteTaskStatusExecution] 9409158a-3ef5-419f-b18e-c3263bd4e0f3 [2026-09-23T16:35:23.536140] '76d4/eRpJ5mVuQ93nC+YG0wXCxSq63hX4kyZgPxgCdAA+qgFfKIGyNqUIqWgeyTP\n' + (STDOUT, APP/TASK/deploy-to-postgresql)#
#2026 09 23 16:35:58.949#Z#DEBUG#89a811f3-b76c-11f1-a9d4-eeee0a93f2f4.hpbuysell-otc-salesorder-postgres-deployer#flowable-async-job-executor-thread-28319#
[PollExecuteTaskStatusExecution] 9409158a-3ef5-419f-b18e-c3263bd4e0f3 [2026-09-23T16:35:23.536142] 'n5OgKaboYk2141Rf2hGMD3/hsGm0rrJh7g3C0ZirPws3eeJfulvAOIy2IZzqHUSY\n' + (STDOUT, APP/TASK/deploy-to-postgresql)#
#2026 09 23 16:35:58.949#Z#DEBUG#89a811f3-b76c-11f1-a9d4-eeee0a93f2f4.hpbuysell-otc-salesorder-postgres-deployer#flowable-async-job-executor-thread-28319#
[PollExecuteTaskStatusExecution] 9409158a-3ef5-419f-b18e-c3263bd4e0f3 [2026-09-23T16:35:23.536144] 'jkFzraz6LEH3IlArT3jUPvWKqvh2lJWnnp56aqxBR7qHH5voD49UpJWY1K0BjGnS\n' + (STDOUT, APP/TASK/deploy-to-postgresql)#
#2026 09 23 16:35:58.949#Z#DEBUG#89a811f3-b76c-11f1-a9d4-eeee0a93f2f4.hpbuysell-otc-salesorder-postgres-deployer#flowable-async-job-executor-thread-28319#
[PollExecuteTaskStatusExecution] 9409158a-3ef5-419f-b18e-c3263bd4e0f3 [2026-09-23T16:35:23.536146] 'OHcurpp0Yt/BIs4VZeWdCZwI7JaSeDcPMaMDBvND3Ia5Fga0thgYQTG6dE+N5fgF\n' + (STDOUT, APP/TASK/deploy-to-postgresql)#
#2026 09 23 16:35:58.949#Z#DEBUG#89a811f3-b76c-11f1-a9d4-eeee0a93f2f4.hpbuysell-otc-salesorder-postgres-deployer#flowable-async-job-executor-thread-28319#
[PollExecuteTaskStatusExecution] 9409158a-3ef5-419f-b18e-c3263bd4e0f3 [2026-09-23T16:35:23.536147] 'z+hRaujXO2nb0LmddVyvE8prYlWRMuYFv+Co8hcMdJ0lEZlfVNu0jbm9/GmwAZ+l\n' + (STDOUT, APP/TASK/deploy-to-postgresql)#
#2026 09 23 16:35:58.949#Z#DEBUG#89a811f3-b76c-11f1-a9d4-eeee0a93f2f4.hpbuysell-otc-salesorder-postgres-deployer#flowable-async-job-executor-thread-28319#
[PollExecuteTaskStatusExecution] 9409158a-3ef5-419f-b18e-c3263bd4e0f3 [2026-09-23T16:35:23.536150] '9umeYO9yz/uC7edC8XJBglMAKUmVK9wNtOckUWAcCfnPWYLbYa/PqtXBYcxrso5j\n' + (STDOUT, APP/TASK/deploy-to-postgresql)#
#2026 09 23 16:35:58.949#Z#DEBUG#89a811f3-b76c-11f1-a9d4-eeee0a93f2f4.hpbuysell-otc-salesorder-postgres-deployer#flowable-async-job-executor-thread-28319#
[PollExecuteTaskStatusExecution] 9409158a-3ef5-419f-b18e-c3263bd4e0f3 [2026-09-23T16:35:23.536153] 'iaS/A7iEW51uteHBGrViCy1afGG+hiUWwFlesli+Rq4dNstX3h6h2baWABaAxEVJ\n' + (STDOUT, APP/TASK/deploy-to-postgresql)#
#2026 09 23 16:35:58.949#Z#DEBUG#89a811f3-b76c-11f1-a9d4-eeee0a93f2f4.hpbuysell-otc-salesorder-postgres-deployer#flowable-async-job-executor-thread-28319#
[PollExecuteTaskStatusExecution] 9409158a-3ef5-419f-b18e-c3263bd4e0f3 [2026-09-23T16:35:23.536155] 'y1RnTQSz6mROT1VmZSgSVO37rgIyY0Hf0872ogcTS+FfvXgBxCxsNWEbiQ/XXva4\n' + (STDOUT, APP/TASK/deploy-to-postgresql)#
#2026 09 23 16:35:58.949#Z#DEBUG#89a811f3-b76c-11f1-a9d4-eeee0a93f2f4.hpbuysell-otc-salesorder-postgres-deployer#flowable-async-job-executor-thread-28319#
[PollExecuteTaskStatusExecution] 9409158a-3ef5-419f-b18e-c3263bd4e0f3 [2026-09-23T16:35:23.536158] '0Ws=\n' + (STDOUT, APP/TASK/deploy-to-postgresql)#
#2026 09 23 16:35:58.949#Z#DEBUG#89a811f3-b76c-11f1-a9d4-eeee0a93f2f4.hpbuysell-otc-salesorder-postgres-deployer#flowable-async-job-executor-thread-28319#
[PollExecuteTaskStatusExecution] 9409158a-3ef5-419f-b18e-c3263bd4e0f3 [2026-09-23T16:35:23.536161] '-----END CERTIFICATE-----\n' + (STDOUT, APP/TASK/deploy-to-postgresql)#
#2026 09 23 16:35:58.949#Z#DEBUG#89a811f3-b76c-11f1-a9d4-eeee0a93f2f4.hpbuysell-otc-salesorder-postgres-deployer#flowable-async-job-executor-thread-28319#
[PollExecuteTaskStatusExecution] 9409158a-3ef5-419f-b18e-c3263bd4e0f3 [2026-09-23T16:35:23.536165] '-----BEGIN CERTIFICATE-----\n' + (STDOUT, APP/TASK/deploy-to-postgresql)#
#2026 09 23 16:35:58.949#Z#DEBUG#89a811f3-b76c-11f1-a9d4-eeee0a93f2f4.hpbuysell-otc-salesorder-postgres-deployer#flowable-async-job-executor-thread-28319#
[PollExecuteTaskStatusExecution] 9409158a-3ef5-419f-b18e-c3263bd4e0f3 [2026-09-23T16:35:23.536167] 'MIICrjCCAjSgAwIBAgIRAPAlEk8VJPmEzVRRaWvTh2AwCgYIKoZIzj0EAwMwgZYx\n' + (STDOUT, APP/TASK/deploy-to-postgresql)#
#2026 09 23 16:35:58.949#Z#DEBUG#89a811f3-b76c-11f1-a9d4-eeee0a93f2f4.hpbuysell-otc-salesorder-postgres-deployer#flowable-async-job-executor-thread-28319#
[PollExecuteTaskStatusExecution] 9409158a-3ef5-419f-b18e-c3263bd4e0f3 [2026-09-23T16:35:23.536169] 'CzAJBgNVBAYTAlVTMSIwIAYDVQQKDBlBbWF6b24gV2ViIFNlcnZpY2VzLCBJbmMu\n' + (STDOUT, APP/TASK/deploy-to-postgresql)#
#2026 09 23 16:35:58.949#Z#DEBUG#89a811f3-b76c-11f1-a9d4-eeee0a93f2f4.hpbuysell-otc-salesorder-postgres-deployer#flowable-async-job-executor-thread-28319#
[PollExecuteTaskStatusExecution] 9409158a-3ef5-419f-b18e-c3263bd4e0f3 [2026-09-23T16:35:23.536172] 'MRMwEQYDVQQLDApBbWF6b24gUkRTMQswCQYDVQQIDAJXQTEvMC0GA1UEAwwmQW1h\n' + (STDOUT, APP/TASK/deploy-to-postgresql)#
#2026 09 23 16:35:58.949#Z#DEBUG#89a811f3-b76c-11f1-a9d4-eeee0a93f2f4.hpbuysell-otc-salesorder-postgres-deployer#flowable-async-job-executor-thread-28319#
[PollExecuteTaskStatusExecution] 9409158a-3ef5-419f-b18e-c3263bd4e0f3 [2026-09-23T16:35:23.536173] 'em9uIFJEUyB1cy1lYXN0LTEgUm9vdCBDQSBFQ0MzODQgRzExEDAOBgNVBAcMB1Nl\n' + (STDOUT, APP/TASK/deploy-to-postgresql)#
#2026 09 23 16:35:58.949#Z#DEBUG#89a811f3-b76c-11f1-a9d4-eeee0a93f2f4.hpbuysell-otc-salesorder-postgres-deployer#flowable-async-job-executor-thread-28319#
[PollExecuteTaskStatusExecution] 9409158a-3ef5-419f-b18e-c3263bd4e0f3 [2026-09-23T16:35:23.536175] 'YXR0bGUwIBcNMjEwNTI1MjI0MTU1WhgPMjEyMTA1MjUyMzQxNTVaMIGWMQswCQYD\n' + (STDOUT, APP/TASK/deploy-to-postgresql)#
#2026 09 23 16:35:58.949#Z#DEBUG#89a811f3-b76c-11f1-a9d4-eeee0a93f2f4.hpbuysell-otc-salesorder-postgres-deployer#flowable-async-job-executor-thread-28319#
[PollExecuteTaskStatusExecution] 9409158a-3ef5-419f-b18e-c3263bd4e0f3 [2026-09-23T16:35:23.536177] 'VQQGEwJVUzEiMCAGA1UECgwZQW1hem9uIFdlYiBTZXJ2aWNlcywgSW5jLjETMBEG\n' + (STDOUT, APP/TASK/deploy-to-postgresql)#
#2026 09 23 16:35:58.949#Z#DEBUG#89a811f3-b76c-11f1-a9d4-eeee0a93f2f4.hpbuysell-otc-salesorder-postgres-deployer#flowable-async-job-executor-thread-28319#
[PollExecuteTaskStatusExecution] 9409158a-3ef5-419f-b18e-c3263bd4e0f3 [2026-09-23T16:35:23.536180] 'A1UECwwKQW1hem9uIFJEUzELMAkGA1UECAwCV0ExLzAtBgNVBAMMJkFtYXpvbiBS\n' + (STDOUT, APP/TASK/deploy-to-postgresql)#
#2026 09 23 16:35:58.949#Z#DEBUG#89a811f3-b76c-11f1-a9d4-eeee0a93f2f4.hpbuysell-otc-salesorder-postgres-deployer#flowable-async-job-executor-thread-28319#
[PollExecuteTaskStatusExecution] 9409158a-3ef5-419f-b18e-c3263bd4e0f3 [2026-09-23T16:35:23.536182] 'RFMgdXMtZWFzdC0xIFJvb3QgQ0EgRUNDMzg0IEcxMRAwDgYDVQQHDAdTZWF0dGxl\n' + (STDOUT, APP/TASK/deploy-to-postgresql)#
#2026 09 23 16:35:58.949#Z#DEBUG#89a811f3-b76c-11f1-a9d4-eeee0a93f2f4.hpbuysell-otc-salesorder-postgres-deployer#flowable-async-job-executor-thread-28319#
[PollExecuteTaskStatusExecution] 9409158a-3ef5-419f-b18e-c3263bd4e0f3 [2026-09-23T16:35:23.536183] 'MHYwEAYHKoZIzj0CAQYFK4EEACIDYgAEx5xjrup8II4HOJw15NTnS3H5yMrQGlbj\n' + (STDOUT, APP/TASK/deploy-to-postgresql)#
#2026 09 23 16:35:58.949#Z#DEBUG#89a811f3-b76c-11f1-a9d4-eeee0a93f2f4.hpbuysell-otc-salesorder-postgres-deployer#flowable-async-job-executor-thread-28319#
[PollExecuteTaskStatusExecution] 9409158a-3ef5-419f-b18e-c3263bd4e0f3 [2026-09-23T16:35:23.536185] 'EDA5MMGnE9DmHp5dACIxmPXPMe/99nO7wNdl7G71OYPCgEvWm0FhdvVUeTb3LVnV\n' + (STDOUT, APP/TASK/deploy-to-postgresql)#
#2026 09 23 16:35:58.949#Z#DEBUG#89a811f3-b76c-11f1-a9d4-eeee0a93f2f4.hpbuysell-otc-salesorder-postgres-deployer#flowable-async-job-executor-thread-28319#
[PollExecuteTaskStatusExecution] 9409158a-3ef5-419f-b18e-c3263bd4e0f3 [2026-09-23T16:35:23.536187] 'BnaXt32Ek7/oxGk1T+Df03C+W0vmuJ+wo0IwQDAPBgNVHRMBAf8EBTADAQH/MB0G\n' + (STDOUT, APP/TASK/deploy-to-postgresql)#
#2026 09 23 16:35:58.949#Z#DEBUG#89a811f3-b76c-11f1-a9d4-eeee0a93f2f4.hpbuysell-otc-salesorder-postgres-deployer#flowable-async-job-executor-thread-28319#
[PollExecuteTaskStatusExecution] 9409158a-3ef5-419f-b18e-c3263bd4e0f3 [2026-09-23T16:35:23.536190] 'A1UdDgQWBBTGXmqBWN/1tkSea4pNw0oHrjk2UDAOBgNVHQ8BAf8EBAMCAYYwCgYI\n' + (STDOUT, APP/TASK/deploy-to-postgresql)#
#2026 09 23 16:35:58.949#Z#DEBUG#89a811f3-b76c-11f1-a9d4-eeee0a93f2f4.hpbuysell-otc-salesorder-postgres-deployer#flowable-async-job-executor-thread-28319#
[PollExecuteTaskStatusExecution] 9409158a-3ef5-419f-b18e-c3263bd4e0f3 [2026-09-23T16:35:23.536193] 'KoZIzj0EAwMDaAAwZQIxAIqqZWCSrIkZ7zsv/FygtAusW6yvlL935YAWYPVXU30m\n' + (STDOUT, APP/TASK/deploy-to-postgresql)#
#2026 09 23 16:35:58.949#Z#DEBUG#89a811f3-b76c-11f1-a9d4-eeee0a93f2f4.hpbuysell-otc-salesorder-postgres-deployer#flowable-async-job-executor-thread-28319#
[PollExecuteTaskStatusExecution] 9409158a-3ef5-419f-b18e-c3263bd4e0f3 [2026-09-23T16:35:23.536195] 'jkMFLM+/RJ9GMvnO8jHfCgIwB+whlkcItzE9CRQ6CsMo/d5cEHDUu/QW6jSIh9BR\n' + (STDOUT, APP/TASK/deploy-to-postgresql)#
#2026 09 23 16:35:58.949#Z#DEBUG#89a811f3-b76c-11f1-a9d4-eeee0a93f2f4.hpbuysell-otc-salesorder-postgres-deployer#flowable-async-job-executor-thread-28319#
[PollExecuteTaskStatusExecution] 9409158a-3ef5-419f-b18e-c3263bd4e0f3 [2026-09-23T16:35:23.536197] 'OGh9pTYPVkUbBiKPA7lVVhre\n' + (STDOUT, APP/TASK/deploy-to-postgresql)#
#2026 09 23 16:35:58.949#Z#DEBUG#89a811f3-b76c-11f1-a9d4-eeee0a93f2f4.hpbuysell-otc-salesorder-postgres-deployer#flowable-async-job-executor-thread-28319#
[PollExecuteTaskStatusExecution] 9409158a-3ef5-419f-b18e-c3263bd4e0f3 [2026-09-23T16:35:23.536198] '-----END CERTIFICATE-----\n', (STDOUT, APP/TASK/deploy-to-postgresql)#
#2026 09 23 16:35:58.949#Z#DEBUG#89a811f3-b76c-11f1-a9d4-eeee0a93f2f4.hpbuysell-otc-salesorder-postgres-deployer#flowable-async-job-executor-thread-28319#
[PollExecuteTaskStatusExecution] 9409158a-3ef5-419f-b18e-c3263bd4e0f3 [2026-09-23T16:35:23.536201] sslrootcert: '-----BEGIN CERTIFICATE-----\n' + (STDOUT, APP/TASK/deploy-to-postgresql)#
#2026 09 23 16:35:58.949#Z#DEBUG#89a811f3-b76c-11f1-a9d4-eeee0a93f2f4.hpbuysell-otc-salesorder-postgres-deployer#flowable-async-job-executor-thread-28319#
[PollExecuteTaskStatusExecution] 9409158a-3ef5-419f-b18e-c3263bd4e0f3 [2026-09-23T16:35:23.536203] 'MIID/zCCAuegAwIBAgIRAPVSMfFitmM5PhmbaOFoGfUwDQYJKoZIhvcNAQELBQAw\n' + (STDOUT, APP/TASK/deploy-to-postgresql)#
#2026 09 23 16:35:58.949#Z#DEBUG#89a811f3-b76c-11f1-a9d4-eeee0a93f2f4.hpbuysell-otc-salesorder-postgres-deployer#flowable-async-job-executor-thread-28319#
[PollExecuteTaskStatusExecution] 9409158a-3ef5-419f-b18e-c3263bd4e0f3 [2026-09-23T16:35:23.536205] 'gZcxCzAJBgNVBAYTAlVTMSIwIAYDVQQKDBlBbWF6b24gV2ViIFNlcnZpY2VzLCBJ\n' + (STDOUT, APP/TASK/deploy-to-postgresql)#
#2026 09 23 16:35:58.949#Z#DEBUG#89a811f3-b76c-11f1-a9d4-eeee0a93f2f4.hpbuysell-otc-salesorder-postgres-deployer#flowable-async-job-executor-thread-28319#
[PollExecuteTaskStatusExecution] 9409158a-3ef5-419f-b18e-c3263bd4e0f3 [2026-09-23T16:35:23.536207] 'bmMuMRMwEQYDVQQLDApBbWF6b24gUkRTMQswCQYDVQQIDAJXQTEwMC4GA1UEAwwn\n' + (STDOUT, APP/TASK/deploy-to-postgresql)#
#2026 09 23 16:35:58.949#Z#DEBUG#89a811f3-b76c-11f1-a9d4-eeee0a93f2f4.hpbuysell-otc-salesorder-postgres-deployer#flowable-async-job-executor-thread-28319#
[PollExecuteTaskStatusExecution] 9409158a-3ef5-419f-b18e-c3263bd4e0f3 [2026-09-23T16:35:23.536209] 'QW1hem9uIFJEUyB1cy1lYXN0LTEgUm9vdCBDQSBSU0EyMDQ4IEcxMRAwDgYDVQQH\n' + (STDOUT, APP/TASK/deploy-to-postgresql)#
#2026 09 23 16:35:58.949#Z#DEBUG#89a811f3-b76c-11f1-a9d4-eeee0a93f2f4.hpbuysell-otc-salesorder-postgres-deployer#flowable-async-job-executor-thread-28319#
[PollExecuteTaskStatusExecution] 9409158a-3ef5-419f-b18e-c3263bd4e0f3 [2026-09-23T16:35:23.536210] 'DAdTZWF0dGxlMCAXDTIxMDUyNTIyMzQ1N1oYDzIwNjEwNTI1MjMzNDU3WjCBlzEL\n' + (STDOUT, APP/TASK/deploy-to-postgresql)#
#2026 09 23 16:35:58.949#Z#DEBUG#89a811f3-b76c-11f1-a9d4-eeee0a93f2f4.hpbuysell-otc-salesorder-postgres-deployer#flowable-async-job-executor-thread-28319#
[PollExecuteTaskStatusExecution] 9409158a-3ef5-419f-b18e-c3263bd4e0f3 [2026-09-23T16:35:23.536213] 'MAkGA1UEBhMCVVMxIjAgBgNVBAoMGUFtYXpvbiBXZWIgU2VydmljZXMsIEluYy4x\n' + (STDOUT, APP/TASK/deploy-to-postgresql)#
#2026 09 23 16:35:58.949#Z#DEBUG#89a811f3-b76c-11f1-a9d4-eeee0a93f2f4.hpbuysell-otc-salesorder-postgres-deployer#flowable-async-job-executor-thread-28319#
[PollExecuteTaskStatusExecution] 9409158a-3ef5-419f-b18e-c3263bd4e0f3 [2026-09-23T16:35:23.536215] 'EzARBgNVBAsMCkFtYXpvbiBSRFMxCzAJBgNVBAgMAldBMTAwLgYDVQQDDCdBbWF6\n' + (STDOUT, APP/TASK/deploy-to-postgresql)#
#2026 09 23 16:35:58.949#Z#DEBUG#89a811f3-b76c-11f1-a9d4-eeee0a93f2f4.hpbuysell-otc-salesorder-postgres-deployer#flowable-async-job-executor-thread-28319#
[PollExecuteTaskStatusExecution] 9409158a-3ef5-419f-b18e-c3263bd4e0f3 [2026-09-23T16:35:23.536240] 'b24gUkRTIHVzLWVhc3QtMSBSb290IENBIFJTQTIwNDggRzExEDAOBgNVBAcMB1Nl\n' + (STDOUT, APP/TASK/deploy-to-postgresql)#
#2026 09 23 16:35:58.949#Z#DEBUG#89a811f3-b76c-11f1-a9d4-eeee0a93f2f4.hpbuysell-otc-salesorder-postgres-deployer#flowable-async-job-executor-thread-28319#
[PollExecuteTaskStatusExecution] 9409158a-3ef5-419f-b18e-c3263bd4e0f3 [2026-09-23T16:35:23.536242] 'YXR0bGUwggEiMA0GCSqGSIb3DQEBAQUAA4IBDwAwggEKAoIBAQDu9H7TBeGoDzMr\n' + (STDOUT, APP/TASK/deploy-to-postgresql)#
#2026 09 23 16:35:58.949#Z#DEBUG#89a811f3-b76c-11f1-a9d4-eeee0a93f2f4.hpbuysell-otc-salesorder-postgres-deployer#flowable-async-job-executor-thread-28319#
[PollExecuteTaskStatusExecution] 9409158a-3ef5-419f-b18e-c3263bd4e0f3 [2026-09-23T16:35:23.536244] 'dxN6H8COntJX4IR6dbyhnj5qMD4xl/IWvp50lt0VpmMd+z2PNZzx8RazeGC5IniV\n' + (STDOUT, APP/TASK/deploy-to-postgresql)#
#2026 09 23 16:35:58.949#Z#DEBUG#89a811f3-b76c-11f1-a9d4-eeee0a93f2f4.hpbuysell-otc-salesorder-postgres-deployer#flowable-async-job-executor-thread-28319#
[PollExecuteTaskStatusExecution] 9409158a-3ef5-419f-b18e-c3263bd4e0f3 [2026-09-23T16:35:23.536246] '5nrLg0AKWRQ2A/lGGXbUrGXCSe09brMQCxWBSIYe1WZZ1iU1IJ/6Bp4D2YEHpXrW\n' + (STDOUT, APP/TASK/deploy-to-postgresql)#
#2026 09 23 16:35:58.949#Z#DEBUG#89a811f3-b76c-11f1-a9d4-eeee0a93f2f4.hpbuysell-otc-salesorder-postgres-deployer#flowable-async-job-executor-thread-28319#
[PollExecuteTaskStatusExecution] 9409158a-3ef5-419f-b18e-c3263bd4e0f3 [2026-09-23T16:35:23.536248] 'bPkOq5x3YPcsoitgm1Xh8ygz6vb7PsvJvPbvRMnkDg5IqEThapPjmKb8ZJWyEFEE\n' + (STDOUT, APP/TASK/deploy-to-postgresql)#
#2026 09 23 16:35:58.949#Z#DEBUG#89a811f3-b76c-11f1-a9d4-eeee0a93f2f4.hpbuysell-otc-salesorder-postgres-deployer#flowable-async-job-executor-thread-28319#
[PollExecuteTaskStatusExecution] 9409158a-3ef5-419f-b18e-c3263bd4e0f3 [2026-09-23T16:35:23.536250] 'QRrkCIRueB1EqQtJw0fvP4PKDlCJAKBEs/y049FoOqYpT3pRy0WKqPhWve+hScMd\n' + (STDOUT, APP/TASK/deploy-to-postgresql)#
#2026 09 23 16:35:58.949#Z#DEBUG#89a811f3-b76c-11f1-a9d4-eeee0a93f2f4.hpbuysell-otc-salesorder-postgres-deployer#flowable-async-job-executor-thread-28319#
[PollExecuteTaskStatusExecution] 9409158a-3ef5-419f-b18e-c3263bd4e0f3 [2026-09-23T16:35:23.536252] '6obq8kxTFy1IHACjHc51nrGII5Bt76/MpTWhnJIJrCnq1/Uc3Qs8IVeb+sLaFC8K\n' + (STDOUT, APP/TASK/deploy-to-postgresql)#
#2026 09 23 16:35:58.949#Z#DEBUG#89a811f3-b76c-11f1-a9d4-eeee0a93f2f4.hpbuysell-otc-salesorder-postgres-deployer#flowable-async-job-executor-thread-28319#
[PollExecuteTaskStatusExecution] 9409158a-3ef5-419f-b18e-c3263bd4e0f3 [2026-09-23T16:35:23.536253] 'DI69Sw6bAgMBAAGjQjBAMA8GA1UdEwEB/wQFMAMBAf8wHQYDVR0OBBYEFE7PCopt\n' + (STDOUT, APP/TASK/deploy-to-postgresql)#
#2026 09 23 16:35:58.949#Z#DEBUG#89a811f3-b76c-11f1-a9d4-eeee0a93f2f4.hpbuysell-otc-salesorder-postgres-deployer#flowable-async-job-executor-thread-28319#
[PollExecuteTaskStatusExecution] 9409158a-3ef5-419f-b18e-c3263bd4e0f3 [2026-09-23T16:35:23.536255] 'lyOgtXX0Y1lObBUxuKaCMA4GA1UdDwEB/wQEAwIBhjANBgkqhkiG9w0BAQsFAAOC\n' + (STDOUT, APP/TASK/deploy-to-postgresql)#
#2026 09 23 16:35:58.949#Z#DEBUG#89a811f3-b76c-11f1-a9d4-eeee0a93f2f4.hpbuysell-otc-salesorder-postgres-deployer#flowable-async-job-executor-thread-28319#
[PollExecuteTaskStatusExecution] 9409158a-3ef5-419f-b18e-c3263bd4e0f3 [2026-09-23T16:35:23.536257] 'AQEAFj+bX8gLmMNefr5jRJfHjrL3iuZCjf7YEZgn89pS4z8408mjj9z6Q5D1H7yS\n' + (STDOUT, APP/TASK/deploy-to-postgresql)#
#2026 09 23 16:35:58.949#Z#DEBUG#89a811f3-b76c-11f1-a9d4-eeee0a93f2f4.hpbuysell-otc-salesorder-postgres-deployer#flowable-async-job-executor-thread-28319#
[PollExecuteTaskStatusExecution] 9409158a-3ef5-419f-b18e-c3263bd4e0f3 [2026-09-23T16:35:23.536258] 'jNETVV8QaJip1qyhh5gRzRaArgGAYvi2/r0zPsy+Tgf7v1KGL5Lh8NT8iCEGGXwF\n' + (STDOUT, APP/TASK/deploy-to-postgresql)#
#2026 09 23 16:35:58.949#Z#DEBUG#89a811f3-b76c-11f1-a9d4-eeee0a93f2f4.hpbuysell-otc-salesorder-postgres-deployer#flowable-async-job-executor-thread-28319#
[PollExecuteTaskStatusExecution] 9409158a-3ef5-419f-b18e-c3263bd4e0f3 [2026-09-23T16:35:23.536260] 'g3Ir+Nl3e+9XUp0eyyzBIjHtjLBm6yy8rGk9p6OtFDQnKF5OxwbAgip42CD75r/q\n' + (STDOUT, APP/TASK/deploy-to-postgresql)#
#2026 09 23 16:35:58.949#Z#DEBUG#89a811f3-b76c-11f1-a9d4-eeee0a93f2f4.hpbuysell-otc-salesorder-postgres-deployer#flowable-async-job-executor-thread-28319#
[PollExecuteTaskStatusExecution] 9409158a-3ef5-419f-b18e-c3263bd4e0f3 [2026-09-23T16:35:23.536261] 'p421maEDDvvRFR4D+99JZxgAYDBGqRRceUoe16qDzbMvlz0A9paCZFclxeftAxv6\n' + (STDOUT, APP/TASK/deploy-to-postgresql)#
#2026 09 23 16:35:58.949#Z#DEBUG#89a811f3-b76c-11f1-a9d4-eeee0a93f2f4.hpbuysell-otc-salesorder-postgres-deployer#flowable-async-job-executor-thread-28319#
[PollExecuteTaskStatusExecution] 9409158a-3ef5-419f-b18e-c3263bd4e0f3 [2026-09-23T16:35:23.536263] 'QlR5rItMz/XdzpBJUpYhdzM0gCzAzdQuVO5tjJxmXhkSMcDP+8Q+Uv6FA9k2VpUV\n' + (STDOUT, APP/TASK/deploy-to-postgresql)#
#2026 09 23 16:35:58.949#Z#DEBUG#89a811f3-b76c-11f1-a9d4-eeee0a93f2f4.hpbuysell-otc-salesorder-postgres-deployer#flowable-async-job-executor-thread-28319#
[PollExecuteTaskStatusExecution] 9409158a-3ef5-419f-b18e-c3263bd4e0f3 [2026-09-23T16:35:23.536266] 'E/O5jgpqUJJ2Hc/5rs9VkAPXeA==\n' + (STDOUT, APP/TASK/deploy-to-postgresql)#
#2026 09 23 16:35:58.949#Z#DEBUG#89a811f3-b76c-11f1-a9d4-eeee0a93f2f4.hpbuysell-otc-salesorder-postgres-deployer#flowable-async-job-executor-thread-28319#
[PollExecuteTaskStatusExecution] 9409158a-3ef5-419f-b18e-c3263bd4e0f3 [2026-09-23T16:35:23.536268] '-----END CERTIFICATE-----\n' + (STDOUT, APP/TASK/deploy-to-postgresql)#
#2026 09 23 16:35:58.949#Z#DEBUG#89a811f3-b76c-11f1-a9d4-eeee0a93f2f4.hpbuysell-otc-salesorder-postgres-deployer#flowable-async-job-executor-thread-28319#
[PollExecuteTaskStatusExecution] 9409158a-3ef5-419f-b18e-c3263bd4e0f3 [2026-09-23T16:35:23.536270] '-----BEGIN CERTIFICATE-----\n' + (STDOUT, APP/TASK/deploy-to-postgresql)#
#2026 09 23 16:35:58.949#Z#DEBUG#89a811f3-b76c-11f1-a9d4-eeee0a93f2f4.hpbuysell-otc-salesorder-postgres-deployer#flowable-async-job-executor-thread-28319#
[PollExecuteTaskStatusExecution] 9409158a-3ef5-419f-b18e-c3263bd4e0f3 [2026-09-23T16:35:23.536273] 'MIIF/jCCA+agAwIBAgIQaRHaEqqacXN20e8zZJtmDDANBgkqhkiG9w0BAQwFADCB\n' + (STDOUT, APP/TASK/deploy-to-postgresql)#
#2026 09 23 16:35:58.949#Z#DEBUG#89a811f3-b76c-11f1-a9d4-eeee0a93f2f4.hpbuysell-otc-salesorder-postgres-deployer#flowable-async-job-executor-thread-28319#
[PollExecuteTaskStatusExecution] 9409158a-3ef5-419f-b18e-c3263bd4e0f3 [2026-09-23T16:35:23.536275] 'lzELMAkGA1UEBhMCVVMxIjAgBgNVBAoMGUFtYXpvbiBXZWIgU2VydmljZXMsIElu\n' + (STDOUT, APP/TASK/deploy-to-postgresql)#
#2026 09 23 16:35:58.949#Z#DEBUG#89a811f3-b76c-11f1-a9d4-eeee0a93f2f4.hpbuysell-otc-salesorder-postgres-deployer#flowable-async-job-executor-thread-28319#
[PollExecuteTaskStatusExecution] 9409158a-3ef5-419f-b18e-c3263bd4e0f3 [2026-09-23T16:35:23.536276] 'Yy4xEzARBgNVBAsMCkFtYXpvbiBSRFMxCzAJBgNVBAgMAldBMTAwLgYDVQQDDCdB\n' + (STDOUT, APP/TASK/deploy-to-postgresql)#
#2026 09 23 16:35:58.949#Z#DEBUG#89a811f3-b76c-11f1-a9d4-eeee0a93f2f4.hpbuysell-otc-salesorder-postgres-deployer#flowable-async-job-executor-thread-28319#
[PollExecuteTaskStatusExecution] 9409158a-3ef5-419f-b18e-c3263bd4e0f3 [2026-09-23T16:35:23.536278] 'bWF6b24gUkRTIHVzLWVhc3QtMSBSb290IENBIFJTQTQwOTYgRzExEDAOBgNVBAcM\n' + (STDOUT, APP/TASK/deploy-to-postgresql)#
#2026 09 23 16:35:58.949#Z#DEBUG#89a811f3-b76c-11f1-a9d4-eeee0a93f2f4.hpbuysell-otc-salesorder-postgres-deployer#flowable-async-job-executor-thread-28319#
[PollExecuteTaskStatusExecution] 9409158a-3ef5-419f-b18e-c3263bd4e0f3 [2026-09-23T16:35:23.536490] 'B1NlYXR0bGUwIBcNMjEwNTI1MjIzODM1WhgPMjEyMTA1MjUyMzM4MzVaMIGXMQsw\n' + (STDOUT, APP/TASK/deploy-to-postgresql)#
#2026 09 23 16:35:58.949#Z#DEBUG#89a811f3-b76c-11f1-a9d4-eeee0a93f2f4.hpbuysell-otc-salesorder-postgres-deployer#flowable-async-job-executor-thread-28319#
[PollExecuteTaskStatusExecution] 9409158a-3ef5-419f-b18e-c3263bd4e0f3 [2026-09-23T16:35:23.536494] 'CQYDVQQGEwJVUzEiMCAGA1UECgwZQW1hem9uIFdlYiBTZXJ2aWNlcywgSW5jLjET\n' + (STDOUT, APP/TASK/deploy-to-postgresql)#
#2026 09 23 16:35:58.949#Z#DEBUG#89a811f3-b76c-11f1-a9d4-eeee0a93f2f4.hpbuysell-otc-salesorder-postgres-deployer#flowable-async-job-executor-thread-28319#
[PollExecuteTaskStatusExecution] 9409158a-3ef5-419f-b18e-c3263bd4e0f3 [2026-09-23T16:35:23.536496] 'MBEGA1UECwwKQW1hem9uIFJEUzELMAkGA1UECAwCV0ExMDAuBgNVBAMMJ0FtYXpv\n' + (STDOUT, APP/TASK/deploy-to-postgresql)#
#2026 09 23 16:35:58.949#Z#DEBUG#89a811f3-b76c-11f1-a9d4-eeee0a93f2f4.hpbuysell-otc-salesorder-postgres-deployer#flowable-async-job-executor-thread-28319#
[PollExecuteTaskStatusExecution] 9409158a-3ef5-419f-b18e-c3263bd4e0f3 [2026-09-23T16:35:23.536499] 'biBSRFMgdXMtZWFzdC0xIFJvb3QgQ0EgUlNBNDA5NiBHMTEQMA4GA1UEBwwHU2Vh\n' + (STDOUT, APP/TASK/deploy-to-postgresql)#
#2026 09 23 16:35:58.949#Z#DEBUG#89a811f3-b76c-11f1-a9d4-eeee0a93f2f4.hpbuysell-otc-salesorder-postgres-deployer#flowable-async-job-executor-thread-28319#
[PollExecuteTaskStatusExecution] 9409158a-3ef5-419f-b18e-c3263bd4e0f3 [2026-09-23T16:35:23.536501] 'dHRsZTCCAiIwDQYJKoZIhvcNAQEBBQADggIPADCCAgoCggIBAInfBCaHuvj6Rb5c\n' + (STDOUT, APP/TASK/deploy-to-postgresql)#
#2026 09 23 16:35:58.949#Z#DEBUG#89a811f3-b76c-11f1-a9d4-eeee0a93f2f4.hpbuysell-otc-salesorder-postgres-deployer#flowable-async-job-executor-thread-28319#
[PollExecuteTaskStatusExecution] 9409158a-3ef5-419f-b18e-c3263bd4e0f3 [2026-09-23T16:35:23.536503] 'L5Wmn1jv2PHtEGMHm+7Z8dYosdwouG8VG2A+BCYCZfij9lIGszrTXkY4O7vnXgru\n' + (STDOUT, APP/TASK/deploy-to-postgresql)#
#2026 09 23 16:35:58.949#Z#DEBUG#89a811f3-b76c-11f1-a9d4-eeee0a93f2f4.hpbuysell-otc-salesorder-postgres-deployer#flowable-async-job-executor-thread-28319#
[PollExecuteTaskStatusExecution] 9409158a-3ef5-419f-b18e-c3263bd4e0f3 [2026-09-23T16:35:23.536504] 'JUNdxh0Q3M83p4X+bg+gODUs3jf+Z3Oeq7nTOk/2UYvQLcxP4FEXILxDInbQFcIx\n' + (STDOUT, APP/TASK/deploy-to-postgresql)#
#2026 09 23 16:35:58.949#Z#DEBUG#89a811f3-b76c-11f1-a9d4-eeee0a93f2f4.hpbuysell-otc-salesorder-postgres-deployer#flowable-async-job-executor-thread-28319#
[PollExecuteTaskStatusExecution] 9409158a-3ef5-419f-b18e-c3263bd4e0f3 [2026-09-23T16:35:23.536506] 'yen1ESHggGrjEodgn6nbKQNRfIhjhW+TKYaewfsVWH7EF2pfj+cjbJ6njjgZ0/M9\n' + (STDOUT, APP/TASK/deploy-to-postgresql)#
#2026 09 23 16:35:58.949#Z#DEBUG#89a811f3-b76c-11f1-a9d4-eeee0a93f2f4.hpbuysell-otc-salesorder-postgres-deployer#flowable-async-job-executor-thread-28319#
[PollExecuteTaskStatusExecution] 9409158a-3ef5-419f-b18e-c3263bd4e0f3 [2026-09-23T16:35:23.536507] 'VZifJFBgat6XUTOf3jwHwkCBh7T6rDpgy19A61laImJCQhdTnHKvzTpxcxiLRh69\n' + (STDOUT, APP/TASK/deploy-to-postgresql)#
#2026 09 23 16:35:58.949#Z#DEBUG#89a811f3-b76c-11f1-a9d4-eeee0a93f2f4.hpbuysell-otc-salesorder-postgres-deployer#flowable-async-job-executor-thread-28319#
[PollExecuteTaskStatusExecution] 9409158a-3ef5-419f-b18e-c3263bd4e0f3 [2026-09-23T16:35:23.536510] 'ZObypR7W04OAUmFS88V7IotlPmCL8xf7kwxG+gQfvx31+A9IDMsiTqJ1Cc4fYEKg\n' + (STDOUT, APP/TASK/deploy-to-postgresql)#
#2026 09 23 16:35:58.949#Z#DEBUG#89a811f3-b76c-11f1-a9d4-eeee0a93f2f4.hpbuysell-otc-salesorder-postgres-deployer#flowable-async-job-executor-thread-28319#
[PollExecuteTaskStatusExecution] 9409158a-3ef5-419f-b18e-c3263bd4e0f3 [2026-09-23T16:35:23.536512] 'bL+Vo+2Ii4W2esCTGVYmHm73drznfeKwL+kmIC/Bq+DrZ+veTqKFYwSkpHRyJCEe\n' + (STDOUT, APP/TASK/deploy-to-postgresql)#
#2026 09 23 16:35:58.949#Z#DEBUG#89a811f3-b76c-11f1-a9d4-eeee0a93f2f4.hpbuysell-otc-salesorder-postgres-deployer#flowable-async-job-executor-thread-28319#
[PollExecuteTaskStatusExecution] 9409158a-3ef5-419f-b18e-c3263bd4e0f3 [2026-09-23T16:35:23.536513] 'U4Zym6POqQ/4LBSKwDUhWLJIlq99bjKX+hNTJykB+Lbcx0ScOP4IAZQoxmDxGWxN\n' + (STDOUT, APP/TASK/deploy-to-postgresql)#
#2026 09 23 16:35:58.949#Z#DEBUG#89a811f3-b76c-11f1-a9d4-eeee0a93f2f4.hpbuysell-otc-salesorder-postgres-deployer#flowable-async-job-executor-thread-28319#
[PollExecuteTaskStatusExecution] 9409158a-3ef5-419f-b18e-c3263bd4e0f3 [2026-09-23T16:35:23.536515] 'S+lQj+Cx2pwU3S/7+OxlRndZAX/FKgk7xSMkg88HykUZaZ/ozIiqJqSnGpgXCtED\n' + (STDOUT, APP/TASK/deploy-to-postgresql)#
#2026 09 23 16:35:58.949#Z#DEBUG#89a811f3-b76c-11f1-a9d4-eeee0a93f2f4.hpbuysell-otc-salesorder-postgres-deployer#flowable-async-job-executor-thread-28319#
[PollExecuteTaskStatusExecution] 9409158a-3ef5-419f-b18e-c3263bd4e0f3 [2026-09-23T16:35:23.536516] 'oQ4OJw5ozAr+/wudOawaMwUWQl5asD8fuy/hl5S1nv9XxIc842QJOtJFxhyeMIXt\n' + (STDOUT, APP/TASK/deploy-to-postgresql)#
#2026 09 23 16:35:58.949#Z#DEBUG#89a811f3-b76c-11f1-a9d4-eeee0a93f2f4.hpbuysell-otc-salesorder-postgres-deployer#flowable-async-job-executor-thread-28319#
[PollExecuteTaskStatusExecution] 9409158a-3ef5-419f-b18e-c3263bd4e0f3 [2026-09-23T16:35:23.536517] 'LVECVw/dPekhMjS3Zo3wwRgYbnKG7YXXT5WMxJEnHu8+cYpMiRClzq2BEP6/MtI2\n' + (STDOUT, APP/TASK/deploy-to-postgresql)#
#2026 09 23 16:35:58.949#Z#DEBUG#89a811f3-b76c-11f1-a9d4-eeee0a93f2f4.hpbuysell-otc-salesorder-postgres-deployer#flowable-async-job-executor-thread-28319#
[PollExecuteTaskStatusExecution] 9409158a-3ef5-419f-b18e-c3263bd4e0f3 [2026-09-23T16:35:23.536519] 'AZQQUFu2yFjRGL2OZA6IYjxnXYiRAgMBAAGjQjBAMA8GA1UdEwEB/wQFMAMBAf8w\n' + (STDOUT, APP/TASK/deploy-to-postgresql)#
#2026 09 23 16:35:58.949#Z#DEBUG#89a811f3-b76c-11f1-a9d4-eeee0a93f2f4.hpbuysell-otc-salesorder-postgres-deployer#flowable-async-job-executor-thread-28319#
[PollExecuteTaskStatusExecution] 9409158a-3ef5-419f-b18e-c3263bd4e0f3 [2026-09-23T16:35:23.536521] 'HQYDVR0OBBYEFADCcQCPX2HmkqQcmuHfiQ2jjqnrMA4GA1UdDwEB/wQEAwIBhjAN\n' + (STDOUT, APP/TASK/deploy-to-postgresql)#
#2026 09 23 16:35:58.949#Z#DEBUG#89a811f3-b76c-11f1-a9d4-eeee0a93f2f4.hpbuysell-otc-salesorder-postgres-deployer#flowable-async-job-executor-thread-28319#
[PollExecuteTaskStatusExecution] 9409158a-3ef5-419f-b18e-c3263bd4e0f3 [2026-09-23T16:35:23.536523] 'BgkqhkiG9w0BAQwFAAOCAgEASXkGQ2eUmudIKPeOIF7RBryCoPmMOsqP0+1qxF8l\n' + (STDOUT, APP/TASK/deploy-to-postgresql)#
#2026 09 23 16:35:58.949#Z#DEBUG#89a811f3-b76c-11f1-a9d4-eeee0a93f2f4.hpbuysell-otc-salesorder-postgres-deployer#flowable-async-job-executor-thread-28319#
[PollExecuteTaskStatusExecution] 9409158a-3ef5-419f-b18e-c3263bd4e0f3 [2026-09-23T16:35:23.536524] 'pGkwmrgNDGpmd9s0ArfIVBTc1jmpgB3oiRW9c6n2OmwBKL4UPuQ8O3KwSP0iD2sZ\n' + (STDOUT, APP/TASK/deploy-to-postgresql)#
#2026 09 23 16:35:58.949#Z#DEBUG#89a811f3-b76c-11f1-a9d4-eeee0a93f2f4.hpbuysell-otc-salesorder-postgres-deployer#flowable-async-job-executor-thread-28319#
[PollExecuteTaskStatusExecution] 9409158a-3ef5-419f-b18e-c3263bd4e0f3 [2026-09-23T16:35:23.536527] 'KMXoMEyphCEzW1I2GRvYDugL3Z9MWrnHkoaoH2l8YyTYvszTvdgxBPpM2x4pSkp+\n' + (STDOUT, APP/TASK/deploy-to-postgresql)#
#2026 09 23 16:35:58.949#Z#DEBUG#89a811f3-b76c-11f1-a9d4-eeee0a93f2f4.hpbuysell-otc-salesorder-postgres-deployer#flowable-async-job-executor-thread-28319#
[PollExecuteTaskStatusExecution] 9409158a-3ef5-419f-b18e-c3263bd4e0f3 [2026-09-23T16:35:23.536530] '76d4/eRpJ5mVuQ93nC+YG0wXCxSq63hX4kyZgPxgCdAA+qgFfKIGyNqUIqWgeyTP\n' + (STDOUT, APP/TASK/deploy-to-postgresql)#
#2026 09 23 16:35:58.949#Z#DEBUG#89a811f3-b76c-11f1-a9d4-eeee0a93f2f4.hpbuysell-otc-salesorder-postgres-deployer#flowable-async-job-executor-thread-28319#
[PollExecuteTaskStatusExecution] 9409158a-3ef5-419f-b18e-c3263bd4e0f3 [2026-09-23T16:35:23.536531] 'n5OgKaboYk2141Rf2hGMD3/hsGm0rrJh7g3C0ZirPws3eeJfulvAOIy2IZzqHUSY\n' + (STDOUT, APP/TASK/deploy-to-postgresql)#
#2026 09 23 16:35:58.949#Z#DEBUG#89a811f3-b76c-11f1-a9d4-eeee0a93f2f4.hpbuysell-otc-salesorder-postgres-deployer#flowable-async-job-executor-thread-28319#
[PollExecuteTaskStatusExecution] 9409158a-3ef5-419f-b18e-c3263bd4e0f3 [2026-09-23T16:35:23.536533] 'jkFzraz6LEH3IlArT3jUPvWKqvh2lJWnnp56aqxBR7qHH5voD49UpJWY1K0BjGnS\n' + (STDOUT, APP/TASK/deploy-to-postgresql)#
#2026 09 23 16:35:58.949#Z#DEBUG#89a811f3-b76c-11f1-a9d4-eeee0a93f2f4.hpbuysell-otc-salesorder-postgres-deployer#flowable-async-job-executor-thread-28319#
[PollExecuteTaskStatusExecution] 9409158a-3ef5-419f-b18e-c3263bd4e0f3 [2026-09-23T16:35:23.536535] 'OHcurpp0Yt/BIs4VZeWdCZwI7JaSeDcPMaMDBvND3Ia5Fga0thgYQTG6dE+N5fgF\n' + (STDOUT, APP/TASK/deploy-to-postgresql)#
#2026 09 23 16:35:58.949#Z#DEBUG#89a811f3-b76c-11f1-a9d4-eeee0a93f2f4.hpbuysell-otc-salesorder-postgres-deployer#flowable-async-job-executor-thread-28319#
[PollExecuteTaskStatusExecution] 9409158a-3ef5-419f-b18e-c3263bd4e0f3 [2026-09-23T16:35:23.536536] 'z+hRaujXO2nb0LmddVyvE8prYlWRMuYFv+Co8hcMdJ0lEZlfVNu0jbm9/GmwAZ+l\n' + (STDOUT, APP/TASK/deploy-to-postgresql)#
#2026 09 23 16:35:58.949#Z#DEBUG#89a811f3-b76c-11f1-a9d4-eeee0a93f2f4.hpbuysell-otc-salesorder-postgres-deployer#flowable-async-job-executor-thread-28319#
[PollExecuteTaskStatusExecution] 9409158a-3ef5-419f-b18e-c3263bd4e0f3 [2026-09-23T16:35:23.536540] '9umeYO9yz/uC7edC8XJBglMAKUmVK9wNtOckUWAcCfnPWYLbYa/PqtXBYcxrso5j\n' + (STDOUT, APP/TASK/deploy-to-postgresql)#
#2026 09 23 16:35:58.949#Z#DEBUG#89a811f3-b76c-11f1-a9d4-eeee0a93f2f4.hpbuysell-otc-salesorder-postgres-deployer#flowable-async-job-executor-thread-28319#
[PollExecuteTaskStatusExecution] 9409158a-3ef5-419f-b18e-c3263bd4e0f3 [2026-09-23T16:35:23.536542] 'iaS/A7iEW51uteHBGrViCy1afGG+hiUWwFlesli+Rq4dNstX3h6h2baWABaAxEVJ\n' + (STDOUT, APP/TASK/deploy-to-postgresql)#
#2026 09 23 16:35:58.949#Z#DEBUG#89a811f3-b76c-11f1-a9d4-eeee0a93f2f4.hpbuysell-otc-salesorder-postgres-deployer#flowable-async-job-executor-thread-28319#
[PollExecuteTaskStatusExecution] 9409158a-3ef5-419f-b18e-c3263bd4e0f3 [2026-09-23T16:35:23.536544] 'y1RnTQSz6mROT1VmZSgSVO37rgIyY0Hf0872ogcTS+FfvXgBxCxsNWEbiQ/XXva4\n' + (STDOUT, APP/TASK/deploy-to-postgresql)#
#2026 09 23 16:35:58.949#Z#DEBUG#89a811f3-b76c-11f1-a9d4-eeee0a93f2f4.hpbuysell-otc-salesorder-postgres-deployer#flowable-async-job-executor-thread-28319#
[PollExecuteTaskStatusExecution] 9409158a-3ef5-419f-b18e-c3263bd4e0f3 [2026-09-23T16:35:23.536545] '0Ws=\n' + (STDOUT, APP/TASK/deploy-to-postgresql)#
#2026 09 23 16:35:58.949#Z#DEBUG#89a811f3-b76c-11f1-a9d4-eeee0a93f2f4.hpbuysell-otc-salesorder-postgres-deployer#flowable-async-job-executor-thread-28319#
[PollExecuteTaskStatusExecution] 9409158a-3ef5-419f-b18e-c3263bd4e0f3 [2026-09-23T16:35:23.536547] '-----END CERTIFICATE-----\n' + (STDOUT, APP/TASK/deploy-to-postgresql)#
#2026 09 23 16:35:58.949#Z#DEBUG#89a811f3-b76c-11f1-a9d4-eeee0a93f2f4.hpbuysell-otc-salesorder-postgres-deployer#flowable-async-job-executor-thread-28319#
[PollExecuteTaskStatusExecution] 9409158a-3ef5-419f-b18e-c3263bd4e0f3 [2026-09-23T16:35:23.536548] '-----BEGIN CERTIFICATE-----\n' + (STDOUT, APP/TASK/deploy-to-postgresql)#
#2026 09 23 16:35:58.949#Z#DEBUG#89a811f3-b76c-11f1-a9d4-eeee0a93f2f4.hpbuysell-otc-salesorder-postgres-deployer#flowable-async-job-executor-thread-28319#
[PollExecuteTaskStatusExecution] 9409158a-3ef5-419f-b18e-c3263bd4e0f3 [2026-09-23T16:35:23.536552] 'MIICrjCCAjSgAwIBAgIRAPAlEk8VJPmEzVRRaWvTh2AwCgYIKoZIzj0EAwMwgZYx\n' + (STDOUT, APP/TASK/deploy-to-postgresql)#
#2026 09 23 16:35:58.949#Z#DEBUG#89a811f3-b76c-11f1-a9d4-eeee0a93f2f4.hpbuysell-otc-salesorder-postgres-deployer#flowable-async-job-executor-thread-28319#
[PollExecuteTaskStatusExecution] 9409158a-3ef5-419f-b18e-c3263bd4e0f3 [2026-09-23T16:35:23.536553] 'CzAJBgNVBAYTAlVTMSIwIAYDVQQKDBlBbWF6b24gV2ViIFNlcnZpY2VzLCBJbmMu\n' + (STDOUT, APP/TASK/deploy-to-postgresql)#
#2026 09 23 16:35:58.949#Z#DEBUG#89a811f3-b76c-11f1-a9d4-eeee0a93f2f4.hpbuysell-otc-salesorder-postgres-deployer#flowable-async-job-executor-thread-28319#
[PollExecuteTaskStatusExecution] 9409158a-3ef5-419f-b18e-c3263bd4e0f3 [2026-09-23T16:35:23.536555] 'MRMwEQYDVQQLDApBbWF6b24gUkRTMQswCQYDVQQIDAJXQTEvMC0GA1UEAwwmQW1h\n' + (STDOUT, APP/TASK/deploy-to-postgresql)#
#2026 09 23 16:35:58.949#Z#DEBUG#89a811f3-b76c-11f1-a9d4-eeee0a93f2f4.hpbuysell-otc-salesorder-postgres-deployer#flowable-async-job-executor-thread-28319#
[PollExecuteTaskStatusExecution] 9409158a-3ef5-419f-b18e-c3263bd4e0f3 [2026-09-23T16:35:23.536556] 'em9uIFJEUyB1cy1lYXN0LTEgUm9vdCBDQSBFQ0MzODQgRzExEDAOBgNVBAcMB1Nl\n' + (STDOUT, APP/TASK/deploy-to-postgresql)#
#2026 09 23 16:35:58.949#Z#DEBUG#89a811f3-b76c-11f1-a9d4-eeee0a93f2f4.hpbuysell-otc-salesorder-postgres-deployer#flowable-async-job-executor-thread-28319#
[PollExecuteTaskStatusExecution] 9409158a-3ef5-419f-b18e-c3263bd4e0f3 [2026-09-23T16:35:23.536557] 'YXR0bGUwIBcNMjEwNTI1MjI0MTU1WhgPMjEyMTA1MjUyMzQxNTVaMIGWMQswCQYD\n' + (STDOUT, APP/TASK/deploy-to-postgresql)#
#2026 09 23 16:35:58.949#Z#DEBUG#89a811f3-b76c-11f1-a9d4-eeee0a93f2f4.hpbuysell-otc-salesorder-postgres-deployer#flowable-async-job-executor-thread-28319#
[PollExecuteTaskStatusExecution] 9409158a-3ef5-419f-b18e-c3263bd4e0f3 [2026-09-23T16:35:23.536559] 'VQQGEwJVUzEiMCAGA1UECgwZQW1hem9uIFdlYiBTZXJ2aWNlcywgSW5jLjETMBEG\n' + (STDOUT, APP/TASK/deploy-to-postgresql)#
#2026 09 23 16:35:58.949#Z#DEBUG#89a811f3-b76c-11f1-a9d4-eeee0a93f2f4.hpbuysell-otc-salesorder-postgres-deployer#flowable-async-job-executor-thread-28319#
[PollExecuteTaskStatusExecution] 9409158a-3ef5-419f-b18e-c3263bd4e0f3 [2026-09-23T16:35:23.536562] 'A1UECwwKQW1hem9uIFJEUzELMAkGA1UECAwCV0ExLzAtBgNVBAMMJkFtYXpvbiBS\n' + (STDOUT, APP/TASK/deploy-to-postgresql)#
#2026 09 23 16:35:58.949#Z#DEBUG#89a811f3-b76c-11f1-a9d4-eeee0a93f2f4.hpbuysell-otc-salesorder-postgres-deployer#flowable-async-job-executor-thread-28319#
[PollExecuteTaskStatusExecution] 9409158a-3ef5-419f-b18e-c3263bd4e0f3 [2026-09-23T16:35:23.536563] 'RFMgdXMtZWFzdC0xIFJvb3QgQ0EgRUNDMzg0IEcxMRAwDgYDVQQHDAdTZWF0dGxl\n' + (STDOUT, APP/TASK/deploy-to-postgresql)#
#2026 09 23 16:35:58.949#Z#DEBUG#89a811f3-b76c-11f1-a9d4-eeee0a93f2f4.hpbuysell-otc-salesorder-postgres-deployer#flowable-async-job-executor-thread-28319#
[PollExecuteTaskStatusExecution] 9409158a-3ef5-419f-b18e-c3263bd4e0f3 [2026-09-23T16:35:23.536564] 'MHYwEAYHKoZIzj0CAQYFK4EEACIDYgAEx5xjrup8II4HOJw15NTnS3H5yMrQGlbj\n' + (STDOUT, APP/TASK/deploy-to-postgresql)#
#2026 09 23 16:35:58.949#Z#DEBUG#89a811f3-b76c-11f1-a9d4-eeee0a93f2f4.hpbuysell-otc-salesorder-postgres-deployer#flowable-async-job-executor-thread-28319#
[PollExecuteTaskStatusExecution] 9409158a-3ef5-419f-b18e-c3263bd4e0f3 [2026-09-23T16:35:23.536566] 'EDA5MMGnE9DmHp5dACIxmPXPMe/99nO7wNdl7G71OYPCgEvWm0FhdvVUeTb3LVnV\n' + (STDOUT, APP/TASK/deploy-to-postgresql)#
#2026 09 23 16:35:58.949#Z#DEBUG#89a811f3-b76c-11f1-a9d4-eeee0a93f2f4.hpbuysell-otc-salesorder-postgres-deployer#flowable-async-job-executor-thread-28319#
[PollExecuteTaskStatusExecution] 9409158a-3ef5-419f-b18e-c3263bd4e0f3 [2026-09-23T16:35:23.536567] 'BnaXt32Ek7/oxGk1T+Df03C+W0vmuJ+wo0IwQDAPBgNVHRMBAf8EBTADAQH/MB0G\n' + (STDOUT, APP/TASK/deploy-to-postgresql)#
#2026 09 23 16:35:58.949#Z#DEBUG#89a811f3-b76c-11f1-a9d4-eeee0a93f2f4.hpbuysell-otc-salesorder-postgres-deployer#flowable-async-job-executor-thread-28319#
[PollExecuteTaskStatusExecution] 9409158a-3ef5-419f-b18e-c3263bd4e0f3 [2026-09-23T16:35:23.536569] 'A1UdDgQWBBTGXmqBWN/1tkSea4pNw0oHrjk2UDAOBgNVHQ8BAf8EBAMCAYYwCgYI\n' + (STDOUT, APP/TASK/deploy-to-postgresql)#
#2026 09 23 16:35:58.949#Z#DEBUG#89a811f3-b76c-11f1-a9d4-eeee0a93f2f4.hpbuysell-otc-salesorder-postgres-deployer#flowable-async-job-executor-thread-28319#
[PollExecuteTaskStatusExecution] 9409158a-3ef5-419f-b18e-c3263bd4e0f3 [2026-09-23T16:35:23.536571] 'KoZIzj0EAwMDaAAwZQIxAIqqZWCSrIkZ7zsv/FygtAusW6yvlL935YAWYPVXU30m\n' + (STDOUT, APP/TASK/deploy-to-postgresql)#
#2026 09 23 16:35:58.949#Z#DEBUG#89a811f3-b76c-11f1-a9d4-eeee0a93f2f4.hpbuysell-otc-salesorder-postgres-deployer#flowable-async-job-executor-thread-28319#
[PollExecuteTaskStatusExecution] 9409158a-3ef5-419f-b18e-c3263bd4e0f3 [2026-09-23T16:35:23.536572] 'jkMFLM+/RJ9GMvnO8jHfCgIwB+whlkcItzE9CRQ6CsMo/d5cEHDUu/QW6jSIh9BR\n' + (STDOUT, APP/TASK/deploy-to-postgresql)#
#2026 09 23 16:35:58.949#Z#DEBUG#89a811f3-b76c-11f1-a9d4-eeee0a93f2f4.hpbuysell-otc-salesorder-postgres-deployer#flowable-async-job-executor-thread-28319#
[PollExecuteTaskStatusExecution] 9409158a-3ef5-419f-b18e-c3263bd4e0f3 [2026-09-23T16:35:23.536573] 'OGh9pTYPVkUbBiKPA7lVVhre\n' + (STDOUT, APP/TASK/deploy-to-postgresql)#
#2026 09 23 16:35:58.949#Z#DEBUG#89a811f3-b76c-11f1-a9d4-eeee0a93f2f4.hpbuysell-otc-salesorder-postgres-deployer#flowable-async-job-executor-thread-28319#
[PollExecuteTaskStatusExecution] 9409158a-3ef5-419f-b18e-c3263bd4e0f3 [2026-09-23T16:35:23.536575] '-----END CERTIFICATE-----\n', (STDOUT, APP/TASK/deploy-to-postgresql)#
#2026 09 23 16:35:58.949#Z#DEBUG#89a811f3-b76c-11f1-a9d4-eeee0a93f2f4.hpbuysell-otc-salesorder-postgres-deployer#flowable-async-job-executor-thread-28319#
[PollExecuteTaskStatusExecution] 9409158a-3ef5-419f-b18e-c3263bd4e0f3 [2026-09-23T16:35:23.536578] uri: 'postgres://e4d51886f3dc:daacb78fca6ef102b1397708@postgres-63a33c28-9d9e-4453-821a-000f0ee4a75c.c24srvdukvjo.us-east-1.rds.amazonaws.com:7565/BQiFxAUMVHcr', (STDOUT, APP/TASK/deploy-to-postgresql)#
#2026 09 23 16:35:58.949#Z#DEBUG#89a811f3-b76c-11f1-a9d4-eeee0a93f2f4.hpbuysell-otc-salesorder-postgres-deployer#flowable-async-job-executor-thread-28319#
[PollExecuteTaskStatusExecution] 9409158a-3ef5-419f-b18e-c3263bd4e0f3 [2026-09-23T16:35:23.536580] urls: { (STDOUT, APP/TASK/deploy-to-postgresql)#
#2026 09 23 16:35:58.949#Z#DEBUG#89a811f3-b76c-11f1-a9d4-eeee0a93f2f4.hpbuysell-otc-salesorder-postgres-deployer#flowable-async-job-executor-thread-28319#
[PollExecuteTaskStatusExecution] 9409158a-3ef5-419f-b18e-c3263bd4e0f3 [2026-09-23T16:35:23.536581] api_server: 'https://api-backing-services.us10.data.services.cloud.sap' (STDOUT, APP/TASK/deploy-to-postgresql)#
#2026 09 23 16:35:58.949#Z#DEBUG#89a811f3-b76c-11f1-a9d4-eeee0a93f2f4.hpbuysell-otc-salesorder-postgres-deployer#flowable-async-job-executor-thread-28319#
[PollExecuteTaskStatusExecution] 9409158a-3ef5-419f-b18e-c3263bd4e0f3 [2026-09-23T16:35:23.536583] } (STDOUT, APP/TASK/deploy-to-postgresql)#
#2026 09 23 16:35:58.949#Z#DEBUG#89a811f3-b76c-11f1-a9d4-eeee0a93f2f4.hpbuysell-otc-salesorder-postgres-deployer#flowable-async-job-executor-thread-28319#
[PollExecuteTaskStatusExecution] 9409158a-3ef5-419f-b18e-c3263bd4e0f3 [2026-09-23T16:35:23.536585] } (STDOUT, APP/TASK/deploy-to-postgresql)#
#2026 09 23 16:35:58.949#Z#DEBUG#89a811f3-b76c-11f1-a9d4-eeee0a93f2f4.hpbuysell-otc-salesorder-postgres-deployer#flowable-async-job-executor-thread-28319#
[PollExecuteTaskStatusExecution] 9409158a-3ef5-419f-b18e-c3263bd4e0f3 [2026-09-23T16:35:23.536586] } {} (STDOUT, APP/TASK/deploy-to-postgresql)#
#2026 09 23 16:35:58.949#Z#DEBUG#89a811f3-b76c-11f1-a9d4-eeee0a93f2f4.hpbuysell-otc-salesorder-postgres-deployer#flowable-async-job-executor-thread-28319#
[PollExecuteTaskStatusExecution] 9409158a-3ef5-419f-b18e-c3263bd4e0f3 [2026-09-23T16:35:24.104209] (node:57) DeprecationWarning: Calling client.query() when the client is already executing a query is deprecated and will be removed in pg@9.0. Use async/await or an external async flow control mechanism instead. (STDERR, APP/TASK/deploy-to-postgresql)#
#2026 09 23 16:35:58.949#Z#DEBUG#89a811f3-b76c-11f1-a9d4-eeee0a93f2f4.hpbuysell-otc-salesorder-postgres-deployer#flowable-async-job-executor-thread-28319#
[PollExecuteTaskStatusExecution] 9409158a-3ef5-419f-b18e-c3263bd4e0f3 [2026-09-23T16:35:24.104242] (Use `node --trace-deprecation ...` to show where the warning was created) (STDERR, APP/TASK/deploy-to-postgresql)#
#2026 09 23 16:35:58.949#Z#DEBUG#89a811f3-b76c-11f1-a9d4-eeee0a93f2f4.hpbuysell-otc-salesorder-postgres-deployer#flowable-async-job-executor-thread-28319#
[PollExecuteTaskStatusExecution] 9409158a-3ef5-419f-b18e-c3263bd4e0f3 [2026-09-23T16:35:24.478845] /> deployment to postgres-63a33c28-9d9e-4453-821a-000f0ee4a75c.c24srvdukvjo.us-east-1.rds.amazonaws.com:7565 failed (STDOUT, APP/TASK/deploy-to-postgresql)#
#2026 09 23 16:35:58.949#Z#DEBUG#89a811f3-b76c-11f1-a9d4-eeee0a93f2f4.hpbuysell-otc-salesorder-postgres-deployer#flowable-async-job-executor-thread-28319#
[PollExecuteTaskStatusExecution] 9409158a-3ef5-419f-b18e-c3263bd4e0f3 [2026-09-23T16:35:24.479500] Error: CDS compilation failed (@sap/cds-compiler v6.9.5) (STDERR, APP/TASK/deploy-to-postgresql)#
#2026 09 23 16:35:58.949#Z#DEBUG#89a811f3-b76c-11f1-a9d4-eeee0a93f2f4.hpbuysell-otc-salesorder-postgres-deployer#flowable-async-job-executor-thread-28319#
[PollExecuteTaskStatusExecution] 9409158a-3ef5-419f-b18e-c3263bd4e0f3 [2026-09-23T16:35:24.479517] db/csn.json:811: Error: Dropping elements is not supported (in entity:“hpbuysell.otc.salesorder.SalesOrderAcknowledgements”/element:“ID”) (STDERR, APP/TASK/deploy-to-postgresql)#
#2026 09 23 16:35:58.949#Z#DEBUG#89a811f3-b76c-11f1-a9d4-eeee0a93f2f4.hpbuysell-otc-salesorder-postgres-deployer#flowable-async-job-executor-thread-28319#
[PollExecuteTaskStatusExecution] 9409158a-3ef5-419f-b18e-c3263bd4e0f3 [2026-09-23T16:35:24.479526] at throwWithAnyError (/home/vcap/app/node_modules/@sap/cds-compiler/lib/base/messages.js:607:13) (STDERR, APP/TASK/deploy-to-postgresql)#
#2026 09 23 16:35:58.949#Z#DEBUG#89a811f3-b76c-11f1-a9d4-eeee0a93f2f4.hpbuysell-otc-salesorder-postgres-deployer#flowable-async-job-executor-thread-28319#
[PollExecuteTaskStatusExecution] 9409158a-3ef5-419f-b18e-c3263bd4e0f3 [2026-09-23T16:35:24.479529] at Proxy.toSqlDdl (/home/vcap/app/node_modules/@sap/cds-compiler/lib/render/toSql.js:311:3) (STDERR, APP/TASK/deploy-to-postgresql)#
#2026 09 23 16:35:58.949#Z#DEBUG#89a811f3-b76c-11f1-a9d4-eeee0a93f2f4.hpbuysell-otc-salesorder-postgres-deployer#flowable-async-job-executor-thread-28319#
[PollExecuteTaskStatusExecution] 9409158a-3ef5-419f-b18e-c3263bd4e0f3 [2026-09-23T16:35:24.479531] at sqlMigration (/home/vcap/app/node_modules/@sap/cds-compiler/lib/api/main.js:606:13) (STDERR, APP/TASK/deploy-to-postgresql)#
#2026 09 23 16:35:58.949#Z#DEBUG#89a811f3-b76c-11f1-a9d4-eeee0a93f2f4.hpbuysell-otc-salesorder-postgres-deployer#flowable-async-job-executor-thread-28319#
[PollExecuteTaskStatusExecution] 9409158a-3ef5-419f-b18e-c3263bd4e0f3 [2026-09-23T16:35:24.479533] at Function.api [as migration] (/home/vcap/app/node_modules/@sap/cds-compiler/lib/api/main.js:1185:22) (STDERR, APP/TASK/deploy-to-postgresql)#
#2026 09 23 16:35:58.949#Z#DEBUG#89a811f3-b76c-11f1-a9d4-eeee0a93f2f4.hpbuysell-otc-salesorder-postgres-deployer#flowable-async-job-executor-thread-28319#
[PollExecuteTaskStatusExecution] 9409158a-3ef5-419f-b18e-c3263bd4e0f3 [2026-09-23T16:35:24.479535] at Function.migration (/home/vcap/app/node_modules/@sap/cds-compiler/lib/main.js:157:41) (STDERR, APP/TASK/deploy-to-postgresql)#
#2026 09 23 16:35:58.949#Z#DEBUG#89a811f3-b76c-11f1-a9d4-eeee0a93f2f4.hpbuysell-otc-salesorder-postgres-deployer#flowable-async-job-executor-thread-28319#
[PollExecuteTaskStatusExecution] 9409158a-3ef5-419f-b18e-c3263bd4e0f3 [2026-09-23T16:35:24.479537] at Object.deltaSql (/home/vcap/app/node_modules/@sap/cds/lib/compile/cdsc.js:165:53) (STDERR, APP/TASK/deploy-to-postgresql)#
#2026 09 23 16:35:58.949#Z#DEBUG#89a811f3-b76c-11f1-a9d4-eeee0a93f2f4.hpbuysell-otc-salesorder-postgres-deployer#flowable-async-job-executor-thread-28319#
[PollExecuteTaskStatusExecution] 9409158a-3ef5-419f-b18e-c3263bd4e0f3 [2026-09-23T16:35:24.479540] at /home/vcap/app/node_modules/@sap/cds/lib/compile/to/sql.js:38:61 (STDERR, APP/TASK/deploy-to-postgresql)#
#2026 09 23 16:35:58.949#Z#DEBUG#89a811f3-b76c-11f1-a9d4-eeee0a93f2f4.hpbuysell-otc-salesorder-postgres-deployer#flowable-async-job-executor-thread-28319#
[PollExecuteTaskStatusExecution] 9409158a-3ef5-419f-b18e-c3263bd4e0f3 [2026-09-23T16:35:24.479542] at next (/home/vcap/app/node_modules/@sap/cds/lib/compile/to/sql.js:44:4) (STDERR, APP/TASK/deploy-to-postgresql)#
#2026 09 23 16:35:58.949#Z#DEBUG#89a811f3-b76c-11f1-a9d4-eeee0a93f2f4.hpbuysell-otc-salesorder-postgres-deployer#flowable-async-job-executor-thread-28319#
[PollExecuteTaskStatusExecution] 9409158a-3ef5-419f-b18e-c3263bd4e0f3 [2026-09-23T16:35:24.479545] at Function.cds_compile_to_deltaSql [as delta] (/home/vcap/app/node_modules/@sap/cds/lib/compile/to/sql.js:46:21) (STDERR, APP/TASK/deploy-to-postgresql)#
#2026 09 23 16:35:58.949#Z#DEBUG#89a811f3-b76c-11f1-a9d4-eeee0a93f2f4.hpbuysell-otc-salesorder-postgres-deployer#flowable-async-job-executor-thread-28319#
[PollExecuteTaskStatusExecution] 9409158a-3ef5-419f-b18e-c3263bd4e0f3 [2026-09-23T16:35:24.479546] at deploy.schema (/home/vcap/app/node_modules/@sap/cds/lib/dbs/cds-deploy.js:75:75) (STDERR, APP/TASK/deploy-to-postgresql)#
#2026 09 23 16:35:58.949#Z#DEBUG#89a811f3-b76c-11f1-a9d4-eeee0a93f2f4.hpbuysell-otc-salesorder-postgres-deployer#flowable-async-job-executor-thread-28319#
[PollExecuteTaskStatusExecution] 9409158a-3ef5-419f-b18e-c3263bd4e0f3 [2026-09-23T16:35:24.507673] npm notice (STDERR, APP/TASK/deploy-to-postgresql)#
#2026 09 23 16:35:58.949#Z#DEBUG#89a811f3-b76c-11f1-a9d4-eeee0a93f2f4.hpbuysell-otc-salesorder-postgres-deployer#flowable-async-job-executor-thread-28319#
[PollExecuteTaskStatusExecution] 9409158a-3ef5-419f-b18e-c3263bd4e0f3 [2026-09-23T16:35:24.507698] npm notice New major version of npm available! 10.9.8 -> 12.1.0 (STDERR, APP/TASK/deploy-to-postgresql)#
#2026 09 23 16:35:58.949#Z#DEBUG#89a811f3-b76c-11f1-a9d4-eeee0a93f2f4.hpbuysell-otc-salesorder-postgres-deployer#flowable-async-job-executor-thread-28319#
[PollExecuteTaskStatusExecution] 9409158a-3ef5-419f-b18e-c3263bd4e0f3 [2026-09-23T16:35:24.507706] npm notice Changelog: https://github.com/npm/cli/releases/tag/v12.1.0 (STDERR, APP/TASK/deploy-to-postgresql)#
#2026 09 23 16:35:58.949#Z#DEBUG#89a811f3-b76c-11f1-a9d4-eeee0a93f2f4.hpbuysell-otc-salesorder-postgres-deployer#flowable-async-job-executor-thread-28319#
[PollExecuteTaskStatusExecution] 9409158a-3ef5-419f-b18e-c3263bd4e0f3 [2026-09-23T16:35:24.507708] npm notice To update run: npm install -g npm@12.1.0 (STDERR, APP/TASK/deploy-to-postgresql)#
#2026 09 23 16:35:58.949#Z#DEBUG#89a811f3-b76c-11f1-a9d4-eeee0a93f2f4.hpbuysell-otc-salesorder-postgres-deployer#flowable-async-job-executor-thread-28319#
[PollExecuteTaskStatusExecution] 9409158a-3ef5-419f-b18e-c3263bd4e0f3 [2026-09-23T16:35:24.507709] npm notice (STDERR, APP/TASK/deploy-to-postgresql)#
#2026 09 23 16:35:58.949#Z#DEBUG#89a811f3-b76c-11f1-a9d4-eeee0a93f2f4.hpbuysell-otc-salesorder-postgres-deployer#flowable-async-job-executor-thread-28319#
[PollExecuteTaskStatusExecution] 9409158a-3ef5-419f-b18e-c3263bd4e0f3 [2026-09-23T16:35:24.562666] Exit status 1 (STDOUT, APP/TASK/deploy-to-postgresql)#
#2026 09 23 16:35:58.949#Z#DEBUG#89a811f3-b76c-11f1-a9d4-eeee0a93f2f4.hpbuysell-otc-salesorder-postgres-deployer#flowable-async-job-executor-thread-28319#
[PollExecuteTaskStatusExecution] 9409158a-3ef5-419f-b18e-c3263bd4e0f3 [2026-09-23T16:35:25.355669] Cell d6f6c137-ae8a-48d5-9574-17d171a99dc7 stopping instance 7117c9c4-7e6d-4717-8674-f2fbe6ad5125 (STDOUT, CELL)#
#2026 09 23 16:35:58.949#Z#DEBUG#89a811f3-b76c-11f1-a9d4-eeee0a93f2f4.hpbuysell-otc-salesorder-postgres-deployer#flowable-async-job-executor-thread-28319#
[PollExecuteTaskStatusExecution] 9409158a-3ef5-419f-b18e-c3263bd4e0f3 [2026-09-23T16:35:25.355749] Cell d6f6c137-ae8a-48d5-9574-17d171a99dc7 destroying container for instance 7117c9c4-7e6d-4717-8674-f2fbe6ad5125 (STDOUT, CELL)#
#2026 09 23 16:35:58.949#Z#DEBUG#89a811f3-b76c-11f1-a9d4-eeee0a93f2f4.hpbuysell-otc-salesorder-postgres-deployer#flowable-async-job-executor-thread-28319#
[PollExecuteTaskStatusExecution] 9409158a-3ef5-419f-b18e-c3263bd4e0f3 [2026-09-23T16:35:26.563261] Cell d6f6c137-ae8a-48d5-9574-17d171a99dc7 successfully destroyed container for instance 7117c9c4-7e6d-4717-8674-f2fbe6ad5125 (STDOUT, CELL)#
#2026 09 23 16:35:58.949#Z#DEBUG#89a811f3-b76c-11f1-a9d4-eeee0a93f2f4.hpbuysell-otc-salesorder-postgres-deployer#flowable-async-job-executor-thread-28319#
[PollExecuteTaskStatusExecution] 9409158a-3ef5-419f-b18e-c3263bd4e0f3 [2026-09-23T16:35:32.297242] Cell a2a00f1d-079f-4e20-bb58-abe9cdcb03c8 creating container for instance 075cb87f-c737-451e-95f6-3adef90e6793 (STDOUT, CELL)#
#2026 09 23 16:35:58.949#Z#DEBUG#89a811f3-b76c-11f1-a9d4-eeee0a93f2f4.hpbuysell-otc-salesorder-postgres-deployer#flowable-async-job-executor-thread-28319#
[PollExecuteTaskStatusExecution] 9409158a-3ef5-419f-b18e-c3263bd4e0f3 [2026-09-23T16:35:32.637287] Security group rules were updated (STDOUT, CELL)#
#2026 09 23 16:35:58.949#Z#DEBUG#89a811f3-b76c-11f1-a9d4-eeee0a93f2f4.hpbuysell-otc-salesorder-postgres-deployer#flowable-async-job-executor-thread-28319#
[PollExecuteTaskStatusExecution] 9409158a-3ef5-419f-b18e-c3263bd4e0f3 [2026-09-23T16:35:32.661630] Cell a2a00f1d-079f-4e20-bb58-abe9cdcb03c8 successfully created container for instance 075cb87f-c737-451e-95f6-3adef90e6793 (STDOUT, CELL)#
#2026 09 23 16:35:58.949#Z#DEBUG#89a811f3-b76c-11f1-a9d4-eeee0a93f2f4.hpbuysell-otc-salesorder-postgres-deployer#flowable-async-job-executor-thread-28319#
[PollExecuteTaskStatusExecution] 9409158a-3ef5-419f-b18e-c3263bd4e0f3 [2026-09-23T16:35:36.368605] Invoking pre-start scripts. (STDOUT, APP/TASK/deploy-to-postgresql)#
#2026 09 23 16:35:58.949#Z#DEBUG#89a811f3-b76c-11f1-a9d4-eeee0a93f2f4.hpbuysell-otc-salesorder-postgres-deployer#flowable-async-job-executor-thread-28319#
[PollExecuteTaskStatusExecution] 9409158a-3ef5-419f-b18e-c3263bd4e0f3 [2026-09-23T16:35:36.528982] Invoking start command. (STDOUT, APP/TASK/deploy-to-postgresql)#
#2026 09 23 16:35:58.949#Z#DEBUG#89a811f3-b76c-11f1-a9d4-eeee0a93f2f4.hpbuysell-otc-salesorder-postgres-deployer#flowable-async-job-executor-thread-28319#
[PollExecuteTaskStatusExecution] 9409158a-3ef5-419f-b18e-c3263bd4e0f3 [2026-09-23T16:35:36.854122] > start (STDOUT, APP/TASK/deploy-to-postgresql)#
#2026 09 23 16:35:58.949#Z#DEBUG#89a811f3-b76c-11f1-a9d4-eeee0a93f2f4.hpbuysell-otc-salesorder-postgres-deployer#flowable-async-job-executor-thread-28319#
[PollExecuteTaskStatusExecution] 9409158a-3ef5-419f-b18e-c3263bd4e0f3 [2026-09-23T16:35:36.854153] > cds-deploy (STDOUT, APP/TASK/deploy-to-postgresql)#
#2026 09 23 16:35:58.949#Z#DEBUG#89a811f3-b76c-11f1-a9d4-eeee0a93f2f4.hpbuysell-otc-salesorder-postgres-deployer#flowable-async-job-executor-thread-28319#
[PollExecuteTaskStatusExecution] 9409158a-3ef5-419f-b18e-c3263bd4e0f3 [2026-09-23T16:35:36.911083] Deploying with options: { (STDOUT, APP/TASK/deploy-to-postgresql)#
#2026 09 23 16:35:58.949#Z#DEBUG#89a811f3-b76c-11f1-a9d4-eeee0a93f2f4.hpbuysell-otc-salesorder-postgres-deployer#flowable-async-job-executor-thread-28319#
[PollExecuteTaskStatusExecution] 9409158a-3ef5-419f-b18e-c3263bd4e0f3 [2026-09-23T16:35:36.911115] impl: '@cap-js/postgres', (STDOUT, APP/TASK/deploy-to-postgresql)#
#2026 09 23 16:35:58.949#Z#DEBUG#89a811f3-b76c-11f1-a9d4-eeee0a93f2f4.hpbuysell-otc-salesorder-postgres-deployer#flowable-async-job-executor-thread-28319#
[PollExecuteTaskStatusExecution] 9409158a-3ef5-419f-b18e-c3263bd4e0f3 [2026-09-23T16:35:36.911121] kind: 'postgres', (STDOUT, APP/TASK/deploy-to-postgresql)#
#2026 09 23 16:35:58.949#Z#DEBUG#89a811f3-b76c-11f1-a9d4-eeee0a93f2f4.hpbuysell-otc-salesorder-postgres-deployer#flowable-async-job-executor-thread-28319#
[PollExecuteTaskStatusExecution] 9409158a-3ef5-419f-b18e-c3263bd4e0f3 [2026-09-23T16:35:36.911130] dialect: 'postgres', (STDOUT, APP/TASK/deploy-to-postgresql)#
#2026 09 23 16:35:58.949#Z#DEBUG#89a811f3-b76c-11f1-a9d4-eeee0a93f2f4.hpbuysell-otc-salesorder-postgres-deployer#flowable-async-job-executor-thread-28319#
[PollExecuteTaskStatusExecution] 9409158a-3ef5-419f-b18e-c3263bd4e0f3 [2026-09-23T16:35:36.911135] vcap: { label: 'postgresql-db' }, (STDOUT, APP/TASK/deploy-to-postgresql)#
#2026 09 23 16:35:58.949#Z#DEBUG#89a811f3-b76c-11f1-a9d4-eeee0a93f2f4.hpbuysell-otc-salesorder-postgres-deployer#flowable-async-job-executor-thread-28319#
[PollExecuteTaskStatusExecution] 9409158a-3ef5-419f-b18e-c3263bd4e0f3 [2026-09-23T16:35:36.911140] pool: { (STDOUT, APP/TASK/deploy-to-postgresql)#
#2026 09 23 16:35:58.949#Z#DEBUG#89a811f3-b76c-11f1-a9d4-eeee0a93f2f4.hpbuysell-otc-salesorder-postgres-deployer#flowable-async-job-executor-thread-28319#
[PollExecuteTaskStatusExecution] 9409158a-3ef5-419f-b18e-c3263bd4e0f3 [2026-09-23T16:35:36.911143] min: 0, (STDOUT, APP/TASK/deploy-to-postgresql)#
#2026 09 23 16:35:58.949#Z#DEBUG#89a811f3-b76c-11f1-a9d4-eeee0a93f2f4.hpbuysell-otc-salesorder-postgres-deployer#flowable-async-job-executor-thread-28319#
[PollExecuteTaskStatusExecution] 9409158a-3ef5-419f-b18e-c3263bd4e0f3 [2026-09-23T16:35:36.911147] max: 10, (STDOUT, APP/TASK/deploy-to-postgresql)#
#2026 09 23 16:35:58.949#Z#DEBUG#89a811f3-b76c-11f1-a9d4-eeee0a93f2f4.hpbuysell-otc-salesorder-postgres-deployer#flowable-async-job-executor-thread-28319#
[PollExecuteTaskStatusExecution] 9409158a-3ef5-419f-b18e-c3263bd4e0f3 [2026-09-23T16:35:36.911151] testOnBorrow: true, (STDOUT, APP/TASK/deploy-to-postgresql)#
#2026 09 23 16:35:58.949#Z#DEBUG#89a811f3-b76c-11f1-a9d4-eeee0a93f2f4.hpbuysell-otc-salesorder-postgres-deployer#flowable-async-job-executor-thread-28319#
[PollExecuteTaskStatusExecution] 9409158a-3ef5-419f-b18e-c3263bd4e0f3 [2026-09-23T16:35:36.911158] acquireTimeoutMillis: 1000, (STDOUT, APP/TASK/deploy-to-postgresql)#
#2026 09 23 16:35:58.949#Z#DEBUG#89a811f3-b76c-11f1-a9d4-eeee0a93f2f4.hpbuysell-otc-salesorder-postgres-deployer#flowable-async-job-executor-thread-28319#
[PollExecuteTaskStatusExecution] 9409158a-3ef5-419f-b18e-c3263bd4e0f3 [2026-09-23T16:35:36.911161] destroyTimeoutMillis: 1000 (STDOUT, APP/TASK/deploy-to-postgresql)#
#2026 09 23 16:35:58.949#Z#DEBUG#89a811f3-b76c-11f1-a9d4-eeee0a93f2f4.hpbuysell-otc-salesorder-postgres-deployer#flowable-async-job-executor-thread-28319#
[PollExecuteTaskStatusExecution] 9409158a-3ef5-419f-b18e-c3263bd4e0f3 [2026-09-23T16:35:36.911165] }, (STDOUT, APP/TASK/deploy-to-postgresql)#
#2026 09 23 16:35:58.949#Z#DEBUG#89a811f3-b76c-11f1-a9d4-eeee0a93f2f4.hpbuysell-otc-salesorder-postgres-deployer#flowable-async-job-executor-thread-28319#
[PollExecuteTaskStatusExecution] 9409158a-3ef5-419f-b18e-c3263bd4e0f3 [2026-09-23T16:35:36.911169] schema_evolution: 'auto', (STDOUT, APP/TASK/deploy-to-postgresql)#
#2026 09 23 16:35:58.949#Z#DEBUG#89a811f3-b76c-11f1-a9d4-eeee0a93f2f4.hpbuysell-otc-salesorder-postgres-deployer#flowable-async-job-executor-thread-28319#
[PollExecuteTaskStatusExecution] 9409158a-3ef5-419f-b18e-c3263bd4e0f3 [2026-09-23T16:35:36.911172] credentials: { (STDOUT, APP/TASK/deploy-to-postgresql)#
#2026 09 23 16:35:58.949#Z#DEBUG#89a811f3-b76c-11f1-a9d4-eeee0a93f2f4.hpbuysell-otc-salesorder-postgres-deployer#flowable-async-job-executor-thread-28319#
[PollExecuteTaskStatusExecution] 9409158a-3ef5-419f-b18e-c3263bd4e0f3 [2026-09-23T16:35:36.911175] database: 'db.sqlite', (STDOUT, APP/TASK/deploy-to-postgresql)#
#2026 09 23 16:35:58.949#Z#DEBUG#89a811f3-b76c-11f1-a9d4-eeee0a93f2f4.hpbuysell-otc-salesorder-postgres-deployer#flowable-async-job-executor-thread-28319#
[PollExecuteTaskStatusExecution] 9409158a-3ef5-419f-b18e-c3263bd4e0f3 [2026-09-23T16:35:36.911179] schema: 'hpbuysell_otc_salesorder', (STDOUT, APP/TASK/deploy-to-postgresql)#
#2026 09 23 16:35:58.949#Z#DEBUG#89a811f3-b76c-11f1-a9d4-eeee0a93f2f4.hpbuysell-otc-salesorder-postgres-deployer#flowable-async-job-executor-thread-28319#
[PollExecuteTaskStatusExecution] 9409158a-3ef5-419f-b18e-c3263bd4e0f3 [2026-09-23T16:35:36.911184] hostname: 'postgres-63a33c28-9d9e-4453-821a-000f0ee4a75c.c24srvdukvjo.us-east-1.rds.amazonaws.com', (STDOUT, APP/TASK/deploy-to-postgresql)#
#2026 09 23 16:35:58.949#Z#DEBUG#89a811f3-b76c-11f1-a9d4-eeee0a93f2f4.hpbuysell-otc-salesorder-postgres-deployer#flowable-async-job-executor-thread-28319#
[PollExecuteTaskStatusExecution] 9409158a-3ef5-419f-b18e-c3263bd4e0f3 [2026-09-23T16:35:36.911187] port: '7565', (STDOUT, APP/TASK/deploy-to-postgresql)#
#2026 09 23 16:35:58.949#Z#DEBUG#89a811f3-b76c-11f1-a9d4-eeee0a93f2f4.hpbuysell-otc-salesorder-postgres-deployer#flowable-async-job-executor-thread-28319#
[PollExecuteTaskStatusExecution] 9409158a-3ef5-419f-b18e-c3263bd4e0f3 [2026-09-23T16:35:36.911190] username: 'e4d51886f3dc', (STDOUT, APP/TASK/deploy-to-postgresql)#
#2026 09 23 16:35:58.949#Z#DEBUG#89a811f3-b76c-11f1-a9d4-eeee0a93f2f4.hpbuysell-otc-salesorder-postgres-deployer#flowable-async-job-executor-thread-28319#
[PollExecuteTaskStatusExecution] 9409158a-3ef5-419f-b18e-c3263bd4e0f3 [2026-09-23T16:35:36.911193] password: 'daacb78fca6ef102b1397708', (STDOUT, APP/TASK/deploy-to-postgresql)#
#2026 09 23 16:35:58.949#Z#DEBUG#89a811f3-b76c-11f1-a9d4-eeee0a93f2f4.hpbuysell-otc-salesorder-postgres-deployer#flowable-async-job-executor-thread-28319#
[PollExecuteTaskStatusExecution] 9409158a-3ef5-419f-b18e-c3263bd4e0f3 [2026-09-23T16:35:36.911197] dbname: 'BQiFxAUMVHcr', (STDOUT, APP/TASK/deploy-to-postgresql)#
#2026 09 23 16:35:58.949#Z#DEBUG#89a811f3-b76c-11f1-a9d4-eeee0a93f2f4.hpbuysell-otc-salesorder-postgres-deployer#flowable-async-job-executor-thread-28319#
[PollExecuteTaskStatusExecution] 9409158a-3ef5-419f-b18e-c3263bd4e0f3 [2026-09-23T16:35:36.911201] sslcert: '-----BEGIN CERTIFICATE-----\n' + (STDOUT, APP/TASK/deploy-to-postgresql)#
#2026 09 23 16:35:58.949#Z#DEBUG#89a811f3-b76c-11f1-a9d4-eeee0a93f2f4.hpbuysell-otc-salesorder-postgres-deployer#flowable-async-job-executor-thread-28319#
[PollExecuteTaskStatusExecution] 9409158a-3ef5-419f-b18e-c3263bd4e0f3 [2026-09-23T16:35:36.911205] 'MIID/zCCAuegAwIBAgIRAPVSMfFitmM5PhmbaOFoGfUwDQYJKoZIhvcNAQELBQAw\n' + (STDOUT, APP/TASK/deploy-to-postgresql)#
#2026 09 23 16:35:58.949#Z#DEBUG#89a811f3-b76c-11f1-a9d4-eeee0a93f2f4.hpbuysell-otc-salesorder-postgres-deployer#flowable-async-job-executor-thread-28319#
[PollExecuteTaskStatusExecution] 9409158a-3ef5-419f-b18e-c3263bd4e0f3 [2026-09-23T16:35:36.911208] 'gZcxCzAJBgNVBAYTAlVTMSIwIAYDVQQKDBlBbWF6b24gV2ViIFNlcnZpY2VzLCBJ\n' + (STDOUT, APP/TASK/deploy-to-postgresql)#
#2026 09 23 16:35:58.949#Z#DEBUG#89a811f3-b76c-11f1-a9d4-eeee0a93f2f4.hpbuysell-otc-salesorder-postgres-deployer#flowable-async-job-executor-thread-28319#
[PollExecuteTaskStatusExecution] 9409158a-3ef5-419f-b18e-c3263bd4e0f3 [2026-09-23T16:35:36.911211] 'bmMuMRMwEQYDVQQLDApBbWF6b24gUkRTMQswCQYDVQQIDAJXQTEwMC4GA1UEAwwn\n' + (STDOUT, APP/TASK/deploy-to-postgresql)#
#2026 09 23 16:35:58.949#Z#DEBUG#89a811f3-b76c-11f1-a9d4-eeee0a93f2f4.hpbuysell-otc-salesorder-postgres-deployer#flowable-async-job-executor-thread-28319#
[PollExecuteTaskStatusExecution] 9409158a-3ef5-419f-b18e-c3263bd4e0f3 [2026-09-23T16:35:36.911214] 'QW1hem9uIFJEUyB1cy1lYXN0LTEgUm9vdCBDQSBSU0EyMDQ4IEcxMRAwDgYDVQQH\n' + (STDOUT, APP/TASK/deploy-to-postgresql)#
#2026 09 23 16:35:58.949#Z#DEBUG#89a811f3-b76c-11f1-a9d4-eeee0a93f2f4.hpbuysell-otc-salesorder-postgres-deployer#flowable-async-job-executor-thread-28319#
[PollExecuteTaskStatusExecution] 9409158a-3ef5-419f-b18e-c3263bd4e0f3 [2026-09-23T16:35:36.911220] 'DAdTZWF0dGxlMCAXDTIxMDUyNTIyMzQ1N1oYDzIwNjEwNTI1MjMzNDU3WjCBlzEL\n' + (STDOUT, APP/TASK/deploy-to-postgresql)#
#2026 09 23 16:35:58.949#Z#DEBUG#89a811f3-b76c-11f1-a9d4-eeee0a93f2f4.hpbuysell-otc-salesorder-postgres-deployer#flowable-async-job-executor-thread-28319#
[PollExecuteTaskStatusExecution] 9409158a-3ef5-419f-b18e-c3263bd4e0f3 [2026-09-23T16:35:36.911224] 'MAkGA1UEBhMCVVMxIjAgBgNVBAoMGUFtYXpvbiBXZWIgU2VydmljZXMsIEluYy4x\n' + (STDOUT, APP/TASK/deploy-to-postgresql)#
#2026 09 23 16:35:58.949#Z#DEBUG#89a811f3-b76c-11f1-a9d4-eeee0a93f2f4.hpbuysell-otc-salesorder-postgres-deployer#flowable-async-job-executor-thread-28319#
[PollExecuteTaskStatusExecution] 9409158a-3ef5-419f-b18e-c3263bd4e0f3 [2026-09-23T16:35:36.911228] 'EzARBgNVBAsMCkFtYXpvbiBSRFMxCzAJBgNVBAgMAldBMTAwLgYDVQQDDCdBbWF6\n' + (STDOUT, APP/TASK/deploy-to-postgresql)#
#2026 09 23 16:35:58.949#Z#DEBUG#89a811f3-b76c-11f1-a9d4-eeee0a93f2f4.hpbuysell-otc-salesorder-postgres-deployer#flowable-async-job-executor-thread-28319#
[PollExecuteTaskStatusExecution] 9409158a-3ef5-419f-b18e-c3263bd4e0f3 [2026-09-23T16:35:36.911233] 'b24gUkRTIHVzLWVhc3QtMSBSb290IENBIFJTQTIwNDggRzExEDAOBgNVBAcMB1Nl\n' + (STDOUT, APP/TASK/deploy-to-postgresql)#
#2026 09 23 16:35:58.949#Z#DEBUG#89a811f3-b76c-11f1-a9d4-eeee0a93f2f4.hpbuysell-otc-salesorder-postgres-deployer#flowable-async-job-executor-thread-28319#
[PollExecuteTaskStatusExecution] 9409158a-3ef5-419f-b18e-c3263bd4e0f3 [2026-09-23T16:35:36.911273] 'YXR0bGUwggEiMA0GCSqGSIb3DQEBAQUAA4IBDwAwggEKAoIBAQDu9H7TBeGoDzMr\n' + (STDOUT, APP/TASK/deploy-to-postgresql)#
#2026 09 23 16:35:58.949#Z#DEBUG#89a811f3-b76c-11f1-a9d4-eeee0a93f2f4.hpbuysell-otc-salesorder-postgres-deployer#flowable-async-job-executor-thread-28319#
[PollExecuteTaskStatusExecution] 9409158a-3ef5-419f-b18e-c3263bd4e0f3 [2026-09-23T16:35:36.911277] 'dxN6H8COntJX4IR6dbyhnj5qMD4xl/IWvp50lt0VpmMd+z2PNZzx8RazeGC5IniV\n' + (STDOUT, APP/TASK/deploy-to-postgresql)#
#2026 09 23 16:35:58.949#Z#DEBUG#89a811f3-b76c-11f1-a9d4-eeee0a93f2f4.hpbuysell-otc-salesorder-postgres-deployer#flowable-async-job-executor-thread-28319#
[PollExecuteTaskStatusExecution] 9409158a-3ef5-419f-b18e-c3263bd4e0f3 [2026-09-23T16:35:36.911281] '5nrLg0AKWRQ2A/lGGXbUrGXCSe09brMQCxWBSIYe1WZZ1iU1IJ/6Bp4D2YEHpXrW\n' + (STDOUT, APP/TASK/deploy-to-postgresql)#
#2026 09 23 16:35:58.949#Z#DEBUG#89a811f3-b76c-11f1-a9d4-eeee0a93f2f4.hpbuysell-otc-salesorder-postgres-deployer#flowable-async-job-executor-thread-28319#
[PollExecuteTaskStatusExecution] 9409158a-3ef5-419f-b18e-c3263bd4e0f3 [2026-09-23T16:35:36.911285] 'bPkOq5x3YPcsoitgm1Xh8ygz6vb7PsvJvPbvRMnkDg5IqEThapPjmKb8ZJWyEFEE\n' + (STDOUT, APP/TASK/deploy-to-postgresql)#
#2026 09 23 16:35:58.949#Z#DEBUG#89a811f3-b76c-11f1-a9d4-eeee0a93f2f4.hpbuysell-otc-salesorder-postgres-deployer#flowable-async-job-executor-thread-28319#
[PollExecuteTaskStatusExecution] 9409158a-3ef5-419f-b18e-c3263bd4e0f3 [2026-09-23T16:35:36.911288] 'QRrkCIRueB1EqQtJw0fvP4PKDlCJAKBEs/y049FoOqYpT3pRy0WKqPhWve+hScMd\n' + (STDOUT, APP/TASK/deploy-to-postgresql)#
#2026 09 23 16:35:58.949#Z#DEBUG#89a811f3-b76c-11f1-a9d4-eeee0a93f2f4.hpbuysell-otc-salesorder-postgres-deployer#flowable-async-job-executor-thread-28319#
[PollExecuteTaskStatusExecution] 9409158a-3ef5-419f-b18e-c3263bd4e0f3 [2026-09-23T16:35:36.911291] '6obq8kxTFy1IHACjHc51nrGII5Bt76/MpTWhnJIJrCnq1/Uc3Qs8IVeb+sLaFC8K\n' + (STDOUT, APP/TASK/deploy-to-postgresql)#
#2026 09 23 16:35:58.950#Z#DEBUG#89a811f3-b76c-11f1-a9d4-eeee0a93f2f4.hpbuysell-otc-salesorder-postgres-deployer#flowable-async-job-executor-thread-28319#
[PollExecuteTaskStatusExecution] 9409158a-3ef5-419f-b18e-c3263bd4e0f3 [2026-09-23T16:35:36.911294] 'DI69Sw6bAgMBAAGjQjBAMA8GA1UdEwEB/wQFMAMBAf8wHQYDVR0OBBYEFE7PCopt\n' + (STDOUT, APP/TASK/deploy-to-postgresql)#
#2026 09 23 16:35:58.950#Z#DEBUG#89a811f3-b76c-11f1-a9d4-eeee0a93f2f4.hpbuysell-otc-salesorder-postgres-deployer#flowable-async-job-executor-thread-28319#
[PollExecuteTaskStatusExecution] 9409158a-3ef5-419f-b18e-c3263bd4e0f3 [2026-09-23T16:35:36.911297] 'lyOgtXX0Y1lObBUxuKaCMA4GA1UdDwEB/wQEAwIBhjANBgkqhkiG9w0BAQsFAAOC\n' + (STDOUT, APP/TASK/deploy-to-postgresql)#
#2026 09 23 16:35:58.950#Z#DEBUG#89a811f3-b76c-11f1-a9d4-eeee0a93f2f4.hpbuysell-otc-salesorder-postgres-deployer#flowable-async-job-executor-thread-28319#
[PollExecuteTaskStatusExecution] 9409158a-3ef5-419f-b18e-c3263bd4e0f3 [2026-09-23T16:35:36.911304] 'AQEAFj+bX8gLmMNefr5jRJfHjrL3iuZCjf7YEZgn89pS4z8408mjj9z6Q5D1H7yS\n' + (STDOUT, APP/TASK/deploy-to-postgresql)#
#2026 09 23 16:35:58.950#Z#DEBUG#89a811f3-b76c-11f1-a9d4-eeee0a93f2f4.hpbuysell-otc-salesorder-postgres-deployer#flowable-async-job-executor-thread-28319#
[PollExecuteTaskStatusExecution] 9409158a-3ef5-419f-b18e-c3263bd4e0f3 [2026-09-23T16:35:36.911307] 'jNETVV8QaJip1qyhh5gRzRaArgGAYvi2/r0zPsy+Tgf7v1KGL5Lh8NT8iCEGGXwF\n' + (STDOUT, APP/TASK/deploy-to-postgresql)#
#2026 09 23 16:35:58.950#Z#DEBUG#89a811f3-b76c-11f1-a9d4-eeee0a93f2f4.hpbuysell-otc-salesorder-postgres-deployer#flowable-async-job-executor-thread-28319#
[PollExecuteTaskStatusExecution] 9409158a-3ef5-419f-b18e-c3263bd4e0f3 [2026-09-23T16:35:36.911311] 'g3Ir+Nl3e+9XUp0eyyzBIjHtjLBm6yy8rGk9p6OtFDQnKF5OxwbAgip42CD75r/q\n' + (STDOUT, APP/TASK/deploy-to-postgresql)#
#2026 09 23 16:35:58.950#Z#DEBUG#89a811f3-b76c-11f1-a9d4-eeee0a93f2f4.hpbuysell-otc-salesorder-postgres-deployer#flowable-async-job-executor-thread-28319#
[PollExecuteTaskStatusExecution] 9409158a-3ef5-419f-b18e-c3263bd4e0f3 [2026-09-23T16:35:36.911314] 'p421maEDDvvRFR4D+99JZxgAYDBGqRRceUoe16qDzbMvlz0A9paCZFclxeftAxv6\n' + (STDOUT, APP/TASK/deploy-to-postgresql)#
#2026 09 23 16:35:58.950#Z#DEBUG#89a811f3-b76c-11f1-a9d4-eeee0a93f2f4.hpbuysell-otc-salesorder-postgres-deployer#flowable-async-job-executor-thread-28319#
[PollExecuteTaskStatusExecution] 9409158a-3ef5-419f-b18e-c3263bd4e0f3 [2026-09-23T16:35:36.911317] 'QlR5rItMz/XdzpBJUpYhdzM0gCzAzdQuVO5tjJxmXhkSMcDP+8Q+Uv6FA9k2VpUV\n' + (STDOUT, APP/TASK/deploy-to-postgresql)#
#2026 09 23 16:35:58.950#Z#DEBUG#89a811f3-b76c-11f1-a9d4-eeee0a93f2f4.hpbuysell-otc-salesorder-postgres-deployer#flowable-async-job-executor-thread-28319#
[PollExecuteTaskStatusExecution] 9409158a-3ef5-419f-b18e-c3263bd4e0f3 [2026-09-23T16:35:36.911322] 'E/O5jgpqUJJ2Hc/5rs9VkAPXeA==\n' + (STDOUT, APP/TASK/deploy-to-postgresql)#
#2026 09 23 16:35:58.950#Z#DEBUG#89a811f3-b76c-11f1-a9d4-eeee0a93f2f4.hpbuysell-otc-salesorder-postgres-deployer#flowable-async-job-executor-thread-28319#
[PollExecuteTaskStatusExecution] 9409158a-3ef5-419f-b18e-c3263bd4e0f3 [2026-09-23T16:35:36.911325] '-----END CERTIFICATE-----\n' + (STDOUT, APP/TASK/deploy-to-postgresql)#
#2026 09 23 16:35:58.950#Z#DEBUG#89a811f3-b76c-11f1-a9d4-eeee0a93f2f4.hpbuysell-otc-salesorder-postgres-deployer#flowable-async-job-executor-thread-28319#
[PollExecuteTaskStatusExecution] 9409158a-3ef5-419f-b18e-c3263bd4e0f3 [2026-09-23T16:35:36.911331] '-----BEGIN CERTIFICATE-----\n' + (STDOUT, APP/TASK/deploy-to-postgresql)#
#2026 09 23 16:35:58.950#Z#DEBUG#89a811f3-b76c-11f1-a9d4-eeee0a93f2f4.hpbuysell-otc-salesorder-postgres-deployer#flowable-async-job-executor-thread-28319#
[PollExecuteTaskStatusExecution] 9409158a-3ef5-419f-b18e-c3263bd4e0f3 [2026-09-23T16:35:36.911335] 'MIIF/jCCA+agAwIBAgIQaRHaEqqacXN20e8zZJtmDDANBgkqhkiG9w0BAQwFADCB\n' + (STDOUT, APP/TASK/deploy-to-postgresql)#
#2026 09 23 16:35:58.950#Z#DEBUG#89a811f3-b76c-11f1-a9d4-eeee0a93f2f4.hpbuysell-otc-salesorder-postgres-deployer#flowable-async-job-executor-thread-28319#
[PollExecuteTaskStatusExecution] 9409158a-3ef5-419f-b18e-c3263bd4e0f3 [2026-09-23T16:35:36.911338] 'lzELMAkGA1UEBhMCVVMxIjAgBgNVBAoMGUFtYXpvbiBXZWIgU2VydmljZXMsIElu\n' + (STDOUT, APP/TASK/deploy-to-postgresql)#
#2026 09 23 16:35:58.950#Z#DEBUG#89a811f3-b76c-11f1-a9d4-eeee0a93f2f4.hpbuysell-otc-salesorder-postgres-deployer#flowable-async-job-executor-thread-28319#
[PollExecuteTaskStatusExecution] 9409158a-3ef5-419f-b18e-c3263bd4e0f3 [2026-09-23T16:35:36.911341] 'Yy4xEzARBgNVBAsMCkFtYXpvbiBSRFMxCzAJBgNVBAgMAldBMTAwLgYDVQQDDCdB\n' + (STDOUT, APP/TASK/deploy-to-postgresql)#
#2026 09 23 16:35:58.950#Z#DEBUG#89a811f3-b76c-11f1-a9d4-eeee0a93f2f4.hpbuysell-otc-salesorder-postgres-deployer#flowable-async-job-executor-thread-28319#
[PollExecuteTaskStatusExecution] 9409158a-3ef5-419f-b18e-c3263bd4e0f3 [2026-09-23T16:35:36.911344] 'bWF6b24gUkRTIHVzLWVhc3QtMSBSb290IENBIFJTQTQwOTYgRzExEDAOBgNVBAcM\n' + (STDOUT, APP/TASK/deploy-to-postgresql)#
#2026 09 23 16:35:58.950#Z#DEBUG#89a811f3-b76c-11f1-a9d4-eeee0a93f2f4.hpbuysell-otc-salesorder-postgres-deployer#flowable-async-job-executor-thread-28319#
[PollExecuteTaskStatusExecution] 9409158a-3ef5-419f-b18e-c3263bd4e0f3 [2026-09-23T16:35:36.911347] 'B1NlYXR0bGUwIBcNMjEwNTI1MjIzODM1WhgPMjEyMTA1MjUyMzM4MzVaMIGXMQsw\n' + (STDOUT, APP/TASK/deploy-to-postgresql)#
#2026 09 23 16:35:58.950#Z#DEBUG#89a811f3-b76c-11f1-a9d4-eeee0a93f2f4.hpbuysell-otc-salesorder-postgres-deployer#flowable-async-job-executor-thread-28319#
[PollExecuteTaskStatusExecution] 9409158a-3ef5-419f-b18e-c3263bd4e0f3 [2026-09-23T16:35:36.911355] 'CQYDVQQGEwJVUzEiMCAGA1UECgwZQW1hem9uIFdlYiBTZXJ2aWNlcywgSW5jLjET\n' + (STDOUT, APP/TASK/deploy-to-postgresql)#
#2026 09 23 16:35:58.950#Z#DEBUG#89a811f3-b76c-11f1-a9d4-eeee0a93f2f4.hpbuysell-otc-salesorder-postgres-deployer#flowable-async-job-executor-thread-28319#
[PollExecuteTaskStatusExecution] 9409158a-3ef5-419f-b18e-c3263bd4e0f3 [2026-09-23T16:35:36.911358] 'MBEGA1UECwwKQW1hem9uIFJEUzELMAkGA1UECAwCV0ExMDAuBgNVBAMMJ0FtYXpv\n' + (STDOUT, APP/TASK/deploy-to-postgresql)#
#2026 09 23 16:35:58.950#Z#DEBUG#89a811f3-b76c-11f1-a9d4-eeee0a93f2f4.hpbuysell-otc-salesorder-postgres-deployer#flowable-async-job-executor-thread-28319#
[PollExecuteTaskStatusExecution] 9409158a-3ef5-419f-b18e-c3263bd4e0f3 [2026-09-23T16:35:36.911362] 'biBSRFMgdXMtZWFzdC0xIFJvb3QgQ0EgUlNBNDA5NiBHMTEQMA4GA1UEBwwHU2Vh\n' + (STDOUT, APP/TASK/deploy-to-postgresql)#
#2026 09 23 16:35:58.950#Z#DEBUG#89a811f3-b76c-11f1-a9d4-eeee0a93f2f4.hpbuysell-otc-salesorder-postgres-deployer#flowable-async-job-executor-thread-28319#
[PollExecuteTaskStatusExecution] 9409158a-3ef5-419f-b18e-c3263bd4e0f3 [2026-09-23T16:35:36.911365] 'dHRsZTCCAiIwDQYJKoZIhvcNAQEBBQADggIPADCCAgoCggIBAInfBCaHuvj6Rb5c\n' + (STDOUT, APP/TASK/deploy-to-postgresql)#
#2026 09 23 16:35:58.950#Z#DEBUG#89a811f3-b76c-11f1-a9d4-eeee0a93f2f4.hpbuysell-otc-salesorder-postgres-deployer#flowable-async-job-executor-thread-28319#
[PollExecuteTaskStatusExecution] 9409158a-3ef5-419f-b18e-c3263bd4e0f3 [2026-09-23T16:35:36.911370] 'L5Wmn1jv2PHtEGMHm+7Z8dYosdwouG8VG2A+BCYCZfij9lIGszrTXkY4O7vnXgru\n' + (STDOUT, APP/TASK/deploy-to-postgresql)#
#2026 09 23 16:35:58.950#Z#DEBUG#89a811f3-b76c-11f1-a9d4-eeee0a93f2f4.hpbuysell-otc-salesorder-postgres-deployer#flowable-async-job-executor-thread-28319#
[PollExecuteTaskStatusExecution] 9409158a-3ef5-419f-b18e-c3263bd4e0f3 [2026-09-23T16:35:36.911375] 'JUNdxh0Q3M83p4X+bg+gODUs3jf+Z3Oeq7nTOk/2UYvQLcxP4FEXILxDInbQFcIx\n' + (STDOUT, APP/TASK/deploy-to-postgresql)#
#2026 09 23 16:35:58.950#Z#DEBUG#89a811f3-b76c-11f1-a9d4-eeee0a93f2f4.hpbuysell-otc-salesorder-postgres-deployer#flowable-async-job-executor-thread-28319#
[PollExecuteTaskStatusExecution] 9409158a-3ef5-419f-b18e-c3263bd4e0f3 [2026-09-23T16:35:36.911379] 'yen1ESHggGrjEodgn6nbKQNRfIhjhW+TKYaewfsVWH7EF2pfj+cjbJ6njjgZ0/M9\n' + (STDOUT, APP/TASK/deploy-to-postgresql)#
#2026 09 23 16:35:58.950#Z#DEBUG#89a811f3-b76c-11f1-a9d4-eeee0a93f2f4.hpbuysell-otc-salesorder-postgres-deployer#flowable-async-job-executor-thread-28319#
[PollExecuteTaskStatusExecution] 9409158a-3ef5-419f-b18e-c3263bd4e0f3 [2026-09-23T16:35:36.911383] 'VZifJFBgat6XUTOf3jwHwkCBh7T6rDpgy19A61laImJCQhdTnHKvzTpxcxiLRh69\n' + (STDOUT, APP/TASK/deploy-to-postgresql)#
#2026 09 23 16:35:58.950#Z#DEBUG#89a811f3-b76c-11f1-a9d4-eeee0a93f2f4.hpbuysell-otc-salesorder-postgres-deployer#flowable-async-job-executor-thread-28319#
[PollExecuteTaskStatusExecution] 9409158a-3ef5-419f-b18e-c3263bd4e0f3 [2026-09-23T16:35:36.911387] 'ZObypR7W04OAUmFS88V7IotlPmCL8xf7kwxG+gQfvx31+A9IDMsiTqJ1Cc4fYEKg\n' + (STDOUT, APP/TASK/deploy-to-postgresql)#
#2026 09 23 16:35:58.950#Z#DEBUG#89a811f3-b76c-11f1-a9d4-eeee0a93f2f4.hpbuysell-otc-salesorder-postgres-deployer#flowable-async-job-executor-thread-28319#
[PollExecuteTaskStatusExecution] 9409158a-3ef5-419f-b18e-c3263bd4e0f3 [2026-09-23T16:35:36.911390] 'bL+Vo+2Ii4W2esCTGVYmHm73drznfeKwL+kmIC/Bq+DrZ+veTqKFYwSkpHRyJCEe\n' + (STDOUT, APP/TASK/deploy-to-postgresql)#
#2026 09 23 16:35:58.950#Z#DEBUG#89a811f3-b76c-11f1-a9d4-eeee0a93f2f4.hpbuysell-otc-salesorder-postgres-deployer#flowable-async-job-executor-thread-28319#
[PollExecuteTaskStatusExecution] 9409158a-3ef5-419f-b18e-c3263bd4e0f3 [2026-09-23T16:35:36.911393] 'U4Zym6POqQ/4LBSKwDUhWLJIlq99bjKX+hNTJykB+Lbcx0ScOP4IAZQoxmDxGWxN\n' + (STDOUT, APP/TASK/deploy-to-postgresql)#
#2026 09 23 16:35:58.950#Z#DEBUG#89a811f3-b76c-11f1-a9d4-eeee0a93f2f4.hpbuysell-otc-salesorder-postgres-deployer#flowable-async-job-executor-thread-28319#
[PollExecuteTaskStatusExecution] 9409158a-3ef5-419f-b18e-c3263bd4e0f3 [2026-09-23T16:35:36.911397] 'S+lQj+Cx2pwU3S/7+OxlRndZAX/FKgk7xSMkg88HykUZaZ/ozIiqJqSnGpgXCtED\n' + (STDOUT, APP/TASK/deploy-to-postgresql)#
#2026 09 23 16:35:58.950#Z#DEBUG#89a811f3-b76c-11f1-a9d4-eeee0a93f2f4.hpbuysell-otc-salesorder-postgres-deployer#flowable-async-job-executor-thread-28319#
[PollExecuteTaskStatusExecution] 9409158a-3ef5-419f-b18e-c3263bd4e0f3 [2026-09-23T16:35:36.911400] 'oQ4OJw5ozAr+/wudOawaMwUWQl5asD8fuy/hl5S1nv9XxIc842QJOtJFxhyeMIXt\n' + (STDOUT, APP/TASK/deploy-to-postgresql)#
#2026 09 23 16:35:58.950#Z#DEBUG#89a811f3-b76c-11f1-a9d4-eeee0a93f2f4.hpbuysell-otc-salesorder-postgres-deployer#flowable-async-job-executor-thread-28319#
[PollExecuteTaskStatusExecution] 9409158a-3ef5-419f-b18e-c3263bd4e0f3 [2026-09-23T16:35:36.911403] 'LVECVw/dPekhMjS3Zo3wwRgYbnKG7YXXT5WMxJEnHu8+cYpMiRClzq2BEP6/MtI2\n' + (STDOUT, APP/TASK/deploy-to-postgresql)#
#2026 09 23 16:35:58.950#Z#DEBUG#89a811f3-b76c-11f1-a9d4-eeee0a93f2f4.hpbuysell-otc-salesorder-postgres-deployer#flowable-async-job-executor-thread-28319#
[PollExecuteTaskStatusExecution] 9409158a-3ef5-419f-b18e-c3263bd4e0f3 [2026-09-23T16:35:36.911406] 'AZQQUFu2yFjRGL2OZA6IYjxnXYiRAgMBAAGjQjBAMA8GA1UdEwEB/wQFMAMBAf8w\n' + (STDOUT, APP/TASK/deploy-to-postgresql)#
#2026 09 23 16:35:58.950#Z#DEBUG#89a811f3-b76c-11f1-a9d4-eeee0a93f2f4.hpbuysell-otc-salesorder-postgres-deployer#flowable-async-job-executor-thread-28319#
[PollExecuteTaskStatusExecution] 9409158a-3ef5-419f-b18e-c3263bd4e0f3 [2026-09-23T16:35:36.911410] 'HQYDVR0OBBYEFADCcQCPX2HmkqQcmuHfiQ2jjqnrMA4GA1UdDwEB/wQEAwIBhjAN\n' + (STDOUT, APP/TASK/deploy-to-postgresql)#
#2026 09 23 16:35:58.950#Z#DEBUG#89a811f3-b76c-11f1-a9d4-eeee0a93f2f4.hpbuysell-otc-salesorder-postgres-deployer#flowable-async-job-executor-thread-28319#
[PollExecuteTaskStatusExecution] 9409158a-3ef5-419f-b18e-c3263bd4e0f3 [2026-09-23T16:35:36.911413] 'BgkqhkiG9w0BAQwFAAOCAgEASXkGQ2eUmudIKPeOIF7RBryCoPmMOsqP0+1qxF8l\n' + (STDOUT, APP/TASK/deploy-to-postgresql)#
#2026 09 23 16:35:58.950#Z#DEBUG#89a811f3-b76c-11f1-a9d4-eeee0a93f2f4.hpbuysell-otc-salesorder-postgres-deployer#flowable-async-job-executor-thread-28319#
[PollExecuteTaskStatusExecution] 9409158a-3ef5-419f-b18e-c3263bd4e0f3 [2026-09-23T16:35:36.911425] 'pGkwmrgNDGpmd9s0ArfIVBTc1jmpgB3oiRW9c6n2OmwBKL4UPuQ8O3KwSP0iD2sZ\n' + (STDOUT, APP/TASK/deploy-to-postgresql)#
#2026 09 23 16:35:58.950#Z#DEBUG#89a811f3-b76c-11f1-a9d4-eeee0a93f2f4.hpbuysell-otc-salesorder-postgres-deployer#flowable-async-job-executor-thread-28319#
[PollExecuteTaskStatusExecution] 9409158a-3ef5-419f-b18e-c3263bd4e0f3 [2026-09-23T16:35:36.911428] 'KMXoMEyphCEzW1I2GRvYDugL3Z9MWrnHkoaoH2l8YyTYvszTvdgxBPpM2x4pSkp+\n' + (STDOUT, APP/TASK/deploy-to-postgresql)#
#2026 09 23 16:35:58.950#Z#DEBUG#89a811f3-b76c-11f1-a9d4-eeee0a93f2f4.hpbuysell-otc-salesorder-postgres-deployer#flowable-async-job-executor-thread-28319#
[PollExecuteTaskStatusExecution] 9409158a-3ef5-419f-b18e-c3263bd4e0f3 [2026-09-23T16:35:36.911431] '76d4/eRpJ5mVuQ93nC+YG0wXCxSq63hX4kyZgPxgCdAA+qgFfKIGyNqUIqWgeyTP\n' + (STDOUT, APP/TASK/deploy-to-postgresql)#
#2026 09 23 16:35:58.950#Z#DEBUG#89a811f3-b76c-11f1-a9d4-eeee0a93f2f4.hpbuysell-otc-salesorder-postgres-deployer#flowable-async-job-executor-thread-28319#
[PollExecuteTaskStatusExecution] 9409158a-3ef5-419f-b18e-c3263bd4e0f3 [2026-09-23T16:35:36.911434] 'n5OgKaboYk2141Rf2hGMD3/hsGm0rrJh7g3C0ZirPws3eeJfulvAOIy2IZzqHUSY\n' + (STDOUT, APP/TASK/deploy-to-postgresql)#
#2026 09 23 16:35:58.950#Z#DEBUG#89a811f3-b76c-11f1-a9d4-eeee0a93f2f4.hpbuysell-otc-salesorder-postgres-deployer#flowable-async-job-executor-thread-28319#
[PollExecuteTaskStatusExecution] 9409158a-3ef5-419f-b18e-c3263bd4e0f3 [2026-09-23T16:35:36.911438] 'jkFzraz6LEH3IlArT3jUPvWKqvh2lJWnnp56aqxBR7qHH5voD49UpJWY1K0BjGnS\n' + (STDOUT, APP/TASK/deploy-to-postgresql)#
#2026 09 23 16:35:58.950#Z#DEBUG#89a811f3-b76c-11f1-a9d4-eeee0a93f2f4.hpbuysell-otc-salesorder-postgres-deployer#flowable-async-job-executor-thread-28319#
[PollExecuteTaskStatusExecution] 9409158a-3ef5-419f-b18e-c3263bd4e0f3 [2026-09-23T16:35:36.911441] 'OHcurpp0Yt/BIs4VZeWdCZwI7JaSeDcPMaMDBvND3Ia5Fga0thgYQTG6dE+N5fgF\n' + (STDOUT, APP/TASK/deploy-to-postgresql)#
#2026 09 23 16:35:58.950#Z#DEBUG#89a811f3-b76c-11f1-a9d4-eeee0a93f2f4.hpbuysell-otc-salesorder-postgres-deployer#flowable-async-job-executor-thread-28319#
[PollExecuteTaskStatusExecution] 9409158a-3ef5-419f-b18e-c3263bd4e0f3 [2026-09-23T16:35:36.911443] 'z+hRaujXO2nb0LmddVyvE8prYlWRMuYFv+Co8hcMdJ0lEZlfVNu0jbm9/GmwAZ+l\n' + (STDOUT, APP/TASK/deploy-to-postgresql)#
#2026 09 23 16:35:58.950#Z#DEBUG#89a811f3-b76c-11f1-a9d4-eeee0a93f2f4.hpbuysell-otc-salesorder-postgres-deployer#flowable-async-job-executor-thread-28319#
[PollExecuteTaskStatusExecution] 9409158a-3ef5-419f-b18e-c3263bd4e0f3 [2026-09-23T16:35:36.911450] '9umeYO9yz/uC7edC8XJBglMAKUmVK9wNtOckUWAcCfnPWYLbYa/PqtXBYcxrso5j\n' + (STDOUT, APP/TASK/deploy-to-postgresql)#
#2026 09 23 16:35:58.950#Z#DEBUG#89a811f3-b76c-11f1-a9d4-eeee0a93f2f4.hpbuysell-otc-salesorder-postgres-deployer#flowable-async-job-executor-thread-28319#
[PollExecuteTaskStatusExecution] 9409158a-3ef5-419f-b18e-c3263bd4e0f3 [2026-09-23T16:35:36.911452] 'iaS/A7iEW51uteHBGrViCy1afGG+hiUWwFlesli+Rq4dNstX3h6h2baWABaAxEVJ\n' + (STDOUT, APP/TASK/deploy-to-postgresql)#
#2026 09 23 16:35:58.950#Z#DEBUG#89a811f3-b76c-11f1-a9d4-eeee0a93f2f4.hpbuysell-otc-salesorder-postgres-deployer#flowable-async-job-executor-thread-28319#
[PollExecuteTaskStatusExecution] 9409158a-3ef5-419f-b18e-c3263bd4e0f3 [2026-09-23T16:35:36.911455] 'y1RnTQSz6mROT1VmZSgSVO37rgIyY0Hf0872ogcTS+FfvXgBxCxsNWEbiQ/XXva4\n' + (STDOUT, APP/TASK/deploy-to-postgresql)#
#2026 09 23 16:35:58.950#Z#DEBUG#89a811f3-b76c-11f1-a9d4-eeee0a93f2f4.hpbuysell-otc-salesorder-postgres-deployer#flowable-async-job-executor-thread-28319#
[PollExecuteTaskStatusExecution] 9409158a-3ef5-419f-b18e-c3263bd4e0f3 [2026-09-23T16:35:36.911457] '0Ws=\n' + (STDOUT, APP/TASK/deploy-to-postgresql)#
#2026 09 23 16:35:58.950#Z#DEBUG#89a811f3-b76c-11f1-a9d4-eeee0a93f2f4.hpbuysell-otc-salesorder-postgres-deployer#flowable-async-job-executor-thread-28319#
[PollExecuteTaskStatusExecution] 9409158a-3ef5-419f-b18e-c3263bd4e0f3 [2026-09-23T16:35:36.911459] '-----END CERTIFICATE-----\n' + (STDOUT, APP/TASK/deploy-to-postgresql)#
#2026 09 23 16:35:58.950#Z#DEBUG#89a811f3-b76c-11f1-a9d4-eeee0a93f2f4.hpbuysell-otc-salesorder-postgres-deployer#flowable-async-job-executor-thread-28319#
[PollExecuteTaskStatusExecution] 9409158a-3ef5-419f-b18e-c3263bd4e0f3 [2026-09-23T16:35:36.911461] '-----BEGIN CERTIFICATE-----\n' + (STDOUT, APP/TASK/deploy-to-postgresql)#
#2026 09 23 16:35:58.950#Z#DEBUG#89a811f3-b76c-11f1-a9d4-eeee0a93f2f4.hpbuysell-otc-salesorder-postgres-deployer#flowable-async-job-executor-thread-28319#
[PollExecuteTaskStatusExecution] 9409158a-3ef5-419f-b18e-c3263bd4e0f3 [2026-09-23T16:35:36.911462] 'MIICrjCCAjSgAwIBAgIRAPAlEk8VJPmEzVRRaWvTh2AwCgYIKoZIzj0EAwMwgZYx\n' + (STDOUT, APP/TASK/deploy-to-postgresql)#
#2026 09 23 16:35:58.950#Z#DEBUG#89a811f3-b76c-11f1-a9d4-eeee0a93f2f4.hpbuysell-otc-salesorder-postgres-deployer#flowable-async-job-executor-thread-28319#
[PollExecuteTaskStatusExecution] 9409158a-3ef5-419f-b18e-c3263bd4e0f3 [2026-09-23T16:35:36.911464] 'CzAJBgNVBAYTAlVTMSIwIAYDVQQKDBlBbWF6b24gV2ViIFNlcnZpY2VzLCBJbmMu\n' + (STDOUT, APP/TASK/deploy-to-postgresql)#
#2026 09 23 16:35:58.950#Z#DEBUG#89a811f3-b76c-11f1-a9d4-eeee0a93f2f4.hpbuysell-otc-salesorder-postgres-deployer#flowable-async-job-executor-thread-28319#
[PollExecuteTaskStatusExecution] 9409158a-3ef5-419f-b18e-c3263bd4e0f3 [2026-09-23T16:35:36.911466] 'MRMwEQYDVQQLDApBbWF6b24gUkRTMQswCQYDVQQIDAJXQTEvMC0GA1UEAwwmQW1h\n' + (STDOUT, APP/TASK/deploy-to-postgresql)#
#2026 09 23 16:35:58.950#Z#DEBUG#89a811f3-b76c-11f1-a9d4-eeee0a93f2f4.hpbuysell-otc-salesorder-postgres-deployer#flowable-async-job-executor-thread-28319#
[PollExecuteTaskStatusExecution] 9409158a-3ef5-419f-b18e-c3263bd4e0f3 [2026-09-23T16:35:36.911468] 'em9uIFJEUyB1cy1lYXN0LTEgUm9vdCBDQSBFQ0MzODQgRzExEDAOBgNVBAcMB1Nl\n' + (STDOUT, APP/TASK/deploy-to-postgresql)#
#2026 09 23 16:35:58.950#Z#DEBUG#89a811f3-b76c-11f1-a9d4-eeee0a93f2f4.hpbuysell-otc-salesorder-postgres-deployer#flowable-async-job-executor-thread-28319#
[PollExecuteTaskStatusExecution] 9409158a-3ef5-419f-b18e-c3263bd4e0f3 [2026-09-23T16:35:36.911470] 'YXR0bGUwIBcNMjEwNTI1MjI0MTU1WhgPMjEyMTA1MjUyMzQxNTVaMIGWMQswCQYD\n' + (STDOUT, APP/TASK/deploy-to-postgresql)#
#2026 09 23 16:35:58.950#Z#DEBUG#89a811f3-b76c-11f1-a9d4-eeee0a93f2f4.hpbuysell-otc-salesorder-postgres-deployer#flowable-async-job-executor-thread-28319#
[PollExecuteTaskStatusExecution] 9409158a-3ef5-419f-b18e-c3263bd4e0f3 [2026-09-23T16:35:36.911471] 'VQQGEwJVUzEiMCAGA1UECgwZQW1hem9uIFdlYiBTZXJ2aWNlcywgSW5jLjETMBEG\n' + (STDOUT, APP/TASK/deploy-to-postgresql)#
#2026 09 23 16:35:58.950#Z#DEBUG#89a811f3-b76c-11f1-a9d4-eeee0a93f2f4.hpbuysell-otc-salesorder-postgres-deployer#flowable-async-job-executor-thread-28319#
[PollExecuteTaskStatusExecution] 9409158a-3ef5-419f-b18e-c3263bd4e0f3 [2026-09-23T16:35:36.911473] 'A1UECwwKQW1hem9uIFJEUzELMAkGA1UECAwCV0ExLzAtBgNVBAMMJkFtYXpvbiBS\n' + (STDOUT, APP/TASK/deploy-to-postgresql)#
#2026 09 23 16:35:58.950#Z#DEBUG#89a811f3-b76c-11f1-a9d4-eeee0a93f2f4.hpbuysell-otc-salesorder-postgres-deployer#flowable-async-job-executor-thread-28319#
[PollExecuteTaskStatusExecution] 9409158a-3ef5-419f-b18e-c3263bd4e0f3 [2026-09-23T16:35:36.911474] 'RFMgdXMtZWFzdC0xIFJvb3QgQ0EgRUNDMzg0IEcxMRAwDgYDVQQHDAdTZWF0dGxl\n' + (STDOUT, APP/TASK/deploy-to-postgresql)#
#2026 09 23 16:35:58.950#Z#DEBUG#89a811f3-b76c-11f1-a9d4-eeee0a93f2f4.hpbuysell-otc-salesorder-postgres-deployer#flowable-async-job-executor-thread-28319#
[PollExecuteTaskStatusExecution] 9409158a-3ef5-419f-b18e-c3263bd4e0f3 [2026-09-23T16:35:36.911477] 'MHYwEAYHKoZIzj0CAQYFK4EEACIDYgAEx5xjrup8II4HOJw15NTnS3H5yMrQGlbj\n' + (STDOUT, APP/TASK/deploy-to-postgresql)#
#2026 09 23 16:35:58.950#Z#DEBUG#89a811f3-b76c-11f1-a9d4-eeee0a93f2f4.hpbuysell-otc-salesorder-postgres-deployer#flowable-async-job-executor-thread-28319#
[PollExecuteTaskStatusExecution] 9409158a-3ef5-419f-b18e-c3263bd4e0f3 [2026-09-23T16:35:36.911479] 'EDA5MMGnE9DmHp5dACIxmPXPMe/99nO7wNdl7G71OYPCgEvWm0FhdvVUeTb3LVnV\n' + (STDOUT, APP/TASK/deploy-to-postgresql)#
#2026 09 23 16:35:58.950#Z#DEBUG#89a811f3-b76c-11f1-a9d4-eeee0a93f2f4.hpbuysell-otc-salesorder-postgres-deployer#flowable-async-job-executor-thread-28319#
[PollExecuteTaskStatusExecution] 9409158a-3ef5-419f-b18e-c3263bd4e0f3 [2026-09-23T16:35:36.911481] 'BnaXt32Ek7/oxGk1T+Df03C+W0vmuJ+wo0IwQDAPBgNVHRMBAf8EBTADAQH/MB0G\n' + (STDOUT, APP/TASK/deploy-to-postgresql)#
#2026 09 23 16:35:58.950#Z#DEBUG#89a811f3-b76c-11f1-a9d4-eeee0a93f2f4.hpbuysell-otc-salesorder-postgres-deployer#flowable-async-job-executor-thread-28319#
[PollExecuteTaskStatusExecution] 9409158a-3ef5-419f-b18e-c3263bd4e0f3 [2026-09-23T16:35:36.911484] 'A1UdDgQWBBTGXmqBWN/1tkSea4pNw0oHrjk2UDAOBgNVHQ8BAf8EBAMCAYYwCgYI\n' + (STDOUT, APP/TASK/deploy-to-postgresql)#
#2026 09 23 16:35:58.950#Z#DEBUG#89a811f3-b76c-11f1-a9d4-eeee0a93f2f4.hpbuysell-otc-salesorder-postgres-deployer#flowable-async-job-executor-thread-28319#
[PollExecuteTaskStatusExecution] 9409158a-3ef5-419f-b18e-c3263bd4e0f3 [2026-09-23T16:35:36.911487] 'KoZIzj0EAwMDaAAwZQIxAIqqZWCSrIkZ7zsv/FygtAusW6yvlL935YAWYPVXU30m\n' + (STDOUT, APP/TASK/deploy-to-postgresql)#
#2026 09 23 16:35:58.950#Z#DEBUG#89a811f3-b76c-11f1-a9d4-eeee0a93f2f4.hpbuysell-otc-salesorder-postgres-deployer#flowable-async-job-executor-thread-28319#
[PollExecuteTaskStatusExecution] 9409158a-3ef5-419f-b18e-c3263bd4e0f3 [2026-09-23T16:35:36.911489] 'jkMFLM+/RJ9GMvnO8jHfCgIwB+whlkcItzE9CRQ6CsMo/d5cEHDUu/QW6jSIh9BR\n' + (STDOUT, APP/TASK/deploy-to-postgresql)#
#2026 09 23 16:35:58.950#Z#DEBUG#89a811f3-b76c-11f1-a9d4-eeee0a93f2f4.hpbuysell-otc-salesorder-postgres-deployer#flowable-async-job-executor-thread-28319#
[PollExecuteTaskStatusExecution] 9409158a-3ef5-419f-b18e-c3263bd4e0f3 [2026-09-23T16:35:36.911491] 'OGh9pTYPVkUbBiKPA7lVVhre\n' + (STDOUT, APP/TASK/deploy-to-postgresql)#
#2026 09 23 16:35:58.950#Z#DEBUG#89a811f3-b76c-11f1-a9d4-eeee0a93f2f4.hpbuysell-otc-salesorder-postgres-deployer#flowable-async-job-executor-thread-28319#
[PollExecuteTaskStatusExecution] 9409158a-3ef5-419f-b18e-c3263bd4e0f3 [2026-09-23T16:35:36.911493] '-----END CERTIFICATE-----\n', (STDOUT, APP/TASK/deploy-to-postgresql)#
#2026 09 23 16:35:58.950#Z#DEBUG#89a811f3-b76c-11f1-a9d4-eeee0a93f2f4.hpbuysell-otc-salesorder-postgres-deployer#flowable-async-job-executor-thread-28319#
[PollExecuteTaskStatusExecution] 9409158a-3ef5-419f-b18e-c3263bd4e0f3 [2026-09-23T16:35:36.911495] sslrootcert: '-----BEGIN CERTIFICATE-----\n' + (STDOUT, APP/TASK/deploy-to-postgresql)#
#2026 09 23 16:35:58.950#Z#DEBUG#89a811f3-b76c-11f1-a9d4-eeee0a93f2f4.hpbuysell-otc-salesorder-postgres-deployer#flowable-async-job-executor-thread-28319#
[PollExecuteTaskStatusExecution] 9409158a-3ef5-419f-b18e-c3263bd4e0f3 [2026-09-23T16:35:36.911497] 'MIID/zCCAuegAwIBAgIRAPVSMfFitmM5PhmbaOFoGfUwDQYJKoZIhvcNAQELBQAw\n' + (STDOUT, APP/TASK/deploy-to-postgresql)#
#2026 09 23 16:35:58.950#Z#DEBUG#89a811f3-b76c-11f1-a9d4-eeee0a93f2f4.hpbuysell-otc-salesorder-postgres-deployer#flowable-async-job-executor-thread-28319#
[PollExecuteTaskStatusExecution] 9409158a-3ef5-419f-b18e-c3263bd4e0f3 [2026-09-23T16:35:36.911499] 'gZcxCzAJBgNVBAYTAlVTMSIwIAYDVQQKDBlBbWF6b24gV2ViIFNlcnZpY2VzLCBJ\n' + (STDOUT, APP/TASK/deploy-to-postgresql)#
#2026 09 23 16:35:58.950#Z#DEBUG#89a811f3-b76c-11f1-a9d4-eeee0a93f2f4.hpbuysell-otc-salesorder-postgres-deployer#flowable-async-job-executor-thread-28319#
[PollExecuteTaskStatusExecution] 9409158a-3ef5-419f-b18e-c3263bd4e0f3 [2026-09-23T16:35:36.911501] 'bmMuMRMwEQYDVQQLDApBbWF6b24gUkRTMQswCQYDVQQIDAJXQTEwMC4GA1UEAwwn\n' + (STDOUT, APP/TASK/deploy-to-postgresql)#
#2026 09 23 16:35:58.950#Z#DEBUG#89a811f3-b76c-11f1-a9d4-eeee0a93f2f4.hpbuysell-otc-salesorder-postgres-deployer#flowable-async-job-executor-thread-28319#
[PollExecuteTaskStatusExecution] 9409158a-3ef5-419f-b18e-c3263bd4e0f3 [2026-09-23T16:35:36.911503] 'QW1hem9uIFJEUyB1cy1lYXN0LTEgUm9vdCBDQSBSU0EyMDQ4IEcxMRAwDgYDVQQH\n' + (STDOUT, APP/TASK/deploy-to-postgresql)#
#2026 09 23 16:35:58.950#Z#DEBUG#89a811f3-b76c-11f1-a9d4-eeee0a93f2f4.hpbuysell-otc-salesorder-postgres-deployer#flowable-async-job-executor-thread-28319#
[PollExecuteTaskStatusExecution] 9409158a-3ef5-419f-b18e-c3263bd4e0f3 [2026-09-23T16:35:36.911506] 'DAdTZWF0dGxlMCAXDTIxMDUyNTIyMzQ1N1oYDzIwNjEwNTI1MjMzNDU3WjCBlzEL\n' + (STDOUT, APP/TASK/deploy-to-postgresql)#
#2026 09 23 16:35:58.950#Z#DEBUG#89a811f3-b76c-11f1-a9d4-eeee0a93f2f4.hpbuysell-otc-salesorder-postgres-deployer#flowable-async-job-executor-thread-28319#
[PollExecuteTaskStatusExecution] 9409158a-3ef5-419f-b18e-c3263bd4e0f3 [2026-09-23T16:35:36.911508] 'MAkGA1UEBhMCVVMxIjAgBgNVBAoMGUFtYXpvbiBXZWIgU2VydmljZXMsIEluYy4x\n' + (STDOUT, APP/TASK/deploy-to-postgresql)#
#2026 09 23 16:35:58.950#Z#DEBUG#89a811f3-b76c-11f1-a9d4-eeee0a93f2f4.hpbuysell-otc-salesorder-postgres-deployer#flowable-async-job-executor-thread-28319#
[PollExecuteTaskStatusExecution] 9409158a-3ef5-419f-b18e-c3263bd4e0f3 [2026-09-23T16:35:36.911512] 'EzARBgNVBAsMCkFtYXpvbiBSRFMxCzAJBgNVBAgMAldBMTAwLgYDVQQDDCdBbWF6\n' + (STDOUT, APP/TASK/deploy-to-postgresql)#
#2026 09 23 16:35:58.950#Z#DEBUG#89a811f3-b76c-11f1-a9d4-eeee0a93f2f4.hpbuysell-otc-salesorder-postgres-deployer#flowable-async-job-executor-thread-28319#
[PollExecuteTaskStatusExecution] 9409158a-3ef5-419f-b18e-c3263bd4e0f3 [2026-09-23T16:35:36.911514] 'b24gUkRTIHVzLWVhc3QtMSBSb290IENBIFJTQTIwNDggRzExEDAOBgNVBAcMB1Nl\n' + (STDOUT, APP/TASK/deploy-to-postgresql)#
#2026 09 23 16:35:58.950#Z#DEBUG#89a811f3-b76c-11f1-a9d4-eeee0a93f2f4.hpbuysell-otc-salesorder-postgres-deployer#flowable-async-job-executor-thread-28319#
[PollExecuteTaskStatusExecution] 9409158a-3ef5-419f-b18e-c3263bd4e0f3 [2026-09-23T16:35:36.911516] 'YXR0bGUwggEiMA0GCSqGSIb3DQEBAQUAA4IBDwAwggEKAoIBAQDu9H7TBeGoDzMr\n' + (STDOUT, APP/TASK/deploy-to-postgresql)#
#2026 09 23 16:35:58.950#Z#DEBUG#89a811f3-b76c-11f1-a9d4-eeee0a93f2f4.hpbuysell-otc-salesorder-postgres-deployer#flowable-async-job-executor-thread-28319#
[PollExecuteTaskStatusExecution] 9409158a-3ef5-419f-b18e-c3263bd4e0f3 [2026-09-23T16:35:36.911518] 'dxN6H8COntJX4IR6dbyhnj5qMD4xl/IWvp50lt0VpmMd+z2PNZzx8RazeGC5IniV\n' + (STDOUT, APP/TASK/deploy-to-postgresql)#
#2026 09 23 16:35:58.950#Z#DEBUG#89a811f3-b76c-11f1-a9d4-eeee0a93f2f4.hpbuysell-otc-salesorder-postgres-deployer#flowable-async-job-executor-thread-28319#
[PollExecuteTaskStatusExecution] 9409158a-3ef5-419f-b18e-c3263bd4e0f3 [2026-09-23T16:35:36.911520] '5nrLg0AKWRQ2A/lGGXbUrGXCSe09brMQCxWBSIYe1WZZ1iU1IJ/6Bp4D2YEHpXrW\n' + (STDOUT, APP/TASK/deploy-to-postgresql)#
#2026 09 23 16:35:58.950#Z#DEBUG#89a811f3-b76c-11f1-a9d4-eeee0a93f2f4.hpbuysell-otc-salesorder-postgres-deployer#flowable-async-job-executor-thread-28319#
[PollExecuteTaskStatusExecution] 9409158a-3ef5-419f-b18e-c3263bd4e0f3 [2026-09-23T16:35:36.911522] 'bPkOq5x3YPcsoitgm1Xh8ygz6vb7PsvJvPbvRMnkDg5IqEThapPjmKb8ZJWyEFEE\n' + (STDOUT, APP/TASK/deploy-to-postgresql)#
#2026 09 23 16:35:58.950#Z#DEBUG#89a811f3-b76c-11f1-a9d4-eeee0a93f2f4.hpbuysell-otc-salesorder-postgres-deployer#flowable-async-job-executor-thread-28319#
[PollExecuteTaskStatusExecution] 9409158a-3ef5-419f-b18e-c3263bd4e0f3 [2026-09-23T16:35:36.911523] 'QRrkCIRueB1EqQtJw0fvP4PKDlCJAKBEs/y049FoOqYpT3pRy0WKqPhWve+hScMd\n' + (STDOUT, APP/TASK/deploy-to-postgresql)#
#2026 09 23 16:35:58.950#Z#DEBUG#89a811f3-b76c-11f1-a9d4-eeee0a93f2f4.hpbuysell-otc-salesorder-postgres-deployer#flowable-async-job-executor-thread-28319#
[PollExecuteTaskStatusExecution] 9409158a-3ef5-419f-b18e-c3263bd4e0f3 [2026-09-23T16:35:36.911525] '6obq8kxTFy1IHACjHc51nrGII5Bt76/MpTWhnJIJrCnq1/Uc3Qs8IVeb+sLaFC8K\n' + (STDOUT, APP/TASK/deploy-to-postgresql)#
#2026 09 23 16:35:58.950#Z#DEBUG#89a811f3-b76c-11f1-a9d4-eeee0a93f2f4.hpbuysell-otc-salesorder-postgres-deployer#flowable-async-job-executor-thread-28319#
[PollExecuteTaskStatusExecution] 9409158a-3ef5-419f-b18e-c3263bd4e0f3 [2026-09-23T16:35:36.911527] 'DI69Sw6bAgMBAAGjQjBAMA8GA1UdEwEB/wQFMAMBAf8wHQYDVR0OBBYEFE7PCopt\n' + (STDOUT, APP/TASK/deploy-to-postgresql)#
#2026 09 23 16:35:58.950#Z#DEBUG#89a811f3-b76c-11f1-a9d4-eeee0a93f2f4.hpbuysell-otc-salesorder-postgres-deployer#flowable-async-job-executor-thread-28319#
[PollExecuteTaskStatusExecution] 9409158a-3ef5-419f-b18e-c3263bd4e0f3 [2026-09-23T16:35:36.911529] 'lyOgtXX0Y1lObBUxuKaCMA4GA1UdDwEB/wQEAwIBhjANBgkqhkiG9w0BAQsFAAOC\n' + (STDOUT, APP/TASK/deploy-to-postgresql)#
#2026 09 23 16:35:58.950#Z#DEBUG#89a811f3-b76c-11f1-a9d4-eeee0a93f2f4.hpbuysell-otc-salesorder-postgres-deployer#flowable-async-job-executor-thread-28319#
[PollExecuteTaskStatusExecution] 9409158a-3ef5-419f-b18e-c3263bd4e0f3 [2026-09-23T16:35:36.911532] 'AQEAFj+bX8gLmMNefr5jRJfHjrL3iuZCjf7YEZgn89pS4z8408mjj9z6Q5D1H7yS\n' + (STDOUT, APP/TASK/deploy-to-postgresql)#
#2026 09 23 16:35:58.950#Z#DEBUG#89a811f3-b76c-11f1-a9d4-eeee0a93f2f4.hpbuysell-otc-salesorder-postgres-deployer#flowable-async-job-executor-thread-28319#
[PollExecuteTaskStatusExecution] 9409158a-3ef5-419f-b18e-c3263bd4e0f3 [2026-09-23T16:35:36.911535] 'jNETVV8QaJip1qyhh5gRzRaArgGAYvi2/r0zPsy+Tgf7v1KGL5Lh8NT8iCEGGXwF\n' + (STDOUT, APP/TASK/deploy-to-postgresql)#
#2026 09 23 16:35:58.950#Z#DEBUG#89a811f3-b76c-11f1-a9d4-eeee0a93f2f4.hpbuysell-otc-salesorder-postgres-deployer#flowable-async-job-executor-thread-28319#
[PollExecuteTaskStatusExecution] 9409158a-3ef5-419f-b18e-c3263bd4e0f3 [2026-09-23T16:35:36.911537] 'g3Ir+Nl3e+9XUp0eyyzBIjHtjLBm6yy8rGk9p6OtFDQnKF5OxwbAgip42CD75r/q\n' + (STDOUT, APP/TASK/deploy-to-postgresql)#
#2026 09 23 16:35:58.950#Z#DEBUG#89a811f3-b76c-11f1-a9d4-eeee0a93f2f4.hpbuysell-otc-salesorder-postgres-deployer#flowable-async-job-executor-thread-28319#
[PollExecuteTaskStatusExecution] 9409158a-3ef5-419f-b18e-c3263bd4e0f3 [2026-09-23T16:35:36.911539] 'p421maEDDvvRFR4D+99JZxgAYDBGqRRceUoe16qDzbMvlz0A9paCZFclxeftAxv6\n' + (STDOUT, APP/TASK/deploy-to-postgresql)#
#2026 09 23 16:35:58.950#Z#DEBUG#89a811f3-b76c-11f1-a9d4-eeee0a93f2f4.hpbuysell-otc-salesorder-postgres-deployer#flowable-async-job-executor-thread-28319#
[PollExecuteTaskStatusExecution] 9409158a-3ef5-419f-b18e-c3263bd4e0f3 [2026-09-23T16:35:36.911540] 'QlR5rItMz/XdzpBJUpYhdzM0gCzAzdQuVO5tjJxmXhkSMcDP+8Q+Uv6FA9k2VpUV\n' + (STDOUT, APP/TASK/deploy-to-postgresql)#
#2026 09 23 16:35:58.950#Z#DEBUG#89a811f3-b76c-11f1-a9d4-eeee0a93f2f4.hpbuysell-otc-salesorder-postgres-deployer#flowable-async-job-executor-thread-28319#
[PollExecuteTaskStatusExecution] 9409158a-3ef5-419f-b18e-c3263bd4e0f3 [2026-09-23T16:35:36.911545] 'E/O5jgpqUJJ2Hc/5rs9VkAPXeA==\n' + (STDOUT, APP/TASK/deploy-to-postgresql)#
#2026 09 23 16:35:58.950#Z#DEBUG#89a811f3-b76c-11f1-a9d4-eeee0a93f2f4.hpbuysell-otc-salesorder-postgres-deployer#flowable-async-job-executor-thread-28319#
[PollExecuteTaskStatusExecution] 9409158a-3ef5-419f-b18e-c3263bd4e0f3 [2026-09-23T16:35:36.911547] '-----END CERTIFICATE-----\n' + (STDOUT, APP/TASK/deploy-to-postgresql)#
#2026 09 23 16:35:58.950#Z#DEBUG#89a811f3-b76c-11f1-a9d4-eeee0a93f2f4.hpbuysell-otc-salesorder-postgres-deployer#flowable-async-job-executor-thread-28319#
[PollExecuteTaskStatusExecution] 9409158a-3ef5-419f-b18e-c3263bd4e0f3 [2026-09-23T16:35:36.911570] '-----BEGIN CERTIFICATE-----\n' + (STDOUT, APP/TASK/deploy-to-postgresql)#
#2026 09 23 16:35:58.950#Z#DEBUG#89a811f3-b76c-11f1-a9d4-eeee0a93f2f4.hpbuysell-otc-salesorder-postgres-deployer#flowable-async-job-executor-thread-28319#
[PollExecuteTaskStatusExecution] 9409158a-3ef5-419f-b18e-c3263bd4e0f3 [2026-09-23T16:35:36.911572] 'MIIF/jCCA+agAwIBAgIQaRHaEqqacXN20e8zZJtmDDANBgkqhkiG9w0BAQwFADCB\n' + (STDOUT, APP/TASK/deploy-to-postgresql)#
#2026 09 23 16:35:58.950#Z#DEBUG#89a811f3-b76c-11f1-a9d4-eeee0a93f2f4.hpbuysell-otc-salesorder-postgres-deployer#flowable-async-job-executor-thread-28319#
[PollExecuteTaskStatusExecution] 9409158a-3ef5-419f-b18e-c3263bd4e0f3 [2026-09-23T16:35:36.911574] 'lzELMAkGA1UEBhMCVVMxIjAgBgNVBAoMGUFtYXpvbiBXZWIgU2VydmljZXMsIElu\n' + (STDOUT, APP/TASK/deploy-to-postgresql)#
#2026 09 23 16:35:58.950#Z#DEBUG#89a811f3-b76c-11f1-a9d4-eeee0a93f2f4.hpbuysell-otc-salesorder-postgres-deployer#flowable-async-job-executor-thread-28319#
[PollExecuteTaskStatusExecution] 9409158a-3ef5-419f-b18e-c3263bd4e0f3 [2026-09-23T16:35:36.911578] 'Yy4xEzARBgNVBAsMCkFtYXpvbiBSRFMxCzAJBgNVBAgMAldBMTAwLgYDVQQDDCdB\n' + (STDOUT, APP/TASK/deploy-to-postgresql)#
#2026 09 23 16:35:58.950#Z#DEBUG#89a811f3-b76c-11f1-a9d4-eeee0a93f2f4.hpbuysell-otc-salesorder-postgres-deployer#flowable-async-job-executor-thread-28319#
[PollExecuteTaskStatusExecution] 9409158a-3ef5-419f-b18e-c3263bd4e0f3 [2026-09-23T16:35:36.911579] 'bWF6b24gUkRTIHVzLWVhc3QtMSBSb290IENBIFJTQTQwOTYgRzExEDAOBgNVBAcM\n' + (STDOUT, APP/TASK/deploy-to-postgresql)#
#2026 09 23 16:35:58.950#Z#DEBUG#89a811f3-b76c-11f1-a9d4-eeee0a93f2f4.hpbuysell-otc-salesorder-postgres-deployer#flowable-async-job-executor-thread-28319#
[PollExecuteTaskStatusExecution] 9409158a-3ef5-419f-b18e-c3263bd4e0f3 [2026-09-23T16:35:36.911755] 'B1NlYXR0bGUwIBcNMjEwNTI1MjIzODM1WhgPMjEyMTA1MjUyMzM4MzVaMIGXMQsw\n' + (STDOUT, APP/TASK/deploy-to-postgresql)#
#2026 09 23 16:35:58.950#Z#DEBUG#89a811f3-b76c-11f1-a9d4-eeee0a93f2f4.hpbuysell-otc-salesorder-postgres-deployer#flowable-async-job-executor-thread-28319#
[PollExecuteTaskStatusExecution] 9409158a-3ef5-419f-b18e-c3263bd4e0f3 [2026-09-23T16:35:36.911759] 'CQYDVQQGEwJVUzEiMCAGA1UECgwZQW1hem9uIFdlYiBTZXJ2aWNlcywgSW5jLjET\n' + (STDOUT, APP/TASK/deploy-to-postgresql)#
#2026 09 23 16:35:58.950#Z#DEBUG#89a811f3-b76c-11f1-a9d4-eeee0a93f2f4.hpbuysell-otc-salesorder-postgres-deployer#flowable-async-job-executor-thread-28319#
[PollExecuteTaskStatusExecution] 9409158a-3ef5-419f-b18e-c3263bd4e0f3 [2026-09-23T16:35:36.911761] 'MBEGA1UECwwKQW1hem9uIFJEUzELMAkGA1UECAwCV0ExMDAuBgNVBAMMJ0FtYXpv\n' + (STDOUT, APP/TASK/deploy-to-postgresql)#
#2026 09 23 16:35:58.950#Z#DEBUG#89a811f3-b76c-11f1-a9d4-eeee0a93f2f4.hpbuysell-otc-salesorder-postgres-deployer#flowable-async-job-executor-thread-28319#
[PollExecuteTaskStatusExecution] 9409158a-3ef5-419f-b18e-c3263bd4e0f3 [2026-09-23T16:35:36.911763] 'biBSRFMgdXMtZWFzdC0xIFJvb3QgQ0EgUlNBNDA5NiBHMTEQMA4GA1UEBwwHU2Vh\n' + (STDOUT, APP/TASK/deploy-to-postgresql)#
#2026 09 23 16:35:58.950#Z#DEBUG#89a811f3-b76c-11f1-a9d4-eeee0a93f2f4.hpbuysell-otc-salesorder-postgres-deployer#flowable-async-job-executor-thread-28319#
[PollExecuteTaskStatusExecution] 9409158a-3ef5-419f-b18e-c3263bd4e0f3 [2026-09-23T16:35:36.911766] 'dHRsZTCCAiIwDQYJKoZIhvcNAQEBBQADggIPADCCAgoCggIBAInfBCaHuvj6Rb5c\n' + (STDOUT, APP/TASK/deploy-to-postgresql)#
#2026 09 23 16:35:58.950#Z#DEBUG#89a811f3-b76c-11f1-a9d4-eeee0a93f2f4.hpbuysell-otc-salesorder-postgres-deployer#flowable-async-job-executor-thread-28319#
[PollExecuteTaskStatusExecution] 9409158a-3ef5-419f-b18e-c3263bd4e0f3 [2026-09-23T16:35:36.911768] 'L5Wmn1jv2PHtEGMHm+7Z8dYosdwouG8VG2A+BCYCZfij9lIGszrTXkY4O7vnXgru\n' + (STDOUT, APP/TASK/deploy-to-postgresql)#
#2026 09 23 16:35:58.950#Z#DEBUG#89a811f3-b76c-11f1-a9d4-eeee0a93f2f4.hpbuysell-otc-salesorder-postgres-deployer#flowable-async-job-executor-thread-28319#
[PollExecuteTaskStatusExecution] 9409158a-3ef5-419f-b18e-c3263bd4e0f3 [2026-09-23T16:35:36.911770] 'JUNdxh0Q3M83p4X+bg+gODUs3jf+Z3Oeq7nTOk/2UYvQLcxP4FEXILxDInbQFcIx\n' + (STDOUT, APP/TASK/deploy-to-postgresql)#
#2026 09 23 16:35:58.950#Z#DEBUG#89a811f3-b76c-11f1-a9d4-eeee0a93f2f4.hpbuysell-otc-salesorder-postgres-deployer#flowable-async-job-executor-thread-28319#
[PollExecuteTaskStatusExecution] 9409158a-3ef5-419f-b18e-c3263bd4e0f3 [2026-09-23T16:35:36.911772] 'yen1ESHggGrjEodgn6nbKQNRfIhjhW+TKYaewfsVWH7EF2pfj+cjbJ6njjgZ0/M9\n' + (STDOUT, APP/TASK/deploy-to-postgresql)#
#2026 09 23 16:35:58.950#Z#DEBUG#89a811f3-b76c-11f1-a9d4-eeee0a93f2f4.hpbuysell-otc-salesorder-postgres-deployer#flowable-async-job-executor-thread-28319#
[PollExecuteTaskStatusExecution] 9409158a-3ef5-419f-b18e-c3263bd4e0f3 [2026-09-23T16:35:36.911773] 'VZifJFBgat6XUTOf3jwHwkCBh7T6rDpgy19A61laImJCQhdTnHKvzTpxcxiLRh69\n' + (STDOUT, APP/TASK/deploy-to-postgresql)#
#2026 09 23 16:35:58.950#Z#DEBUG#89a811f3-b76c-11f1-a9d4-eeee0a93f2f4.hpbuysell-otc-salesorder-postgres-deployer#flowable-async-job-executor-thread-28319#
[PollExecuteTaskStatusExecution] 9409158a-3ef5-419f-b18e-c3263bd4e0f3 [2026-09-23T16:35:36.911775] 'ZObypR7W04OAUmFS88V7IotlPmCL8xf7kwxG+gQfvx31+A9IDMsiTqJ1Cc4fYEKg\n' + (STDOUT, APP/TASK/deploy-to-postgresql)#
#2026 09 23 16:35:58.950#Z#DEBUG#89a811f3-b76c-11f1-a9d4-eeee0a93f2f4.hpbuysell-otc-salesorder-postgres-deployer#flowable-async-job-executor-thread-28319#
[PollExecuteTaskStatusExecution] 9409158a-3ef5-419f-b18e-c3263bd4e0f3 [2026-09-23T16:35:36.911777] 'bL+Vo+2Ii4W2esCTGVYmHm73drznfeKwL+kmIC/Bq+DrZ+veTqKFYwSkpHRyJCEe\n' + (STDOUT, APP/TASK/deploy-to-postgresql)#
#2026 09 23 16:35:58.950#Z#DEBUG#89a811f3-b76c-11f1-a9d4-eeee0a93f2f4.hpbuysell-otc-salesorder-postgres-deployer#flowable-async-job-executor-thread-28319#
[PollExecuteTaskStatusExecution] 9409158a-3ef5-419f-b18e-c3263bd4e0f3 [2026-09-23T16:35:36.911778] 'U4Zym6POqQ/4LBSKwDUhWLJIlq99bjKX+hNTJykB+Lbcx0ScOP4IAZQoxmDxGWxN\n' + (STDOUT, APP/TASK/deploy-to-postgresql)#
#2026 09 23 16:35:58.950#Z#DEBUG#89a811f3-b76c-11f1-a9d4-eeee0a93f2f4.hpbuysell-otc-salesorder-postgres-deployer#flowable-async-job-executor-thread-28319#
[PollExecuteTaskStatusExecution] 9409158a-3ef5-419f-b18e-c3263bd4e0f3 [2026-09-23T16:35:36.911780] 'S+lQj+Cx2pwU3S/7+OxlRndZAX/FKgk7xSMkg88HykUZaZ/ozIiqJqSnGpgXCtED\n' + (STDOUT, APP/TASK/deploy-to-postgresql)#
#2026 09 23 16:35:58.950#Z#DEBUG#89a811f3-b76c-11f1-a9d4-eeee0a93f2f4.hpbuysell-otc-salesorder-postgres-deployer#flowable-async-job-executor-thread-28319#
[PollExecuteTaskStatusExecution] 9409158a-3ef5-419f-b18e-c3263bd4e0f3 [2026-09-23T16:35:36.911782] 'oQ4OJw5ozAr+/wudOawaMwUWQl5asD8fuy/hl5S1nv9XxIc842QJOtJFxhyeMIXt\n' + (STDOUT, APP/TASK/deploy-to-postgresql)#
#2026 09 23 16:35:58.950#Z#DEBUG#89a811f3-b76c-11f1-a9d4-eeee0a93f2f4.hpbuysell-otc-salesorder-postgres-deployer#flowable-async-job-executor-thread-28319#
[PollExecuteTaskStatusExecution] 9409158a-3ef5-419f-b18e-c3263bd4e0f3 [2026-09-23T16:35:36.911784] 'LVECVw/dPekhMjS3Zo3wwRgYbnKG7YXXT5WMxJEnHu8+cYpMiRClzq2BEP6/MtI2\n' + (STDOUT, APP/TASK/deploy-to-postgresql)#
#2026 09 23 16:35:58.950#Z#DEBUG#89a811f3-b76c-11f1-a9d4-eeee0a93f2f4.hpbuysell-otc-salesorder-postgres-deployer#flowable-async-job-executor-thread-28319#
[PollExecuteTaskStatusExecution] 9409158a-3ef5-419f-b18e-c3263bd4e0f3 [2026-09-23T16:35:36.911786] 'AZQQUFu2yFjRGL2OZA6IYjxnXYiRAgMBAAGjQjBAMA8GA1UdEwEB/wQFMAMBAf8w\n' + (STDOUT, APP/TASK/deploy-to-postgresql)#
#2026 09 23 16:35:58.950#Z#DEBUG#89a811f3-b76c-11f1-a9d4-eeee0a93f2f4.hpbuysell-otc-salesorder-postgres-deployer#flowable-async-job-executor-thread-28319#
[PollExecuteTaskStatusExecution] 9409158a-3ef5-419f-b18e-c3263bd4e0f3 [2026-09-23T16:35:36.911788] 'HQYDVR0OBBYEFADCcQCPX2HmkqQcmuHfiQ2jjqnrMA4GA1UdDwEB/wQEAwIBhjAN\n' + (STDOUT, APP/TASK/deploy-to-postgresql)#
#2026 09 23 16:35:58.950#Z#DEBUG#89a811f3-b76c-11f1-a9d4-eeee0a93f2f4.hpbuysell-otc-salesorder-postgres-deployer#flowable-async-job-executor-thread-28319#
[PollExecuteTaskStatusExecution] 9409158a-3ef5-419f-b18e-c3263bd4e0f3 [2026-09-23T16:35:36.911789] 'BgkqhkiG9w0BAQwFAAOCAgEASXkGQ2eUmudIKPeOIF7RBryCoPmMOsqP0+1qxF8l\n' + (STDOUT, APP/TASK/deploy-to-postgresql)#
#2026 09 23 16:35:58.950#Z#DEBUG#89a811f3-b76c-11f1-a9d4-eeee0a93f2f4.hpbuysell-otc-salesorder-postgres-deployer#flowable-async-job-executor-thread-28319#
[PollExecuteTaskStatusExecution] 9409158a-3ef5-419f-b18e-c3263bd4e0f3 [2026-09-23T16:35:36.911792] 'pGkwmrgNDGpmd9s0ArfIVBTc1jmpgB3oiRW9c6n2OmwBKL4UPuQ8O3KwSP0iD2sZ\n' + (STDOUT, APP/TASK/deploy-to-postgresql)#
#2026 09 23 16:35:58.950#Z#DEBUG#89a811f3-b76c-11f1-a9d4-eeee0a93f2f4.hpbuysell-otc-salesorder-postgres-deployer#flowable-async-job-executor-thread-28319#
[PollExecuteTaskStatusExecution] 9409158a-3ef5-419f-b18e-c3263bd4e0f3 [2026-09-23T16:35:36.911794] 'KMXoMEyphCEzW1I2GRvYDugL3Z9MWrnHkoaoH2l8YyTYvszTvdgxBPpM2x4pSkp+\n' + (STDOUT, APP/TASK/deploy-to-postgresql)#
#2026 09 23 16:35:58.950#Z#DEBUG#89a811f3-b76c-11f1-a9d4-eeee0a93f2f4.hpbuysell-otc-salesorder-postgres-deployer#flowable-async-job-executor-thread-28319#
[PollExecuteTaskStatusExecution] 9409158a-3ef5-419f-b18e-c3263bd4e0f3 [2026-09-23T16:35:36.911796] '76d4/eRpJ5mVuQ93nC+YG0wXCxSq63hX4kyZgPxgCdAA+qgFfKIGyNqUIqWgeyTP\n' + (STDOUT, APP/TASK/deploy-to-postgresql)#
#2026 09 23 16:35:58.950#Z#DEBUG#89a811f3-b76c-11f1-a9d4-eeee0a93f2f4.hpbuysell-otc-salesorder-postgres-deployer#flowable-async-job-executor-thread-28319#
[PollExecuteTaskStatusExecution] 9409158a-3ef5-419f-b18e-c3263bd4e0f3 [2026-09-23T16:35:36.911798] 'n5OgKaboYk2141Rf2hGMD3/hsGm0rrJh7g3C0ZirPws3eeJfulvAOIy2IZzqHUSY\n' + (STDOUT, APP/TASK/deploy-to-postgresql)#
#2026 09 23 16:35:58.950#Z#DEBUG#89a811f3-b76c-11f1-a9d4-eeee0a93f2f4.hpbuysell-otc-salesorder-postgres-deployer#flowable-async-job-executor-thread-28319#
[PollExecuteTaskStatusExecution] 9409158a-3ef5-419f-b18e-c3263bd4e0f3 [2026-09-23T16:35:36.911803] 'jkFzraz6LEH3IlArT3jUPvWKqvh2lJWnnp56aqxBR7qHH5voD49UpJWY1K0BjGnS\n' + (STDOUT, APP/TASK/deploy-to-postgresql)#
#2026 09 23 16:35:58.950#Z#DEBUG#89a811f3-b76c-11f1-a9d4-eeee0a93f2f4.hpbuysell-otc-salesorder-postgres-deployer#flowable-async-job-executor-thread-28319#
[PollExecuteTaskStatusExecution] 9409158a-3ef5-419f-b18e-c3263bd4e0f3 [2026-09-23T16:35:36.911805] 'OHcurpp0Yt/BIs4VZeWdCZwI7JaSeDcPMaMDBvND3Ia5Fga0thgYQTG6dE+N5fgF\n' + (STDOUT, APP/TASK/deploy-to-postgresql)#
#2026 09 23 16:35:58.950#Z#DEBUG#89a811f3-b76c-11f1-a9d4-eeee0a93f2f4.hpbuysell-otc-salesorder-postgres-deployer#flowable-async-job-executor-thread-28319#
[PollExecuteTaskStatusExecution] 9409158a-3ef5-419f-b18e-c3263bd4e0f3 [2026-09-23T16:35:36.911806] 'z+hRaujXO2nb0LmddVyvE8prYlWRMuYFv+Co8hcMdJ0lEZlfVNu0jbm9/GmwAZ+l\n' + (STDOUT, APP/TASK/deploy-to-postgresql)#
#2026 09 23 16:35:58.950#Z#DEBUG#89a811f3-b76c-11f1-a9d4-eeee0a93f2f4.hpbuysell-otc-salesorder-postgres-deployer#flowable-async-job-executor-thread-28319#
[PollExecuteTaskStatusExecution] 9409158a-3ef5-419f-b18e-c3263bd4e0f3 [2026-09-23T16:35:36.911809] '9umeYO9yz/uC7edC8XJBglMAKUmVK9wNtOckUWAcCfnPWYLbYa/PqtXBYcxrso5j\n' + (STDOUT, APP/TASK/deploy-to-postgresql)#
#2026 09 23 16:35:58.950#Z#DEBUG#89a811f3-b76c-11f1-a9d4-eeee0a93f2f4.hpbuysell-otc-salesorder-postgres-deployer#flowable-async-job-executor-thread-28319#
[PollExecuteTaskStatusExecution] 9409158a-3ef5-419f-b18e-c3263bd4e0f3 [2026-09-23T16:35:36.911812] 'iaS/A7iEW51uteHBGrViCy1afGG+hiUWwFlesli+Rq4dNstX3h6h2baWABaAxEVJ\n' + (STDOUT, APP/TASK/deploy-to-postgresql)#
#2026 09 23 16:35:58.950#Z#DEBUG#89a811f3-b76c-11f1-a9d4-eeee0a93f2f4.hpbuysell-otc-salesorder-postgres-deployer#flowable-async-job-executor-thread-28319#
[PollExecuteTaskStatusExecution] 9409158a-3ef5-419f-b18e-c3263bd4e0f3 [2026-09-23T16:35:36.911817] 'y1RnTQSz6mROT1VmZSgSVO37rgIyY0Hf0872ogcTS+FfvXgBxCxsNWEbiQ/XXva4\n' + (STDOUT, APP/TASK/deploy-to-postgresql)#
#2026 09 23 16:35:58.950#Z#DEBUG#89a811f3-b76c-11f1-a9d4-eeee0a93f2f4.hpbuysell-otc-salesorder-postgres-deployer#flowable-async-job-executor-thread-28319#
[PollExecuteTaskStatusExecution] 9409158a-3ef5-419f-b18e-c3263bd4e0f3 [2026-09-23T16:35:36.911819] '0Ws=\n' + (STDOUT, APP/TASK/deploy-to-postgresql)#
#2026 09 23 16:35:58.950#Z#DEBUG#89a811f3-b76c-11f1-a9d4-eeee0a93f2f4.hpbuysell-otc-salesorder-postgres-deployer#flowable-async-job-executor-thread-28319#
[PollExecuteTaskStatusExecution] 9409158a-3ef5-419f-b18e-c3263bd4e0f3 [2026-09-23T16:35:36.911822] '-----END CERTIFICATE-----\n' + (STDOUT, APP/TASK/deploy-to-postgresql)#
#2026 09 23 16:35:58.950#Z#DEBUG#89a811f3-b76c-11f1-a9d4-eeee0a93f2f4.hpbuysell-otc-salesorder-postgres-deployer#flowable-async-job-executor-thread-28319#
[PollExecuteTaskStatusExecution] 9409158a-3ef5-419f-b18e-c3263bd4e0f3 [2026-09-23T16:35:36.911825] '-----BEGIN CERTIFICATE-----\n' + (STDOUT, APP/TASK/deploy-to-postgresql)#
#2026 09 23 16:35:58.950#Z#DEBUG#89a811f3-b76c-11f1-a9d4-eeee0a93f2f4.hpbuysell-otc-salesorder-postgres-deployer#flowable-async-job-executor-thread-28319#
[PollExecuteTaskStatusExecution] 9409158a-3ef5-419f-b18e-c3263bd4e0f3 [2026-09-23T16:35:36.911829] 'MIICrjCCAjSgAwIBAgIRAPAlEk8VJPmEzVRRaWvTh2AwCgYIKoZIzj0EAwMwgZYx\n' + (STDOUT, APP/TASK/deploy-to-postgresql)#
#2026 09 23 16:35:58.950#Z#DEBUG#89a811f3-b76c-11f1-a9d4-eeee0a93f2f4.hpbuysell-otc-salesorder-postgres-deployer#flowable-async-job-executor-thread-28319#
[PollExecuteTaskStatusExecution] 9409158a-3ef5-419f-b18e-c3263bd4e0f3 [2026-09-23T16:35:36.911832] 'CzAJBgNVBAYTAlVTMSIwIAYDVQQKDBlBbWF6b24gV2ViIFNlcnZpY2VzLCBJbmMu\n' + (STDOUT, APP/TASK/deploy-to-postgresql)#
#2026 09 23 16:35:58.950#Z#DEBUG#89a811f3-b76c-11f1-a9d4-eeee0a93f2f4.hpbuysell-otc-salesorder-postgres-deployer#flowable-async-job-executor-thread-28319#
[PollExecuteTaskStatusExecution] 9409158a-3ef5-419f-b18e-c3263bd4e0f3 [2026-09-23T16:35:36.911835] 'MRMwEQYDVQQLDApBbWF6b24gUkRTMQswCQYDVQQIDAJXQTEvMC0GA1UEAwwmQW1h\n' + (STDOUT, APP/TASK/deploy-to-postgresql)#
#2026 09 23 16:35:58.950#Z#DEBUG#89a811f3-b76c-11f1-a9d4-eeee0a93f2f4.hpbuysell-otc-salesorder-postgres-deployer#flowable-async-job-executor-thread-28319#
[PollExecuteTaskStatusExecution] 9409158a-3ef5-419f-b18e-c3263bd4e0f3 [2026-09-23T16:35:36.911838] 'em9uIFJEUyB1cy1lYXN0LTEgUm9vdCBDQSBFQ0MzODQgRzExEDAOBgNVBAcMB1Nl\n' + (STDOUT, APP/TASK/deploy-to-postgresql)#
#2026 09 23 16:35:58.950#Z#DEBUG#89a811f3-b76c-11f1-a9d4-eeee0a93f2f4.hpbuysell-otc-salesorder-postgres-deployer#flowable-async-job-executor-thread-28319#
[PollExecuteTaskStatusExecution] 9409158a-3ef5-419f-b18e-c3263bd4e0f3 [2026-09-23T16:35:36.911842] 'YXR0bGUwIBcNMjEwNTI1MjI0MTU1WhgPMjEyMTA1MjUyMzQxNTVaMIGWMQswCQYD\n' + (STDOUT, APP/TASK/deploy-to-postgresql)#
#2026 09 23 16:35:58.950#Z#DEBUG#89a811f3-b76c-11f1-a9d4-eeee0a93f2f4.hpbuysell-otc-salesorder-postgres-deployer#flowable-async-job-executor-thread-28319#
[PollExecuteTaskStatusExecution] 9409158a-3ef5-419f-b18e-c3263bd4e0f3 [2026-09-23T16:35:36.911845] 'VQQGEwJVUzEiMCAGA1UECgwZQW1hem9uIFdlYiBTZXJ2aWNlcywgSW5jLjETMBEG\n' + (STDOUT, APP/TASK/deploy-to-postgresql)#
#2026 09 23 16:35:58.950#Z#DEBUG#89a811f3-b76c-11f1-a9d4-eeee0a93f2f4.hpbuysell-otc-salesorder-postgres-deployer#flowable-async-job-executor-thread-28319#
[PollExecuteTaskStatusExecution] 9409158a-3ef5-419f-b18e-c3263bd4e0f3 [2026-09-23T16:35:36.911849] 'A1UECwwKQW1hem9uIFJEUzELMAkGA1UECAwCV0ExLzAtBgNVBAMMJkFtYXpvbiBS\n' + (STDOUT, APP/TASK/deploy-to-postgresql)#
#2026 09 23 16:35:58.950#Z#DEBUG#89a811f3-b76c-11f1-a9d4-eeee0a93f2f4.hpbuysell-otc-salesorder-postgres-deployer#flowable-async-job-executor-thread-28319#
[PollExecuteTaskStatusExecution] 9409158a-3ef5-419f-b18e-c3263bd4e0f3 [2026-09-23T16:35:36.911852] 'RFMgdXMtZWFzdC0xIFJvb3QgQ0EgRUNDMzg0IEcxMRAwDgYDVQQHDAdTZWF0dGxl\n' + (STDOUT, APP/TASK/deploy-to-postgresql)#
#2026 09 23 16:35:58.950#Z#DEBUG#89a811f3-b76c-11f1-a9d4-eeee0a93f2f4.hpbuysell-otc-salesorder-postgres-deployer#flowable-async-job-executor-thread-28319#
[PollExecuteTaskStatusExecution] 9409158a-3ef5-419f-b18e-c3263bd4e0f3 [2026-09-23T16:35:36.911855] 'MHYwEAYHKoZIzj0CAQYFK4EEACIDYgAEx5xjrup8II4HOJw15NTnS3H5yMrQGlbj\n' + (STDOUT, APP/TASK/deploy-to-postgresql)#
#2026 09 23 16:35:58.950#Z#DEBUG#89a811f3-b76c-11f1-a9d4-eeee0a93f2f4.hpbuysell-otc-salesorder-postgres-deployer#flowable-async-job-executor-thread-28319#
[PollExecuteTaskStatusExecution] 9409158a-3ef5-419f-b18e-c3263bd4e0f3 [2026-09-23T16:35:36.911857] 'EDA5MMGnE9DmHp5dACIxmPXPMe/99nO7wNdl7G71OYPCgEvWm0FhdvVUeTb3LVnV\n' + (STDOUT, APP/TASK/deploy-to-postgresql)#
#2026 09 23 16:35:58.950#Z#DEBUG#89a811f3-b76c-11f1-a9d4-eeee0a93f2f4.hpbuysell-otc-salesorder-postgres-deployer#flowable-async-job-executor-thread-28319#
[PollExecuteTaskStatusExecution] 9409158a-3ef5-419f-b18e-c3263bd4e0f3 [2026-09-23T16:35:36.911858] 'BnaXt32Ek7/oxGk1T+Df03C+W0vmuJ+wo0IwQDAPBgNVHRMBAf8EBTADAQH/MB0G\n' + (STDOUT, APP/TASK/deploy-to-postgresql)#
#2026 09 23 16:35:58.950#Z#DEBUG#89a811f3-b76c-11f1-a9d4-eeee0a93f2f4.hpbuysell-otc-salesorder-postgres-deployer#flowable-async-job-executor-thread-28319#
[PollExecuteTaskStatusExecution] 9409158a-3ef5-419f-b18e-c3263bd4e0f3 [2026-09-23T16:35:36.911860] 'A1UdDgQWBBTGXmqBWN/1tkSea4pNw0oHrjk2UDAOBgNVHQ8BAf8EBAMCAYYwCgYI\n' + (STDOUT, APP/TASK/deploy-to-postgresql)#
#2026 09 23 16:35:58.950#Z#DEBUG#89a811f3-b76c-11f1-a9d4-eeee0a93f2f4.hpbuysell-otc-salesorder-postgres-deployer#flowable-async-job-executor-thread-28319#
[PollExecuteTaskStatusExecution] 9409158a-3ef5-419f-b18e-c3263bd4e0f3 [2026-09-23T16:35:36.911863] 'KoZIzj0EAwMDaAAwZQIxAIqqZWCSrIkZ7zsv/FygtAusW6yvlL935YAWYPVXU30m\n' + (STDOUT, APP/TASK/deploy-to-postgresql)#
#2026 09 23 16:35:58.950#Z#DEBUG#89a811f3-b76c-11f1-a9d4-eeee0a93f2f4.hpbuysell-otc-salesorder-postgres-deployer#flowable-async-job-executor-thread-28319#
[PollExecuteTaskStatusExecution] 9409158a-3ef5-419f-b18e-c3263bd4e0f3 [2026-09-23T16:35:36.911865] 'jkMFLM+/RJ9GMvnO8jHfCgIwB+whlkcItzE9CRQ6CsMo/d5cEHDUu/QW6jSIh9BR\n' + (STDOUT, APP/TASK/deploy-to-postgresql)#
#2026 09 23 16:35:58.950#Z#DEBUG#89a811f3-b76c-11f1-a9d4-eeee0a93f2f4.hpbuysell-otc-salesorder-postgres-deployer#flowable-async-job-executor-thread-28319#
[PollExecuteTaskStatusExecution] 9409158a-3ef5-419f-b18e-c3263bd4e0f3 [2026-09-23T16:35:36.911867] 'OGh9pTYPVkUbBiKPA7lVVhre\n' + (STDOUT, APP/TASK/deploy-to-postgresql)#
#2026 09 23 16:35:58.950#Z#DEBUG#89a811f3-b76c-11f1-a9d4-eeee0a93f2f4.hpbuysell-otc-salesorder-postgres-deployer#flowable-async-job-executor-thread-28319#
[PollExecuteTaskStatusExecution] 9409158a-3ef5-419f-b18e-c3263bd4e0f3 [2026-09-23T16:35:36.911869] '-----END CERTIFICATE-----\n', (STDOUT, APP/TASK/deploy-to-postgresql)#
#2026 09 23 16:35:58.950#Z#DEBUG#89a811f3-b76c-11f1-a9d4-eeee0a93f2f4.hpbuysell-otc-salesorder-postgres-deployer#flowable-async-job-executor-thread-28319#
[PollExecuteTaskStatusExecution] 9409158a-3ef5-419f-b18e-c3263bd4e0f3 [2026-09-23T16:35:36.911871] uri: 'postgres://e4d51886f3dc:daacb78fca6ef102b1397708@postgres-63a33c28-9d9e-4453-821a-000f0ee4a75c.c24srvdukvjo.us-east-1.rds.amazonaws.com:7565/BQiFxAUMVHcr', (STDOUT, APP/TASK/deploy-to-postgresql)#
#2026 09 23 16:35:58.950#Z#DEBUG#89a811f3-b76c-11f1-a9d4-eeee0a93f2f4.hpbuysell-otc-salesorder-postgres-deployer#flowable-async-job-executor-thread-28319#
[PollExecuteTaskStatusExecution] 9409158a-3ef5-419f-b18e-c3263bd4e0f3 [2026-09-23T16:35:36.911874] urls: { (STDOUT, APP/TASK/deploy-to-postgresql)#
#2026 09 23 16:35:58.950#Z#DEBUG#89a811f3-b76c-11f1-a9d4-eeee0a93f2f4.hpbuysell-otc-salesorder-postgres-deployer#flowable-async-job-executor-thread-28319#
[PollExecuteTaskStatusExecution] 9409158a-3ef5-419f-b18e-c3263bd4e0f3 [2026-09-23T16:35:36.911876] api_server: 'https://api-backing-services.us10.data.services.cloud.sap' (STDOUT, APP/TASK/deploy-to-postgresql)#
#2026 09 23 16:35:58.950#Z#DEBUG#89a811f3-b76c-11f1-a9d4-eeee0a93f2f4.hpbuysell-otc-salesorder-postgres-deployer#flowable-async-job-executor-thread-28319#
[PollExecuteTaskStatusExecution] 9409158a-3ef5-419f-b18e-c3263bd4e0f3 [2026-09-23T16:35:36.911879] } (STDOUT, APP/TASK/deploy-to-postgresql)#
#2026 09 23 16:35:58.950#Z#DEBUG#89a811f3-b76c-11f1-a9d4-eeee0a93f2f4.hpbuysell-otc-salesorder-postgres-deployer#flowable-async-job-executor-thread-28319#
[PollExecuteTaskStatusExecution] 9409158a-3ef5-419f-b18e-c3263bd4e0f3 [2026-09-23T16:35:36.911882] } (STDOUT, APP/TASK/deploy-to-postgresql)#
#2026 09 23 16:35:58.950#Z#DEBUG#89a811f3-b76c-11f1-a9d4-eeee0a93f2f4.hpbuysell-otc-salesorder-postgres-deployer#flowable-async-job-executor-thread-28319#
[PollExecuteTaskStatusExecution] 9409158a-3ef5-419f-b18e-c3263bd4e0f3 [2026-09-23T16:35:36.911883] } {} (STDOUT, APP/TASK/deploy-to-postgresql)#
#2026 09 23 16:35:58.950#Z#DEBUG#89a811f3-b76c-11f1-a9d4-eeee0a93f2f4.hpbuysell-otc-salesorder-postgres-deployer#flowable-async-job-executor-thread-28319#
[PollExecuteTaskStatusExecution] 9409158a-3ef5-419f-b18e-c3263bd4e0f3 [2026-09-23T16:35:37.461976] (node:56) DeprecationWarning: Calling client.query() when the client is already executing a query is deprecated and will be removed in pg@9.0. Use async/await or an external async flow control mechanism instead. (STDERR, APP/TASK/deploy-to-postgresql)#
#2026 09 23 16:35:58.950#Z#DEBUG#89a811f3-b76c-11f1-a9d4-eeee0a93f2f4.hpbuysell-otc-salesorder-postgres-deployer#flowable-async-job-executor-thread-28319#
[PollExecuteTaskStatusExecution] 9409158a-3ef5-419f-b18e-c3263bd4e0f3 [2026-09-23T16:35:37.462015] (Use `node --trace-deprecation ...` to show where the warning was created) (STDERR, APP/TASK/deploy-to-postgresql)#
#2026 09 23 16:35:58.950#Z#DEBUG#89a811f3-b76c-11f1-a9d4-eeee0a93f2f4.hpbuysell-otc-salesorder-postgres-deployer#flowable-async-job-executor-thread-28319#
[PollExecuteTaskStatusExecution] 9409158a-3ef5-419f-b18e-c3263bd4e0f3 [2026-09-23T16:35:37.825276] /> deployment to postgres-63a33c28-9d9e-4453-821a-000f0ee4a75c.c24srvdukvjo.us-east-1.rds.amazonaws.com:7565 failed (STDOUT, APP/TASK/deploy-to-postgresql)#
#2026 09 23 16:35:58.950#Z#DEBUG#89a811f3-b76c-11f1-a9d4-eeee0a93f2f4.hpbuysell-otc-salesorder-postgres-deployer#flowable-async-job-executor-thread-28319#
[PollExecuteTaskStatusExecution] 9409158a-3ef5-419f-b18e-c3263bd4e0f3 [2026-09-23T16:35:37.825924] Error: CDS compilation failed (@sap/cds-compiler v6.9.5) (STDERR, APP/TASK/deploy-to-postgresql)#
#2026 09 23 16:35:58.950#Z#DEBUG#89a811f3-b76c-11f1-a9d4-eeee0a93f2f4.hpbuysell-otc-salesorder-postgres-deployer#flowable-async-job-executor-thread-28319#
[PollExecuteTaskStatusExecution] 9409158a-3ef5-419f-b18e-c3263bd4e0f3 [2026-09-23T16:35:37.825950] db/csn.json:811: Error: Dropping elements is not supported (in entity:“hpbuysell.otc.salesorder.SalesOrderAcknowledgements”/element:“ID”) (STDERR, APP/TASK/deploy-to-postgresql)#
#2026 09 23 16:35:58.950#Z#DEBUG#89a811f3-b76c-11f1-a9d4-eeee0a93f2f4.hpbuysell-otc-salesorder-postgres-deployer#flowable-async-job-executor-thread-28319#
[PollExecuteTaskStatusExecution] 9409158a-3ef5-419f-b18e-c3263bd4e0f3 [2026-09-23T16:35:37.825954] at throwWithAnyError (/home/vcap/app/node_modules/@sap/cds-compiler/lib/base/messages.js:607:13) (STDERR, APP/TASK/deploy-to-postgresql)#
#2026 09 23 16:35:58.950#Z#DEBUG#89a811f3-b76c-11f1-a9d4-eeee0a93f2f4.hpbuysell-otc-salesorder-postgres-deployer#flowable-async-job-executor-thread-28319#
[PollExecuteTaskStatusExecution] 9409158a-3ef5-419f-b18e-c3263bd4e0f3 [2026-09-23T16:35:37.825959] at Proxy.toSqlDdl (/home/vcap/app/node_modules/@sap/cds-compiler/lib/render/toSql.js:311:3) (STDERR, APP/TASK/deploy-to-postgresql)#
#2026 09 23 16:35:58.950#Z#DEBUG#89a811f3-b76c-11f1-a9d4-eeee0a93f2f4.hpbuysell-otc-salesorder-postgres-deployer#flowable-async-job-executor-thread-28319#
[PollExecuteTaskStatusExecution] 9409158a-3ef5-419f-b18e-c3263bd4e0f3 [2026-09-23T16:35:37.825966] at sqlMigration (/home/vcap/app/node_modules/@sap/cds-compiler/lib/api/main.js:606:13) (STDERR, APP/TASK/deploy-to-postgresql)#
#2026 09 23 16:35:58.950#Z#DEBUG#89a811f3-b76c-11f1-a9d4-eeee0a93f2f4.hpbuysell-otc-salesorder-postgres-deployer#flowable-async-job-executor-thread-28319#
[PollExecuteTaskStatusExecution] 9409158a-3ef5-419f-b18e-c3263bd4e0f3 [2026-09-23T16:35:37.825969] at Function.api [as migration] (/home/vcap/app/node_modules/@sap/cds-compiler/lib/api/main.js:1185:22) (STDERR, APP/TASK/deploy-to-postgresql)#
#2026 09 23 16:35:58.950#Z#DEBUG#89a811f3-b76c-11f1-a9d4-eeee0a93f2f4.hpbuysell-otc-salesorder-postgres-deployer#flowable-async-job-executor-thread-28319#
[PollExecuteTaskStatusExecution] 9409158a-3ef5-419f-b18e-c3263bd4e0f3 [2026-09-23T16:35:37.825972] at Function.migration (/home/vcap/app/node_modules/@sap/cds-compiler/lib/main.js:157:41) (STDERR, APP/TASK/deploy-to-postgresql)#
#2026 09 23 16:35:58.950#Z#DEBUG#89a811f3-b76c-11f1-a9d4-eeee0a93f2f4.hpbuysell-otc-salesorder-postgres-deployer#flowable-async-job-executor-thread-28319#
[PollExecuteTaskStatusExecution] 9409158a-3ef5-419f-b18e-c3263bd4e0f3 [2026-09-23T16:35:37.825975] at Object.deltaSql (/home/vcap/app/node_modules/@sap/cds/lib/compile/cdsc.js:165:53) (STDERR, APP/TASK/deploy-to-postgresql)#
#2026 09 23 16:35:58.950#Z#DEBUG#89a811f3-b76c-11f1-a9d4-eeee0a93f2f4.hpbuysell-otc-salesorder-postgres-deployer#flowable-async-job-executor-thread-28319#
[PollExecuteTaskStatusExecution] 9409158a-3ef5-419f-b18e-c3263bd4e0f3 [2026-09-23T16:35:37.825978] at /home/vcap/app/node_modules/@sap/cds/lib/compile/to/sql.js:38:61 (STDERR, APP/TASK/deploy-to-postgresql)#
#2026 09 23 16:35:58.950#Z#DEBUG#89a811f3-b76c-11f1-a9d4-eeee0a93f2f4.hpbuysell-otc-salesorder-postgres-deployer#flowable-async-job-executor-thread-28319#
[PollExecuteTaskStatusExecution] 9409158a-3ef5-419f-b18e-c3263bd4e0f3 [2026-09-23T16:35:37.825984] at next (/home/vcap/app/node_modules/@sap/cds/lib/compile/to/sql.js:44:4) (STDERR, APP/TASK/deploy-to-postgresql)#
#2026 09 23 16:35:58.950#Z#DEBUG#89a811f3-b76c-11f1-a9d4-eeee0a93f2f4.hpbuysell-otc-salesorder-postgres-deployer#flowable-async-job-executor-thread-28319#
[PollExecuteTaskStatusExecution] 9409158a-3ef5-419f-b18e-c3263bd4e0f3 [2026-09-23T16:35:37.825988] at Function.cds_compile_to_deltaSql [as delta] (/home/vcap/app/node_modules/@sap/cds/lib/compile/to/sql.js:46:21) (STDERR, APP/TASK/deploy-to-postgresql)#
#2026 09 23 16:35:58.950#Z#DEBUG#89a811f3-b76c-11f1-a9d4-eeee0a93f2f4.hpbuysell-otc-salesorder-postgres-deployer#flowable-async-job-executor-thread-28319#
[PollExecuteTaskStatusExecution] 9409158a-3ef5-419f-b18e-c3263bd4e0f3 [2026-09-23T16:35:37.825990] at deploy.schema (/home/vcap/app/node_modules/@sap/cds/lib/dbs/cds-deploy.js:75:75) (STDERR, APP/TASK/deploy-to-postgresql)#
#2026 09 23 16:35:58.950#Z#DEBUG#89a811f3-b76c-11f1-a9d4-eeee0a93f2f4.hpbuysell-otc-salesorder-postgres-deployer#flowable-async-job-executor-thread-28319#
[PollExecuteTaskStatusExecution] 9409158a-3ef5-419f-b18e-c3263bd4e0f3 [2026-09-23T16:35:37.847125] npm notice (STDERR, APP/TASK/deploy-to-postgresql)#
#2026 09 23 16:35:58.950#Z#DEBUG#89a811f3-b76c-11f1-a9d4-eeee0a93f2f4.hpbuysell-otc-salesorder-postgres-deployer#flowable-async-job-executor-thread-28319#
[PollExecuteTaskStatusExecution] 9409158a-3ef5-419f-b18e-c3263bd4e0f3 [2026-09-23T16:35:37.847138] npm notice New major version of npm available! 10.9.8 -> 12.1.0 (STDERR, APP/TASK/deploy-to-postgresql)#
#2026 09 23 16:35:58.950#Z#DEBUG#89a811f3-b76c-11f1-a9d4-eeee0a93f2f4.hpbuysell-otc-salesorder-postgres-deployer#flowable-async-job-executor-thread-28319#
[PollExecuteTaskStatusExecution] 9409158a-3ef5-419f-b18e-c3263bd4e0f3 [2026-09-23T16:35:37.847141] npm notice Changelog: https://github.com/npm/cli/releases/tag/v12.1.0 (STDERR, APP/TASK/deploy-to-postgresql)#
#2026 09 23 16:35:58.950#Z#DEBUG#89a811f3-b76c-11f1-a9d4-eeee0a93f2f4.hpbuysell-otc-salesorder-postgres-deployer#flowable-async-job-executor-thread-28319#
[PollExecuteTaskStatusExecution] 9409158a-3ef5-419f-b18e-c3263bd4e0f3 [2026-09-23T16:35:37.847142] npm notice To update run: npm install -g npm@12.1.0 (STDERR, APP/TASK/deploy-to-postgresql)#
#2026 09 23 16:35:58.950#Z#DEBUG#89a811f3-b76c-11f1-a9d4-eeee0a93f2f4.hpbuysell-otc-salesorder-postgres-deployer#flowable-async-job-executor-thread-28319#
[PollExecuteTaskStatusExecution] 9409158a-3ef5-419f-b18e-c3263bd4e0f3 [2026-09-23T16:35:37.847145] npm notice (STDERR, APP/TASK/deploy-to-postgresql)#
#2026 09 23 16:35:58.950#Z#DEBUG#89a811f3-b76c-11f1-a9d4-eeee0a93f2f4.hpbuysell-otc-salesorder-postgres-deployer#flowable-async-job-executor-thread-28319#
[PollExecuteTaskStatusExecution] 9409158a-3ef5-419f-b18e-c3263bd4e0f3 [2026-09-23T16:35:37.900500] Exit status 1 (STDOUT, APP/TASK/deploy-to-postgresql)#
#2026 09 23 16:35:58.950#Z#DEBUG#89a811f3-b76c-11f1-a9d4-eeee0a93f2f4.hpbuysell-otc-salesorder-postgres-deployer#flowable-async-job-executor-thread-28319#
[PollExecuteTaskStatusExecution] 9409158a-3ef5-419f-b18e-c3263bd4e0f3 [2026-09-23T16:35:38.377833] Cell a2a00f1d-079f-4e20-bb58-abe9cdcb03c8 stopping instance 075cb87f-c737-451e-95f6-3adef90e6793 (STDOUT, CELL)#
#2026 09 23 16:35:58.950#Z#DEBUG#89a811f3-b76c-11f1-a9d4-eeee0a93f2f4.hpbuysell-otc-salesorder-postgres-deployer#flowable-async-job-executor-thread-28319#
[PollExecuteTaskStatusExecution] 9409158a-3ef5-419f-b18e-c3263bd4e0f3 [2026-09-23T16:35:38.377863] Cell a2a00f1d-079f-4e20-bb58-abe9cdcb03c8 destroying container for instance 075cb87f-c737-451e-95f6-3adef90e6793 (STDOUT, CELL)#
#2026 09 23 16:35:58.950#Z#DEBUG#89a811f3-b76c-11f1-a9d4-eeee0a93f2f4.hpbuysell-otc-salesorder-postgres-deployer#flowable-async-job-executor-thread-28319#
[PollExecuteTaskStatusExecution] 9409158a-3ef5-419f-b18e-c3263bd4e0f3 [2026-09-23T16:35:39.628660] Cell a2a00f1d-079f-4e20-bb58-abe9cdcb03c8 successfully destroyed container for instance 075cb87f-c737-451e-95f6-3adef90e6793 (STDOUT, CELL)#
#2026 09 23 16:35:58.950#Z#DEBUG#89a811f3-b76c-11f1-a9d4-eeee0a93f2f4.hpbuysell-otc-salesorder-postgres-deployer#flowable-async-job-executor-thread-28319#
[PollExecuteTaskStatusExecution] 9409158a-3ef5-419f-b18e-c3263bd4e0f3 [2026-09-23T16:35:41.556087] Cell a2a00f1d-079f-4e20-bb58-abe9cdcb03c8 creating container for instance 60bdcdc5-11d5-424b-b0af-d8b7d7622d51 (STDOUT, CELL)#
#2026 09 23 16:35:58.950#Z#DEBUG#89a811f3-b76c-11f1-a9d4-eeee0a93f2f4.hpbuysell-otc-salesorder-postgres-deployer#flowable-async-job-executor-thread-28319#
[PollExecuteTaskStatusExecution] 9409158a-3ef5-419f-b18e-c3263bd4e0f3 [2026-09-23T16:35:41.904040] Security group rules were updated (STDOUT, CELL)#
#2026 09 23 16:35:58.950#Z#DEBUG#89a811f3-b76c-11f1-a9d4-eeee0a93f2f4.hpbuysell-otc-salesorder-postgres-deployer#flowable-async-job-executor-thread-28319#
[PollExecuteTaskStatusExecution] 9409158a-3ef5-419f-b18e-c3263bd4e0f3 [2026-09-23T16:35:41.924504] Cell a2a00f1d-079f-4e20-bb58-abe9cdcb03c8 successfully created container for instance 60bdcdc5-11d5-424b-b0af-d8b7d7622d51 (STDOUT, CELL)#
#2026 09 23 16:35:58.950#Z#DEBUG#89a811f3-b76c-11f1-a9d4-eeee0a93f2f4.hpbuysell-otc-salesorder-postgres-deployer#flowable-async-job-executor-thread-28319#
[PollExecuteTaskStatusExecution] 9409158a-3ef5-419f-b18e-c3263bd4e0f3 [2026-09-23T16:35:46.262857] Invoking pre-start scripts. (STDOUT, APP/TASK/deploy-to-postgresql)#
#2026 09 23 16:35:58.950#Z#DEBUG#89a811f3-b76c-11f1-a9d4-eeee0a93f2f4.hpbuysell-otc-salesorder-postgres-deployer#flowable-async-job-executor-thread-28319#
[PollExecuteTaskStatusExecution] 9409158a-3ef5-419f-b18e-c3263bd4e0f3 [2026-09-23T16:35:46.416948] Invoking start command. (STDOUT, APP/TASK/deploy-to-postgresql)#
#2026 09 23 16:35:58.950#Z#DEBUG#89a811f3-b76c-11f1-a9d4-eeee0a93f2f4.hpbuysell-otc-salesorder-postgres-deployer#flowable-async-job-executor-thread-28319#
[PollExecuteTaskStatusExecution] 9409158a-3ef5-419f-b18e-c3263bd4e0f3 [2026-09-23T16:35:46.734711] > start (STDOUT, APP/TASK/deploy-to-postgresql)#
#2026 09 23 16:35:58.950#Z#DEBUG#89a811f3-b76c-11f1-a9d4-eeee0a93f2f4.hpbuysell-otc-salesorder-postgres-deployer#flowable-async-job-executor-thread-28319#
[PollExecuteTaskStatusExecution] 9409158a-3ef5-419f-b18e-c3263bd4e0f3 [2026-09-23T16:35:46.734743] > cds-deploy (STDOUT, APP/TASK/deploy-to-postgresql)#
#2026 09 23 16:35:58.950#Z#DEBUG#89a811f3-b76c-11f1-a9d4-eeee0a93f2f4.hpbuysell-otc-salesorder-postgres-deployer#flowable-async-job-executor-thread-28319#
[PollExecuteTaskStatusExecution] 9409158a-3ef5-419f-b18e-c3263bd4e0f3 [2026-09-23T16:35:46.791737] Deploying with options: { (STDOUT, APP/TASK/deploy-to-postgresql)#
#2026 09 23 16:35:58.950#Z#DEBUG#89a811f3-b76c-11f1-a9d4-eeee0a93f2f4.hpbuysell-otc-salesorder-postgres-deployer#flowable-async-job-executor-thread-28319#
[PollExecuteTaskStatusExecution] 9409158a-3ef5-419f-b18e-c3263bd4e0f3 [2026-09-23T16:35:46.791763] impl: '@cap-js/postgres', (STDOUT, APP/TASK/deploy-to-postgresql)#
#2026 09 23 16:35:58.950#Z#DEBUG#89a811f3-b76c-11f1-a9d4-eeee0a93f2f4.hpbuysell-otc-salesorder-postgres-deployer#flowable-async-job-executor-thread-28319#
[PollExecuteTaskStatusExecution] 9409158a-3ef5-419f-b18e-c3263bd4e0f3 [2026-09-23T16:35:46.791766] kind: 'postgres', (STDOUT, APP/TASK/deploy-to-postgresql)#
#2026 09 23 16:35:58.950#Z#DEBUG#89a811f3-b76c-11f1-a9d4-eeee0a93f2f4.hpbuysell-otc-salesorder-postgres-deployer#flowable-async-job-executor-thread-28319#
[PollExecuteTaskStatusExecution] 9409158a-3ef5-419f-b18e-c3263bd4e0f3 [2026-09-23T16:35:46.791768] dialect: 'postgres', (STDOUT, APP/TASK/deploy-to-postgresql)#
#2026 09 23 16:35:58.950#Z#DEBUG#89a811f3-b76c-11f1-a9d4-eeee0a93f2f4.hpbuysell-otc-salesorder-postgres-deployer#flowable-async-job-executor-thread-28319#
[PollExecuteTaskStatusExecution] 9409158a-3ef5-419f-b18e-c3263bd4e0f3 [2026-09-23T16:35:46.791772] vcap: { label: 'postgresql-db' }, (STDOUT, APP/TASK/deploy-to-postgresql)#
#2026 09 23 16:35:58.950#Z#DEBUG#89a811f3-b76c-11f1-a9d4-eeee0a93f2f4.hpbuysell-otc-salesorder-postgres-deployer#flowable-async-job-executor-thread-28319#
[PollExecuteTaskStatusExecution] 9409158a-3ef5-419f-b18e-c3263bd4e0f3 [2026-09-23T16:35:46.791774] pool: { (STDOUT, APP/TASK/deploy-to-postgresql)#
#2026 09 23 16:35:58.950#Z#DEBUG#89a811f3-b76c-11f1-a9d4-eeee0a93f2f4.hpbuysell-otc-salesorder-postgres-deployer#flowable-async-job-executor-thread-28319#
[PollExecuteTaskStatusExecution] 9409158a-3ef5-419f-b18e-c3263bd4e0f3 [2026-09-23T16:35:46.791776] min: 0, (STDOUT, APP/TASK/deploy-to-postgresql)#
#2026 09 23 16:35:58.950#Z#DEBUG#89a811f3-b76c-11f1-a9d4-eeee0a93f2f4.hpbuysell-otc-salesorder-postgres-deployer#flowable-async-job-executor-thread-28319#
[PollExecuteTaskStatusExecution] 9409158a-3ef5-419f-b18e-c3263bd4e0f3 [2026-09-23T16:35:46.791781] max: 10, (STDOUT, APP/TASK/deploy-to-postgresql)#
#2026 09 23 16:35:58.950#Z#DEBUG#89a811f3-b76c-11f1-a9d4-eeee0a93f2f4.hpbuysell-otc-salesorder-postgres-deployer#flowable-async-job-executor-thread-28319#
[PollExecuteTaskStatusExecution] 9409158a-3ef5-419f-b18e-c3263bd4e0f3 [2026-09-23T16:35:46.791783] testOnBorrow: true, (STDOUT, APP/TASK/deploy-to-postgresql)#
#2026 09 23 16:35:58.950#Z#DEBUG#89a811f3-b76c-11f1-a9d4-eeee0a93f2f4.hpbuysell-otc-salesorder-postgres-deployer#flowable-async-job-executor-thread-28319#
[PollExecuteTaskStatusExecution] 9409158a-3ef5-419f-b18e-c3263bd4e0f3 [2026-09-23T16:35:46.791786] acquireTimeoutMillis: 1000, (STDOUT, APP/TASK/deploy-to-postgresql)#
#2026 09 23 16:35:58.950#Z#DEBUG#89a811f3-b76c-11f1-a9d4-eeee0a93f2f4.hpbuysell-otc-salesorder-postgres-deployer#flowable-async-job-executor-thread-28319#
[PollExecuteTaskStatusExecution] 9409158a-3ef5-419f-b18e-c3263bd4e0f3 [2026-09-23T16:35:46.791788] destroyTimeoutMillis: 1000 (STDOUT, APP/TASK/deploy-to-postgresql)#
#2026 09 23 16:35:58.950#Z#DEBUG#89a811f3-b76c-11f1-a9d4-eeee0a93f2f4.hpbuysell-otc-salesorder-postgres-deployer#flowable-async-job-executor-thread-28319#
[PollExecuteTaskStatusExecution] 9409158a-3ef5-419f-b18e-c3263bd4e0f3 [2026-09-23T16:35:46.791790] }, (STDOUT, APP/TASK/deploy-to-postgresql)#
#2026 09 23 16:35:58.950#Z#DEBUG#89a811f3-b76c-11f1-a9d4-eeee0a93f2f4.hpbuysell-otc-salesorder-postgres-deployer#flowable-async-job-executor-thread-28319#
[PollExecuteTaskStatusExecution] 9409158a-3ef5-419f-b18e-c3263bd4e0f3 [2026-09-23T16:35:46.791795] schema_evolution: 'auto', (STDOUT, APP/TASK/deploy-to-postgresql)#
#2026 09 23 16:35:58.950#Z#DEBUG#89a811f3-b76c-11f1-a9d4-eeee0a93f2f4.hpbuysell-otc-salesorder-postgres-deployer#flowable-async-job-executor-thread-28319#
[PollExecuteTaskStatusExecution] 9409158a-3ef5-419f-b18e-c3263bd4e0f3 [2026-09-23T16:35:46.791797] credentials: { (STDOUT, APP/TASK/deploy-to-postgresql)#
#2026 09 23 16:35:58.950#Z#DEBUG#89a811f3-b76c-11f1-a9d4-eeee0a93f2f4.hpbuysell-otc-salesorder-postgres-deployer#flowable-async-job-executor-thread-28319#
[PollExecuteTaskStatusExecution] 9409158a-3ef5-419f-b18e-c3263bd4e0f3 [2026-09-23T16:35:46.791799] database: 'db.sqlite', (STDOUT, APP/TASK/deploy-to-postgresql)#
#2026 09 23 16:35:58.950#Z#DEBUG#89a811f3-b76c-11f1-a9d4-eeee0a93f2f4.hpbuysell-otc-salesorder-postgres-deployer#flowable-async-job-executor-thread-28319#
[PollExecuteTaskStatusExecution] 9409158a-3ef5-419f-b18e-c3263bd4e0f3 [2026-09-23T16:35:46.791801] schema: 'hpbuysell_otc_salesorder', (STDOUT, APP/TASK/deploy-to-postgresql)#
#2026 09 23 16:35:58.950#Z#DEBUG#89a811f3-b76c-11f1-a9d4-eeee0a93f2f4.hpbuysell-otc-salesorder-postgres-deployer#flowable-async-job-executor-thread-28319#
[PollExecuteTaskStatusExecution] 9409158a-3ef5-419f-b18e-c3263bd4e0f3 [2026-09-23T16:35:46.791803] hostname: 'postgres-63a33c28-9d9e-4453-821a-000f0ee4a75c.c24srvdukvjo.us-east-1.rds.amazonaws.com', (STDOUT, APP/TASK/deploy-to-postgresql)#
#2026 09 23 16:35:58.950#Z#DEBUG#89a811f3-b76c-11f1-a9d4-eeee0a93f2f4.hpbuysell-otc-salesorder-postgres-deployer#flowable-async-job-executor-thread-28319#
[PollExecuteTaskStatusExecution] 9409158a-3ef5-419f-b18e-c3263bd4e0f3 [2026-09-23T16:35:46.791805] port: '7565', (STDOUT, APP/TASK/deploy-to-postgresql)#
#2026 09 23 16:35:58.950#Z#DEBUG#89a811f3-b76c-11f1-a9d4-eeee0a93f2f4.hpbuysell-otc-salesorder-postgres-deployer#flowable-async-job-executor-thread-28319#
[PollExecuteTaskStatusExecution] 9409158a-3ef5-419f-b18e-c3263bd4e0f3 [2026-09-23T16:35:46.791808] username: 'e4d51886f3dc', (STDOUT, APP/TASK/deploy-to-postgresql)#
#2026 09 23 16:35:58.950#Z#DEBUG#89a811f3-b76c-11f1-a9d4-eeee0a93f2f4.hpbuysell-otc-salesorder-postgres-deployer#flowable-async-job-executor-thread-28319#
[PollExecuteTaskStatusExecution] 9409158a-3ef5-419f-b18e-c3263bd4e0f3 [2026-09-23T16:35:46.791809] password: 'daacb78fca6ef102b1397708', (STDOUT, APP/TASK/deploy-to-postgresql)#
#2026 09 23 16:35:58.950#Z#DEBUG#89a811f3-b76c-11f1-a9d4-eeee0a93f2f4.hpbuysell-otc-salesorder-postgres-deployer#flowable-async-job-executor-thread-28319#
[PollExecuteTaskStatusExecution] 9409158a-3ef5-419f-b18e-c3263bd4e0f3 [2026-09-23T16:35:46.791811] dbname: 'BQiFxAUMVHcr', (STDOUT, APP/TASK/deploy-to-postgresql)#
#2026 09 23 16:35:58.950#Z#DEBUG#89a811f3-b76c-11f1-a9d4-eeee0a93f2f4.hpbuysell-otc-salesorder-postgres-deployer#flowable-async-job-executor-thread-28319#
[PollExecuteTaskStatusExecution] 9409158a-3ef5-419f-b18e-c3263bd4e0f3 [2026-09-23T16:35:46.791814] sslcert: '-----BEGIN CERTIFICATE-----\n' + (STDOUT, APP/TASK/deploy-to-postgresql)#
#2026 09 23 16:35:58.950#Z#DEBUG#89a811f3-b76c-11f1-a9d4-eeee0a93f2f4.hpbuysell-otc-salesorder-postgres-deployer#flowable-async-job-executor-thread-28319#
[PollExecuteTaskStatusExecution] 9409158a-3ef5-419f-b18e-c3263bd4e0f3 [2026-09-23T16:35:46.791817] 'MIID/zCCAuegAwIBAgIRAPVSMfFitmM5PhmbaOFoGfUwDQYJKoZIhvcNAQELBQAw\n' + (STDOUT, APP/TASK/deploy-to-postgresql)#
#2026 09 23 16:35:58.950#Z#DEBUG#89a811f3-b76c-11f1-a9d4-eeee0a93f2f4.hpbuysell-otc-salesorder-postgres-deployer#flowable-async-job-executor-thread-28319#
[PollExecuteTaskStatusExecution] 9409158a-3ef5-419f-b18e-c3263bd4e0f3 [2026-09-23T16:35:46.791821] 'gZcxCzAJBgNVBAYTAlVTMSIwIAYDVQQKDBlBbWF6b24gV2ViIFNlcnZpY2VzLCBJ\n' + (STDOUT, APP/TASK/deploy-to-postgresql)#
#2026 09 23 16:35:58.950#Z#DEBUG#89a811f3-b76c-11f1-a9d4-eeee0a93f2f4.hpbuysell-otc-salesorder-postgres-deployer#flowable-async-job-executor-thread-28319#
[PollExecuteTaskStatusExecution] 9409158a-3ef5-419f-b18e-c3263bd4e0f3 [2026-09-23T16:35:46.791823] 'bmMuMRMwEQYDVQQLDApBbWF6b24gUkRTMQswCQYDVQQIDAJXQTEwMC4GA1UEAwwn\n' + (STDOUT, APP/TASK/deploy-to-postgresql)#
#2026 09 23 16:35:58.950#Z#DEBUG#89a811f3-b76c-11f1-a9d4-eeee0a93f2f4.hpbuysell-otc-salesorder-postgres-deployer#flowable-async-job-executor-thread-28319#
[PollExecuteTaskStatusExecution] 9409158a-3ef5-419f-b18e-c3263bd4e0f3 [2026-09-23T16:35:46.791825] 'QW1hem9uIFJEUyB1cy1lYXN0LTEgUm9vdCBDQSBSU0EyMDQ4IEcxMRAwDgYDVQQH\n' + (STDOUT, APP/TASK/deploy-to-postgresql)#
#2026 09 23 16:35:58.950#Z#DEBUG#89a811f3-b76c-11f1-a9d4-eeee0a93f2f4.hpbuysell-otc-salesorder-postgres-deployer#flowable-async-job-executor-thread-28319#
[PollExecuteTaskStatusExecution] 9409158a-3ef5-419f-b18e-c3263bd4e0f3 [2026-09-23T16:35:46.791827] 'DAdTZWF0dGxlMCAXDTIxMDUyNTIyMzQ1N1oYDzIwNjEwNTI1MjMzNDU3WjCBlzEL\n' + (STDOUT, APP/TASK/deploy-to-postgresql)#
#2026 09 23 16:35:58.950#Z#DEBUG#89a811f3-b76c-11f1-a9d4-eeee0a93f2f4.hpbuysell-otc-salesorder-postgres-deployer#flowable-async-job-executor-thread-28319#
[PollExecuteTaskStatusExecution] 9409158a-3ef5-419f-b18e-c3263bd4e0f3 [2026-09-23T16:35:46.791830] 'MAkGA1UEBhMCVVMxIjAgBgNVBAoMGUFtYXpvbiBXZWIgU2VydmljZXMsIEluYy4x\n' + (STDOUT, APP/TASK/deploy-to-postgresql)#
#2026 09 23 16:35:58.950#Z#DEBUG#89a811f3-b76c-11f1-a9d4-eeee0a93f2f4.hpbuysell-otc-salesorder-postgres-deployer#flowable-async-job-executor-thread-28319#
[PollExecuteTaskStatusExecution] 9409158a-3ef5-419f-b18e-c3263bd4e0f3 [2026-09-23T16:35:46.791832] 'EzARBgNVBAsMCkFtYXpvbiBSRFMxCzAJBgNVBAgMAldBMTAwLgYDVQQDDCdBbWF6\n' + (STDOUT, APP/TASK/deploy-to-postgresql)#
#2026 09 23 16:35:58.950#Z#DEBUG#89a811f3-b76c-11f1-a9d4-eeee0a93f2f4.hpbuysell-otc-salesorder-postgres-deployer#flowable-async-job-executor-thread-28319#
[PollExecuteTaskStatusExecution] 9409158a-3ef5-419f-b18e-c3263bd4e0f3 [2026-09-23T16:35:46.791834] 'b24gUkRTIHVzLWVhc3QtMSBSb290IENBIFJTQTIwNDggRzExEDAOBgNVBAcMB1Nl\n' + (STDOUT, APP/TASK/deploy-to-postgresql)#
#2026 09 23 16:35:58.950#Z#DEBUG#89a811f3-b76c-11f1-a9d4-eeee0a93f2f4.hpbuysell-otc-salesorder-postgres-deployer#flowable-async-job-executor-thread-28319#
[PollExecuteTaskStatusExecution] 9409158a-3ef5-419f-b18e-c3263bd4e0f3 [2026-09-23T16:35:46.791835] 'YXR0bGUwggEiMA0GCSqGSIb3DQEBAQUAA4IBDwAwggEKAoIBAQDu9H7TBeGoDzMr\n' + (STDOUT, APP/TASK/deploy-to-postgresql)#
#2026 09 23 16:35:58.950#Z#DEBUG#89a811f3-b76c-11f1-a9d4-eeee0a93f2f4.hpbuysell-otc-salesorder-postgres-deployer#flowable-async-job-executor-thread-28319#
[PollExecuteTaskStatusExecution] 9409158a-3ef5-419f-b18e-c3263bd4e0f3 [2026-09-23T16:35:46.791837] 'dxN6H8COntJX4IR6dbyhnj5qMD4xl/IWvp50lt0VpmMd+z2PNZzx8RazeGC5IniV\n' + (STDOUT, APP/TASK/deploy-to-postgresql)#
#2026 09 23 16:35:58.950#Z#DEBUG#89a811f3-b76c-11f1-a9d4-eeee0a93f2f4.hpbuysell-otc-salesorder-postgres-deployer#flowable-async-job-executor-thread-28319#
[PollExecuteTaskStatusExecution] 9409158a-3ef5-419f-b18e-c3263bd4e0f3 [2026-09-23T16:35:46.791839] '5nrLg0AKWRQ2A/lGGXbUrGXCSe09brMQCxWBSIYe1WZZ1iU1IJ/6Bp4D2YEHpXrW\n' + (STDOUT, APP/TASK/deploy-to-postgresql)#
#2026 09 23 16:35:58.950#Z#DEBUG#89a811f3-b76c-11f1-a9d4-eeee0a93f2f4.hpbuysell-otc-salesorder-postgres-deployer#flowable-async-job-executor-thread-28319#
[PollExecuteTaskStatusExecution] 9409158a-3ef5-419f-b18e-c3263bd4e0f3 [2026-09-23T16:35:46.791840] 'bPkOq5x3YPcsoitgm1Xh8ygz6vb7PsvJvPbvRMnkDg5IqEThapPjmKb8ZJWyEFEE\n' + (STDOUT, APP/TASK/deploy-to-postgresql)#
#2026 09 23 16:35:58.950#Z#DEBUG#89a811f3-b76c-11f1-a9d4-eeee0a93f2f4.hpbuysell-otc-salesorder-postgres-deployer#flowable-async-job-executor-thread-28319#
[PollExecuteTaskStatusExecution] 9409158a-3ef5-419f-b18e-c3263bd4e0f3 [2026-09-23T16:35:46.791842] 'QRrkCIRueB1EqQtJw0fvP4PKDlCJAKBEs/y049FoOqYpT3pRy0WKqPhWve+hScMd\n' + (STDOUT, APP/TASK/deploy-to-postgresql)#
#2026 09 23 16:35:58.950#Z#DEBUG#89a811f3-b76c-11f1-a9d4-eeee0a93f2f4.hpbuysell-otc-salesorder-postgres-deployer#flowable-async-job-executor-thread-28319#
[PollExecuteTaskStatusExecution] 9409158a-3ef5-419f-b18e-c3263bd4e0f3 [2026-09-23T16:35:46.791847] '6obq8kxTFy1IHACjHc51nrGII5Bt76/MpTWhnJIJrCnq1/Uc3Qs8IVeb+sLaFC8K\n' + (STDOUT, APP/TASK/deploy-to-postgresql)#
#2026 09 23 16:35:58.950#Z#DEBUG#89a811f3-b76c-11f1-a9d4-eeee0a93f2f4.hpbuysell-otc-salesorder-postgres-deployer#flowable-async-job-executor-thread-28319#
[PollExecuteTaskStatusExecution] 9409158a-3ef5-419f-b18e-c3263bd4e0f3 [2026-09-23T16:35:46.791849] 'DI69Sw6bAgMBAAGjQjBAMA8GA1UdEwEB/wQFMAMBAf8wHQYDVR0OBBYEFE7PCopt\n' + (STDOUT, APP/TASK/deploy-to-postgresql)#
#2026 09 23 16:35:58.950#Z#DEBUG#89a811f3-b76c-11f1-a9d4-eeee0a93f2f4.hpbuysell-otc-salesorder-postgres-deployer#flowable-async-job-executor-thread-28319#
[PollExecuteTaskStatusExecution] 9409158a-3ef5-419f-b18e-c3263bd4e0f3 [2026-09-23T16:35:46.791852] 'lyOgtXX0Y1lObBUxuKaCMA4GA1UdDwEB/wQEAwIBhjANBgkqhkiG9w0BAQsFAAOC\n' + (STDOUT, APP/TASK/deploy-to-postgresql)#
#2026 09 23 16:35:58.950#Z#DEBUG#89a811f3-b76c-11f1-a9d4-eeee0a93f2f4.hpbuysell-otc-salesorder-postgres-deployer#flowable-async-job-executor-thread-28319#
[PollExecuteTaskStatusExecution] 9409158a-3ef5-419f-b18e-c3263bd4e0f3 [2026-09-23T16:35:46.791854] 'AQEAFj+bX8gLmMNefr5jRJfHjrL3iuZCjf7YEZgn89pS4z8408mjj9z6Q5D1H7yS\n' + (STDOUT, APP/TASK/deploy-to-postgresql)#
#2026 09 23 16:35:58.950#Z#DEBUG#89a811f3-b76c-11f1-a9d4-eeee0a93f2f4.hpbuysell-otc-salesorder-postgres-deployer#flowable-async-job-executor-thread-28319#
[PollExecuteTaskStatusExecution] 9409158a-3ef5-419f-b18e-c3263bd4e0f3 [2026-09-23T16:35:46.791856] 'jNETVV8QaJip1qyhh5gRzRaArgGAYvi2/r0zPsy+Tgf7v1KGL5Lh8NT8iCEGGXwF\n' + (STDOUT, APP/TASK/deploy-to-postgresql)#
#2026 09 23 16:35:58.950#Z#DEBUG#89a811f3-b76c-11f1-a9d4-eeee0a93f2f4.hpbuysell-otc-salesorder-postgres-deployer#flowable-async-job-executor-thread-28319#
[PollExecuteTaskStatusExecution] 9409158a-3ef5-419f-b18e-c3263bd4e0f3 [2026-09-23T16:35:46.791858] 'g3Ir+Nl3e+9XUp0eyyzBIjHtjLBm6yy8rGk9p6OtFDQnKF5OxwbAgip42CD75r/q\n' + (STDOUT, APP/TASK/deploy-to-postgresql)#
#2026 09 23 16:35:58.950#Z#DEBUG#89a811f3-b76c-11f1-a9d4-eeee0a93f2f4.hpbuysell-otc-salesorder-postgres-deployer#flowable-async-job-executor-thread-28319#
[PollExecuteTaskStatusExecution] 9409158a-3ef5-419f-b18e-c3263bd4e0f3 [2026-09-23T16:35:46.791859] 'p421maEDDvvRFR4D+99JZxgAYDBGqRRceUoe16qDzbMvlz0A9paCZFclxeftAxv6\n' + (STDOUT, APP/TASK/deploy-to-postgresql)#
#2026 09 23 16:35:58.950#Z#DEBUG#89a811f3-b76c-11f1-a9d4-eeee0a93f2f4.hpbuysell-otc-salesorder-postgres-deployer#flowable-async-job-executor-thread-28319#
[PollExecuteTaskStatusExecution] 9409158a-3ef5-419f-b18e-c3263bd4e0f3 [2026-09-23T16:35:46.791861] 'QlR5rItMz/XdzpBJUpYhdzM0gCzAzdQuVO5tjJxmXhkSMcDP+8Q+Uv6FA9k2VpUV\n' + (STDOUT, APP/TASK/deploy-to-postgresql)#
#2026 09 23 16:35:58.950#Z#DEBUG#89a811f3-b76c-11f1-a9d4-eeee0a93f2f4.hpbuysell-otc-salesorder-postgres-deployer#flowable-async-job-executor-thread-28319#
[PollExecuteTaskStatusExecution] 9409158a-3ef5-419f-b18e-c3263bd4e0f3 [2026-09-23T16:35:46.791863] 'E/O5jgpqUJJ2Hc/5rs9VkAPXeA==\n' + (STDOUT, APP/TASK/deploy-to-postgresql)#
#2026 09 23 16:35:58.950#Z#DEBUG#89a811f3-b76c-11f1-a9d4-eeee0a93f2f4.hpbuysell-otc-salesorder-postgres-deployer#flowable-async-job-executor-thread-28319#
[PollExecuteTaskStatusExecution] 9409158a-3ef5-419f-b18e-c3263bd4e0f3 [2026-09-23T16:35:46.791866] '-----END CERTIFICATE-----\n' + (STDOUT, APP/TASK/deploy-to-postgresql)#
#2026 09 23 16:35:58.950#Z#DEBUG#89a811f3-b76c-11f1-a9d4-eeee0a93f2f4.hpbuysell-otc-salesorder-postgres-deployer#flowable-async-job-executor-thread-28319#
[PollExecuteTaskStatusExecution] 9409158a-3ef5-419f-b18e-c3263bd4e0f3 [2026-09-23T16:35:46.791868] '-----BEGIN CERTIFICATE-----\n' + (STDOUT, APP/TASK/deploy-to-postgresql)#
#2026 09 23 16:35:58.950#Z#DEBUG#89a811f3-b76c-11f1-a9d4-eeee0a93f2f4.hpbuysell-otc-salesorder-postgres-deployer#flowable-async-job-executor-thread-28319#
[PollExecuteTaskStatusExecution] 9409158a-3ef5-419f-b18e-c3263bd4e0f3 [2026-09-23T16:35:46.791870] 'MIIF/jCCA+agAwIBAgIQaRHaEqqacXN20e8zZJtmDDANBgkqhkiG9w0BAQwFADCB\n' + (STDOUT, APP/TASK/deploy-to-postgresql)#
#2026 09 23 16:35:58.950#Z#DEBUG#89a811f3-b76c-11f1-a9d4-eeee0a93f2f4.hpbuysell-otc-salesorder-postgres-deployer#flowable-async-job-executor-thread-28319#
[PollExecuteTaskStatusExecution] 9409158a-3ef5-419f-b18e-c3263bd4e0f3 [2026-09-23T16:35:46.791872] 'lzELMAkGA1UEBhMCVVMxIjAgBgNVBAoMGUFtYXpvbiBXZWIgU2VydmljZXMsIElu\n' + (STDOUT, APP/TASK/deploy-to-postgresql)#
#2026 09 23 16:35:58.950#Z#DEBUG#89a811f3-b76c-11f1-a9d4-eeee0a93f2f4.hpbuysell-otc-salesorder-postgres-deployer#flowable-async-job-executor-thread-28319#
[PollExecuteTaskStatusExecution] 9409158a-3ef5-419f-b18e-c3263bd4e0f3 [2026-09-23T16:35:46.791875] 'Yy4xEzARBgNVBAsMCkFtYXpvbiBSRFMxCzAJBgNVBAgMAldBMTAwLgYDVQQDDCdB\n' + (STDOUT, APP/TASK/deploy-to-postgresql)#
#2026 09 23 16:35:58.950#Z#DEBUG#89a811f3-b76c-11f1-a9d4-eeee0a93f2f4.hpbuysell-otc-salesorder-postgres-deployer#flowable-async-job-executor-thread-28319#
[PollExecuteTaskStatusExecution] 9409158a-3ef5-419f-b18e-c3263bd4e0f3 [2026-09-23T16:35:46.791878] 'bWF6b24gUkRTIHVzLWVhc3QtMSBSb290IENBIFJTQTQwOTYgRzExEDAOBgNVBAcM\n' + (STDOUT, APP/TASK/deploy-to-postgresql)#
#2026 09 23 16:35:58.950#Z#DEBUG#89a811f3-b76c-11f1-a9d4-eeee0a93f2f4.hpbuysell-otc-salesorder-postgres-deployer#flowable-async-job-executor-thread-28319#
[PollExecuteTaskStatusExecution] 9409158a-3ef5-419f-b18e-c3263bd4e0f3 [2026-09-23T16:35:46.791882] 'B1NlYXR0bGUwIBcNMjEwNTI1MjIzODM1WhgPMjEyMTA1MjUyMzM4MzVaMIGXMQsw\n' + (STDOUT, APP/TASK/deploy-to-postgresql)#
#2026 09 23 16:35:58.950#Z#DEBUG#89a811f3-b76c-11f1-a9d4-eeee0a93f2f4.hpbuysell-otc-salesorder-postgres-deployer#flowable-async-job-executor-thread-28319#
[PollExecuteTaskStatusExecution] 9409158a-3ef5-419f-b18e-c3263bd4e0f3 [2026-09-23T16:35:46.791884] 'CQYDVQQGEwJVUzEiMCAGA1UECgwZQW1hem9uIFdlYiBTZXJ2aWNlcywgSW5jLjET\n' + (STDOUT, APP/TASK/deploy-to-postgresql)#
#2026 09 23 16:35:58.950#Z#DEBUG#89a811f3-b76c-11f1-a9d4-eeee0a93f2f4.hpbuysell-otc-salesorder-postgres-deployer#flowable-async-job-executor-thread-28319#
[PollExecuteTaskStatusExecution] 9409158a-3ef5-419f-b18e-c3263bd4e0f3 [2026-09-23T16:35:46.791888] 'MBEGA1UECwwKQW1hem9uIFJEUzELMAkGA1UECAwCV0ExMDAuBgNVBAMMJ0FtYXpv\n' + (STDOUT, APP/TASK/deploy-to-postgresql)#
#2026 09 23 16:35:58.950#Z#DEBUG#89a811f3-b76c-11f1-a9d4-eeee0a93f2f4.hpbuysell-otc-salesorder-postgres-deployer#flowable-async-job-executor-thread-28319#
[PollExecuteTaskStatusExecution] 9409158a-3ef5-419f-b18e-c3263bd4e0f3 [2026-09-23T16:35:46.791889] 'biBSRFMgdXMtZWFzdC0xIFJvb3QgQ0EgUlNBNDA5NiBHMTEQMA4GA1UEBwwHU2Vh\n' + (STDOUT, APP/TASK/deploy-to-postgresql)#
#2026 09 23 16:35:58.950#Z#DEBUG#89a811f3-b76c-11f1-a9d4-eeee0a93f2f4.hpbuysell-otc-salesorder-postgres-deployer#flowable-async-job-executor-thread-28319#
[PollExecuteTaskStatusExecution] 9409158a-3ef5-419f-b18e-c3263bd4e0f3 [2026-09-23T16:35:46.791891] 'dHRsZTCCAiIwDQYJKoZIhvcNAQEBBQADggIPADCCAgoCggIBAInfBCaHuvj6Rb5c\n' + (STDOUT, APP/TASK/deploy-to-postgresql)#
#2026 09 23 16:35:58.950#Z#DEBUG#89a811f3-b76c-11f1-a9d4-eeee0a93f2f4.hpbuysell-otc-salesorder-postgres-deployer#flowable-async-job-executor-thread-28319#
[PollExecuteTaskStatusExecution] 9409158a-3ef5-419f-b18e-c3263bd4e0f3 [2026-09-23T16:35:46.791893] 'L5Wmn1jv2PHtEGMHm+7Z8dYosdwouG8VG2A+BCYCZfij9lIGszrTXkY4O7vnXgru\n' + (STDOUT, APP/TASK/deploy-to-postgresql)#
#2026 09 23 16:35:58.950#Z#DEBUG#89a811f3-b76c-11f1-a9d4-eeee0a93f2f4.hpbuysell-otc-salesorder-postgres-deployer#flowable-async-job-executor-thread-28319#
[PollExecuteTaskStatusExecution] 9409158a-3ef5-419f-b18e-c3263bd4e0f3 [2026-09-23T16:35:46.791897] 'JUNdxh0Q3M83p4X+bg+gODUs3jf+Z3Oeq7nTOk/2UYvQLcxP4FEXILxDInbQFcIx\n' + (STDOUT, APP/TASK/deploy-to-postgresql)#
#2026 09 23 16:35:58.950#Z#DEBUG#89a811f3-b76c-11f1-a9d4-eeee0a93f2f4.hpbuysell-otc-salesorder-postgres-deployer#flowable-async-job-executor-thread-28319#
[PollExecuteTaskStatusExecution] 9409158a-3ef5-419f-b18e-c3263bd4e0f3 [2026-09-23T16:35:46.791899] 'yen1ESHggGrjEodgn6nbKQNRfIhjhW+TKYaewfsVWH7EF2pfj+cjbJ6njjgZ0/M9\n' + (STDOUT, APP/TASK/deploy-to-postgresql)#
#2026 09 23 16:35:58.950#Z#DEBUG#89a811f3-b76c-11f1-a9d4-eeee0a93f2f4.hpbuysell-otc-salesorder-postgres-deployer#flowable-async-job-executor-thread-28319#
[PollExecuteTaskStatusExecution] 9409158a-3ef5-419f-b18e-c3263bd4e0f3 [2026-09-23T16:35:46.791901] 'VZifJFBgat6XUTOf3jwHwkCBh7T6rDpgy19A61laImJCQhdTnHKvzTpxcxiLRh69\n' + (STDOUT, APP/TASK/deploy-to-postgresql)#
#2026 09 23 16:35:58.950#Z#DEBUG#89a811f3-b76c-11f1-a9d4-eeee0a93f2f4.hpbuysell-otc-salesorder-postgres-deployer#flowable-async-job-executor-thread-28319#
[PollExecuteTaskStatusExecution] 9409158a-3ef5-419f-b18e-c3263bd4e0f3 [2026-09-23T16:35:46.791903] 'ZObypR7W04OAUmFS88V7IotlPmCL8xf7kwxG+gQfvx31+A9IDMsiTqJ1Cc4fYEKg\n' + (STDOUT, APP/TASK/deploy-to-postgresql)#
#2026 09 23 16:35:58.950#Z#DEBUG#89a811f3-b76c-11f1-a9d4-eeee0a93f2f4.hpbuysell-otc-salesorder-postgres-deployer#flowable-async-job-executor-thread-28319#
[PollExecuteTaskStatusExecution] 9409158a-3ef5-419f-b18e-c3263bd4e0f3 [2026-09-23T16:35:46.791905] 'bL+Vo+2Ii4W2esCTGVYmHm73drznfeKwL+kmIC/Bq+DrZ+veTqKFYwSkpHRyJCEe\n' + (STDOUT, APP/TASK/deploy-to-postgresql)#
#2026 09 23 16:35:58.950#Z#DEBUG#89a811f3-b76c-11f1-a9d4-eeee0a93f2f4.hpbuysell-otc-salesorder-postgres-deployer#flowable-async-job-executor-thread-28319#
[PollExecuteTaskStatusExecution] 9409158a-3ef5-419f-b18e-c3263bd4e0f3 [2026-09-23T16:35:46.791907] 'U4Zym6POqQ/4LBSKwDUhWLJIlq99bjKX+hNTJykB+Lbcx0ScOP4IAZQoxmDxGWxN\n' + (STDOUT, APP/TASK/deploy-to-postgresql)#
#2026 09 23 16:35:58.950#Z#DEBUG#89a811f3-b76c-11f1-a9d4-eeee0a93f2f4.hpbuysell-otc-salesorder-postgres-deployer#flowable-async-job-executor-thread-28319#
[PollExecuteTaskStatusExecution] 9409158a-3ef5-419f-b18e-c3263bd4e0f3 [2026-09-23T16:35:46.791909] 'S+lQj+Cx2pwU3S/7+OxlRndZAX/FKgk7xSMkg88HykUZaZ/ozIiqJqSnGpgXCtED\n' + (STDOUT, APP/TASK/deploy-to-postgresql)#
#2026 09 23 16:35:58.950#Z#DEBUG#89a811f3-b76c-11f1-a9d4-eeee0a93f2f4.hpbuysell-otc-salesorder-postgres-deployer#flowable-async-job-executor-thread-28319#
[PollExecuteTaskStatusExecution] 9409158a-3ef5-419f-b18e-c3263bd4e0f3 [2026-09-23T16:35:46.791912] 'oQ4OJw5ozAr+/wudOawaMwUWQl5asD8fuy/hl5S1nv9XxIc842QJOtJFxhyeMIXt\n' + (STDOUT, APP/TASK/deploy-to-postgresql)#
#2026 09 23 16:35:58.950#Z#DEBUG#89a811f3-b76c-11f1-a9d4-eeee0a93f2f4.hpbuysell-otc-salesorder-postgres-deployer#flowable-async-job-executor-thread-28319#
[PollExecuteTaskStatusExecution] 9409158a-3ef5-419f-b18e-c3263bd4e0f3 [2026-09-23T16:35:46.791913] 'LVECVw/dPekhMjS3Zo3wwRgYbnKG7YXXT5WMxJEnHu8+cYpMiRClzq2BEP6/MtI2\n' + (STDOUT, APP/TASK/deploy-to-postgresql)#
#2026 09 23 16:35:58.950#Z#DEBUG#89a811f3-b76c-11f1-a9d4-eeee0a93f2f4.hpbuysell-otc-salesorder-postgres-deployer#flowable-async-job-executor-thread-28319#
[PollExecuteTaskStatusExecution] 9409158a-3ef5-419f-b18e-c3263bd4e0f3 [2026-09-23T16:35:46.791915] 'AZQQUFu2yFjRGL2OZA6IYjxnXYiRAgMBAAGjQjBAMA8GA1UdEwEB/wQFMAMBAf8w\n' + (STDOUT, APP/TASK/deploy-to-postgresql)#
#2026 09 23 16:35:58.950#Z#DEBUG#89a811f3-b76c-11f1-a9d4-eeee0a93f2f4.hpbuysell-otc-salesorder-postgres-deployer#flowable-async-job-executor-thread-28319#
[PollExecuteTaskStatusExecution] 9409158a-3ef5-419f-b18e-c3263bd4e0f3 [2026-09-23T16:35:46.791917] 'HQYDVR0OBBYEFADCcQCPX2HmkqQcmuHfiQ2jjqnrMA4GA1UdDwEB/wQEAwIBhjAN\n' + (STDOUT, APP/TASK/deploy-to-postgresql)#
#2026 09 23 16:35:58.950#Z#DEBUG#89a811f3-b76c-11f1-a9d4-eeee0a93f2f4.hpbuysell-otc-salesorder-postgres-deployer#flowable-async-job-executor-thread-28319#
[PollExecuteTaskStatusExecution] 9409158a-3ef5-419f-b18e-c3263bd4e0f3 [2026-09-23T16:35:46.791918] 'BgkqhkiG9w0BAQwFAAOCAgEASXkGQ2eUmudIKPeOIF7RBryCoPmMOsqP0+1qxF8l\n' + (STDOUT, APP/TASK/deploy-to-postgresql)#
#2026 09 23 16:35:58.950#Z#DEBUG#89a811f3-b76c-11f1-a9d4-eeee0a93f2f4.hpbuysell-otc-salesorder-postgres-deployer#flowable-async-job-executor-thread-28319#
[PollExecuteTaskStatusExecution] 9409158a-3ef5-419f-b18e-c3263bd4e0f3 [2026-09-23T16:35:46.791928] 'pGkwmrgNDGpmd9s0ArfIVBTc1jmpgB3oiRW9c6n2OmwBKL4UPuQ8O3KwSP0iD2sZ\n' + (STDOUT, APP/TASK/deploy-to-postgresql)#
#2026 09 23 16:35:58.950#Z#DEBUG#89a811f3-b76c-11f1-a9d4-eeee0a93f2f4.hpbuysell-otc-salesorder-postgres-deployer#flowable-async-job-executor-thread-28319#
[PollExecuteTaskStatusExecution] 9409158a-3ef5-419f-b18e-c3263bd4e0f3 [2026-09-23T16:35:46.791931] 'KMXoMEyphCEzW1I2GRvYDugL3Z9MWrnHkoaoH2l8YyTYvszTvdgxBPpM2x4pSkp+\n' + (STDOUT, APP/TASK/deploy-to-postgresql)#
#2026 09 23 16:35:58.950#Z#DEBUG#89a811f3-b76c-11f1-a9d4-eeee0a93f2f4.hpbuysell-otc-salesorder-postgres-deployer#flowable-async-job-executor-thread-28319#
[PollExecuteTaskStatusExecution] 9409158a-3ef5-419f-b18e-c3263bd4e0f3 [2026-09-23T16:35:46.791933] '76d4/eRpJ5mVuQ93nC+YG0wXCxSq63hX4kyZgPxgCdAA+qgFfKIGyNqUIqWgeyTP\n' + (STDOUT, APP/TASK/deploy-to-postgresql)#
#2026 09 23 16:35:58.950#Z#DEBUG#89a811f3-b76c-11f1-a9d4-eeee0a93f2f4.hpbuysell-otc-salesorder-postgres-deployer#flowable-async-job-executor-thread-28319#
[PollExecuteTaskStatusExecution] 9409158a-3ef5-419f-b18e-c3263bd4e0f3 [2026-09-23T16:35:46.791935] 'n5OgKaboYk2141Rf2hGMD3/hsGm0rrJh7g3C0ZirPws3eeJfulvAOIy2IZzqHUSY\n' + (STDOUT, APP/TASK/deploy-to-postgresql)#
#2026 09 23 16:35:58.950#Z#DEBUG#89a811f3-b76c-11f1-a9d4-eeee0a93f2f4.hpbuysell-otc-salesorder-postgres-deployer#flowable-async-job-executor-thread-28319#
[PollExecuteTaskStatusExecution] 9409158a-3ef5-419f-b18e-c3263bd4e0f3 [2026-09-23T16:35:46.791937] 'jkFzraz6LEH3IlArT3jUPvWKqvh2lJWnnp56aqxBR7qHH5voD49UpJWY1K0BjGnS\n' + (STDOUT, APP/TASK/deploy-to-postgresql)#
#2026 09 23 16:35:58.950#Z#DEBUG#89a811f3-b76c-11f1-a9d4-eeee0a93f2f4.hpbuysell-otc-salesorder-postgres-deployer#flowable-async-job-executor-thread-28319#
[PollExecuteTaskStatusExecution] 9409158a-3ef5-419f-b18e-c3263bd4e0f3 [2026-09-23T16:35:46.791938] 'OHcurpp0Yt/BIs4VZeWdCZwI7JaSeDcPMaMDBvND3Ia5Fga0thgYQTG6dE+N5fgF\n' + (STDOUT, APP/TASK/deploy-to-postgresql)#
#2026 09 23 16:35:58.950#Z#DEBUG#89a811f3-b76c-11f1-a9d4-eeee0a93f2f4.hpbuysell-otc-salesorder-postgres-deployer#flowable-async-job-executor-thread-28319#
[PollExecuteTaskStatusExecution] 9409158a-3ef5-419f-b18e-c3263bd4e0f3 [2026-09-23T16:35:46.791942] 'z+hRaujXO2nb0LmddVyvE8prYlWRMuYFv+Co8hcMdJ0lEZlfVNu0jbm9/GmwAZ+l\n' + (STDOUT, APP/TASK/deploy-to-postgresql)#
#2026 09 23 16:35:58.950#Z#DEBUG#89a811f3-b76c-11f1-a9d4-eeee0a93f2f4.hpbuysell-otc-salesorder-postgres-deployer#flowable-async-job-executor-thread-28319#
[PollExecuteTaskStatusExecution] 9409158a-3ef5-419f-b18e-c3263bd4e0f3 [2026-09-23T16:35:46.791944] '9umeYO9yz/uC7edC8XJBglMAKUmVK9wNtOckUWAcCfnPWYLbYa/PqtXBYcxrso5j\n' + (STDOUT, APP/TASK/deploy-to-postgresql)#
#2026 09 23 16:35:58.950#Z#DEBUG#89a811f3-b76c-11f1-a9d4-eeee0a93f2f4.hpbuysell-otc-salesorder-postgres-deployer#flowable-async-job-executor-thread-28319#
[PollExecuteTaskStatusExecution] 9409158a-3ef5-419f-b18e-c3263bd4e0f3 [2026-09-23T16:35:46.791947] 'iaS/A7iEW51uteHBGrViCy1afGG+hiUWwFlesli+Rq4dNstX3h6h2baWABaAxEVJ\n' + (STDOUT, APP/TASK/deploy-to-postgresql)#
#2026 09 23 16:35:58.950#Z#DEBUG#89a811f3-b76c-11f1-a9d4-eeee0a93f2f4.hpbuysell-otc-salesorder-postgres-deployer#flowable-async-job-executor-thread-28319#
[PollExecuteTaskStatusExecution] 9409158a-3ef5-419f-b18e-c3263bd4e0f3 [2026-09-23T16:35:46.791949] 'y1RnTQSz6mROT1VmZSgSVO37rgIyY0Hf0872ogcTS+FfvXgBxCxsNWEbiQ/XXva4\n' + (STDOUT, APP/TASK/deploy-to-postgresql)#
#2026 09 23 16:35:58.950#Z#DEBUG#89a811f3-b76c-11f1-a9d4-eeee0a93f2f4.hpbuysell-otc-salesorder-postgres-deployer#flowable-async-job-executor-thread-28319#
[PollExecuteTaskStatusExecution] 9409158a-3ef5-419f-b18e-c3263bd4e0f3 [2026-09-23T16:35:46.791951] '0Ws=\n' + (STDOUT, APP/TASK/deploy-to-postgresql)#
#2026 09 23 16:35:58.950#Z#DEBUG#89a811f3-b76c-11f1-a9d4-eeee0a93f2f4.hpbuysell-otc-salesorder-postgres-deployer#flowable-async-job-executor-thread-28319#
[PollExecuteTaskStatusExecution] 9409158a-3ef5-419f-b18e-c3263bd4e0f3 [2026-09-23T16:35:46.791953] '-----END CERTIFICATE-----\n' + (STDOUT, APP/TASK/deploy-to-postgresql)#
#2026 09 23 16:35:58.950#Z#DEBUG#89a811f3-b76c-11f1-a9d4-eeee0a93f2f4.hpbuysell-otc-salesorder-postgres-deployer#flowable-async-job-executor-thread-28319#
[PollExecuteTaskStatusExecution] 9409158a-3ef5-419f-b18e-c3263bd4e0f3 [2026-09-23T16:35:46.791955] '-----BEGIN CERTIFICATE-----\n' + (STDOUT, APP/TASK/deploy-to-postgresql)#
#2026 09 23 16:35:58.950#Z#DEBUG#89a811f3-b76c-11f1-a9d4-eeee0a93f2f4.hpbuysell-otc-salesorder-postgres-deployer#flowable-async-job-executor-thread-28319#
[PollExecuteTaskStatusExecution] 9409158a-3ef5-419f-b18e-c3263bd4e0f3 [2026-09-23T16:35:46.791956] 'MIICrjCCAjSgAwIBAgIRAPAlEk8VJPmEzVRRaWvTh2AwCgYIKoZIzj0EAwMwgZYx\n' + (STDOUT, APP/TASK/deploy-to-postgresql)#
#2026 09 23 16:35:58.950#Z#DEBUG#89a811f3-b76c-11f1-a9d4-eeee0a93f2f4.hpbuysell-otc-salesorder-postgres-deployer#flowable-async-job-executor-thread-28319#
[PollExecuteTaskStatusExecution] 9409158a-3ef5-419f-b18e-c3263bd4e0f3 [2026-09-23T16:35:46.791961] 'CzAJBgNVBAYTAlVTMSIwIAYDVQQKDBlBbWF6b24gV2ViIFNlcnZpY2VzLCBJbmMu\n' + (STDOUT, APP/TASK/deploy-to-postgresql)#
#2026 09 23 16:35:58.950#Z#DEBUG#89a811f3-b76c-11f1-a9d4-eeee0a93f2f4.hpbuysell-otc-salesorder-postgres-deployer#flowable-async-job-executor-thread-28319#
[PollExecuteTaskStatusExecution] 9409158a-3ef5-419f-b18e-c3263bd4e0f3 [2026-09-23T16:35:46.791964] 'MRMwEQYDVQQLDApBbWF6b24gUkRTMQswCQYDVQQIDAJXQTEvMC0GA1UEAwwmQW1h\n' + (STDOUT, APP/TASK/deploy-to-postgresql)#
#2026 09 23 16:35:58.950#Z#DEBUG#89a811f3-b76c-11f1-a9d4-eeee0a93f2f4.hpbuysell-otc-salesorder-postgres-deployer#flowable-async-job-executor-thread-28319#
[PollExecuteTaskStatusExecution] 9409158a-3ef5-419f-b18e-c3263bd4e0f3 [2026-09-23T16:35:46.791969] 'em9uIFJEUyB1cy1lYXN0LTEgUm9vdCBDQSBFQ0MzODQgRzExEDAOBgNVBAcMB1Nl\n' + (STDOUT, APP/TASK/deploy-to-postgresql)#
#2026 09 23 16:35:58.950#Z#DEBUG#89a811f3-b76c-11f1-a9d4-eeee0a93f2f4.hpbuysell-otc-salesorder-postgres-deployer#flowable-async-job-executor-thread-28319#
[PollExecuteTaskStatusExecution] 9409158a-3ef5-419f-b18e-c3263bd4e0f3 [2026-09-23T16:35:46.791972] 'YXR0bGUwIBcNMjEwNTI1MjI0MTU1WhgPMjEyMTA1MjUyMzQxNTVaMIGWMQswCQYD\n' + (STDOUT, APP/TASK/deploy-to-postgresql)#
#2026 09 23 16:35:58.950#Z#DEBUG#89a811f3-b76c-11f1-a9d4-eeee0a93f2f4.hpbuysell-otc-salesorder-postgres-deployer#flowable-async-job-executor-thread-28319#
[PollExecuteTaskStatusExecution] 9409158a-3ef5-419f-b18e-c3263bd4e0f3 [2026-09-23T16:35:46.791976] 'VQQGEwJVUzEiMCAGA1UECgwZQW1hem9uIFdlYiBTZXJ2aWNlcywgSW5jLjETMBEG\n' + (STDOUT, APP/TASK/deploy-to-postgresql)#
#2026 09 23 16:35:58.950#Z#DEBUG#89a811f3-b76c-11f1-a9d4-eeee0a93f2f4.hpbuysell-otc-salesorder-postgres-deployer#flowable-async-job-executor-thread-28319#
[PollExecuteTaskStatusExecution] 9409158a-3ef5-419f-b18e-c3263bd4e0f3 [2026-09-23T16:35:46.791980] 'A1UECwwKQW1hem9uIFJEUzELMAkGA1UECAwCV0ExLzAtBgNVBAMMJkFtYXpvbiBS\n' + (STDOUT, APP/TASK/deploy-to-postgresql)#
#2026 09 23 16:35:58.950#Z#DEBUG#89a811f3-b76c-11f1-a9d4-eeee0a93f2f4.hpbuysell-otc-salesorder-postgres-deployer#flowable-async-job-executor-thread-28319#
[PollExecuteTaskStatusExecution] 9409158a-3ef5-419f-b18e-c3263bd4e0f3 [2026-09-23T16:35:46.791984] 'RFMgdXMtZWFzdC0xIFJvb3QgQ0EgRUNDMzg0IEcxMRAwDgYDVQQHDAdTZWF0dGxl\n' + (STDOUT, APP/TASK/deploy-to-postgresql)#
#2026 09 23 16:35:58.950#Z#DEBUG#89a811f3-b76c-11f1-a9d4-eeee0a93f2f4.hpbuysell-otc-salesorder-postgres-deployer#flowable-async-job-executor-thread-28319#
[PollExecuteTaskStatusExecution] 9409158a-3ef5-419f-b18e-c3263bd4e0f3 [2026-09-23T16:35:46.792010] 'MHYwEAYHKoZIzj0CAQYFK4EEACIDYgAEx5xjrup8II4HOJw15NTnS3H5yMrQGlbj\n' + (STDOUT, APP/TASK/deploy-to-postgresql)#
#2026 09 23 16:35:58.950#Z#DEBUG#89a811f3-b76c-11f1-a9d4-eeee0a93f2f4.hpbuysell-otc-salesorder-postgres-deployer#flowable-async-job-executor-thread-28319#
[PollExecuteTaskStatusExecution] 9409158a-3ef5-419f-b18e-c3263bd4e0f3 [2026-09-23T16:35:46.792013] 'EDA5MMGnE9DmHp5dACIxmPXPMe/99nO7wNdl7G71OYPCgEvWm0FhdvVUeTb3LVnV\n' + (STDOUT, APP/TASK/deploy-to-postgresql)#
#2026 09 23 16:35:58.950#Z#DEBUG#89a811f3-b76c-11f1-a9d4-eeee0a93f2f4.hpbuysell-otc-salesorder-postgres-deployer#flowable-async-job-executor-thread-28319#
[PollExecuteTaskStatusExecution] 9409158a-3ef5-419f-b18e-c3263bd4e0f3 [2026-09-23T16:35:46.792018] 'BnaXt32Ek7/oxGk1T+Df03C+W0vmuJ+wo0IwQDAPBgNVHRMBAf8EBTADAQH/MB0G\n' + (STDOUT, APP/TASK/deploy-to-postgresql)#
#2026 09 23 16:35:58.950#Z#DEBUG#89a811f3-b76c-11f1-a9d4-eeee0a93f2f4.hpbuysell-otc-salesorder-postgres-deployer#flowable-async-job-executor-thread-28319#
[PollExecuteTaskStatusExecution] 9409158a-3ef5-419f-b18e-c3263bd4e0f3 [2026-09-23T16:35:46.792021] 'A1UdDgQWBBTGXmqBWN/1tkSea4pNw0oHrjk2UDAOBgNVHQ8BAf8EBAMCAYYwCgYI\n' + (STDOUT, APP/TASK/deploy-to-postgresql)#
#2026 09 23 16:35:58.950#Z#DEBUG#89a811f3-b76c-11f1-a9d4-eeee0a93f2f4.hpbuysell-otc-salesorder-postgres-deployer#flowable-async-job-executor-thread-28319#
[PollExecuteTaskStatusExecution] 9409158a-3ef5-419f-b18e-c3263bd4e0f3 [2026-09-23T16:35:46.792024] 'KoZIzj0EAwMDaAAwZQIxAIqqZWCSrIkZ7zsv/FygtAusW6yvlL935YAWYPVXU30m\n' + (STDOUT, APP/TASK/deploy-to-postgresql)#
#2026 09 23 16:35:58.950#Z#DEBUG#89a811f3-b76c-11f1-a9d4-eeee0a93f2f4.hpbuysell-otc-salesorder-postgres-deployer#flowable-async-job-executor-thread-28319#
[PollExecuteTaskStatusExecution] 9409158a-3ef5-419f-b18e-c3263bd4e0f3 [2026-09-23T16:35:46.792026] 'jkMFLM+/RJ9GMvnO8jHfCgIwB+whlkcItzE9CRQ6CsMo/d5cEHDUu/QW6jSIh9BR\n' + (STDOUT, APP/TASK/deploy-to-postgresql)#
#2026 09 23 16:35:58.950#Z#DEBUG#89a811f3-b76c-11f1-a9d4-eeee0a93f2f4.hpbuysell-otc-salesorder-postgres-deployer#flowable-async-job-executor-thread-28319#
[PollExecuteTaskStatusExecution] 9409158a-3ef5-419f-b18e-c3263bd4e0f3 [2026-09-23T16:35:46.792028] 'OGh9pTYPVkUbBiKPA7lVVhre\n' + (STDOUT, APP/TASK/deploy-to-postgresql)#
#2026 09 23 16:35:58.950#Z#DEBUG#89a811f3-b76c-11f1-a9d4-eeee0a93f2f4.hpbuysell-otc-salesorder-postgres-deployer#flowable-async-job-executor-thread-28319#
[PollExecuteTaskStatusExecution] 9409158a-3ef5-419f-b18e-c3263bd4e0f3 [2026-09-23T16:35:46.792030] '-----END CERTIFICATE-----\n', (STDOUT, APP/TASK/deploy-to-postgresql)#
#2026 09 23 16:35:58.950#Z#DEBUG#89a811f3-b76c-11f1-a9d4-eeee0a93f2f4.hpbuysell-otc-salesorder-postgres-deployer#flowable-async-job-executor-thread-28319#
[PollExecuteTaskStatusExecution] 9409158a-3ef5-419f-b18e-c3263bd4e0f3 [2026-09-23T16:35:46.792032] sslrootcert: '-----BEGIN CERTIFICATE-----\n' + (STDOUT, APP/TASK/deploy-to-postgresql)#
#2026 09 23 16:35:58.950#Z#DEBUG#89a811f3-b76c-11f1-a9d4-eeee0a93f2f4.hpbuysell-otc-salesorder-postgres-deployer#flowable-async-job-executor-thread-28319#
[PollExecuteTaskStatusExecution] 9409158a-3ef5-419f-b18e-c3263bd4e0f3 [2026-09-23T16:35:46.792034] 'MIID/zCCAuegAwIBAgIRAPVSMfFitmM5PhmbaOFoGfUwDQYJKoZIhvcNAQELBQAw\n' + (STDOUT, APP/TASK/deploy-to-postgresql)#
#2026 09 23 16:35:58.950#Z#DEBUG#89a811f3-b76c-11f1-a9d4-eeee0a93f2f4.hpbuysell-otc-salesorder-postgres-deployer#flowable-async-job-executor-thread-28319#
[PollExecuteTaskStatusExecution] 9409158a-3ef5-419f-b18e-c3263bd4e0f3 [2026-09-23T16:35:46.792036] 'gZcxCzAJBgNVBAYTAlVTMSIwIAYDVQQKDBlBbWF6b24gV2ViIFNlcnZpY2VzLCBJ\n' + (STDOUT, APP/TASK/deploy-to-postgresql)#
#2026 09 23 16:35:58.950#Z#DEBUG#89a811f3-b76c-11f1-a9d4-eeee0a93f2f4.hpbuysell-otc-salesorder-postgres-deployer#flowable-async-job-executor-thread-28319#
[PollExecuteTaskStatusExecution] 9409158a-3ef5-419f-b18e-c3263bd4e0f3 [2026-09-23T16:35:46.792038] 'bmMuMRMwEQYDVQQLDApBbWF6b24gUkRTMQswCQYDVQQIDAJXQTEwMC4GA1UEAwwn\n' + (STDOUT, APP/TASK/deploy-to-postgresql)#
#2026 09 23 16:35:58.950#Z#DEBUG#89a811f3-b76c-11f1-a9d4-eeee0a93f2f4.hpbuysell-otc-salesorder-postgres-deployer#flowable-async-job-executor-thread-28319#
[PollExecuteTaskStatusExecution] 9409158a-3ef5-419f-b18e-c3263bd4e0f3 [2026-09-23T16:35:46.792040] 'QW1hem9uIFJEUyB1cy1lYXN0LTEgUm9vdCBDQSBSU0EyMDQ4IEcxMRAwDgYDVQQH\n' + (STDOUT, APP/TASK/deploy-to-postgresql)#
#2026 09 23 16:35:58.950#Z#DEBUG#89a811f3-b76c-11f1-a9d4-eeee0a93f2f4.hpbuysell-otc-salesorder-postgres-deployer#flowable-async-job-executor-thread-28319#
[PollExecuteTaskStatusExecution] 9409158a-3ef5-419f-b18e-c3263bd4e0f3 [2026-09-23T16:35:46.792041] 'DAdTZWF0dGxlMCAXDTIxMDUyNTIyMzQ1N1oYDzIwNjEwNTI1MjMzNDU3WjCBlzEL\n' + (STDOUT, APP/TASK/deploy-to-postgresql)#
#2026 09 23 16:35:58.950#Z#DEBUG#89a811f3-b76c-11f1-a9d4-eeee0a93f2f4.hpbuysell-otc-salesorder-postgres-deployer#flowable-async-job-executor-thread-28319#
[PollExecuteTaskStatusExecution] 9409158a-3ef5-419f-b18e-c3263bd4e0f3 [2026-09-23T16:35:46.792044] 'MAkGA1UEBhMCVVMxIjAgBgNVBAoMGUFtYXpvbiBXZWIgU2VydmljZXMsIEluYy4x\n' + (STDOUT, APP/TASK/deploy-to-postgresql)#
#2026 09 23 16:35:58.950#Z#DEBUG#89a811f3-b76c-11f1-a9d4-eeee0a93f2f4.hpbuysell-otc-salesorder-postgres-deployer#flowable-async-job-executor-thread-28319#
[PollExecuteTaskStatusExecution] 9409158a-3ef5-419f-b18e-c3263bd4e0f3 [2026-09-23T16:35:46.792049] 'EzARBgNVBAsMCkFtYXpvbiBSRFMxCzAJBgNVBAgMAldBMTAwLgYDVQQDDCdBbWF6\n' + (STDOUT, APP/TASK/deploy-to-postgresql)#
#2026 09 23 16:35:58.950#Z#DEBUG#89a811f3-b76c-11f1-a9d4-eeee0a93f2f4.hpbuysell-otc-salesorder-postgres-deployer#flowable-async-job-executor-thread-28319#
[PollExecuteTaskStatusExecution] 9409158a-3ef5-419f-b18e-c3263bd4e0f3 [2026-09-23T16:35:46.792052] 'b24gUkRTIHVzLWVhc3QtMSBSb290IENBIFJTQTIwNDggRzExEDAOBgNVBAcMB1Nl\n' + (STDOUT, APP/TASK/deploy-to-postgresql)#
#2026 09 23 16:35:58.950#Z#DEBUG#89a811f3-b76c-11f1-a9d4-eeee0a93f2f4.hpbuysell-otc-salesorder-postgres-deployer#flowable-async-job-executor-thread-28319#
[PollExecuteTaskStatusExecution] 9409158a-3ef5-419f-b18e-c3263bd4e0f3 [2026-09-23T16:35:46.792054] 'YXR0bGUwggEiMA0GCSqGSIb3DQEBAQUAA4IBDwAwggEKAoIBAQDu9H7TBeGoDzMr\n' + (STDOUT, APP/TASK/deploy-to-postgresql)#
#2026 09 23 16:35:58.950#Z#DEBUG#89a811f3-b76c-11f1-a9d4-eeee0a93f2f4.hpbuysell-otc-salesorder-postgres-deployer#flowable-async-job-executor-thread-28319#
[PollExecuteTaskStatusExecution] 9409158a-3ef5-419f-b18e-c3263bd4e0f3 [2026-09-23T16:35:46.792057] 'dxN6H8COntJX4IR6dbyhnj5qMD4xl/IWvp50lt0VpmMd+z2PNZzx8RazeGC5IniV\n' + (STDOUT, APP/TASK/deploy-to-postgresql)#
#2026 09 23 16:35:58.950#Z#DEBUG#89a811f3-b76c-11f1-a9d4-eeee0a93f2f4.hpbuysell-otc-salesorder-postgres-deployer#flowable-async-job-executor-thread-28319#
[PollExecuteTaskStatusExecution] 9409158a-3ef5-419f-b18e-c3263bd4e0f3 [2026-09-23T16:35:46.792058] '5nrLg0AKWRQ2A/lGGXbUrGXCSe09brMQCxWBSIYe1WZZ1iU1IJ/6Bp4D2YEHpXrW\n' + (STDOUT, APP/TASK/deploy-to-postgresql)#
#2026 09 23 16:35:58.950#Z#DEBUG#89a811f3-b76c-11f1-a9d4-eeee0a93f2f4.hpbuysell-otc-salesorder-postgres-deployer#flowable-async-job-executor-thread-28319#
[PollExecuteTaskStatusExecution] 9409158a-3ef5-419f-b18e-c3263bd4e0f3 [2026-09-23T16:35:46.792061] 'bPkOq5x3YPcsoitgm1Xh8ygz6vb7PsvJvPbvRMnkDg5IqEThapPjmKb8ZJWyEFEE\n' + (STDOUT, APP/TASK/deploy-to-postgresql)#
#2026 09 23 16:35:58.950#Z#DEBUG#89a811f3-b76c-11f1-a9d4-eeee0a93f2f4.hpbuysell-otc-salesorder-postgres-deployer#flowable-async-job-executor-thread-28319#
[PollExecuteTaskStatusExecution] 9409158a-3ef5-419f-b18e-c3263bd4e0f3 [2026-09-23T16:35:46.792064] 'QRrkCIRueB1EqQtJw0fvP4PKDlCJAKBEs/y049FoOqYpT3pRy0WKqPhWve+hScMd\n' + (STDOUT, APP/TASK/deploy-to-postgresql)#
#2026 09 23 16:35:58.950#Z#DEBUG#89a811f3-b76c-11f1-a9d4-eeee0a93f2f4.hpbuysell-otc-salesorder-postgres-deployer#flowable-async-job-executor-thread-28319#
[PollExecuteTaskStatusExecution] 9409158a-3ef5-419f-b18e-c3263bd4e0f3 [2026-09-23T16:35:46.792067] '6obq8kxTFy1IHACjHc51nrGII5Bt76/MpTWhnJIJrCnq1/Uc3Qs8IVeb+sLaFC8K\n' + (STDOUT, APP/TASK/deploy-to-postgresql)#
#2026 09 23 16:35:58.950#Z#DEBUG#89a811f3-b76c-11f1-a9d4-eeee0a93f2f4.hpbuysell-otc-salesorder-postgres-deployer#flowable-async-job-executor-thread-28319#
[PollExecuteTaskStatusExecution] 9409158a-3ef5-419f-b18e-c3263bd4e0f3 [2026-09-23T16:35:46.792072] 'DI69Sw6bAgMBAAGjQjBAMA8GA1UdEwEB/wQFMAMBAf8wHQYDVR0OBBYEFE7PCopt\n' + (STDOUT, APP/TASK/deploy-to-postgresql)#
#2026 09 23 16:35:58.950#Z#DEBUG#89a811f3-b76c-11f1-a9d4-eeee0a93f2f4.hpbuysell-otc-salesorder-postgres-deployer#flowable-async-job-executor-thread-28319#
[PollExecuteTaskStatusExecution] 9409158a-3ef5-419f-b18e-c3263bd4e0f3 [2026-09-23T16:35:46.792075] 'lyOgtXX0Y1lObBUxuKaCMA4GA1UdDwEB/wQEAwIBhjANBgkqhkiG9w0BAQsFAAOC\n' + (STDOUT, APP/TASK/deploy-to-postgresql)#
#2026 09 23 16:35:58.950#Z#DEBUG#89a811f3-b76c-11f1-a9d4-eeee0a93f2f4.hpbuysell-otc-salesorder-postgres-deployer#flowable-async-job-executor-thread-28319#
[PollExecuteTaskStatusExecution] 9409158a-3ef5-419f-b18e-c3263bd4e0f3 [2026-09-23T16:35:46.792078] 'AQEAFj+bX8gLmMNefr5jRJfHjrL3iuZCjf7YEZgn89pS4z8408mjj9z6Q5D1H7yS\n' + (STDOUT, APP/TASK/deploy-to-postgresql)#
#2026 09 23 16:35:58.950#Z#DEBUG#89a811f3-b76c-11f1-a9d4-eeee0a93f2f4.hpbuysell-otc-salesorder-postgres-deployer#flowable-async-job-executor-thread-28319#
[PollExecuteTaskStatusExecution] 9409158a-3ef5-419f-b18e-c3263bd4e0f3 [2026-09-23T16:35:46.792082] 'jNETVV8QaJip1qyhh5gRzRaArgGAYvi2/r0zPsy+Tgf7v1KGL5Lh8NT8iCEGGXwF\n' + (STDOUT, APP/TASK/deploy-to-postgresql)#
#2026 09 23 16:35:58.950#Z#DEBUG#89a811f3-b76c-11f1-a9d4-eeee0a93f2f4.hpbuysell-otc-salesorder-postgres-deployer#flowable-async-job-executor-thread-28319#
[PollExecuteTaskStatusExecution] 9409158a-3ef5-419f-b18e-c3263bd4e0f3 [2026-09-23T16:35:46.792085] 'g3Ir+Nl3e+9XUp0eyyzBIjHtjLBm6yy8rGk9p6OtFDQnKF5OxwbAgip42CD75r/q\n' + (STDOUT, APP/TASK/deploy-to-postgresql)#
#2026 09 23 16:35:58.950#Z#DEBUG#89a811f3-b76c-11f1-a9d4-eeee0a93f2f4.hpbuysell-otc-salesorder-postgres-deployer#flowable-async-job-executor-thread-28319#
[PollExecuteTaskStatusExecution] 9409158a-3ef5-419f-b18e-c3263bd4e0f3 [2026-09-23T16:35:46.792087] 'p421maEDDvvRFR4D+99JZxgAYDBGqRRceUoe16qDzbMvlz0A9paCZFclxeftAxv6\n' + (STDOUT, APP/TASK/deploy-to-postgresql)#
#2026 09 23 16:35:58.950#Z#DEBUG#89a811f3-b76c-11f1-a9d4-eeee0a93f2f4.hpbuysell-otc-salesorder-postgres-deployer#flowable-async-job-executor-thread-28319#
[PollExecuteTaskStatusExecution] 9409158a-3ef5-419f-b18e-c3263bd4e0f3 [2026-09-23T16:35:46.792090] 'QlR5rItMz/XdzpBJUpYhdzM0gCzAzdQuVO5tjJxmXhkSMcDP+8Q+Uv6FA9k2VpUV\n' + (STDOUT, APP/TASK/deploy-to-postgresql)#
#2026 09 23 16:35:58.950#Z#DEBUG#89a811f3-b76c-11f1-a9d4-eeee0a93f2f4.hpbuysell-otc-salesorder-postgres-deployer#flowable-async-job-executor-thread-28319#
[PollExecuteTaskStatusExecution] 9409158a-3ef5-419f-b18e-c3263bd4e0f3 [2026-09-23T16:35:46.792094] 'E/O5jgpqUJJ2Hc/5rs9VkAPXeA==\n' + (STDOUT, APP/TASK/deploy-to-postgresql)#
#2026 09 23 16:35:58.950#Z#DEBUG#89a811f3-b76c-11f1-a9d4-eeee0a93f2f4.hpbuysell-otc-salesorder-postgres-deployer#flowable-async-job-executor-thread-28319#
[PollExecuteTaskStatusExecution] 9409158a-3ef5-419f-b18e-c3263bd4e0f3 [2026-09-23T16:35:46.792097] '-----END CERTIFICATE-----\n' + (STDOUT, APP/TASK/deploy-to-postgresql)#
#2026 09 23 16:35:58.950#Z#DEBUG#89a811f3-b76c-11f1-a9d4-eeee0a93f2f4.hpbuysell-otc-salesorder-postgres-deployer#flowable-async-job-executor-thread-28319#
[PollExecuteTaskStatusExecution] 9409158a-3ef5-419f-b18e-c3263bd4e0f3 [2026-09-23T16:35:46.792100] '-----BEGIN CERTIFICATE-----\n' + (STDOUT, APP/TASK/deploy-to-postgresql)#
#2026 09 23 16:35:58.950#Z#DEBUG#89a811f3-b76c-11f1-a9d4-eeee0a93f2f4.hpbuysell-otc-salesorder-postgres-deployer#flowable-async-job-executor-thread-28319#
[PollExecuteTaskStatusExecution] 9409158a-3ef5-419f-b18e-c3263bd4e0f3 [2026-09-23T16:35:46.792102] 'MIIF/jCCA+agAwIBAgIQaRHaEqqacXN20e8zZJtmDDANBgkqhkiG9w0BAQwFADCB\n' + (STDOUT, APP/TASK/deploy-to-postgresql)#
#2026 09 23 16:35:58.950#Z#DEBUG#89a811f3-b76c-11f1-a9d4-eeee0a93f2f4.hpbuysell-otc-salesorder-postgres-deployer#flowable-async-job-executor-thread-28319#
[PollExecuteTaskStatusExecution] 9409158a-3ef5-419f-b18e-c3263bd4e0f3 [2026-09-23T16:35:46.792104] 'lzELMAkGA1UEBhMCVVMxIjAgBgNVBAoMGUFtYXpvbiBXZWIgU2VydmljZXMsIElu\n' + (STDOUT, APP/TASK/deploy-to-postgresql)#
#2026 09 23 16:35:58.950#Z#DEBUG#89a811f3-b76c-11f1-a9d4-eeee0a93f2f4.hpbuysell-otc-salesorder-postgres-deployer#flowable-async-job-executor-thread-28319#
[PollExecuteTaskStatusExecution] 9409158a-3ef5-419f-b18e-c3263bd4e0f3 [2026-09-23T16:35:46.792106] 'Yy4xEzARBgNVBAsMCkFtYXpvbiBSRFMxCzAJBgNVBAgMAldBMTAwLgYDVQQDDCdB\n' + (STDOUT, APP/TASK/deploy-to-postgresql)#
#2026 09 23 16:35:58.950#Z#DEBUG#89a811f3-b76c-11f1-a9d4-eeee0a93f2f4.hpbuysell-otc-salesorder-postgres-deployer#flowable-async-job-executor-thread-28319#
[PollExecuteTaskStatusExecution] 9409158a-3ef5-419f-b18e-c3263bd4e0f3 [2026-09-23T16:35:46.792108] 'bWF6b24gUkRTIHVzLWVhc3QtMSBSb290IENBIFJTQTQwOTYgRzExEDAOBgNVBAcM\n' + (STDOUT, APP/TASK/deploy-to-postgresql)#
#2026 09 23 16:35:58.950#Z#DEBUG#89a811f3-b76c-11f1-a9d4-eeee0a93f2f4.hpbuysell-otc-salesorder-postgres-deployer#flowable-async-job-executor-thread-28319#
[PollExecuteTaskStatusExecution] 9409158a-3ef5-419f-b18e-c3263bd4e0f3 [2026-09-23T16:35:46.792129] 'B1NlYXR0bGUwIBcNMjEwNTI1MjIzODM1WhgPMjEyMTA1MjUyMzM4MzVaMIGXMQsw\n' + (STDOUT, APP/TASK/deploy-to-postgresql)#
#2026 09 23 16:35:58.950#Z#DEBUG#89a811f3-b76c-11f1-a9d4-eeee0a93f2f4.hpbuysell-otc-salesorder-postgres-deployer#flowable-async-job-executor-thread-28319#
[PollExecuteTaskStatusExecution] 9409158a-3ef5-419f-b18e-c3263bd4e0f3 [2026-09-23T16:35:46.792131] 'CQYDVQQGEwJVUzEiMCAGA1UECgwZQW1hem9uIFdlYiBTZXJ2aWNlcywgSW5jLjET\n' + (STDOUT, APP/TASK/deploy-to-postgresql)#
#2026 09 23 16:35:58.950#Z#DEBUG#89a811f3-b76c-11f1-a9d4-eeee0a93f2f4.hpbuysell-otc-salesorder-postgres-deployer#flowable-async-job-executor-thread-28319#
[PollExecuteTaskStatusExecution] 9409158a-3ef5-419f-b18e-c3263bd4e0f3 [2026-09-23T16:35:46.792133] 'MBEGA1UECwwKQW1hem9uIFJEUzELMAkGA1UECAwCV0ExMDAuBgNVBAMMJ0FtYXpv\n' + (STDOUT, APP/TASK/deploy-to-postgresql)#
#2026 09 23 16:35:58.950#Z#DEBUG#89a811f3-b76c-11f1-a9d4-eeee0a93f2f4.hpbuysell-otc-salesorder-postgres-deployer#flowable-async-job-executor-thread-28319#
[PollExecuteTaskStatusExecution] 9409158a-3ef5-419f-b18e-c3263bd4e0f3 [2026-09-23T16:35:46.792135] 'biBSRFMgdXMtZWFzdC0xIFJvb3QgQ0EgUlNBNDA5NiBHMTEQMA4GA1UEBwwHU2Vh\n' + (STDOUT, APP/TASK/deploy-to-postgresql)#
#2026 09 23 16:35:58.950#Z#DEBUG#89a811f3-b76c-11f1-a9d4-eeee0a93f2f4.hpbuysell-otc-salesorder-postgres-deployer#flowable-async-job-executor-thread-28319#
[PollExecuteTaskStatusExecution] 9409158a-3ef5-419f-b18e-c3263bd4e0f3 [2026-09-23T16:35:46.792137] 'dHRsZTCCAiIwDQYJKoZIhvcNAQEBBQADggIPADCCAgoCggIBAInfBCaHuvj6Rb5c\n' + (STDOUT, APP/TASK/deploy-to-postgresql)#
#2026 09 23 16:35:58.950#Z#DEBUG#89a811f3-b76c-11f1-a9d4-eeee0a93f2f4.hpbuysell-otc-salesorder-postgres-deployer#flowable-async-job-executor-thread-28319#
[PollExecuteTaskStatusExecution] 9409158a-3ef5-419f-b18e-c3263bd4e0f3 [2026-09-23T16:35:46.792138] 'L5Wmn1jv2PHtEGMHm+7Z8dYosdwouG8VG2A+BCYCZfij9lIGszrTXkY4O7vnXgru\n' + (STDOUT, APP/TASK/deploy-to-postgresql)#
#2026 09 23 16:35:58.950#Z#DEBUG#89a811f3-b76c-11f1-a9d4-eeee0a93f2f4.hpbuysell-otc-salesorder-postgres-deployer#flowable-async-job-executor-thread-28319#
[PollExecuteTaskStatusExecution] 9409158a-3ef5-419f-b18e-c3263bd4e0f3 [2026-09-23T16:35:46.792141] 'JUNdxh0Q3M83p4X+bg+gODUs3jf+Z3Oeq7nTOk/2UYvQLcxP4FEXILxDInbQFcIx\n' + (STDOUT, APP/TASK/deploy-to-postgresql)#
#2026 09 23 16:35:58.950#Z#DEBUG#89a811f3-b76c-11f1-a9d4-eeee0a93f2f4.hpbuysell-otc-salesorder-postgres-deployer#flowable-async-job-executor-thread-28319#
[PollExecuteTaskStatusExecution] 9409158a-3ef5-419f-b18e-c3263bd4e0f3 [2026-09-23T16:35:46.792143] 'yen1ESHggGrjEodgn6nbKQNRfIhjhW+TKYaewfsVWH7EF2pfj+cjbJ6njjgZ0/M9\n' + (STDOUT, APP/TASK/deploy-to-postgresql)#
#2026 09 23 16:35:58.950#Z#DEBUG#89a811f3-b76c-11f1-a9d4-eeee0a93f2f4.hpbuysell-otc-salesorder-postgres-deployer#flowable-async-job-executor-thread-28319#
[PollExecuteTaskStatusExecution] 9409158a-3ef5-419f-b18e-c3263bd4e0f3 [2026-09-23T16:35:46.792145] 'VZifJFBgat6XUTOf3jwHwkCBh7T6rDpgy19A61laImJCQhdTnHKvzTpxcxiLRh69\n' + (STDOUT, APP/TASK/deploy-to-postgresql)#
#2026 09 23 16:35:58.950#Z#DEBUG#89a811f3-b76c-11f1-a9d4-eeee0a93f2f4.hpbuysell-otc-salesorder-postgres-deployer#flowable-async-job-executor-thread-28319#
[PollExecuteTaskStatusExecution] 9409158a-3ef5-419f-b18e-c3263bd4e0f3 [2026-09-23T16:35:46.792147] 'ZObypR7W04OAUmFS88V7IotlPmCL8xf7kwxG+gQfvx31+A9IDMsiTqJ1Cc4fYEKg\n' + (STDOUT, APP/TASK/deploy-to-postgresql)#
#2026 09 23 16:35:58.950#Z#DEBUG#89a811f3-b76c-11f1-a9d4-eeee0a93f2f4.hpbuysell-otc-salesorder-postgres-deployer#flowable-async-job-executor-thread-28319#
[PollExecuteTaskStatusExecution] 9409158a-3ef5-419f-b18e-c3263bd4e0f3 [2026-09-23T16:35:46.792148] 'bL+Vo+2Ii4W2esCTGVYmHm73drznfeKwL+kmIC/Bq+DrZ+veTqKFYwSkpHRyJCEe\n' + (STDOUT, APP/TASK/deploy-to-postgresql)#
#2026 09 23 16:35:58.950#Z#DEBUG#89a811f3-b76c-11f1-a9d4-eeee0a93f2f4.hpbuysell-otc-salesorder-postgres-deployer#flowable-async-job-executor-thread-28319#
[PollExecuteTaskStatusExecution] 9409158a-3ef5-419f-b18e-c3263bd4e0f3 [2026-09-23T16:35:46.792151] 'U4Zym6POqQ/4LBSKwDUhWLJIlq99bjKX+hNTJykB+Lbcx0ScOP4IAZQoxmDxGWxN\n' + (STDOUT, APP/TASK/deploy-to-postgresql)#
#2026 09 23 16:35:58.950#Z#DEBUG#89a811f3-b76c-11f1-a9d4-eeee0a93f2f4.hpbuysell-otc-salesorder-postgres-deployer#flowable-async-job-executor-thread-28319#
[PollExecuteTaskStatusExecution] 9409158a-3ef5-419f-b18e-c3263bd4e0f3 [2026-09-23T16:35:46.792155] 'S+lQj+Cx2pwU3S/7+OxlRndZAX/FKgk7xSMkg88HykUZaZ/ozIiqJqSnGpgXCtED\n' + (STDOUT, APP/TASK/deploy-to-postgresql)#
#2026 09 23 16:35:58.950#Z#DEBUG#89a811f3-b76c-11f1-a9d4-eeee0a93f2f4.hpbuysell-otc-salesorder-postgres-deployer#flowable-async-job-executor-thread-28319#
[PollExecuteTaskStatusExecution] 9409158a-3ef5-419f-b18e-c3263bd4e0f3 [2026-09-23T16:35:46.792157] 'oQ4OJw5ozAr+/wudOawaMwUWQl5asD8fuy/hl5S1nv9XxIc842QJOtJFxhyeMIXt\n' + (STDOUT, APP/TASK/deploy-to-postgresql)#
#2026 09 23 16:35:58.950#Z#DEBUG#89a811f3-b76c-11f1-a9d4-eeee0a93f2f4.hpbuysell-otc-salesorder-postgres-deployer#flowable-async-job-executor-thread-28319#
[PollExecuteTaskStatusExecution] 9409158a-3ef5-419f-b18e-c3263bd4e0f3 [2026-09-23T16:35:46.792159] 'LVECVw/dPekhMjS3Zo3wwRgYbnKG7YXXT5WMxJEnHu8+cYpMiRClzq2BEP6/MtI2\n' + (STDOUT, APP/TASK/deploy-to-postgresql)#
#2026 09 23 16:35:58.950#Z#DEBUG#89a811f3-b76c-11f1-a9d4-eeee0a93f2f4.hpbuysell-otc-salesorder-postgres-deployer#flowable-async-job-executor-thread-28319#
[PollExecuteTaskStatusExecution] 9409158a-3ef5-419f-b18e-c3263bd4e0f3 [2026-09-23T16:35:46.792161] 'AZQQUFu2yFjRGL2OZA6IYjxnXYiRAgMBAAGjQjBAMA8GA1UdEwEB/wQFMAMBAf8w\n' + (STDOUT, APP/TASK/deploy-to-postgresql)#
#2026 09 23 16:35:58.950#Z#DEBUG#89a811f3-b76c-11f1-a9d4-eeee0a93f2f4.hpbuysell-otc-salesorder-postgres-deployer#flowable-async-job-executor-thread-28319#
[PollExecuteTaskStatusExecution] 9409158a-3ef5-419f-b18e-c3263bd4e0f3 [2026-09-23T16:35:46.792163] 'HQYDVR0OBBYEFADCcQCPX2HmkqQcmuHfiQ2jjqnrMA4GA1UdDwEB/wQEAwIBhjAN\n' + (STDOUT, APP/TASK/deploy-to-postgresql)#
#2026 09 23 16:35:58.950#Z#DEBUG#89a811f3-b76c-11f1-a9d4-eeee0a93f2f4.hpbuysell-otc-salesorder-postgres-deployer#flowable-async-job-executor-thread-28319#
[PollExecuteTaskStatusExecution] 9409158a-3ef5-419f-b18e-c3263bd4e0f3 [2026-09-23T16:35:46.792165] 'BgkqhkiG9w0BAQwFAAOCAgEASXkGQ2eUmudIKPeOIF7RBryCoPmMOsqP0+1qxF8l\n' + (STDOUT, APP/TASK/deploy-to-postgresql)#
#2026 09 23 16:35:58.950#Z#DEBUG#89a811f3-b76c-11f1-a9d4-eeee0a93f2f4.hpbuysell-otc-salesorder-postgres-deployer#flowable-async-job-executor-thread-28319#
[PollExecuteTaskStatusExecution] 9409158a-3ef5-419f-b18e-c3263bd4e0f3 [2026-09-23T16:35:46.792167] 'pGkwmrgNDGpmd9s0ArfIVBTc1jmpgB3oiRW9c6n2OmwBKL4UPuQ8O3KwSP0iD2sZ\n' + (STDOUT, APP/TASK/deploy-to-postgresql)#
#2026 09 23 16:35:58.950#Z#DEBUG#89a811f3-b76c-11f1-a9d4-eeee0a93f2f4.hpbuysell-otc-salesorder-postgres-deployer#flowable-async-job-executor-thread-28319#
[PollExecuteTaskStatusExecution] 9409158a-3ef5-419f-b18e-c3263bd4e0f3 [2026-09-23T16:35:46.792168] 'KMXoMEyphCEzW1I2GRvYDugL3Z9MWrnHkoaoH2l8YyTYvszTvdgxBPpM2x4pSkp+\n' + (STDOUT, APP/TASK/deploy-to-postgresql)#
#2026 09 23 16:35:58.950#Z#DEBUG#89a811f3-b76c-11f1-a9d4-eeee0a93f2f4.hpbuysell-otc-salesorder-postgres-deployer#flowable-async-job-executor-thread-28319#
[PollExecuteTaskStatusExecution] 9409158a-3ef5-419f-b18e-c3263bd4e0f3 [2026-09-23T16:35:46.792170] '76d4/eRpJ5mVuQ93nC+YG0wXCxSq63hX4kyZgPxgCdAA+qgFfKIGyNqUIqWgeyTP\n' + (STDOUT, APP/TASK/deploy-to-postgresql)#
#2026 09 23 16:35:58.950#Z#DEBUG#89a811f3-b76c-11f1-a9d4-eeee0a93f2f4.hpbuysell-otc-salesorder-postgres-deployer#flowable-async-job-executor-thread-28319#
[PollExecuteTaskStatusExecution] 9409158a-3ef5-419f-b18e-c3263bd4e0f3 [2026-09-23T16:35:46.792174] 'n5OgKaboYk2141Rf2hGMD3/hsGm0rrJh7g3C0ZirPws3eeJfulvAOIy2IZzqHUSY\n' + (STDOUT, APP/TASK/deploy-to-postgresql)#
#2026 09 23 16:35:58.950#Z#DEBUG#89a811f3-b76c-11f1-a9d4-eeee0a93f2f4.hpbuysell-otc-salesorder-postgres-deployer#flowable-async-job-executor-thread-28319#
[PollExecuteTaskStatusExecution] 9409158a-3ef5-419f-b18e-c3263bd4e0f3 [2026-09-23T16:35:46.792175] 'jkFzraz6LEH3IlArT3jUPvWKqvh2lJWnnp56aqxBR7qHH5voD49UpJWY1K0BjGnS\n' + (STDOUT, APP/TASK/deploy-to-postgresql)#
#2026 09 23 16:35:58.950#Z#DEBUG#89a811f3-b76c-11f1-a9d4-eeee0a93f2f4.hpbuysell-otc-salesorder-postgres-deployer#flowable-async-job-executor-thread-28319#
[PollExecuteTaskStatusExecution] 9409158a-3ef5-419f-b18e-c3263bd4e0f3 [2026-09-23T16:35:46.792177] 'OHcurpp0Yt/BIs4VZeWdCZwI7JaSeDcPMaMDBvND3Ia5Fga0thgYQTG6dE+N5fgF\n' + (STDOUT, APP/TASK/deploy-to-postgresql)#
#2026 09 23 16:35:58.950#Z#DEBUG#89a811f3-b76c-11f1-a9d4-eeee0a93f2f4.hpbuysell-otc-salesorder-postgres-deployer#flowable-async-job-executor-thread-28319#
[PollExecuteTaskStatusExecution] 9409158a-3ef5-419f-b18e-c3263bd4e0f3 [2026-09-23T16:35:46.792179] 'z+hRaujXO2nb0LmddVyvE8prYlWRMuYFv+Co8hcMdJ0lEZlfVNu0jbm9/GmwAZ+l\n' + (STDOUT, APP/TASK/deploy-to-postgresql)#
#2026 09 23 16:35:58.950#Z#DEBUG#89a811f3-b76c-11f1-a9d4-eeee0a93f2f4.hpbuysell-otc-salesorder-postgres-deployer#flowable-async-job-executor-thread-28319#
[PollExecuteTaskStatusExecution] 9409158a-3ef5-419f-b18e-c3263bd4e0f3 [2026-09-23T16:35:46.792181] '9umeYO9yz/uC7edC8XJBglMAKUmVK9wNtOckUWAcCfnPWYLbYa/PqtXBYcxrso5j\n' + (STDOUT, APP/TASK/deploy-to-postgresql)#
#2026 09 23 16:35:58.950#Z#DEBUG#89a811f3-b76c-11f1-a9d4-eeee0a93f2f4.hpbuysell-otc-salesorder-postgres-deployer#flowable-async-job-executor-thread-28319#
[PollExecuteTaskStatusExecution] 9409158a-3ef5-419f-b18e-c3263bd4e0f3 [2026-09-23T16:35:46.792182] 'iaS/A7iEW51uteHBGrViCy1afGG+hiUWwFlesli+Rq4dNstX3h6h2baWABaAxEVJ\n' + (STDOUT, APP/TASK/deploy-to-postgresql)#
#2026 09 23 16:35:58.950#Z#DEBUG#89a811f3-b76c-11f1-a9d4-eeee0a93f2f4.hpbuysell-otc-salesorder-postgres-deployer#flowable-async-job-executor-thread-28319#
[PollExecuteTaskStatusExecution] 9409158a-3ef5-419f-b18e-c3263bd4e0f3 [2026-09-23T16:35:46.792184] 'y1RnTQSz6mROT1VmZSgSVO37rgIyY0Hf0872ogcTS+FfvXgBxCxsNWEbiQ/XXva4\n' + (STDOUT, APP/TASK/deploy-to-postgresql)#
#2026 09 23 16:35:58.950#Z#DEBUG#89a811f3-b76c-11f1-a9d4-eeee0a93f2f4.hpbuysell-otc-salesorder-postgres-deployer#flowable-async-job-executor-thread-28319#
[PollExecuteTaskStatusExecution] 9409158a-3ef5-419f-b18e-c3263bd4e0f3 [2026-09-23T16:35:46.792186] '0Ws=\n' + (STDOUT, APP/TASK/deploy-to-postgresql)#
#2026 09 23 16:35:58.950#Z#DEBUG#89a811f3-b76c-11f1-a9d4-eeee0a93f2f4.hpbuysell-otc-salesorder-postgres-deployer#flowable-async-job-executor-thread-28319#
[PollExecuteTaskStatusExecution] 9409158a-3ef5-419f-b18e-c3263bd4e0f3 [2026-09-23T16:35:46.792188] '-----END CERTIFICATE-----\n' + (STDOUT, APP/TASK/deploy-to-postgresql)#
#2026 09 23 16:35:58.950#Z#DEBUG#89a811f3-b76c-11f1-a9d4-eeee0a93f2f4.hpbuysell-otc-salesorder-postgres-deployer#flowable-async-job-executor-thread-28319#
[PollExecuteTaskStatusExecution] 9409158a-3ef5-419f-b18e-c3263bd4e0f3 [2026-09-23T16:35:46.792189] '-----BEGIN CERTIFICATE-----\n' + (STDOUT, APP/TASK/deploy-to-postgresql)#
#2026 09 23 16:35:58.950#Z#DEBUG#89a811f3-b76c-11f1-a9d4-eeee0a93f2f4.hpbuysell-otc-salesorder-postgres-deployer#flowable-async-job-executor-thread-28319#
[PollExecuteTaskStatusExecution] 9409158a-3ef5-419f-b18e-c3263bd4e0f3 [2026-09-23T16:35:46.792191] 'MIICrjCCAjSgAwIBAgIRAPAlEk8VJPmEzVRRaWvTh2AwCgYIKoZIzj0EAwMwgZYx\n' + (STDOUT, APP/TASK/deploy-to-postgresql)#
#2026 09 23 16:35:58.950#Z#DEBUG#89a811f3-b76c-11f1-a9d4-eeee0a93f2f4.hpbuysell-otc-salesorder-postgres-deployer#flowable-async-job-executor-thread-28319#
[PollExecuteTaskStatusExecution] 9409158a-3ef5-419f-b18e-c3263bd4e0f3 [2026-09-23T16:35:46.792193] 'CzAJBgNVBAYTAlVTMSIwIAYDVQQKDBlBbWF6b24gV2ViIFNlcnZpY2VzLCBJbmMu\n' + (STDOUT, APP/TASK/deploy-to-postgresql)#
#2026 09 23 16:35:58.950#Z#DEBUG#89a811f3-b76c-11f1-a9d4-eeee0a93f2f4.hpbuysell-otc-salesorder-postgres-deployer#flowable-async-job-executor-thread-28319#
[PollExecuteTaskStatusExecution] 9409158a-3ef5-419f-b18e-c3263bd4e0f3 [2026-09-23T16:35:46.792194] 'MRMwEQYDVQQLDApBbWF6b24gUkRTMQswCQYDVQQIDAJXQTEvMC0GA1UEAwwmQW1h\n' + (STDOUT, APP/TASK/deploy-to-postgresql)#
#2026 09 23 16:35:58.950#Z#DEBUG#89a811f3-b76c-11f1-a9d4-eeee0a93f2f4.hpbuysell-otc-salesorder-postgres-deployer#flowable-async-job-executor-thread-28319#
[PollExecuteTaskStatusExecution] 9409158a-3ef5-419f-b18e-c3263bd4e0f3 [2026-09-23T16:35:46.792196] 'em9uIFJEUyB1cy1lYXN0LTEgUm9vdCBDQSBFQ0MzODQgRzExEDAOBgNVBAcMB1Nl\n' + (STDOUT, APP/TASK/deploy-to-postgresql)#
#2026 09 23 16:35:58.950#Z#DEBUG#89a811f3-b76c-11f1-a9d4-eeee0a93f2f4.hpbuysell-otc-salesorder-postgres-deployer#flowable-async-job-executor-thread-28319#
[PollExecuteTaskStatusExecution] 9409158a-3ef5-419f-b18e-c3263bd4e0f3 [2026-09-23T16:35:46.792199] 'YXR0bGUwIBcNMjEwNTI1MjI0MTU1WhgPMjEyMTA1MjUyMzQxNTVaMIGWMQswCQYD\n' + (STDOUT, APP/TASK/deploy-to-postgresql)#
#2026 09 23 16:35:58.950#Z#DEBUG#89a811f3-b76c-11f1-a9d4-eeee0a93f2f4.hpbuysell-otc-salesorder-postgres-deployer#flowable-async-job-executor-thread-28319#
[PollExecuteTaskStatusExecution] 9409158a-3ef5-419f-b18e-c3263bd4e0f3 [2026-09-23T16:35:46.792200] 'VQQGEwJVUzEiMCAGA1UECgwZQW1hem9uIFdlYiBTZXJ2aWNlcywgSW5jLjETMBEG\n' + (STDOUT, APP/TASK/deploy-to-postgresql)#
#2026 09 23 16:35:58.950#Z#DEBUG#89a811f3-b76c-11f1-a9d4-eeee0a93f2f4.hpbuysell-otc-salesorder-postgres-deployer#flowable-async-job-executor-thread-28319#
[PollExecuteTaskStatusExecution] 9409158a-3ef5-419f-b18e-c3263bd4e0f3 [2026-09-23T16:35:46.792202] 'A1UECwwKQW1hem9uIFJEUzELMAkGA1UECAwCV0ExLzAtBgNVBAMMJkFtYXpvbiBS\n' + (STDOUT, APP/TASK/deploy-to-postgresql)#
#2026 09 23 16:35:58.950#Z#DEBUG#89a811f3-b76c-11f1-a9d4-eeee0a93f2f4.hpbuysell-otc-salesorder-postgres-deployer#flowable-async-job-executor-thread-28319#
[PollExecuteTaskStatusExecution] 9409158a-3ef5-419f-b18e-c3263bd4e0f3 [2026-09-23T16:35:46.792205] 'RFMgdXMtZWFzdC0xIFJvb3QgQ0EgRUNDMzg0IEcxMRAwDgYDVQQHDAdTZWF0dGxl\n' + (STDOUT, APP/TASK/deploy-to-postgresql)#
#2026 09 23 16:35:58.950#Z#DEBUG#89a811f3-b76c-11f1-a9d4-eeee0a93f2f4.hpbuysell-otc-salesorder-postgres-deployer#flowable-async-job-executor-thread-28319#
[PollExecuteTaskStatusExecution] 9409158a-3ef5-419f-b18e-c3263bd4e0f3 [2026-09-23T16:35:46.792206] 'MHYwEAYHKoZIzj0CAQYFK4EEACIDYgAEx5xjrup8II4HOJw15NTnS3H5yMrQGlbj\n' + (STDOUT, APP/TASK/deploy-to-postgresql)#
#2026 09 23 16:35:58.950#Z#DEBUG#89a811f3-b76c-11f1-a9d4-eeee0a93f2f4.hpbuysell-otc-salesorder-postgres-deployer#flowable-async-job-executor-thread-28319#
[PollExecuteTaskStatusExecution] 9409158a-3ef5-419f-b18e-c3263bd4e0f3 [2026-09-23T16:35:46.792208] 'EDA5MMGnE9DmHp5dACIxmPXPMe/99nO7wNdl7G71OYPCgEvWm0FhdvVUeTb3LVnV\n' + (STDOUT, APP/TASK/deploy-to-postgresql)#
#2026 09 23 16:35:58.950#Z#DEBUG#89a811f3-b76c-11f1-a9d4-eeee0a93f2f4.hpbuysell-otc-salesorder-postgres-deployer#flowable-async-job-executor-thread-28319#
[PollExecuteTaskStatusExecution] 9409158a-3ef5-419f-b18e-c3263bd4e0f3 [2026-09-23T16:35:46.792209] 'BnaXt32Ek7/oxGk1T+Df03C+W0vmuJ+wo0IwQDAPBgNVHRMBAf8EBTADAQH/MB0G\n' + (STDOUT, APP/TASK/deploy-to-postgresql)#
#2026 09 23 16:35:58.950#Z#DEBUG#89a811f3-b76c-11f1-a9d4-eeee0a93f2f4.hpbuysell-otc-salesorder-postgres-deployer#flowable-async-job-executor-thread-28319#
[PollExecuteTaskStatusExecution] 9409158a-3ef5-419f-b18e-c3263bd4e0f3 [2026-09-23T16:35:46.792211] 'A1UdDgQWBBTGXmqBWN/1tkSea4pNw0oHrjk2UDAOBgNVHQ8BAf8EBAMCAYYwCgYI\n' + (STDOUT, APP/TASK/deploy-to-postgresql)#
#2026 09 23 16:35:58.950#Z#DEBUG#89a811f3-b76c-11f1-a9d4-eeee0a93f2f4.hpbuysell-otc-salesorder-postgres-deployer#flowable-async-job-executor-thread-28319#
[PollExecuteTaskStatusExecution] 9409158a-3ef5-419f-b18e-c3263bd4e0f3 [2026-09-23T16:35:46.792213] 'KoZIzj0EAwMDaAAwZQIxAIqqZWCSrIkZ7zsv/FygtAusW6yvlL935YAWYPVXU30m\n' + (STDOUT, APP/TASK/deploy-to-postgresql)#
#2026 09 23 16:35:58.950#Z#DEBUG#89a811f3-b76c-11f1-a9d4-eeee0a93f2f4.hpbuysell-otc-salesorder-postgres-deployer#flowable-async-job-executor-thread-28319#
[PollExecuteTaskStatusExecution] 9409158a-3ef5-419f-b18e-c3263bd4e0f3 [2026-09-23T16:35:46.792214] 'jkMFLM+/RJ9GMvnO8jHfCgIwB+whlkcItzE9CRQ6CsMo/d5cEHDUu/QW6jSIh9BR\n' + (STDOUT, APP/TASK/deploy-to-postgresql)#
#2026 09 23 16:35:58.950#Z#DEBUG#89a811f3-b76c-11f1-a9d4-eeee0a93f2f4.hpbuysell-otc-salesorder-postgres-deployer#flowable-async-job-executor-thread-28319#
[PollExecuteTaskStatusExecution] 9409158a-3ef5-419f-b18e-c3263bd4e0f3 [2026-09-23T16:35:46.792217] 'OGh9pTYPVkUbBiKPA7lVVhre\n' + (STDOUT, APP/TASK/deploy-to-postgresql)#
#2026 09 23 16:35:58.950#Z#DEBUG#89a811f3-b76c-11f1-a9d4-eeee0a93f2f4.hpbuysell-otc-salesorder-postgres-deployer#flowable-async-job-executor-thread-28319#
[PollExecuteTaskStatusExecution] 9409158a-3ef5-419f-b18e-c3263bd4e0f3 [2026-09-23T16:35:46.792218] '-----END CERTIFICATE-----\n', (STDOUT, APP/TASK/deploy-to-postgresql)#
#2026 09 23 16:35:58.950#Z#DEBUG#89a811f3-b76c-11f1-a9d4-eeee0a93f2f4.hpbuysell-otc-salesorder-postgres-deployer#flowable-async-job-executor-thread-28319#
[PollExecuteTaskStatusExecution] 9409158a-3ef5-419f-b18e-c3263bd4e0f3 [2026-09-23T16:35:46.792222] uri: 'postgres://e4d51886f3dc:daacb78fca6ef102b1397708@postgres-63a33c28-9d9e-4453-821a-000f0ee4a75c.c24srvdukvjo.us-east-1.rds.amazonaws.com:7565/BQiFxAUMVHcr', (STDOUT, APP/TASK/deploy-to-postgresql)#
#2026 09 23 16:35:58.950#Z#DEBUG#89a811f3-b76c-11f1-a9d4-eeee0a93f2f4.hpbuysell-otc-salesorder-postgres-deployer#flowable-async-job-executor-thread-28319#
[PollExecuteTaskStatusExecution] 9409158a-3ef5-419f-b18e-c3263bd4e0f3 [2026-09-23T16:35:46.792224] urls: { (STDOUT, APP/TASK/deploy-to-postgresql)#
#2026 09 23 16:35:58.950#Z#DEBUG#89a811f3-b76c-11f1-a9d4-eeee0a93f2f4.hpbuysell-otc-salesorder-postgres-deployer#flowable-async-job-executor-thread-28319#
[PollExecuteTaskStatusExecution] 9409158a-3ef5-419f-b18e-c3263bd4e0f3 [2026-09-23T16:35:46.792227] api_server: 'https://api-backing-services.us10.data.services.cloud.sap' (STDOUT, APP/TASK/deploy-to-postgresql)#
#2026 09 23 16:35:58.950#Z#DEBUG#89a811f3-b76c-11f1-a9d4-eeee0a93f2f4.hpbuysell-otc-salesorder-postgres-deployer#flowable-async-job-executor-thread-28319#
[PollExecuteTaskStatusExecution] 9409158a-3ef5-419f-b18e-c3263bd4e0f3 [2026-09-23T16:35:46.792229] } (STDOUT, APP/TASK/deploy-to-postgresql)#
#2026 09 23 16:35:58.950#Z#DEBUG#89a811f3-b76c-11f1-a9d4-eeee0a93f2f4.hpbuysell-otc-salesorder-postgres-deployer#flowable-async-job-executor-thread-28319#
[PollExecuteTaskStatusExecution] 9409158a-3ef5-419f-b18e-c3263bd4e0f3 [2026-09-23T16:35:46.792231] } (STDOUT, APP/TASK/deploy-to-postgresql)#
#2026 09 23 16:35:58.950#Z#DEBUG#89a811f3-b76c-11f1-a9d4-eeee0a93f2f4.hpbuysell-otc-salesorder-postgres-deployer#flowable-async-job-executor-thread-28319#
[PollExecuteTaskStatusExecution] 9409158a-3ef5-419f-b18e-c3263bd4e0f3 [2026-09-23T16:35:46.792233] } {} (STDOUT, APP/TASK/deploy-to-postgresql)#
#2026 09 23 16:35:58.950#Z#DEBUG#89a811f3-b76c-11f1-a9d4-eeee0a93f2f4.hpbuysell-otc-salesorder-postgres-deployer#flowable-async-job-executor-thread-28319#
[PollExecuteTaskStatusExecution] 9409158a-3ef5-419f-b18e-c3263bd4e0f3 [2026-09-23T16:35:47.346102] (node:56) DeprecationWarning: Calling client.query() when the client is already executing a query is deprecated and will be removed in pg@9.0. Use async/await or an external async flow control mechanism instead. (STDERR, APP/TASK/deploy-to-postgresql)#
#2026 09 23 16:35:58.950#Z#DEBUG#89a811f3-b76c-11f1-a9d4-eeee0a93f2f4.hpbuysell-otc-salesorder-postgres-deployer#flowable-async-job-executor-thread-28319#
[PollExecuteTaskStatusExecution] 9409158a-3ef5-419f-b18e-c3263bd4e0f3 [2026-09-23T16:35:47.346125] (Use `node --trace-deprecation ...` to show where the warning was created) (STDERR, APP/TASK/deploy-to-postgresql)#
#2026 09 23 16:35:58.950#Z#DEBUG#89a811f3-b76c-11f1-a9d4-eeee0a93f2f4.hpbuysell-otc-salesorder-postgres-deployer#flowable-async-job-executor-thread-28319#
[PollExecuteTaskStatusExecution] 9409158a-3ef5-419f-b18e-c3263bd4e0f3 [2026-09-23T16:35:47.689162] /> deployment to postgres-63a33c28-9d9e-4453-821a-000f0ee4a75c.c24srvdukvjo.us-east-1.rds.amazonaws.com:7565 failed (STDOUT, APP/TASK/deploy-to-postgresql)#
#2026 09 23 16:35:58.950#Z#DEBUG#89a811f3-b76c-11f1-a9d4-eeee0a93f2f4.hpbuysell-otc-salesorder-postgres-deployer#flowable-async-job-executor-thread-28319#
[PollExecuteTaskStatusExecution] 9409158a-3ef5-419f-b18e-c3263bd4e0f3 [2026-09-23T16:35:47.689829] Error: CDS compilation failed (@sap/cds-compiler v6.9.5) (STDERR, APP/TASK/deploy-to-postgresql)#
#2026 09 23 16:35:58.950#Z#DEBUG#89a811f3-b76c-11f1-a9d4-eeee0a93f2f4.hpbuysell-otc-salesorder-postgres-deployer#flowable-async-job-executor-thread-28319#
[PollExecuteTaskStatusExecution] 9409158a-3ef5-419f-b18e-c3263bd4e0f3 [2026-09-23T16:35:47.689849] db/csn.json:811: Error: Dropping elements is not supported (in entity:“hpbuysell.otc.salesorder.SalesOrderAcknowledgements”/element:“ID”) (STDERR, APP/TASK/deploy-to-postgresql)#
#2026 09 23 16:35:58.950#Z#DEBUG#89a811f3-b76c-11f1-a9d4-eeee0a93f2f4.hpbuysell-otc-salesorder-postgres-deployer#flowable-async-job-executor-thread-28319#
[PollExecuteTaskStatusExecution] 9409158a-3ef5-419f-b18e-c3263bd4e0f3 [2026-09-23T16:35:47.689853] at throwWithAnyError (/home/vcap/app/node_modules/@sap/cds-compiler/lib/base/messages.js:607:13) (STDERR, APP/TASK/deploy-to-postgresql)#
#2026 09 23 16:35:58.950#Z#DEBUG#89a811f3-b76c-11f1-a9d4-eeee0a93f2f4.hpbuysell-otc-salesorder-postgres-deployer#flowable-async-job-executor-thread-28319#
[PollExecuteTaskStatusExecution] 9409158a-3ef5-419f-b18e-c3263bd4e0f3 [2026-09-23T16:35:47.689857] at Proxy.toSqlDdl (/home/vcap/app/node_modules/@sap/cds-compiler/lib/render/toSql.js:311:3) (STDERR, APP/TASK/deploy-to-postgresql)#
#2026 09 23 16:35:58.950#Z#DEBUG#89a811f3-b76c-11f1-a9d4-eeee0a93f2f4.hpbuysell-otc-salesorder-postgres-deployer#flowable-async-job-executor-thread-28319#
[PollExecuteTaskStatusExecution] 9409158a-3ef5-419f-b18e-c3263bd4e0f3 [2026-09-23T16:35:47.689867] at sqlMigration (/home/vcap/app/node_modules/@sap/cds-compiler/lib/api/main.js:606:13) (STDERR, APP/TASK/deploy-to-postgresql)#
#2026 09 23 16:35:58.950#Z#DEBUG#89a811f3-b76c-11f1-a9d4-eeee0a93f2f4.hpbuysell-otc-salesorder-postgres-deployer#flowable-async-job-executor-thread-28319#
[PollExecuteTaskStatusExecution] 9409158a-3ef5-419f-b18e-c3263bd4e0f3 [2026-09-23T16:35:47.689869] at Function.api [as migration] (/home/vcap/app/node_modules/@sap/cds-compiler/lib/api/main.js:1185:22) (STDERR, APP/TASK/deploy-to-postgresql)#
#2026 09 23 16:35:58.951#Z#DEBUG#89a811f3-b76c-11f1-a9d4-eeee0a93f2f4.hpbuysell-otc-salesorder-postgres-deployer#flowable-async-job-executor-thread-28319#
[PollExecuteTaskStatusExecution] 9409158a-3ef5-419f-b18e-c3263bd4e0f3 [2026-09-23T16:35:47.689871] at Function.migration (/home/vcap/app/node_modules/@sap/cds-compiler/lib/main.js:157:41) (STDERR, APP/TASK/deploy-to-postgresql)#
#2026 09 23 16:35:58.951#Z#DEBUG#89a811f3-b76c-11f1-a9d4-eeee0a93f2f4.hpbuysell-otc-salesorder-postgres-deployer#flowable-async-job-executor-thread-28319#
[PollExecuteTaskStatusExecution] 9409158a-3ef5-419f-b18e-c3263bd4e0f3 [2026-09-23T16:35:47.689875] at Object.deltaSql (/home/vcap/app/node_modules/@sap/cds/lib/compile/cdsc.js:165:53) (STDERR, APP/TASK/deploy-to-postgresql)#
#2026 09 23 16:35:58.951#Z#DEBUG#89a811f3-b76c-11f1-a9d4-eeee0a93f2f4.hpbuysell-otc-salesorder-postgres-deployer#flowable-async-job-executor-thread-28319#
[PollExecuteTaskStatusExecution] 9409158a-3ef5-419f-b18e-c3263bd4e0f3 [2026-09-23T16:35:47.689878] at /home/vcap/app/node_modules/@sap/cds/lib/compile/to/sql.js:38:61 (STDERR, APP/TASK/deploy-to-postgresql)#
#2026 09 23 16:35:58.951#Z#DEBUG#89a811f3-b76c-11f1-a9d4-eeee0a93f2f4.hpbuysell-otc-salesorder-postgres-deployer#flowable-async-job-executor-thread-28319#
[PollExecuteTaskStatusExecution] 9409158a-3ef5-419f-b18e-c3263bd4e0f3 [2026-09-23T16:35:47.689879] at next (/home/vcap/app/node_modules/@sap/cds/lib/compile/to/sql.js:44:4) (STDERR, APP/TASK/deploy-to-postgresql)#
#2026 09 23 16:35:58.951#Z#DEBUG#89a811f3-b76c-11f1-a9d4-eeee0a93f2f4.hpbuysell-otc-salesorder-postgres-deployer#flowable-async-job-executor-thread-28319#
[PollExecuteTaskStatusExecution] 9409158a-3ef5-419f-b18e-c3263bd4e0f3 [2026-09-23T16:35:47.689882] at Function.cds_compile_to_deltaSql [as delta] (/home/vcap/app/node_modules/@sap/cds/lib/compile/to/sql.js:46:21) (STDERR, APP/TASK/deploy-to-postgresql)#
#2026 09 23 16:35:58.951#Z#DEBUG#89a811f3-b76c-11f1-a9d4-eeee0a93f2f4.hpbuysell-otc-salesorder-postgres-deployer#flowable-async-job-executor-thread-28319#
[PollExecuteTaskStatusExecution] 9409158a-3ef5-419f-b18e-c3263bd4e0f3 [2026-09-23T16:35:47.689887] at deploy.schema (/home/vcap/app/node_modules/@sap/cds/lib/dbs/cds-deploy.js:75:75) (STDERR, APP/TASK/deploy-to-postgresql)#
#2026 09 23 16:35:58.951#Z#DEBUG#89a811f3-b76c-11f1-a9d4-eeee0a93f2f4.hpbuysell-otc-salesorder-postgres-deployer#flowable-async-job-executor-thread-28319#
[PollExecuteTaskStatusExecution] 9409158a-3ef5-419f-b18e-c3263bd4e0f3 [2026-09-23T16:35:47.713455] npm notice (STDERR, APP/TASK/deploy-to-postgresql)#
#2026 09 23 16:35:58.951#Z#DEBUG#89a811f3-b76c-11f1-a9d4-eeee0a93f2f4.hpbuysell-otc-salesorder-postgres-deployer#flowable-async-job-executor-thread-28319#
[PollExecuteTaskStatusExecution] 9409158a-3ef5-419f-b18e-c3263bd4e0f3 [2026-09-23T16:35:47.713475] npm notice New major version of npm available! 10.9.8 -> 12.1.0 (STDERR, APP/TASK/deploy-to-postgresql)#
#2026 09 23 16:35:58.951#Z#DEBUG#89a811f3-b76c-11f1-a9d4-eeee0a93f2f4.hpbuysell-otc-salesorder-postgres-deployer#flowable-async-job-executor-thread-28319#
[PollExecuteTaskStatusExecution] 9409158a-3ef5-419f-b18e-c3263bd4e0f3 [2026-09-23T16:35:47.713479] npm notice Changelog: https://github.com/npm/cli/releases/tag/v12.1.0 (STDERR, APP/TASK/deploy-to-postgresql)#
#2026 09 23 16:35:58.951#Z#DEBUG#89a811f3-b76c-11f1-a9d4-eeee0a93f2f4.hpbuysell-otc-salesorder-postgres-deployer#flowable-async-job-executor-thread-28319#
[PollExecuteTaskStatusExecution] 9409158a-3ef5-419f-b18e-c3263bd4e0f3 [2026-09-23T16:35:47.713484] npm notice To update run: npm install -g npm@12.1.0 (STDERR, APP/TASK/deploy-to-postgresql)#
#2026 09 23 16:35:58.951#Z#DEBUG#89a811f3-b76c-11f1-a9d4-eeee0a93f2f4.hpbuysell-otc-salesorder-postgres-deployer#flowable-async-job-executor-thread-28319#
[PollExecuteTaskStatusExecution] 9409158a-3ef5-419f-b18e-c3263bd4e0f3 [2026-09-23T16:35:47.713487] npm notice (STDERR, APP/TASK/deploy-to-postgresql)#
#2026 09 23 16:35:58.951#Z#DEBUG#89a811f3-b76c-11f1-a9d4-eeee0a93f2f4.hpbuysell-otc-salesorder-postgres-deployer#flowable-async-job-executor-thread-28319#
[PollExecuteTaskStatusExecution] 9409158a-3ef5-419f-b18e-c3263bd4e0f3 [2026-09-23T16:35:47.772970] Exit status 1 (STDOUT, APP/TASK/deploy-to-postgresql)#
#2026 09 23 16:35:58.951#Z#DEBUG#89a811f3-b76c-11f1-a9d4-eeee0a93f2f4.hpbuysell-otc-salesorder-postgres-deployer#flowable-async-job-executor-thread-28319#
[PollExecuteTaskStatusExecution] 9409158a-3ef5-419f-b18e-c3263bd4e0f3 [2026-09-23T16:35:48.286255] Cell a2a00f1d-079f-4e20-bb58-abe9cdcb03c8 stopping instance 60bdcdc5-11d5-424b-b0af-d8b7d7622d51 (STDOUT, CELL)#
#2026 09 23 16:35:58.951#Z#DEBUG#89a811f3-b76c-11f1-a9d4-eeee0a93f2f4.hpbuysell-otc-salesorder-postgres-deployer#flowable-async-job-executor-thread-28319#
[PollExecuteTaskStatusExecution] 9409158a-3ef5-419f-b18e-c3263bd4e0f3 [2026-09-23T16:35:48.286323] Cell a2a00f1d-079f-4e20-bb58-abe9cdcb03c8 destroying container for instance 60bdcdc5-11d5-424b-b0af-d8b7d7622d51 (STDOUT, CELL)#
#2026 09 23 16:35:58.951#Z#DEBUG#89a811f3-b76c-11f1-a9d4-eeee0a93f2f4.hpbuysell-otc-salesorder-postgres-deployer#flowable-async-job-executor-thread-28319#
[PollExecuteTaskStatusExecution] 9409158a-3ef5-419f-b18e-c3263bd4e0f3 [2026-09-23T16:35:49.563180] Cell a2a00f1d-079f-4e20-bb58-abe9cdcb03c8 successfully destroyed container for instance 60bdcdc5-11d5-424b-b0af-d8b7d7622d51 (STDOUT, CELL)#
#2026 09 23 16:35:58.951#Z#DEBUG#89a811f3-b76c-11f1-a9d4-eeee0a93f2f4.hpbuysell-otc-salesorder-postgres-deployer#flowable-async-job-executor-thread-28319#
[PollExecuteTaskStatusExecution] 9409158a-3ef5-419f-b18e-c3263bd4e0f3 [2026-09-23T16:35:50.942170] Cell a2a00f1d-079f-4e20-bb58-abe9cdcb03c8 creating container for instance 10de621c-eac7-4977-a565-1fccaa3b2d5b (STDOUT, CELL)#
#2026 09 23 16:35:58.951#Z#DEBUG#89a811f3-b76c-11f1-a9d4-eeee0a93f2f4.hpbuysell-otc-salesorder-postgres-deployer#flowable-async-job-executor-thread-28319#
[PollExecuteTaskStatusExecution] 9409158a-3ef5-419f-b18e-c3263bd4e0f3 [2026-09-23T16:35:51.277571] Security group rules were updated (STDOUT, CELL)#
#2026 09 23 16:35:58.951#Z#DEBUG#89a811f3-b76c-11f1-a9d4-eeee0a93f2f4.hpbuysell-otc-salesorder-postgres-deployer#flowable-async-job-executor-thread-28319#
[PollExecuteTaskStatusExecution] 9409158a-3ef5-419f-b18e-c3263bd4e0f3 [2026-09-23T16:35:51.298588] Cell a2a00f1d-079f-4e20-bb58-abe9cdcb03c8 successfully created container for instance 10de621c-eac7-4977-a565-1fccaa3b2d5b (STDOUT, CELL)#
#2026 09 23 16:35:58.951#Z#DEBUG#89a811f3-b76c-11f1-a9d4-eeee0a93f2f4.hpbuysell-otc-salesorder-postgres-deployer#flowable-async-job-executor-thread-28319#
[PollExecuteTaskStatusExecution] 9409158a-3ef5-419f-b18e-c3263bd4e0f3 [2026-09-23T16:35:54.671225] Invoking pre-start scripts. (STDOUT, APP/TASK/deploy-to-postgresql)#
#2026 09 23 16:35:58.951#Z#DEBUG#89a811f3-b76c-11f1-a9d4-eeee0a93f2f4.hpbuysell-otc-salesorder-postgres-deployer#flowable-async-job-executor-thread-28319#
[PollExecuteTaskStatusExecution] 9409158a-3ef5-419f-b18e-c3263bd4e0f3 [2026-09-23T16:35:54.823216] Invoking start command. (STDOUT, APP/TASK/deploy-to-postgresql)#
#2026 09 23 16:35:58.951#Z#DEBUG#89a811f3-b76c-11f1-a9d4-eeee0a93f2f4.hpbuysell-otc-salesorder-postgres-deployer#flowable-async-job-executor-thread-28319#
[PollExecuteTaskStatusExecution] 9409158a-3ef5-419f-b18e-c3263bd4e0f3 [2026-09-23T16:35:55.153962] > start (STDOUT, APP/TASK/deploy-to-postgresql)#
#2026 09 23 16:35:58.951#Z#DEBUG#89a811f3-b76c-11f1-a9d4-eeee0a93f2f4.hpbuysell-otc-salesorder-postgres-deployer#flowable-async-job-executor-thread-28319#
[PollExecuteTaskStatusExecution] 9409158a-3ef5-419f-b18e-c3263bd4e0f3 [2026-09-23T16:35:55.153987] > cds-deploy (STDOUT, APP/TASK/deploy-to-postgresql)#
#2026 09 23 16:35:58.951#Z#DEBUG#89a811f3-b76c-11f1-a9d4-eeee0a93f2f4.hpbuysell-otc-salesorder-postgres-deployer#flowable-async-job-executor-thread-28319#
[PollExecuteTaskStatusExecution] 9409158a-3ef5-419f-b18e-c3263bd4e0f3 [2026-09-23T16:35:55.209315] Deploying with options: { (STDOUT, APP/TASK/deploy-to-postgresql)#
#2026 09 23 16:35:58.951#Z#DEBUG#89a811f3-b76c-11f1-a9d4-eeee0a93f2f4.hpbuysell-otc-salesorder-postgres-deployer#flowable-async-job-executor-thread-28319#
[PollExecuteTaskStatusExecution] 9409158a-3ef5-419f-b18e-c3263bd4e0f3 [2026-09-23T16:35:55.209339] impl: '@cap-js/postgres', (STDOUT, APP/TASK/deploy-to-postgresql)#
#2026 09 23 16:35:58.951#Z#DEBUG#89a811f3-b76c-11f1-a9d4-eeee0a93f2f4.hpbuysell-otc-salesorder-postgres-deployer#flowable-async-job-executor-thread-28319#
[PollExecuteTaskStatusExecution] 9409158a-3ef5-419f-b18e-c3263bd4e0f3 [2026-09-23T16:35:55.209343] kind: 'postgres', (STDOUT, APP/TASK/deploy-to-postgresql)#
#2026 09 23 16:35:58.951#Z#DEBUG#89a811f3-b76c-11f1-a9d4-eeee0a93f2f4.hpbuysell-otc-salesorder-postgres-deployer#flowable-async-job-executor-thread-28319#
[PollExecuteTaskStatusExecution] 9409158a-3ef5-419f-b18e-c3263bd4e0f3 [2026-09-23T16:35:55.209348] dialect: 'postgres', (STDOUT, APP/TASK/deploy-to-postgresql)#
#2026 09 23 16:35:58.951#Z#DEBUG#89a811f3-b76c-11f1-a9d4-eeee0a93f2f4.hpbuysell-otc-salesorder-postgres-deployer#flowable-async-job-executor-thread-28319#
[PollExecuteTaskStatusExecution] 9409158a-3ef5-419f-b18e-c3263bd4e0f3 [2026-09-23T16:35:55.209351] vcap: { label: 'postgresql-db' }, (STDOUT, APP/TASK/deploy-to-postgresql)#
#2026 09 23 16:35:58.951#Z#DEBUG#89a811f3-b76c-11f1-a9d4-eeee0a93f2f4.hpbuysell-otc-salesorder-postgres-deployer#flowable-async-job-executor-thread-28319#
[PollExecuteTaskStatusExecution] 9409158a-3ef5-419f-b18e-c3263bd4e0f3 [2026-09-23T16:35:55.209359] pool: { (STDOUT, APP/TASK/deploy-to-postgresql)#
#2026 09 23 16:35:58.951#Z#DEBUG#89a811f3-b76c-11f1-a9d4-eeee0a93f2f4.hpbuysell-otc-salesorder-postgres-deployer#flowable-async-job-executor-thread-28319#
[PollExecuteTaskStatusExecution] 9409158a-3ef5-419f-b18e-c3263bd4e0f3 [2026-09-23T16:35:55.209361] min: 0, (STDOUT, APP/TASK/deploy-to-postgresql)#
#2026 09 23 16:35:58.951#Z#DEBUG#89a811f3-b76c-11f1-a9d4-eeee0a93f2f4.hpbuysell-otc-salesorder-postgres-deployer#flowable-async-job-executor-thread-28319#
[PollExecuteTaskStatusExecution] 9409158a-3ef5-419f-b18e-c3263bd4e0f3 [2026-09-23T16:35:55.209363] max: 10, (STDOUT, APP/TASK/deploy-to-postgresql)#
#2026 09 23 16:35:58.951#Z#DEBUG#89a811f3-b76c-11f1-a9d4-eeee0a93f2f4.hpbuysell-otc-salesorder-postgres-deployer#flowable-async-job-executor-thread-28319#
[PollExecuteTaskStatusExecution] 9409158a-3ef5-419f-b18e-c3263bd4e0f3 [2026-09-23T16:35:55.209367] testOnBorrow: true, (STDOUT, APP/TASK/deploy-to-postgresql)#
#2026 09 23 16:35:58.951#Z#DEBUG#89a811f3-b76c-11f1-a9d4-eeee0a93f2f4.hpbuysell-otc-salesorder-postgres-deployer#flowable-async-job-executor-thread-28319#
[PollExecuteTaskStatusExecution] 9409158a-3ef5-419f-b18e-c3263bd4e0f3 [2026-09-23T16:35:55.209371] acquireTimeoutMillis: 1000, (STDOUT, APP/TASK/deploy-to-postgresql)#
#2026 09 23 16:35:58.951#Z#DEBUG#89a811f3-b76c-11f1-a9d4-eeee0a93f2f4.hpbuysell-otc-salesorder-postgres-deployer#flowable-async-job-executor-thread-28319#
[PollExecuteTaskStatusExecution] 9409158a-3ef5-419f-b18e-c3263bd4e0f3 [2026-09-23T16:35:55.209373] destroyTimeoutMillis: 1000 (STDOUT, APP/TASK/deploy-to-postgresql)#
#2026 09 23 16:35:58.951#Z#DEBUG#89a811f3-b76c-11f1-a9d4-eeee0a93f2f4.hpbuysell-otc-salesorder-postgres-deployer#flowable-async-job-executor-thread-28319#
[PollExecuteTaskStatusExecution] 9409158a-3ef5-419f-b18e-c3263bd4e0f3 [2026-09-23T16:35:55.209375] }, (STDOUT, APP/TASK/deploy-to-postgresql)#
#2026 09 23 16:35:58.951#Z#DEBUG#89a811f3-b76c-11f1-a9d4-eeee0a93f2f4.hpbuysell-otc-salesorder-postgres-deployer#flowable-async-job-executor-thread-28319#
[PollExecuteTaskStatusExecution] 9409158a-3ef5-419f-b18e-c3263bd4e0f3 [2026-09-23T16:35:55.209377] schema_evolution: 'auto', (STDOUT, APP/TASK/deploy-to-postgresql)#
#2026 09 23 16:35:58.951#Z#DEBUG#89a811f3-b76c-11f1-a9d4-eeee0a93f2f4.hpbuysell-otc-salesorder-postgres-deployer#flowable-async-job-executor-thread-28319#
[PollExecuteTaskStatusExecution] 9409158a-3ef5-419f-b18e-c3263bd4e0f3 [2026-09-23T16:35:55.209379] credentials: { (STDOUT, APP/TASK/deploy-to-postgresql)#
#2026 09 23 16:35:58.951#Z#DEBUG#89a811f3-b76c-11f1-a9d4-eeee0a93f2f4.hpbuysell-otc-salesorder-postgres-deployer#flowable-async-job-executor-thread-28319#
[PollExecuteTaskStatusExecution] 9409158a-3ef5-419f-b18e-c3263bd4e0f3 [2026-09-23T16:35:55.209384] database: 'db.sqlite', (STDOUT, APP/TASK/deploy-to-postgresql)#
#2026 09 23 16:35:58.951#Z#DEBUG#89a811f3-b76c-11f1-a9d4-eeee0a93f2f4.hpbuysell-otc-salesorder-postgres-deployer#flowable-async-job-executor-thread-28319#
[PollExecuteTaskStatusExecution] 9409158a-3ef5-419f-b18e-c3263bd4e0f3 [2026-09-23T16:35:55.209385] schema: 'hpbuysell_otc_salesorder', (STDOUT, APP/TASK/deploy-to-postgresql)#
#2026 09 23 16:35:58.951#Z#DEBUG#89a811f3-b76c-11f1-a9d4-eeee0a93f2f4.hpbuysell-otc-salesorder-postgres-deployer#flowable-async-job-executor-thread-28319#
[PollExecuteTaskStatusExecution] 9409158a-3ef5-419f-b18e-c3263bd4e0f3 [2026-09-23T16:35:55.209388] hostname: 'postgres-63a33c28-9d9e-4453-821a-000f0ee4a75c.c24srvdukvjo.us-east-1.rds.amazonaws.com', (STDOUT, APP/TASK/deploy-to-postgresql)#
#2026 09 23 16:35:58.951#Z#DEBUG#89a811f3-b76c-11f1-a9d4-eeee0a93f2f4.hpbuysell-otc-salesorder-postgres-deployer#flowable-async-job-executor-thread-28319#
[PollExecuteTaskStatusExecution] 9409158a-3ef5-419f-b18e-c3263bd4e0f3 [2026-09-23T16:35:55.209390] port: '7565', (STDOUT, APP/TASK/deploy-to-postgresql)#
#2026 09 23 16:35:58.951#Z#DEBUG#89a811f3-b76c-11f1-a9d4-eeee0a93f2f4.hpbuysell-otc-salesorder-postgres-deployer#flowable-async-job-executor-thread-28319#
[PollExecuteTaskStatusExecution] 9409158a-3ef5-419f-b18e-c3263bd4e0f3 [2026-09-23T16:35:55.209392] username: 'e4d51886f3dc', (STDOUT, APP/TASK/deploy-to-postgresql)#
#2026 09 23 16:35:58.951#Z#DEBUG#89a811f3-b76c-11f1-a9d4-eeee0a93f2f4.hpbuysell-otc-salesorder-postgres-deployer#flowable-async-job-executor-thread-28319#
[PollExecuteTaskStatusExecution] 9409158a-3ef5-419f-b18e-c3263bd4e0f3 [2026-09-23T16:35:55.209394] password: 'daacb78fca6ef102b1397708', (STDOUT, APP/TASK/deploy-to-postgresql)#
#2026 09 23 16:35:58.951#Z#DEBUG#89a811f3-b76c-11f1-a9d4-eeee0a93f2f4.hpbuysell-otc-salesorder-postgres-deployer#flowable-async-job-executor-thread-28319#
[PollExecuteTaskStatusExecution] 9409158a-3ef5-419f-b18e-c3263bd4e0f3 [2026-09-23T16:35:55.209396] dbname: 'BQiFxAUMVHcr', (STDOUT, APP/TASK/deploy-to-postgresql)#
#2026 09 23 16:35:58.951#Z#DEBUG#89a811f3-b76c-11f1-a9d4-eeee0a93f2f4.hpbuysell-otc-salesorder-postgres-deployer#flowable-async-job-executor-thread-28319#
[PollExecuteTaskStatusExecution] 9409158a-3ef5-419f-b18e-c3263bd4e0f3 [2026-09-23T16:35:55.209398] sslcert: '-----BEGIN CERTIFICATE-----\n' + (STDOUT, APP/TASK/deploy-to-postgresql)#
#2026 09 23 16:35:58.951#Z#DEBUG#89a811f3-b76c-11f1-a9d4-eeee0a93f2f4.hpbuysell-otc-salesorder-postgres-deployer#flowable-async-job-executor-thread-28319#
[PollExecuteTaskStatusExecution] 9409158a-3ef5-419f-b18e-c3263bd4e0f3 [2026-09-23T16:35:55.209400] 'MIID/zCCAuegAwIBAgIRAPVSMfFitmM5PhmbaOFoGfUwDQYJKoZIhvcNAQELBQAw\n' + (STDOUT, APP/TASK/deploy-to-postgresql)#
#2026 09 23 16:35:58.951#Z#DEBUG#89a811f3-b76c-11f1-a9d4-eeee0a93f2f4.hpbuysell-otc-salesorder-postgres-deployer#flowable-async-job-executor-thread-28319#
[PollExecuteTaskStatusExecution] 9409158a-3ef5-419f-b18e-c3263bd4e0f3 [2026-09-23T16:35:55.209404] 'gZcxCzAJBgNVBAYTAlVTMSIwIAYDVQQKDBlBbWF6b24gV2ViIFNlcnZpY2VzLCBJ\n' + (STDOUT, APP/TASK/deploy-to-postgresql)#
#2026 09 23 16:35:58.951#Z#DEBUG#89a811f3-b76c-11f1-a9d4-eeee0a93f2f4.hpbuysell-otc-salesorder-postgres-deployer#flowable-async-job-executor-thread-28319#
[PollExecuteTaskStatusExecution] 9409158a-3ef5-419f-b18e-c3263bd4e0f3 [2026-09-23T16:35:55.209409] 'bmMuMRMwEQYDVQQLDApBbWF6b24gUkRTMQswCQYDVQQIDAJXQTEwMC4GA1UEAwwn\n' + (STDOUT, APP/TASK/deploy-to-postgresql)#
#2026 09 23 16:35:58.951#Z#DEBUG#89a811f3-b76c-11f1-a9d4-eeee0a93f2f4.hpbuysell-otc-salesorder-postgres-deployer#flowable-async-job-executor-thread-28319#
[PollExecuteTaskStatusExecution] 9409158a-3ef5-419f-b18e-c3263bd4e0f3 [2026-09-23T16:35:55.209410] 'QW1hem9uIFJEUyB1cy1lYXN0LTEgUm9vdCBDQSBSU0EyMDQ4IEcxMRAwDgYDVQQH\n' + (STDOUT, APP/TASK/deploy-to-postgresql)#
#2026 09 23 16:35:58.951#Z#DEBUG#89a811f3-b76c-11f1-a9d4-eeee0a93f2f4.hpbuysell-otc-salesorder-postgres-deployer#flowable-async-job-executor-thread-28319#
[PollExecuteTaskStatusExecution] 9409158a-3ef5-419f-b18e-c3263bd4e0f3 [2026-09-23T16:35:55.209412] 'DAdTZWF0dGxlMCAXDTIxMDUyNTIyMzQ1N1oYDzIwNjEwNTI1MjMzNDU3WjCBlzEL\n' + (STDOUT, APP/TASK/deploy-to-postgresql)#
#2026 09 23 16:35:58.951#Z#DEBUG#89a811f3-b76c-11f1-a9d4-eeee0a93f2f4.hpbuysell-otc-salesorder-postgres-deployer#flowable-async-job-executor-thread-28319#
[PollExecuteTaskStatusExecution] 9409158a-3ef5-419f-b18e-c3263bd4e0f3 [2026-09-23T16:35:55.209414] 'MAkGA1UEBhMCVVMxIjAgBgNVBAoMGUFtYXpvbiBXZWIgU2VydmljZXMsIEluYy4x\n' + (STDOUT, APP/TASK/deploy-to-postgresql)#
#2026 09 23 16:35:58.951#Z#DEBUG#89a811f3-b76c-11f1-a9d4-eeee0a93f2f4.hpbuysell-otc-salesorder-postgres-deployer#flowable-async-job-executor-thread-28319#
[PollExecuteTaskStatusExecution] 9409158a-3ef5-419f-b18e-c3263bd4e0f3 [2026-09-23T16:35:55.209416] 'EzARBgNVBAsMCkFtYXpvbiBSRFMxCzAJBgNVBAgMAldBMTAwLgYDVQQDDCdBbWF6\n' + (STDOUT, APP/TASK/deploy-to-postgresql)#
#2026 09 23 16:35:58.951#Z#DEBUG#89a811f3-b76c-11f1-a9d4-eeee0a93f2f4.hpbuysell-otc-salesorder-postgres-deployer#flowable-async-job-executor-thread-28319#
[PollExecuteTaskStatusExecution] 9409158a-3ef5-419f-b18e-c3263bd4e0f3 [2026-09-23T16:35:55.209418] 'b24gUkRTIHVzLWVhc3QtMSBSb290IENBIFJTQTIwNDggRzExEDAOBgNVBAcMB1Nl\n' + (STDOUT, APP/TASK/deploy-to-postgresql)#
#2026 09 23 16:35:58.951#Z#DEBUG#89a811f3-b76c-11f1-a9d4-eeee0a93f2f4.hpbuysell-otc-salesorder-postgres-deployer#flowable-async-job-executor-thread-28319#
[PollExecuteTaskStatusExecution] 9409158a-3ef5-419f-b18e-c3263bd4e0f3 [2026-09-23T16:35:55.209420] 'YXR0bGUwggEiMA0GCSqGSIb3DQEBAQUAA4IBDwAwggEKAoIBAQDu9H7TBeGoDzMr\n' + (STDOUT, APP/TASK/deploy-to-postgresql)#
#2026 09 23 16:35:58.951#Z#DEBUG#89a811f3-b76c-11f1-a9d4-eeee0a93f2f4.hpbuysell-otc-salesorder-postgres-deployer#flowable-async-job-executor-thread-28319#
[PollExecuteTaskStatusExecution] 9409158a-3ef5-419f-b18e-c3263bd4e0f3 [2026-09-23T16:35:55.209421] 'dxN6H8COntJX4IR6dbyhnj5qMD4xl/IWvp50lt0VpmMd+z2PNZzx8RazeGC5IniV\n' + (STDOUT, APP/TASK/deploy-to-postgresql)#
#2026 09 23 16:35:58.951#Z#DEBUG#89a811f3-b76c-11f1-a9d4-eeee0a93f2f4.hpbuysell-otc-salesorder-postgres-deployer#flowable-async-job-executor-thread-28319#
[PollExecuteTaskStatusExecution] 9409158a-3ef5-419f-b18e-c3263bd4e0f3 [2026-09-23T16:35:55.209423] '5nrLg0AKWRQ2A/lGGXbUrGXCSe09brMQCxWBSIYe1WZZ1iU1IJ/6Bp4D2YEHpXrW\n' + (STDOUT, APP/TASK/deploy-to-postgresql)#
#2026 09 23 16:35:58.951#Z#DEBUG#89a811f3-b76c-11f1-a9d4-eeee0a93f2f4.hpbuysell-otc-salesorder-postgres-deployer#flowable-async-job-executor-thread-28319#
[PollExecuteTaskStatusExecution] 9409158a-3ef5-419f-b18e-c3263bd4e0f3 [2026-09-23T16:35:55.209425] 'bPkOq5x3YPcsoitgm1Xh8ygz6vb7PsvJvPbvRMnkDg5IqEThapPjmKb8ZJWyEFEE\n' + (STDOUT, APP/TASK/deploy-to-postgresql)#
#2026 09 23 16:35:58.951#Z#DEBUG#89a811f3-b76c-11f1-a9d4-eeee0a93f2f4.hpbuysell-otc-salesorder-postgres-deployer#flowable-async-job-executor-thread-28319#
[PollExecuteTaskStatusExecution] 9409158a-3ef5-419f-b18e-c3263bd4e0f3 [2026-09-23T16:35:55.209427] 'QRrkCIRueB1EqQtJw0fvP4PKDlCJAKBEs/y049FoOqYpT3pRy0WKqPhWve+hScMd\n' + (STDOUT, APP/TASK/deploy-to-postgresql)#
#2026 09 23 16:35:58.951#Z#DEBUG#89a811f3-b76c-11f1-a9d4-eeee0a93f2f4.hpbuysell-otc-salesorder-postgres-deployer#flowable-async-job-executor-thread-28319#
[PollExecuteTaskStatusExecution] 9409158a-3ef5-419f-b18e-c3263bd4e0f3 [2026-09-23T16:35:55.209429] '6obq8kxTFy1IHACjHc51nrGII5Bt76/MpTWhnJIJrCnq1/Uc3Qs8IVeb+sLaFC8K\n' + (STDOUT, APP/TASK/deploy-to-postgresql)#
#2026 09 23 16:35:58.951#Z#DEBUG#89a811f3-b76c-11f1-a9d4-eeee0a93f2f4.hpbuysell-otc-salesorder-postgres-deployer#flowable-async-job-executor-thread-28319#
[PollExecuteTaskStatusExecution] 9409158a-3ef5-419f-b18e-c3263bd4e0f3 [2026-09-23T16:35:55.209432] 'DI69Sw6bAgMBAAGjQjBAMA8GA1UdEwEB/wQFMAMBAf8wHQYDVR0OBBYEFE7PCopt\n' + (STDOUT, APP/TASK/deploy-to-postgresql)#
#2026 09 23 16:35:58.951#Z#DEBUG#89a811f3-b76c-11f1-a9d4-eeee0a93f2f4.hpbuysell-otc-salesorder-postgres-deployer#flowable-async-job-executor-thread-28319#
[PollExecuteTaskStatusExecution] 9409158a-3ef5-419f-b18e-c3263bd4e0f3 [2026-09-23T16:35:55.209433] 'lyOgtXX0Y1lObBUxuKaCMA4GA1UdDwEB/wQEAwIBhjANBgkqhkiG9w0BAQsFAAOC\n' + (STDOUT, APP/TASK/deploy-to-postgresql)#
#2026 09 23 16:35:58.951#Z#DEBUG#89a811f3-b76c-11f1-a9d4-eeee0a93f2f4.hpbuysell-otc-salesorder-postgres-deployer#flowable-async-job-executor-thread-28319#
[PollExecuteTaskStatusExecution] 9409158a-3ef5-419f-b18e-c3263bd4e0f3 [2026-09-23T16:35:55.209435] 'AQEAFj+bX8gLmMNefr5jRJfHjrL3iuZCjf7YEZgn89pS4z8408mjj9z6Q5D1H7yS\n' + (STDOUT, APP/TASK/deploy-to-postgresql)#
#2026 09 23 16:35:58.951#Z#DEBUG#89a811f3-b76c-11f1-a9d4-eeee0a93f2f4.hpbuysell-otc-salesorder-postgres-deployer#flowable-async-job-executor-thread-28319#
[PollExecuteTaskStatusExecution] 9409158a-3ef5-419f-b18e-c3263bd4e0f3 [2026-09-23T16:35:55.209437] 'jNETVV8QaJip1qyhh5gRzRaArgGAYvi2/r0zPsy+Tgf7v1KGL5Lh8NT8iCEGGXwF\n' + (STDOUT, APP/TASK/deploy-to-postgresql)#
#2026 09 23 16:35:58.951#Z#DEBUG#89a811f3-b76c-11f1-a9d4-eeee0a93f2f4.hpbuysell-otc-salesorder-postgres-deployer#flowable-async-job-executor-thread-28319#
[PollExecuteTaskStatusExecution] 9409158a-3ef5-419f-b18e-c3263bd4e0f3 [2026-09-23T16:35:55.209439] 'g3Ir+Nl3e+9XUp0eyyzBIjHtjLBm6yy8rGk9p6OtFDQnKF5OxwbAgip42CD75r/q\n' + (STDOUT, APP/TASK/deploy-to-postgresql)#
#2026 09 23 16:35:58.951#Z#DEBUG#89a811f3-b76c-11f1-a9d4-eeee0a93f2f4.hpbuysell-otc-salesorder-postgres-deployer#flowable-async-job-executor-thread-28319#
[PollExecuteTaskStatusExecution] 9409158a-3ef5-419f-b18e-c3263bd4e0f3 [2026-09-23T16:35:55.209441] 'p421maEDDvvRFR4D+99JZxgAYDBGqRRceUoe16qDzbMvlz0A9paCZFclxeftAxv6\n' + (STDOUT, APP/TASK/deploy-to-postgresql)#
#2026 09 23 16:35:58.951#Z#DEBUG#89a811f3-b76c-11f1-a9d4-eeee0a93f2f4.hpbuysell-otc-salesorder-postgres-deployer#flowable-async-job-executor-thread-28319#
[PollExecuteTaskStatusExecution] 9409158a-3ef5-419f-b18e-c3263bd4e0f3 [2026-09-23T16:35:55.209442] 'QlR5rItMz/XdzpBJUpYhdzM0gCzAzdQuVO5tjJxmXhkSMcDP+8Q+Uv6FA9k2VpUV\n' + (STDOUT, APP/TASK/deploy-to-postgresql)#
#2026 09 23 16:35:58.951#Z#DEBUG#89a811f3-b76c-11f1-a9d4-eeee0a93f2f4.hpbuysell-otc-salesorder-postgres-deployer#flowable-async-job-executor-thread-28319#
[PollExecuteTaskStatusExecution] 9409158a-3ef5-419f-b18e-c3263bd4e0f3 [2026-09-23T16:35:55.209444] 'E/O5jgpqUJJ2Hc/5rs9VkAPXeA==\n' + (STDOUT, APP/TASK/deploy-to-postgresql)#
#2026 09 23 16:35:58.951#Z#DEBUG#89a811f3-b76c-11f1-a9d4-eeee0a93f2f4.hpbuysell-otc-salesorder-postgres-deployer#flowable-async-job-executor-thread-28319#
[PollExecuteTaskStatusExecution] 9409158a-3ef5-419f-b18e-c3263bd4e0f3 [2026-09-23T16:35:55.209446] '-----END CERTIFICATE-----\n' + (STDOUT, APP/TASK/deploy-to-postgresql)#
#2026 09 23 16:35:58.951#Z#DEBUG#89a811f3-b76c-11f1-a9d4-eeee0a93f2f4.hpbuysell-otc-salesorder-postgres-deployer#flowable-async-job-executor-thread-28319#
[PollExecuteTaskStatusExecution] 9409158a-3ef5-419f-b18e-c3263bd4e0f3 [2026-09-23T16:35:55.209447] '-----BEGIN CERTIFICATE-----\n' + (STDOUT, APP/TASK/deploy-to-postgresql)#
#2026 09 23 16:35:58.951#Z#DEBUG#89a811f3-b76c-11f1-a9d4-eeee0a93f2f4.hpbuysell-otc-salesorder-postgres-deployer#flowable-async-job-executor-thread-28319#
[PollExecuteTaskStatusExecution] 9409158a-3ef5-419f-b18e-c3263bd4e0f3 [2026-09-23T16:35:55.209451] 'MIIF/jCCA+agAwIBAgIQaRHaEqqacXN20e8zZJtmDDANBgkqhkiG9w0BAQwFADCB\n' + (STDOUT, APP/TASK/deploy-to-postgresql)#
#2026 09 23 16:35:58.951#Z#DEBUG#89a811f3-b76c-11f1-a9d4-eeee0a93f2f4.hpbuysell-otc-salesorder-postgres-deployer#flowable-async-job-executor-thread-28319#
[PollExecuteTaskStatusExecution] 9409158a-3ef5-419f-b18e-c3263bd4e0f3 [2026-09-23T16:35:55.209454] 'lzELMAkGA1UEBhMCVVMxIjAgBgNVBAoMGUFtYXpvbiBXZWIgU2VydmljZXMsIElu\n' + (STDOUT, APP/TASK/deploy-to-postgresql)#
#2026 09 23 16:35:58.951#Z#DEBUG#89a811f3-b76c-11f1-a9d4-eeee0a93f2f4.hpbuysell-otc-salesorder-postgres-deployer#flowable-async-job-executor-thread-28319#
[PollExecuteTaskStatusExecution] 9409158a-3ef5-419f-b18e-c3263bd4e0f3 [2026-09-23T16:35:55.209455] 'Yy4xEzARBgNVBAsMCkFtYXpvbiBSRFMxCzAJBgNVBAgMAldBMTAwLgYDVQQDDCdB\n' + (STDOUT, APP/TASK/deploy-to-postgresql)#
#2026 09 23 16:35:58.951#Z#DEBUG#89a811f3-b76c-11f1-a9d4-eeee0a93f2f4.hpbuysell-otc-salesorder-postgres-deployer#flowable-async-job-executor-thread-28319#
[PollExecuteTaskStatusExecution] 9409158a-3ef5-419f-b18e-c3263bd4e0f3 [2026-09-23T16:35:55.209457] 'bWF6b24gUkRTIHVzLWVhc3QtMSBSb290IENBIFJTQTQwOTYgRzExEDAOBgNVBAcM\n' + (STDOUT, APP/TASK/deploy-to-postgresql)#
#2026 09 23 16:35:58.951#Z#DEBUG#89a811f3-b76c-11f1-a9d4-eeee0a93f2f4.hpbuysell-otc-salesorder-postgres-deployer#flowable-async-job-executor-thread-28319#
[PollExecuteTaskStatusExecution] 9409158a-3ef5-419f-b18e-c3263bd4e0f3 [2026-09-23T16:35:55.209458] 'B1NlYXR0bGUwIBcNMjEwNTI1MjIzODM1WhgPMjEyMTA1MjUyMzM4MzVaMIGXMQsw\n' + (STDOUT, APP/TASK/deploy-to-postgresql)#
#2026 09 23 16:35:58.951#Z#DEBUG#89a811f3-b76c-11f1-a9d4-eeee0a93f2f4.hpbuysell-otc-salesorder-postgres-deployer#flowable-async-job-executor-thread-28319#
[PollExecuteTaskStatusExecution] 9409158a-3ef5-419f-b18e-c3263bd4e0f3 [2026-09-23T16:35:55.209462] 'CQYDVQQGEwJVUzEiMCAGA1UECgwZQW1hem9uIFdlYiBTZXJ2aWNlcywgSW5jLjET\n' + (STDOUT, APP/TASK/deploy-to-postgresql)#
#2026 09 23 16:35:58.951#Z#DEBUG#89a811f3-b76c-11f1-a9d4-eeee0a93f2f4.hpbuysell-otc-salesorder-postgres-deployer#flowable-async-job-executor-thread-28319#
[PollExecuteTaskStatusExecution] 9409158a-3ef5-419f-b18e-c3263bd4e0f3 [2026-09-23T16:35:55.209464] 'MBEGA1UECwwKQW1hem9uIFJEUzELMAkGA1UECAwCV0ExMDAuBgNVBAMMJ0FtYXpv\n' + (STDOUT, APP/TASK/deploy-to-postgresql)#
#2026 09 23 16:35:58.951#Z#DEBUG#89a811f3-b76c-11f1-a9d4-eeee0a93f2f4.hpbuysell-otc-salesorder-postgres-deployer#flowable-async-job-executor-thread-28319#
[PollExecuteTaskStatusExecution] 9409158a-3ef5-419f-b18e-c3263bd4e0f3 [2026-09-23T16:35:55.209467] 'biBSRFMgdXMtZWFzdC0xIFJvb3QgQ0EgUlNBNDA5NiBHMTEQMA4GA1UEBwwHU2Vh\n' + (STDOUT, APP/TASK/deploy-to-postgresql)#
#2026 09 23 16:35:58.951#Z#DEBUG#89a811f3-b76c-11f1-a9d4-eeee0a93f2f4.hpbuysell-otc-salesorder-postgres-deployer#flowable-async-job-executor-thread-28319#
[PollExecuteTaskStatusExecution] 9409158a-3ef5-419f-b18e-c3263bd4e0f3 [2026-09-23T16:35:55.209469] 'dHRsZTCCAiIwDQYJKoZIhvcNAQEBBQADggIPADCCAgoCggIBAInfBCaHuvj6Rb5c\n' + (STDOUT, APP/TASK/deploy-to-postgresql)#
#2026 09 23 16:35:58.951#Z#DEBUG#89a811f3-b76c-11f1-a9d4-eeee0a93f2f4.hpbuysell-otc-salesorder-postgres-deployer#flowable-async-job-executor-thread-28319#
[PollExecuteTaskStatusExecution] 9409158a-3ef5-419f-b18e-c3263bd4e0f3 [2026-09-23T16:35:55.209471] 'L5Wmn1jv2PHtEGMHm+7Z8dYosdwouG8VG2A+BCYCZfij9lIGszrTXkY4O7vnXgru\n' + (STDOUT, APP/TASK/deploy-to-postgresql)#
#2026 09 23 16:35:58.951#Z#DEBUG#89a811f3-b76c-11f1-a9d4-eeee0a93f2f4.hpbuysell-otc-salesorder-postgres-deployer#flowable-async-job-executor-thread-28319#
[PollExecuteTaskStatusExecution] 9409158a-3ef5-419f-b18e-c3263bd4e0f3 [2026-09-23T16:35:55.209473] 'JUNdxh0Q3M83p4X+bg+gODUs3jf+Z3Oeq7nTOk/2UYvQLcxP4FEXILxDInbQFcIx\n' + (STDOUT, APP/TASK/deploy-to-postgresql)#
#2026 09 23 16:35:58.951#Z#DEBUG#89a811f3-b76c-11f1-a9d4-eeee0a93f2f4.hpbuysell-otc-salesorder-postgres-deployer#flowable-async-job-executor-thread-28319#
[PollExecuteTaskStatusExecution] 9409158a-3ef5-419f-b18e-c3263bd4e0f3 [2026-09-23T16:35:55.209475] 'yen1ESHggGrjEodgn6nbKQNRfIhjhW+TKYaewfsVWH7EF2pfj+cjbJ6njjgZ0/M9\n' + (STDOUT, APP/TASK/deploy-to-postgresql)#
#2026 09 23 16:35:58.951#Z#DEBUG#89a811f3-b76c-11f1-a9d4-eeee0a93f2f4.hpbuysell-otc-salesorder-postgres-deployer#flowable-async-job-executor-thread-28319#
[PollExecuteTaskStatusExecution] 9409158a-3ef5-419f-b18e-c3263bd4e0f3 [2026-09-23T16:35:55.209477] 'VZifJFBgat6XUTOf3jwHwkCBh7T6rDpgy19A61laImJCQhdTnHKvzTpxcxiLRh69\n' + (STDOUT, APP/TASK/deploy-to-postgresql)#
#2026 09 23 16:35:58.951#Z#DEBUG#89a811f3-b76c-11f1-a9d4-eeee0a93f2f4.hpbuysell-otc-salesorder-postgres-deployer#flowable-async-job-executor-thread-28319#
[PollExecuteTaskStatusExecution] 9409158a-3ef5-419f-b18e-c3263bd4e0f3 [2026-09-23T16:35:55.209492] 'ZObypR7W04OAUmFS88V7IotlPmCL8xf7kwxG+gQfvx31+A9IDMsiTqJ1Cc4fYEKg\n' + (STDOUT, APP/TASK/deploy-to-postgresql)#
#2026 09 23 16:35:58.951#Z#DEBUG#89a811f3-b76c-11f1-a9d4-eeee0a93f2f4.hpbuysell-otc-salesorder-postgres-deployer#flowable-async-job-executor-thread-28319#
[PollExecuteTaskStatusExecution] 9409158a-3ef5-419f-b18e-c3263bd4e0f3 [2026-09-23T16:35:55.209494] 'bL+Vo+2Ii4W2esCTGVYmHm73drznfeKwL+kmIC/Bq+DrZ+veTqKFYwSkpHRyJCEe\n' + (STDOUT, APP/TASK/deploy-to-postgresql)#
#2026 09 23 16:35:58.951#Z#DEBUG#89a811f3-b76c-11f1-a9d4-eeee0a93f2f4.hpbuysell-otc-salesorder-postgres-deployer#flowable-async-job-executor-thread-28319#
[PollExecuteTaskStatusExecution] 9409158a-3ef5-419f-b18e-c3263bd4e0f3 [2026-09-23T16:35:55.209496] 'U4Zym6POqQ/4LBSKwDUhWLJIlq99bjKX+hNTJykB+Lbcx0ScOP4IAZQoxmDxGWxN\n' + (STDOUT, APP/TASK/deploy-to-postgresql)#
#2026 09 23 16:35:58.951#Z#DEBUG#89a811f3-b76c-11f1-a9d4-eeee0a93f2f4.hpbuysell-otc-salesorder-postgres-deployer#flowable-async-job-executor-thread-28319#
[PollExecuteTaskStatusExecution] 9409158a-3ef5-419f-b18e-c3263bd4e0f3 [2026-09-23T16:35:55.209498] 'S+lQj+Cx2pwU3S/7+OxlRndZAX/FKgk7xSMkg88HykUZaZ/ozIiqJqSnGpgXCtED\n' + (STDOUT, APP/TASK/deploy-to-postgresql)#
#2026 09 23 16:35:58.951#Z#DEBUG#89a811f3-b76c-11f1-a9d4-eeee0a93f2f4.hpbuysell-otc-salesorder-postgres-deployer#flowable-async-job-executor-thread-28319#
[PollExecuteTaskStatusExecution] 9409158a-3ef5-419f-b18e-c3263bd4e0f3 [2026-09-23T16:35:55.209500] 'oQ4OJw5ozAr+/wudOawaMwUWQl5asD8fuy/hl5S1nv9XxIc842QJOtJFxhyeMIXt\n' + (STDOUT, APP/TASK/deploy-to-postgresql)#
#2026 09 23 16:35:58.951#Z#DEBUG#89a811f3-b76c-11f1-a9d4-eeee0a93f2f4.hpbuysell-otc-salesorder-postgres-deployer#flowable-async-job-executor-thread-28319#
[PollExecuteTaskStatusExecution] 9409158a-3ef5-419f-b18e-c3263bd4e0f3 [2026-09-23T16:35:55.209502] 'LVECVw/dPekhMjS3Zo3wwRgYbnKG7YXXT5WMxJEnHu8+cYpMiRClzq2BEP6/MtI2\n' + (STDOUT, APP/TASK/deploy-to-postgresql)#
#2026 09 23 16:35:58.951#Z#DEBUG#89a811f3-b76c-11f1-a9d4-eeee0a93f2f4.hpbuysell-otc-salesorder-postgres-deployer#flowable-async-job-executor-thread-28319#
[PollExecuteTaskStatusExecution] 9409158a-3ef5-419f-b18e-c3263bd4e0f3 [2026-09-23T16:35:55.209504] 'AZQQUFu2yFjRGL2OZA6IYjxnXYiRAgMBAAGjQjBAMA8GA1UdEwEB/wQFMAMBAf8w\n' + (STDOUT, APP/TASK/deploy-to-postgresql)#
#2026 09 23 16:35:58.951#Z#DEBUG#89a811f3-b76c-11f1-a9d4-eeee0a93f2f4.hpbuysell-otc-salesorder-postgres-deployer#flowable-async-job-executor-thread-28319#
[PollExecuteTaskStatusExecution] 9409158a-3ef5-419f-b18e-c3263bd4e0f3 [2026-09-23T16:35:55.209506] 'HQYDVR0OBBYEFADCcQCPX2HmkqQcmuHfiQ2jjqnrMA4GA1UdDwEB/wQEAwIBhjAN\n' + (STDOUT, APP/TASK/deploy-to-postgresql)#
#2026 09 23 16:35:58.951#Z#DEBUG#89a811f3-b76c-11f1-a9d4-eeee0a93f2f4.hpbuysell-otc-salesorder-postgres-deployer#flowable-async-job-executor-thread-28319#
[PollExecuteTaskStatusExecution] 9409158a-3ef5-419f-b18e-c3263bd4e0f3 [2026-09-23T16:35:55.209508] 'BgkqhkiG9w0BAQwFAAOCAgEASXkGQ2eUmudIKPeOIF7RBryCoPmMOsqP0+1qxF8l\n' + (STDOUT, APP/TASK/deploy-to-postgresql)#
#2026 09 23 16:35:58.951#Z#DEBUG#89a811f3-b76c-11f1-a9d4-eeee0a93f2f4.hpbuysell-otc-salesorder-postgres-deployer#flowable-async-job-executor-thread-28319#
[PollExecuteTaskStatusExecution] 9409158a-3ef5-419f-b18e-c3263bd4e0f3 [2026-09-23T16:35:55.209516] 'pGkwmrgNDGpmd9s0ArfIVBTc1jmpgB3oiRW9c6n2OmwBKL4UPuQ8O3KwSP0iD2sZ\n' + (STDOUT, APP/TASK/deploy-to-postgresql)#
#2026 09 23 16:35:58.951#Z#DEBUG#89a811f3-b76c-11f1-a9d4-eeee0a93f2f4.hpbuysell-otc-salesorder-postgres-deployer#flowable-async-job-executor-thread-28319#
[PollExecuteTaskStatusExecution] 9409158a-3ef5-419f-b18e-c3263bd4e0f3 [2026-09-23T16:35:55.209518] 'KMXoMEyphCEzW1I2GRvYDugL3Z9MWrnHkoaoH2l8YyTYvszTvdgxBPpM2x4pSkp+\n' + (STDOUT, APP/TASK/deploy-to-postgresql)#
#2026 09 23 16:35:58.951#Z#DEBUG#89a811f3-b76c-11f1-a9d4-eeee0a93f2f4.hpbuysell-otc-salesorder-postgres-deployer#flowable-async-job-executor-thread-28319#
[PollExecuteTaskStatusExecution] 9409158a-3ef5-419f-b18e-c3263bd4e0f3 [2026-09-23T16:35:55.209520] '76d4/eRpJ5mVuQ93nC+YG0wXCxSq63hX4kyZgPxgCdAA+qgFfKIGyNqUIqWgeyTP\n' + (STDOUT, APP/TASK/deploy-to-postgresql)#
#2026 09 23 16:35:58.951#Z#DEBUG#89a811f3-b76c-11f1-a9d4-eeee0a93f2f4.hpbuysell-otc-salesorder-postgres-deployer#flowable-async-job-executor-thread-28319#
[PollExecuteTaskStatusExecution] 9409158a-3ef5-419f-b18e-c3263bd4e0f3 [2026-09-23T16:35:55.209522] 'n5OgKaboYk2141Rf2hGMD3/hsGm0rrJh7g3C0ZirPws3eeJfulvAOIy2IZzqHUSY\n' + (STDOUT, APP/TASK/deploy-to-postgresql)#
#2026 09 23 16:35:58.951#Z#DEBUG#89a811f3-b76c-11f1-a9d4-eeee0a93f2f4.hpbuysell-otc-salesorder-postgres-deployer#flowable-async-job-executor-thread-28319#
[PollExecuteTaskStatusExecution] 9409158a-3ef5-419f-b18e-c3263bd4e0f3 [2026-09-23T16:35:55.209525] 'jkFzraz6LEH3IlArT3jUPvWKqvh2lJWnnp56aqxBR7qHH5voD49UpJWY1K0BjGnS\n' + (STDOUT, APP/TASK/deploy-to-postgresql)#
#2026 09 23 16:35:58.951#Z#DEBUG#89a811f3-b76c-11f1-a9d4-eeee0a93f2f4.hpbuysell-otc-salesorder-postgres-deployer#flowable-async-job-executor-thread-28319#
[PollExecuteTaskStatusExecution] 9409158a-3ef5-419f-b18e-c3263bd4e0f3 [2026-09-23T16:35:55.209527] 'OHcurpp0Yt/BIs4VZeWdCZwI7JaSeDcPMaMDBvND3Ia5Fga0thgYQTG6dE+N5fgF\n' + (STDOUT, APP/TASK/deploy-to-postgresql)#
#2026 09 23 16:35:58.951#Z#DEBUG#89a811f3-b76c-11f1-a9d4-eeee0a93f2f4.hpbuysell-otc-salesorder-postgres-deployer#flowable-async-job-executor-thread-28319#
[PollExecuteTaskStatusExecution] 9409158a-3ef5-419f-b18e-c3263bd4e0f3 [2026-09-23T16:35:55.209531] 'z+hRaujXO2nb0LmddVyvE8prYlWRMuYFv+Co8hcMdJ0lEZlfVNu0jbm9/GmwAZ+l\n' + (STDOUT, APP/TASK/deploy-to-postgresql)#
#2026 09 23 16:35:58.951#Z#DEBUG#89a811f3-b76c-11f1-a9d4-eeee0a93f2f4.hpbuysell-otc-salesorder-postgres-deployer#flowable-async-job-executor-thread-28319#
[PollExecuteTaskStatusExecution] 9409158a-3ef5-419f-b18e-c3263bd4e0f3 [2026-09-23T16:35:55.209534] '9umeYO9yz/uC7edC8XJBglMAKUmVK9wNtOckUWAcCfnPWYLbYa/PqtXBYcxrso5j\n' + (STDOUT, APP/TASK/deploy-to-postgresql)#
#2026 09 23 16:35:58.951#Z#DEBUG#89a811f3-b76c-11f1-a9d4-eeee0a93f2f4.hpbuysell-otc-salesorder-postgres-deployer#flowable-async-job-executor-thread-28319#
[PollExecuteTaskStatusExecution] 9409158a-3ef5-419f-b18e-c3263bd4e0f3 [2026-09-23T16:35:55.209536] 'iaS/A7iEW51uteHBGrViCy1afGG+hiUWwFlesli+Rq4dNstX3h6h2baWABaAxEVJ\n' + (STDOUT, APP/TASK/deploy-to-postgresql)#
#2026 09 23 16:35:58.951#Z#DEBUG#89a811f3-b76c-11f1-a9d4-eeee0a93f2f4.hpbuysell-otc-salesorder-postgres-deployer#flowable-async-job-executor-thread-28319#
[PollExecuteTaskStatusExecution] 9409158a-3ef5-419f-b18e-c3263bd4e0f3 [2026-09-23T16:35:55.209538] 'y1RnTQSz6mROT1VmZSgSVO37rgIyY0Hf0872ogcTS+FfvXgBxCxsNWEbiQ/XXva4\n' + (STDOUT, APP/TASK/deploy-to-postgresql)#
#2026 09 23 16:35:58.951#Z#DEBUG#89a811f3-b76c-11f1-a9d4-eeee0a93f2f4.hpbuysell-otc-salesorder-postgres-deployer#flowable-async-job-executor-thread-28319#
[PollExecuteTaskStatusExecution] 9409158a-3ef5-419f-b18e-c3263bd4e0f3 [2026-09-23T16:35:55.209539] '0Ws=\n' + (STDOUT, APP/TASK/deploy-to-postgresql)#
#2026 09 23 16:35:58.951#Z#DEBUG#89a811f3-b76c-11f1-a9d4-eeee0a93f2f4.hpbuysell-otc-salesorder-postgres-deployer#flowable-async-job-executor-thread-28319#
[PollExecuteTaskStatusExecution] 9409158a-3ef5-419f-b18e-c3263bd4e0f3 [2026-09-23T16:35:55.209541] '-----END CERTIFICATE-----\n' + (STDOUT, APP/TASK/deploy-to-postgresql)#
#2026 09 23 16:35:58.951#Z#DEBUG#89a811f3-b76c-11f1-a9d4-eeee0a93f2f4.hpbuysell-otc-salesorder-postgres-deployer#flowable-async-job-executor-thread-28319#
[PollExecuteTaskStatusExecution] 9409158a-3ef5-419f-b18e-c3263bd4e0f3 [2026-09-23T16:35:55.209543] '-----BEGIN CERTIFICATE-----\n' + (STDOUT, APP/TASK/deploy-to-postgresql)#
#2026 09 23 16:35:58.951#Z#DEBUG#89a811f3-b76c-11f1-a9d4-eeee0a93f2f4.hpbuysell-otc-salesorder-postgres-deployer#flowable-async-job-executor-thread-28319#
[PollExecuteTaskStatusExecution] 9409158a-3ef5-419f-b18e-c3263bd4e0f3 [2026-09-23T16:35:55.209545] 'MIICrjCCAjSgAwIBAgIRAPAlEk8VJPmEzVRRaWvTh2AwCgYIKoZIzj0EAwMwgZYx\n' + (STDOUT, APP/TASK/deploy-to-postgresql)#
#2026 09 23 16:35:58.951#Z#DEBUG#89a811f3-b76c-11f1-a9d4-eeee0a93f2f4.hpbuysell-otc-salesorder-postgres-deployer#flowable-async-job-executor-thread-28319#
[PollExecuteTaskStatusExecution] 9409158a-3ef5-419f-b18e-c3263bd4e0f3 [2026-09-23T16:35:55.209546] 'CzAJBgNVBAYTAlVTMSIwIAYDVQQKDBlBbWF6b24gV2ViIFNlcnZpY2VzLCBJbmMu\n' + (STDOUT, APP/TASK/deploy-to-postgresql)#
#2026 09 23 16:35:58.951#Z#DEBUG#89a811f3-b76c-11f1-a9d4-eeee0a93f2f4.hpbuysell-otc-salesorder-postgres-deployer#flowable-async-job-executor-thread-28319#
[PollExecuteTaskStatusExecution] 9409158a-3ef5-419f-b18e-c3263bd4e0f3 [2026-09-23T16:35:55.209574] 'MRMwEQYDVQQLDApBbWF6b24gUkRTMQswCQYDVQQIDAJXQTEvMC0GA1UEAwwmQW1h\n' + (STDOUT, APP/TASK/deploy-to-postgresql)#
#2026 09 23 16:35:58.951#Z#DEBUG#89a811f3-b76c-11f1-a9d4-eeee0a93f2f4.hpbuysell-otc-salesorder-postgres-deployer#flowable-async-job-executor-thread-28319#
[PollExecuteTaskStatusExecution] 9409158a-3ef5-419f-b18e-c3263bd4e0f3 [2026-09-23T16:35:55.209587] 'em9uIFJEUyB1cy1lYXN0LTEgUm9vdCBDQSBFQ0MzODQgRzExEDAOBgNVBAcMB1Nl\n' + (STDOUT, APP/TASK/deploy-to-postgresql)#
#2026 09 23 16:35:58.951#Z#DEBUG#89a811f3-b76c-11f1-a9d4-eeee0a93f2f4.hpbuysell-otc-salesorder-postgres-deployer#flowable-async-job-executor-thread-28319#
[PollExecuteTaskStatusExecution] 9409158a-3ef5-419f-b18e-c3263bd4e0f3 [2026-09-23T16:35:55.209589] 'YXR0bGUwIBcNMjEwNTI1MjI0MTU1WhgPMjEyMTA1MjUyMzQxNTVaMIGWMQswCQYD\n' + (STDOUT, APP/TASK/deploy-to-postgresql)#
#2026 09 23 16:35:58.951#Z#DEBUG#89a811f3-b76c-11f1-a9d4-eeee0a93f2f4.hpbuysell-otc-salesorder-postgres-deployer#flowable-async-job-executor-thread-28319#
[PollExecuteTaskStatusExecution] 9409158a-3ef5-419f-b18e-c3263bd4e0f3 [2026-09-23T16:35:55.209591] 'VQQGEwJVUzEiMCAGA1UECgwZQW1hem9uIFdlYiBTZXJ2aWNlcywgSW5jLjETMBEG\n' + (STDOUT, APP/TASK/deploy-to-postgresql)#
#2026 09 23 16:35:58.951#Z#DEBUG#89a811f3-b76c-11f1-a9d4-eeee0a93f2f4.hpbuysell-otc-salesorder-postgres-deployer#flowable-async-job-executor-thread-28319#
[PollExecuteTaskStatusExecution] 9409158a-3ef5-419f-b18e-c3263bd4e0f3 [2026-09-23T16:35:55.209592] 'A1UECwwKQW1hem9uIFJEUzELMAkGA1UECAwCV0ExLzAtBgNVBAMMJkFtYXpvbiBS\n' + (STDOUT, APP/TASK/deploy-to-postgresql)#
#2026 09 23 16:35:58.951#Z#DEBUG#89a811f3-b76c-11f1-a9d4-eeee0a93f2f4.hpbuysell-otc-salesorder-postgres-deployer#flowable-async-job-executor-thread-28319#
[PollExecuteTaskStatusExecution] 9409158a-3ef5-419f-b18e-c3263bd4e0f3 [2026-09-23T16:35:55.209594] 'RFMgdXMtZWFzdC0xIFJvb3QgQ0EgRUNDMzg0IEcxMRAwDgYDVQQHDAdTZWF0dGxl\n' + (STDOUT, APP/TASK/deploy-to-postgresql)#
#2026 09 23 16:35:58.951#Z#DEBUG#89a811f3-b76c-11f1-a9d4-eeee0a93f2f4.hpbuysell-otc-salesorder-postgres-deployer#flowable-async-job-executor-thread-28319#
[PollExecuteTaskStatusExecution] 9409158a-3ef5-419f-b18e-c3263bd4e0f3 [2026-09-23T16:35:55.209597] 'MHYwEAYHKoZIzj0CAQYFK4EEACIDYgAEx5xjrup8II4HOJw15NTnS3H5yMrQGlbj\n' + (STDOUT, APP/TASK/deploy-to-postgresql)#
#2026 09 23 16:35:58.951#Z#DEBUG#89a811f3-b76c-11f1-a9d4-eeee0a93f2f4.hpbuysell-otc-salesorder-postgres-deployer#flowable-async-job-executor-thread-28319#
[PollExecuteTaskStatusExecution] 9409158a-3ef5-419f-b18e-c3263bd4e0f3 [2026-09-23T16:35:55.209600] 'EDA5MMGnE9DmHp5dACIxmPXPMe/99nO7wNdl7G71OYPCgEvWm0FhdvVUeTb3LVnV\n' + (STDOUT, APP/TASK/deploy-to-postgresql)#
#2026 09 23 16:35:58.951#Z#DEBUG#89a811f3-b76c-11f1-a9d4-eeee0a93f2f4.hpbuysell-otc-salesorder-postgres-deployer#flowable-async-job-executor-thread-28319#
[PollExecuteTaskStatusExecution] 9409158a-3ef5-419f-b18e-c3263bd4e0f3 [2026-09-23T16:35:55.209602] 'BnaXt32Ek7/oxGk1T+Df03C+W0vmuJ+wo0IwQDAPBgNVHRMBAf8EBTADAQH/MB0G\n' + (STDOUT, APP/TASK/deploy-to-postgresql)#
#2026 09 23 16:35:58.951#Z#DEBUG#89a811f3-b76c-11f1-a9d4-eeee0a93f2f4.hpbuysell-otc-salesorder-postgres-deployer#flowable-async-job-executor-thread-28319#
[PollExecuteTaskStatusExecution] 9409158a-3ef5-419f-b18e-c3263bd4e0f3 [2026-09-23T16:35:55.209604] 'A1UdDgQWBBTGXmqBWN/1tkSea4pNw0oHrjk2UDAOBgNVHQ8BAf8EBAMCAYYwCgYI\n' + (STDOUT, APP/TASK/deploy-to-postgresql)#
#2026 09 23 16:35:58.951#Z#DEBUG#89a811f3-b76c-11f1-a9d4-eeee0a93f2f4.hpbuysell-otc-salesorder-postgres-deployer#flowable-async-job-executor-thread-28319#
[PollExecuteTaskStatusExecution] 9409158a-3ef5-419f-b18e-c3263bd4e0f3 [2026-09-23T16:35:55.209606] 'KoZIzj0EAwMDaAAwZQIxAIqqZWCSrIkZ7zsv/FygtAusW6yvlL935YAWYPVXU30m\n' + (STDOUT, APP/TASK/deploy-to-postgresql)#
#2026 09 23 16:35:58.951#Z#DEBUG#89a811f3-b76c-11f1-a9d4-eeee0a93f2f4.hpbuysell-otc-salesorder-postgres-deployer#flowable-async-job-executor-thread-28319#
[PollExecuteTaskStatusExecution] 9409158a-3ef5-419f-b18e-c3263bd4e0f3 [2026-09-23T16:35:55.209608] 'jkMFLM+/RJ9GMvnO8jHfCgIwB+whlkcItzE9CRQ6CsMo/d5cEHDUu/QW6jSIh9BR\n' + (STDOUT, APP/TASK/deploy-to-postgresql)#
#2026 09 23 16:35:58.951#Z#DEBUG#89a811f3-b76c-11f1-a9d4-eeee0a93f2f4.hpbuysell-otc-salesorder-postgres-deployer#flowable-async-job-executor-thread-28319#
[PollExecuteTaskStatusExecution] 9409158a-3ef5-419f-b18e-c3263bd4e0f3 [2026-09-23T16:35:55.209609] 'OGh9pTYPVkUbBiKPA7lVVhre\n' + (STDOUT, APP/TASK/deploy-to-postgresql)#
#2026 09 23 16:35:58.951#Z#DEBUG#89a811f3-b76c-11f1-a9d4-eeee0a93f2f4.hpbuysell-otc-salesorder-postgres-deployer#flowable-async-job-executor-thread-28319#
[PollExecuteTaskStatusExecution] 9409158a-3ef5-419f-b18e-c3263bd4e0f3 [2026-09-23T16:35:55.209612] '-----END CERTIFICATE-----\n', (STDOUT, APP/TASK/deploy-to-postgresql)#
#2026 09 23 16:35:58.951#Z#DEBUG#89a811f3-b76c-11f1-a9d4-eeee0a93f2f4.hpbuysell-otc-salesorder-postgres-deployer#flowable-async-job-executor-thread-28319#
[PollExecuteTaskStatusExecution] 9409158a-3ef5-419f-b18e-c3263bd4e0f3 [2026-09-23T16:35:55.209614] sslrootcert: '-----BEGIN CERTIFICATE-----\n' + (STDOUT, APP/TASK/deploy-to-postgresql)#
#2026 09 23 16:35:58.951#Z#DEBUG#89a811f3-b76c-11f1-a9d4-eeee0a93f2f4.hpbuysell-otc-salesorder-postgres-deployer#flowable-async-job-executor-thread-28319#
[PollExecuteTaskStatusExecution] 9409158a-3ef5-419f-b18e-c3263bd4e0f3 [2026-09-23T16:35:55.209616] 'MIID/zCCAuegAwIBAgIRAPVSMfFitmM5PhmbaOFoGfUwDQYJKoZIhvcNAQELBQAw\n' + (STDOUT, APP/TASK/deploy-to-postgresql)#
#2026 09 23 16:35:58.951#Z#DEBUG#89a811f3-b76c-11f1-a9d4-eeee0a93f2f4.hpbuysell-otc-salesorder-postgres-deployer#flowable-async-job-executor-thread-28319#
[PollExecuteTaskStatusExecution] 9409158a-3ef5-419f-b18e-c3263bd4e0f3 [2026-09-23T16:35:55.209617] 'gZcxCzAJBgNVBAYTAlVTMSIwIAYDVQQKDBlBbWF6b24gV2ViIFNlcnZpY2VzLCBJ\n' + (STDOUT, APP/TASK/deploy-to-postgresql)#
#2026 09 23 16:35:58.951#Z#DEBUG#89a811f3-b76c-11f1-a9d4-eeee0a93f2f4.hpbuysell-otc-salesorder-postgres-deployer#flowable-async-job-executor-thread-28319#
[PollExecuteTaskStatusExecution] 9409158a-3ef5-419f-b18e-c3263bd4e0f3 [2026-09-23T16:35:55.209619] 'bmMuMRMwEQYDVQQLDApBbWF6b24gUkRTMQswCQYDVQQIDAJXQTEwMC4GA1UEAwwn\n' + (STDOUT, APP/TASK/deploy-to-postgresql)#
#2026 09 23 16:35:58.951#Z#DEBUG#89a811f3-b76c-11f1-a9d4-eeee0a93f2f4.hpbuysell-otc-salesorder-postgres-deployer#flowable-async-job-executor-thread-28319#
[PollExecuteTaskStatusExecution] 9409158a-3ef5-419f-b18e-c3263bd4e0f3 [2026-09-23T16:35:55.209621] 'QW1hem9uIFJEUyB1cy1lYXN0LTEgUm9vdCBDQSBSU0EyMDQ4IEcxMRAwDgYDVQQH\n' + (STDOUT, APP/TASK/deploy-to-postgresql)#
#2026 09 23 16:35:58.951#Z#DEBUG#89a811f3-b76c-11f1-a9d4-eeee0a93f2f4.hpbuysell-otc-salesorder-postgres-deployer#flowable-async-job-executor-thread-28319#
[PollExecuteTaskStatusExecution] 9409158a-3ef5-419f-b18e-c3263bd4e0f3 [2026-09-23T16:35:55.209623] 'DAdTZWF0dGxlMCAXDTIxMDUyNTIyMzQ1N1oYDzIwNjEwNTI1MjMzNDU3WjCBlzEL\n' + (STDOUT, APP/TASK/deploy-to-postgresql)#
#2026 09 23 16:35:58.951#Z#DEBUG#89a811f3-b76c-11f1-a9d4-eeee0a93f2f4.hpbuysell-otc-salesorder-postgres-deployer#flowable-async-job-executor-thread-28319#
[PollExecuteTaskStatusExecution] 9409158a-3ef5-419f-b18e-c3263bd4e0f3 [2026-09-23T16:35:55.209625] 'MAkGA1UEBhMCVVMxIjAgBgNVBAoMGUFtYXpvbiBXZWIgU2VydmljZXMsIEluYy4x\n' + (STDOUT, APP/TASK/deploy-to-postgresql)#
#2026 09 23 16:35:58.951#Z#DEBUG#89a811f3-b76c-11f1-a9d4-eeee0a93f2f4.hpbuysell-otc-salesorder-postgres-deployer#flowable-async-job-executor-thread-28319#
[PollExecuteTaskStatusExecution] 9409158a-3ef5-419f-b18e-c3263bd4e0f3 [2026-09-23T16:35:55.209627] 'EzARBgNVBAsMCkFtYXpvbiBSRFMxCzAJBgNVBAgMAldBMTAwLgYDVQQDDCdBbWF6\n' + (STDOUT, APP/TASK/deploy-to-postgresql)#
#2026 09 23 16:35:58.951#Z#DEBUG#89a811f3-b76c-11f1-a9d4-eeee0a93f2f4.hpbuysell-otc-salesorder-postgres-deployer#flowable-async-job-executor-thread-28319#
[PollExecuteTaskStatusExecution] 9409158a-3ef5-419f-b18e-c3263bd4e0f3 [2026-09-23T16:35:55.209629] 'b24gUkRTIHVzLWVhc3QtMSBSb290IENBIFJTQTIwNDggRzExEDAOBgNVBAcMB1Nl\n' + (STDOUT, APP/TASK/deploy-to-postgresql)#
#2026 09 23 16:35:58.951#Z#DEBUG#89a811f3-b76c-11f1-a9d4-eeee0a93f2f4.hpbuysell-otc-salesorder-postgres-deployer#flowable-async-job-executor-thread-28319#
[PollExecuteTaskStatusExecution] 9409158a-3ef5-419f-b18e-c3263bd4e0f3 [2026-09-23T16:35:55.209631] 'YXR0bGUwggEiMA0GCSqGSIb3DQEBAQUAA4IBDwAwggEKAoIBAQDu9H7TBeGoDzMr\n' + (STDOUT, APP/TASK/deploy-to-postgresql)#
#2026 09 23 16:35:58.951#Z#DEBUG#89a811f3-b76c-11f1-a9d4-eeee0a93f2f4.hpbuysell-otc-salesorder-postgres-deployer#flowable-async-job-executor-thread-28319#
[PollExecuteTaskStatusExecution] 9409158a-3ef5-419f-b18e-c3263bd4e0f3 [2026-09-23T16:35:55.209632] 'dxN6H8COntJX4IR6dbyhnj5qMD4xl/IWvp50lt0VpmMd+z2PNZzx8RazeGC5IniV\n' + (STDOUT, APP/TASK/deploy-to-postgresql)#
#2026 09 23 16:35:58.951#Z#DEBUG#89a811f3-b76c-11f1-a9d4-eeee0a93f2f4.hpbuysell-otc-salesorder-postgres-deployer#flowable-async-job-executor-thread-28319#
[PollExecuteTaskStatusExecution] 9409158a-3ef5-419f-b18e-c3263bd4e0f3 [2026-09-23T16:35:55.209634] '5nrLg0AKWRQ2A/lGGXbUrGXCSe09brMQCxWBSIYe1WZZ1iU1IJ/6Bp4D2YEHpXrW\n' + (STDOUT, APP/TASK/deploy-to-postgresql)#
#2026 09 23 16:35:58.951#Z#DEBUG#89a811f3-b76c-11f1-a9d4-eeee0a93f2f4.hpbuysell-otc-salesorder-postgres-deployer#flowable-async-job-executor-thread-28319#
[PollExecuteTaskStatusExecution] 9409158a-3ef5-419f-b18e-c3263bd4e0f3 [2026-09-23T16:35:55.209636] 'bPkOq5x3YPcsoitgm1Xh8ygz6vb7PsvJvPbvRMnkDg5IqEThapPjmKb8ZJWyEFEE\n' + (STDOUT, APP/TASK/deploy-to-postgresql)#
#2026 09 23 16:35:58.951#Z#DEBUG#89a811f3-b76c-11f1-a9d4-eeee0a93f2f4.hpbuysell-otc-salesorder-postgres-deployer#flowable-async-job-executor-thread-28319#
[PollExecuteTaskStatusExecution] 9409158a-3ef5-419f-b18e-c3263bd4e0f3 [2026-09-23T16:35:55.209638] 'QRrkCIRueB1EqQtJw0fvP4PKDlCJAKBEs/y049FoOqYpT3pRy0WKqPhWve+hScMd\n' + (STDOUT, APP/TASK/deploy-to-postgresql)#
#2026 09 23 16:35:58.951#Z#DEBUG#89a811f3-b76c-11f1-a9d4-eeee0a93f2f4.hpbuysell-otc-salesorder-postgres-deployer#flowable-async-job-executor-thread-28319#
[PollExecuteTaskStatusExecution] 9409158a-3ef5-419f-b18e-c3263bd4e0f3 [2026-09-23T16:35:55.209640] '6obq8kxTFy1IHACjHc51nrGII5Bt76/MpTWhnJIJrCnq1/Uc3Qs8IVeb+sLaFC8K\n' + (STDOUT, APP/TASK/deploy-to-postgresql)#
#2026 09 23 16:35:58.951#Z#DEBUG#89a811f3-b76c-11f1-a9d4-eeee0a93f2f4.hpbuysell-otc-salesorder-postgres-deployer#flowable-async-job-executor-thread-28319#
[PollExecuteTaskStatusExecution] 9409158a-3ef5-419f-b18e-c3263bd4e0f3 [2026-09-23T16:35:55.209641] 'DI69Sw6bAgMBAAGjQjBAMA8GA1UdEwEB/wQFMAMBAf8wHQYDVR0OBBYEFE7PCopt\n' + (STDOUT, APP/TASK/deploy-to-postgresql)#
#2026 09 23 16:35:58.951#Z#DEBUG#89a811f3-b76c-11f1-a9d4-eeee0a93f2f4.hpbuysell-otc-salesorder-postgres-deployer#flowable-async-job-executor-thread-28319#
[PollExecuteTaskStatusExecution] 9409158a-3ef5-419f-b18e-c3263bd4e0f3 [2026-09-23T16:35:55.209643] 'lyOgtXX0Y1lObBUxuKaCMA4GA1UdDwEB/wQEAwIBhjANBgkqhkiG9w0BAQsFAAOC\n' + (STDOUT, APP/TASK/deploy-to-postgresql)#
#2026 09 23 16:35:58.951#Z#DEBUG#89a811f3-b76c-11f1-a9d4-eeee0a93f2f4.hpbuysell-otc-salesorder-postgres-deployer#flowable-async-job-executor-thread-28319#
[PollExecuteTaskStatusExecution] 9409158a-3ef5-419f-b18e-c3263bd4e0f3 [2026-09-23T16:35:55.209645] 'AQEAFj+bX8gLmMNefr5jRJfHjrL3iuZCjf7YEZgn89pS4z8408mjj9z6Q5D1H7yS\n' + (STDOUT, APP/TASK/deploy-to-postgresql)#
#2026 09 23 16:35:58.951#Z#DEBUG#89a811f3-b76c-11f1-a9d4-eeee0a93f2f4.hpbuysell-otc-salesorder-postgres-deployer#flowable-async-job-executor-thread-28319#
[PollExecuteTaskStatusExecution] 9409158a-3ef5-419f-b18e-c3263bd4e0f3 [2026-09-23T16:35:55.209648] 'jNETVV8QaJip1qyhh5gRzRaArgGAYvi2/r0zPsy+Tgf7v1KGL5Lh8NT8iCEGGXwF\n' + (STDOUT, APP/TASK/deploy-to-postgresql)#
#2026 09 23 16:35:58.951#Z#DEBUG#89a811f3-b76c-11f1-a9d4-eeee0a93f2f4.hpbuysell-otc-salesorder-postgres-deployer#flowable-async-job-executor-thread-28319#
[PollExecuteTaskStatusExecution] 9409158a-3ef5-419f-b18e-c3263bd4e0f3 [2026-09-23T16:35:55.209650] 'g3Ir+Nl3e+9XUp0eyyzBIjHtjLBm6yy8rGk9p6OtFDQnKF5OxwbAgip42CD75r/q\n' + (STDOUT, APP/TASK/deploy-to-postgresql)#
#2026 09 23 16:35:58.951#Z#DEBUG#89a811f3-b76c-11f1-a9d4-eeee0a93f2f4.hpbuysell-otc-salesorder-postgres-deployer#flowable-async-job-executor-thread-28319#
[PollExecuteTaskStatusExecution] 9409158a-3ef5-419f-b18e-c3263bd4e0f3 [2026-09-23T16:35:55.209653] 'p421maEDDvvRFR4D+99JZxgAYDBGqRRceUoe16qDzbMvlz0A9paCZFclxeftAxv6\n' + (STDOUT, APP/TASK/deploy-to-postgresql)#
#2026 09 23 16:35:58.951#Z#DEBUG#89a811f3-b76c-11f1-a9d4-eeee0a93f2f4.hpbuysell-otc-salesorder-postgres-deployer#flowable-async-job-executor-thread-28319#
[PollExecuteTaskStatusExecution] 9409158a-3ef5-419f-b18e-c3263bd4e0f3 [2026-09-23T16:35:55.209656] 'QlR5rItMz/XdzpBJUpYhdzM0gCzAzdQuVO5tjJxmXhkSMcDP+8Q+Uv6FA9k2VpUV\n' + (STDOUT, APP/TASK/deploy-to-postgresql)#
#2026 09 23 16:35:58.951#Z#DEBUG#89a811f3-b76c-11f1-a9d4-eeee0a93f2f4.hpbuysell-otc-salesorder-postgres-deployer#flowable-async-job-executor-thread-28319#
[PollExecuteTaskStatusExecution] 9409158a-3ef5-419f-b18e-c3263bd4e0f3 [2026-09-23T16:35:55.209658] 'E/O5jgpqUJJ2Hc/5rs9VkAPXeA==\n' + (STDOUT, APP/TASK/deploy-to-postgresql)#
#2026 09 23 16:35:58.951#Z#DEBUG#89a811f3-b76c-11f1-a9d4-eeee0a93f2f4.hpbuysell-otc-salesorder-postgres-deployer#flowable-async-job-executor-thread-28319#
[PollExecuteTaskStatusExecution] 9409158a-3ef5-419f-b18e-c3263bd4e0f3 [2026-09-23T16:35:55.209660] '-----END CERTIFICATE-----\n' + (STDOUT, APP/TASK/deploy-to-postgresql)#
#2026 09 23 16:35:58.951#Z#DEBUG#89a811f3-b76c-11f1-a9d4-eeee0a93f2f4.hpbuysell-otc-salesorder-postgres-deployer#flowable-async-job-executor-thread-28319#
[PollExecuteTaskStatusExecution] 9409158a-3ef5-419f-b18e-c3263bd4e0f3 [2026-09-23T16:35:55.209662] '-----BEGIN CERTIFICATE-----\n' + (STDOUT, APP/TASK/deploy-to-postgresql)#
#2026 09 23 16:35:58.951#Z#DEBUG#89a811f3-b76c-11f1-a9d4-eeee0a93f2f4.hpbuysell-otc-salesorder-postgres-deployer#flowable-async-job-executor-thread-28319#
[PollExecuteTaskStatusExecution] 9409158a-3ef5-419f-b18e-c3263bd4e0f3 [2026-09-23T16:35:55.209663] 'MIIF/jCCA+agAwIBAgIQaRHaEqqacXN20e8zZJtmDDANBgkqhkiG9w0BAQwFADCB\n' + (STDOUT, APP/TASK/deploy-to-postgresql)#
#2026 09 23 16:35:58.951#Z#DEBUG#89a811f3-b76c-11f1-a9d4-eeee0a93f2f4.hpbuysell-otc-salesorder-postgres-deployer#flowable-async-job-executor-thread-28319#
[PollExecuteTaskStatusExecution] 9409158a-3ef5-419f-b18e-c3263bd4e0f3 [2026-09-23T16:35:55.209665] 'lzELMAkGA1UEBhMCVVMxIjAgBgNVBAoMGUFtYXpvbiBXZWIgU2VydmljZXMsIElu\n' + (STDOUT, APP/TASK/deploy-to-postgresql)#
#2026 09 23 16:35:58.951#Z#DEBUG#89a811f3-b76c-11f1-a9d4-eeee0a93f2f4.hpbuysell-otc-salesorder-postgres-deployer#flowable-async-job-executor-thread-28319#
[PollExecuteTaskStatusExecution] 9409158a-3ef5-419f-b18e-c3263bd4e0f3 [2026-09-23T16:35:55.209667] 'Yy4xEzARBgNVBAsMCkFtYXpvbiBSRFMxCzAJBgNVBAgMAldBMTAwLgYDVQQDDCdB\n' + (STDOUT, APP/TASK/deploy-to-postgresql)#
#2026 09 23 16:35:58.951#Z#DEBUG#89a811f3-b76c-11f1-a9d4-eeee0a93f2f4.hpbuysell-otc-salesorder-postgres-deployer#flowable-async-job-executor-thread-28319#
[PollExecuteTaskStatusExecution] 9409158a-3ef5-419f-b18e-c3263bd4e0f3 [2026-09-23T16:35:55.209668] 'bWF6b24gUkRTIHVzLWVhc3QtMSBSb290IENBIFJTQTQwOTYgRzExEDAOBgNVBAcM\n' + (STDOUT, APP/TASK/deploy-to-postgresql)#
#2026 09 23 16:35:58.951#Z#DEBUG#89a811f3-b76c-11f1-a9d4-eeee0a93f2f4.hpbuysell-otc-salesorder-postgres-deployer#flowable-async-job-executor-thread-28319#
[PollExecuteTaskStatusExecution] 9409158a-3ef5-419f-b18e-c3263bd4e0f3 [2026-09-23T16:35:55.209686] 'B1NlYXR0bGUwIBcNMjEwNTI1MjIzODM1WhgPMjEyMTA1MjUyMzM4MzVaMIGXMQsw\n' + (STDOUT, APP/TASK/deploy-to-postgresql)#
#2026 09 23 16:35:58.951#Z#DEBUG#89a811f3-b76c-11f1-a9d4-eeee0a93f2f4.hpbuysell-otc-salesorder-postgres-deployer#flowable-async-job-executor-thread-28319#
[PollExecuteTaskStatusExecution] 9409158a-3ef5-419f-b18e-c3263bd4e0f3 [2026-09-23T16:35:55.209688] 'CQYDVQQGEwJVUzEiMCAGA1UECgwZQW1hem9uIFdlYiBTZXJ2aWNlcywgSW5jLjET\n' + (STDOUT, APP/TASK/deploy-to-postgresql)#
#2026 09 23 16:35:58.951#Z#DEBUG#89a811f3-b76c-11f1-a9d4-eeee0a93f2f4.hpbuysell-otc-salesorder-postgres-deployer#flowable-async-job-executor-thread-28319#
[PollExecuteTaskStatusExecution] 9409158a-3ef5-419f-b18e-c3263bd4e0f3 [2026-09-23T16:35:55.209690] 'MBEGA1UECwwKQW1hem9uIFJEUzELMAkGA1UECAwCV0ExMDAuBgNVBAMMJ0FtYXpv\n' + (STDOUT, APP/TASK/deploy-to-postgresql)#
#2026 09 23 16:35:58.951#Z#DEBUG#89a811f3-b76c-11f1-a9d4-eeee0a93f2f4.hpbuysell-otc-salesorder-postgres-deployer#flowable-async-job-executor-thread-28319#
[PollExecuteTaskStatusExecution] 9409158a-3ef5-419f-b18e-c3263bd4e0f3 [2026-09-23T16:35:55.209692] 'biBSRFMgdXMtZWFzdC0xIFJvb3QgQ0EgUlNBNDA5NiBHMTEQMA4GA1UEBwwHU2Vh\n' + (STDOUT, APP/TASK/deploy-to-postgresql)#
#2026 09 23 16:35:58.951#Z#DEBUG#89a811f3-b76c-11f1-a9d4-eeee0a93f2f4.hpbuysell-otc-salesorder-postgres-deployer#flowable-async-job-executor-thread-28319#
[PollExecuteTaskStatusExecution] 9409158a-3ef5-419f-b18e-c3263bd4e0f3 [2026-09-23T16:35:55.209695] 'dHRsZTCCAiIwDQYJKoZIhvcNAQEBBQADggIPADCCAgoCggIBAInfBCaHuvj6Rb5c\n' + (STDOUT, APP/TASK/deploy-to-postgresql)#
#2026 09 23 16:35:58.951#Z#DEBUG#89a811f3-b76c-11f1-a9d4-eeee0a93f2f4.hpbuysell-otc-salesorder-postgres-deployer#flowable-async-job-executor-thread-28319#
[PollExecuteTaskStatusExecution] 9409158a-3ef5-419f-b18e-c3263bd4e0f3 [2026-09-23T16:35:55.209698] 'L5Wmn1jv2PHtEGMHm+7Z8dYosdwouG8VG2A+BCYCZfij9lIGszrTXkY4O7vnXgru\n' + (STDOUT, APP/TASK/deploy-to-postgresql)#
#2026 09 23 16:35:58.951#Z#DEBUG#89a811f3-b76c-11f1-a9d4-eeee0a93f2f4.hpbuysell-otc-salesorder-postgres-deployer#flowable-async-job-executor-thread-28319#
[PollExecuteTaskStatusExecution] 9409158a-3ef5-419f-b18e-c3263bd4e0f3 [2026-09-23T16:35:55.209700] 'JUNdxh0Q3M83p4X+bg+gODUs3jf+Z3Oeq7nTOk/2UYvQLcxP4FEXILxDInbQFcIx\n' + (STDOUT, APP/TASK/deploy-to-postgresql)#
#2026 09 23 16:35:58.951#Z#DEBUG#89a811f3-b76c-11f1-a9d4-eeee0a93f2f4.hpbuysell-otc-salesorder-postgres-deployer#flowable-async-job-executor-thread-28319#
[PollExecuteTaskStatusExecution] 9409158a-3ef5-419f-b18e-c3263bd4e0f3 [2026-09-23T16:35:55.209702] 'yen1ESHggGrjEodgn6nbKQNRfIhjhW+TKYaewfsVWH7EF2pfj+cjbJ6njjgZ0/M9\n' + (STDOUT, APP/TASK/deploy-to-postgresql)#
#2026 09 23 16:35:58.951#Z#DEBUG#89a811f3-b76c-11f1-a9d4-eeee0a93f2f4.hpbuysell-otc-salesorder-postgres-deployer#flowable-async-job-executor-thread-28319#
[PollExecuteTaskStatusExecution] 9409158a-3ef5-419f-b18e-c3263bd4e0f3 [2026-09-23T16:35:55.209704] 'VZifJFBgat6XUTOf3jwHwkCBh7T6rDpgy19A61laImJCQhdTnHKvzTpxcxiLRh69\n' + (STDOUT, APP/TASK/deploy-to-postgresql)#
#2026 09 23 16:35:58.951#Z#DEBUG#89a811f3-b76c-11f1-a9d4-eeee0a93f2f4.hpbuysell-otc-salesorder-postgres-deployer#flowable-async-job-executor-thread-28319#
[PollExecuteTaskStatusExecution] 9409158a-3ef5-419f-b18e-c3263bd4e0f3 [2026-09-23T16:35:55.209706] 'ZObypR7W04OAUmFS88V7IotlPmCL8xf7kwxG+gQfvx31+A9IDMsiTqJ1Cc4fYEKg\n' + (STDOUT, APP/TASK/deploy-to-postgresql)#
#2026 09 23 16:35:58.951#Z#DEBUG#89a811f3-b76c-11f1-a9d4-eeee0a93f2f4.hpbuysell-otc-salesorder-postgres-deployer#flowable-async-job-executor-thread-28319#
[PollExecuteTaskStatusExecution] 9409158a-3ef5-419f-b18e-c3263bd4e0f3 [2026-09-23T16:35:55.209707] 'bL+Vo+2Ii4W2esCTGVYmHm73drznfeKwL+kmIC/Bq+DrZ+veTqKFYwSkpHRyJCEe\n' + (STDOUT, APP/TASK/deploy-to-postgresql)#
#2026 09 23 16:35:58.951#Z#DEBUG#89a811f3-b76c-11f1-a9d4-eeee0a93f2f4.hpbuysell-otc-salesorder-postgres-deployer#flowable-async-job-executor-thread-28319#
[PollExecuteTaskStatusExecution] 9409158a-3ef5-419f-b18e-c3263bd4e0f3 [2026-09-23T16:35:55.209709] 'U4Zym6POqQ/4LBSKwDUhWLJIlq99bjKX+hNTJykB+Lbcx0ScOP4IAZQoxmDxGWxN\n' + (STDOUT, APP/TASK/deploy-to-postgresql)#
#2026 09 23 16:35:58.951#Z#DEBUG#89a811f3-b76c-11f1-a9d4-eeee0a93f2f4.hpbuysell-otc-salesorder-postgres-deployer#flowable-async-job-executor-thread-28319#
[PollExecuteTaskStatusExecution] 9409158a-3ef5-419f-b18e-c3263bd4e0f3 [2026-09-23T16:35:55.209712] 'S+lQj+Cx2pwU3S/7+OxlRndZAX/FKgk7xSMkg88HykUZaZ/ozIiqJqSnGpgXCtED\n' + (STDOUT, APP/TASK/deploy-to-postgresql)#
#2026 09 23 16:35:58.951#Z#DEBUG#89a811f3-b76c-11f1-a9d4-eeee0a93f2f4.hpbuysell-otc-salesorder-postgres-deployer#flowable-async-job-executor-thread-28319#
[PollExecuteTaskStatusExecution] 9409158a-3ef5-419f-b18e-c3263bd4e0f3 [2026-09-23T16:35:55.209714] 'oQ4OJw5ozAr+/wudOawaMwUWQl5asD8fuy/hl5S1nv9XxIc842QJOtJFxhyeMIXt\n' + (STDOUT, APP/TASK/deploy-to-postgresql)#
#2026 09 23 16:35:58.951#Z#DEBUG#89a811f3-b76c-11f1-a9d4-eeee0a93f2f4.hpbuysell-otc-salesorder-postgres-deployer#flowable-async-job-executor-thread-28319#
[PollExecuteTaskStatusExecution] 9409158a-3ef5-419f-b18e-c3263bd4e0f3 [2026-09-23T16:35:55.209715] 'LVECVw/dPekhMjS3Zo3wwRgYbnKG7YXXT5WMxJEnHu8+cYpMiRClzq2BEP6/MtI2\n' + (STDOUT, APP/TASK/deploy-to-postgresql)#
#2026 09 23 16:35:58.951#Z#DEBUG#89a811f3-b76c-11f1-a9d4-eeee0a93f2f4.hpbuysell-otc-salesorder-postgres-deployer#flowable-async-job-executor-thread-28319#
[PollExecuteTaskStatusExecution] 9409158a-3ef5-419f-b18e-c3263bd4e0f3 [2026-09-23T16:35:55.209719] 'AZQQUFu2yFjRGL2OZA6IYjxnXYiRAgMBAAGjQjBAMA8GA1UdEwEB/wQFMAMBAf8w\n' + (STDOUT, APP/TASK/deploy-to-postgresql)#
#2026 09 23 16:35:58.951#Z#DEBUG#89a811f3-b76c-11f1-a9d4-eeee0a93f2f4.hpbuysell-otc-salesorder-postgres-deployer#flowable-async-job-executor-thread-28319#
[PollExecuteTaskStatusExecution] 9409158a-3ef5-419f-b18e-c3263bd4e0f3 [2026-09-23T16:35:55.209721] 'HQYDVR0OBBYEFADCcQCPX2HmkqQcmuHfiQ2jjqnrMA4GA1UdDwEB/wQEAwIBhjAN\n' + (STDOUT, APP/TASK/deploy-to-postgresql)#
#2026 09 23 16:35:58.951#Z#DEBUG#89a811f3-b76c-11f1-a9d4-eeee0a93f2f4.hpbuysell-otc-salesorder-postgres-deployer#flowable-async-job-executor-thread-28319#
[PollExecuteTaskStatusExecution] 9409158a-3ef5-419f-b18e-c3263bd4e0f3 [2026-09-23T16:35:55.209722] 'BgkqhkiG9w0BAQwFAAOCAgEASXkGQ2eUmudIKPeOIF7RBryCoPmMOsqP0+1qxF8l\n' + (STDOUT, APP/TASK/deploy-to-postgresql)#
#2026 09 23 16:35:58.951#Z#DEBUG#89a811f3-b76c-11f1-a9d4-eeee0a93f2f4.hpbuysell-otc-salesorder-postgres-deployer#flowable-async-job-executor-thread-28319#
[PollExecuteTaskStatusExecution] 9409158a-3ef5-419f-b18e-c3263bd4e0f3 [2026-09-23T16:35:55.209725] 'pGkwmrgNDGpmd9s0ArfIVBTc1jmpgB3oiRW9c6n2OmwBKL4UPuQ8O3KwSP0iD2sZ\n' + (STDOUT, APP/TASK/deploy-to-postgresql)#
#2026 09 23 16:35:58.951#Z#DEBUG#89a811f3-b76c-11f1-a9d4-eeee0a93f2f4.hpbuysell-otc-salesorder-postgres-deployer#flowable-async-job-executor-thread-28319#
[PollExecuteTaskStatusExecution] 9409158a-3ef5-419f-b18e-c3263bd4e0f3 [2026-09-23T16:35:55.209728] 'KMXoMEyphCEzW1I2GRvYDugL3Z9MWrnHkoaoH2l8YyTYvszTvdgxBPpM2x4pSkp+\n' + (STDOUT, APP/TASK/deploy-to-postgresql)#
#2026 09 23 16:35:58.951#Z#DEBUG#89a811f3-b76c-11f1-a9d4-eeee0a93f2f4.hpbuysell-otc-salesorder-postgres-deployer#flowable-async-job-executor-thread-28319#
[PollExecuteTaskStatusExecution] 9409158a-3ef5-419f-b18e-c3263bd4e0f3 [2026-09-23T16:35:55.209730] '76d4/eRpJ5mVuQ93nC+YG0wXCxSq63hX4kyZgPxgCdAA+qgFfKIGyNqUIqWgeyTP\n' + (STDOUT, APP/TASK/deploy-to-postgresql)#
#2026 09 23 16:35:58.951#Z#DEBUG#89a811f3-b76c-11f1-a9d4-eeee0a93f2f4.hpbuysell-otc-salesorder-postgres-deployer#flowable-async-job-executor-thread-28319#
[PollExecuteTaskStatusExecution] 9409158a-3ef5-419f-b18e-c3263bd4e0f3 [2026-09-23T16:35:55.209732] 'n5OgKaboYk2141Rf2hGMD3/hsGm0rrJh7g3C0ZirPws3eeJfulvAOIy2IZzqHUSY\n' + (STDOUT, APP/TASK/deploy-to-postgresql)#
#2026 09 23 16:35:58.951#Z#DEBUG#89a811f3-b76c-11f1-a9d4-eeee0a93f2f4.hpbuysell-otc-salesorder-postgres-deployer#flowable-async-job-executor-thread-28319#
[PollExecuteTaskStatusExecution] 9409158a-3ef5-419f-b18e-c3263bd4e0f3 [2026-09-23T16:35:55.209734] 'jkFzraz6LEH3IlArT3jUPvWKqvh2lJWnnp56aqxBR7qHH5voD49UpJWY1K0BjGnS\n' + (STDOUT, APP/TASK/deploy-to-postgresql)#
#2026 09 23 16:35:58.951#Z#DEBUG#89a811f3-b76c-11f1-a9d4-eeee0a93f2f4.hpbuysell-otc-salesorder-postgres-deployer#flowable-async-job-executor-thread-28319#
[PollExecuteTaskStatusExecution] 9409158a-3ef5-419f-b18e-c3263bd4e0f3 [2026-09-23T16:35:55.209736] 'OHcurpp0Yt/BIs4VZeWdCZwI7JaSeDcPMaMDBvND3Ia5Fga0thgYQTG6dE+N5fgF\n' + (STDOUT, APP/TASK/deploy-to-postgresql)#
#2026 09 23 16:35:58.951#Z#DEBUG#89a811f3-b76c-11f1-a9d4-eeee0a93f2f4.hpbuysell-otc-salesorder-postgres-deployer#flowable-async-job-executor-thread-28319#
[PollExecuteTaskStatusExecution] 9409158a-3ef5-419f-b18e-c3263bd4e0f3 [2026-09-23T16:35:55.209738] 'z+hRaujXO2nb0LmddVyvE8prYlWRMuYFv+Co8hcMdJ0lEZlfVNu0jbm9/GmwAZ+l\n' + (STDOUT, APP/TASK/deploy-to-postgresql)#
#2026 09 23 16:35:58.951#Z#DEBUG#89a811f3-b76c-11f1-a9d4-eeee0a93f2f4.hpbuysell-otc-salesorder-postgres-deployer#flowable-async-job-executor-thread-28319#
[PollExecuteTaskStatusExecution] 9409158a-3ef5-419f-b18e-c3263bd4e0f3 [2026-09-23T16:35:55.209739] '9umeYO9yz/uC7edC8XJBglMAKUmVK9wNtOckUWAcCfnPWYLbYa/PqtXBYcxrso5j\n' + (STDOUT, APP/TASK/deploy-to-postgresql)#
#2026 09 23 16:35:58.951#Z#DEBUG#89a811f3-b76c-11f1-a9d4-eeee0a93f2f4.hpbuysell-otc-salesorder-postgres-deployer#flowable-async-job-executor-thread-28319#
[PollExecuteTaskStatusExecution] 9409158a-3ef5-419f-b18e-c3263bd4e0f3 [2026-09-23T16:35:55.209742] 'iaS/A7iEW51uteHBGrViCy1afGG+hiUWwFlesli+Rq4dNstX3h6h2baWABaAxEVJ\n' + (STDOUT, APP/TASK/deploy-to-postgresql)#
#2026 09 23 16:35:58.951#Z#DEBUG#89a811f3-b76c-11f1-a9d4-eeee0a93f2f4.hpbuysell-otc-salesorder-postgres-deployer#flowable-async-job-executor-thread-28319#
[PollExecuteTaskStatusExecution] 9409158a-3ef5-419f-b18e-c3263bd4e0f3 [2026-09-23T16:35:55.209743] 'y1RnTQSz6mROT1VmZSgSVO37rgIyY0Hf0872ogcTS+FfvXgBxCxsNWEbiQ/XXva4\n' + (STDOUT, APP/TASK/deploy-to-postgresql)#
#2026 09 23 16:35:58.951#Z#DEBUG#89a811f3-b76c-11f1-a9d4-eeee0a93f2f4.hpbuysell-otc-salesorder-postgres-deployer#flowable-async-job-executor-thread-28319#
[PollExecuteTaskStatusExecution] 9409158a-3ef5-419f-b18e-c3263bd4e0f3 [2026-09-23T16:35:55.209745] '0Ws=\n' + (STDOUT, APP/TASK/deploy-to-postgresql)#
#2026 09 23 16:35:58.951#Z#DEBUG#89a811f3-b76c-11f1-a9d4-eeee0a93f2f4.hpbuysell-otc-salesorder-postgres-deployer#flowable-async-job-executor-thread-28319#
[PollExecuteTaskStatusExecution] 9409158a-3ef5-419f-b18e-c3263bd4e0f3 [2026-09-23T16:35:55.209746] '-----END CERTIFICATE-----\n' + (STDOUT, APP/TASK/deploy-to-postgresql)#
#2026 09 23 16:35:58.951#Z#DEBUG#89a811f3-b76c-11f1-a9d4-eeee0a93f2f4.hpbuysell-otc-salesorder-postgres-deployer#flowable-async-job-executor-thread-28319#
[PollExecuteTaskStatusExecution] 9409158a-3ef5-419f-b18e-c3263bd4e0f3 [2026-09-23T16:35:55.209748] '-----BEGIN CERTIFICATE-----\n' + (STDOUT, APP/TASK/deploy-to-postgresql)#
#2026 09 23 16:35:58.951#Z#DEBUG#89a811f3-b76c-11f1-a9d4-eeee0a93f2f4.hpbuysell-otc-salesorder-postgres-deployer#flowable-async-job-executor-thread-28319#
[PollExecuteTaskStatusExecution] 9409158a-3ef5-419f-b18e-c3263bd4e0f3 [2026-09-23T16:35:55.209750] 'MIICrjCCAjSgAwIBAgIRAPAlEk8VJPmEzVRRaWvTh2AwCgYIKoZIzj0EAwMwgZYx\n' + (STDOUT, APP/TASK/deploy-to-postgresql)#
#2026 09 23 16:35:58.951#Z#DEBUG#89a811f3-b76c-11f1-a9d4-eeee0a93f2f4.hpbuysell-otc-salesorder-postgres-deployer#flowable-async-job-executor-thread-28319#
[PollExecuteTaskStatusExecution] 9409158a-3ef5-419f-b18e-c3263bd4e0f3 [2026-09-23T16:35:55.209751] 'CzAJBgNVBAYTAlVTMSIwIAYDVQQKDBlBbWF6b24gV2ViIFNlcnZpY2VzLCBJbmMu\n' + (STDOUT, APP/TASK/deploy-to-postgresql)#
#2026 09 23 16:35:58.951#Z#DEBUG#89a811f3-b76c-11f1-a9d4-eeee0a93f2f4.hpbuysell-otc-salesorder-postgres-deployer#flowable-async-job-executor-thread-28319#
[PollExecuteTaskStatusExecution] 9409158a-3ef5-419f-b18e-c3263bd4e0f3 [2026-09-23T16:35:55.209754] 'MRMwEQYDVQQLDApBbWF6b24gUkRTMQswCQYDVQQIDAJXQTEvMC0GA1UEAwwmQW1h\n' + (STDOUT, APP/TASK/deploy-to-postgresql)#
#2026 09 23 16:35:58.951#Z#DEBUG#89a811f3-b76c-11f1-a9d4-eeee0a93f2f4.hpbuysell-otc-salesorder-postgres-deployer#flowable-async-job-executor-thread-28319#
[PollExecuteTaskStatusExecution] 9409158a-3ef5-419f-b18e-c3263bd4e0f3 [2026-09-23T16:35:55.209756] 'em9uIFJEUyB1cy1lYXN0LTEgUm9vdCBDQSBFQ0MzODQgRzExEDAOBgNVBAcMB1Nl\n' + (STDOUT, APP/TASK/deploy-to-postgresql)#
#2026 09 23 16:35:58.951#Z#DEBUG#89a811f3-b76c-11f1-a9d4-eeee0a93f2f4.hpbuysell-otc-salesorder-postgres-deployer#flowable-async-job-executor-thread-28319#
[PollExecuteTaskStatusExecution] 9409158a-3ef5-419f-b18e-c3263bd4e0f3 [2026-09-23T16:35:55.209757] 'YXR0bGUwIBcNMjEwNTI1MjI0MTU1WhgPMjEyMTA1MjUyMzQxNTVaMIGWMQswCQYD\n' + (STDOUT, APP/TASK/deploy-to-postgresql)#
#2026 09 23 16:35:58.951#Z#DEBUG#89a811f3-b76c-11f1-a9d4-eeee0a93f2f4.hpbuysell-otc-salesorder-postgres-deployer#flowable-async-job-executor-thread-28319#
[PollExecuteTaskStatusExecution] 9409158a-3ef5-419f-b18e-c3263bd4e0f3 [2026-09-23T16:35:55.209759] 'VQQGEwJVUzEiMCAGA1UECgwZQW1hem9uIFdlYiBTZXJ2aWNlcywgSW5jLjETMBEG\n' + (STDOUT, APP/TASK/deploy-to-postgresql)#
#2026 09 23 16:35:58.951#Z#DEBUG#89a811f3-b76c-11f1-a9d4-eeee0a93f2f4.hpbuysell-otc-salesorder-postgres-deployer#flowable-async-job-executor-thread-28319#
[PollExecuteTaskStatusExecution] 9409158a-3ef5-419f-b18e-c3263bd4e0f3 [2026-09-23T16:35:55.209760] 'A1UECwwKQW1hem9uIFJEUzELMAkGA1UECAwCV0ExLzAtBgNVBAMMJkFtYXpvbiBS\n' + (STDOUT, APP/TASK/deploy-to-postgresql)#
#2026 09 23 16:35:58.951#Z#DEBUG#89a811f3-b76c-11f1-a9d4-eeee0a93f2f4.hpbuysell-otc-salesorder-postgres-deployer#flowable-async-job-executor-thread-28319#
[PollExecuteTaskStatusExecution] 9409158a-3ef5-419f-b18e-c3263bd4e0f3 [2026-09-23T16:35:55.209762] 'RFMgdXMtZWFzdC0xIFJvb3QgQ0EgRUNDMzg0IEcxMRAwDgYDVQQHDAdTZWF0dGxl\n' + (STDOUT, APP/TASK/deploy-to-postgresql)#
#2026 09 23 16:35:58.951#Z#DEBUG#89a811f3-b76c-11f1-a9d4-eeee0a93f2f4.hpbuysell-otc-salesorder-postgres-deployer#flowable-async-job-executor-thread-28319#
[PollExecuteTaskStatusExecution] 9409158a-3ef5-419f-b18e-c3263bd4e0f3 [2026-09-23T16:35:55.209764] 'MHYwEAYHKoZIzj0CAQYFK4EEACIDYgAEx5xjrup8II4HOJw15NTnS3H5yMrQGlbj\n' + (STDOUT, APP/TASK/deploy-to-postgresql)#
#2026 09 23 16:35:58.951#Z#DEBUG#89a811f3-b76c-11f1-a9d4-eeee0a93f2f4.hpbuysell-otc-salesorder-postgres-deployer#flowable-async-job-executor-thread-28319#
[PollExecuteTaskStatusExecution] 9409158a-3ef5-419f-b18e-c3263bd4e0f3 [2026-09-23T16:35:55.209766] 'EDA5MMGnE9DmHp5dACIxmPXPMe/99nO7wNdl7G71OYPCgEvWm0FhdvVUeTb3LVnV\n' + (STDOUT, APP/TASK/deploy-to-postgresql)#
#2026 09 23 16:35:58.951#Z#DEBUG#89a811f3-b76c-11f1-a9d4-eeee0a93f2f4.hpbuysell-otc-salesorder-postgres-deployer#flowable-async-job-executor-thread-28319#
[PollExecuteTaskStatusExecution] 9409158a-3ef5-419f-b18e-c3263bd4e0f3 [2026-09-23T16:35:55.209768] 'BnaXt32Ek7/oxGk1T+Df03C+W0vmuJ+wo0IwQDAPBgNVHRMBAf8EBTADAQH/MB0G\n' + (STDOUT, APP/TASK/deploy-to-postgresql)#
#2026 09 23 16:35:58.951#Z#DEBUG#89a811f3-b76c-11f1-a9d4-eeee0a93f2f4.hpbuysell-otc-salesorder-postgres-deployer#flowable-async-job-executor-thread-28319#
[PollExecuteTaskStatusExecution] 9409158a-3ef5-419f-b18e-c3263bd4e0f3 [2026-09-23T16:35:55.209769] 'A1UdDgQWBBTGXmqBWN/1tkSea4pNw0oHrjk2UDAOBgNVHQ8BAf8EBAMCAYYwCgYI\n' + (STDOUT, APP/TASK/deploy-to-postgresql)#
#2026 09 23 16:35:58.951#Z#DEBUG#89a811f3-b76c-11f1-a9d4-eeee0a93f2f4.hpbuysell-otc-salesorder-postgres-deployer#flowable-async-job-executor-thread-28319#
[PollExecuteTaskStatusExecution] 9409158a-3ef5-419f-b18e-c3263bd4e0f3 [2026-09-23T16:35:55.209771] 'KoZIzj0EAwMDaAAwZQIxAIqqZWCSrIkZ7zsv/FygtAusW6yvlL935YAWYPVXU30m\n' + (STDOUT, APP/TASK/deploy-to-postgresql)#
#2026 09 23 16:35:58.951#Z#DEBUG#89a811f3-b76c-11f1-a9d4-eeee0a93f2f4.hpbuysell-otc-salesorder-postgres-deployer#flowable-async-job-executor-thread-28319#
[PollExecuteTaskStatusExecution] 9409158a-3ef5-419f-b18e-c3263bd4e0f3 [2026-09-23T16:35:55.209773] 'jkMFLM+/RJ9GMvnO8jHfCgIwB+whlkcItzE9CRQ6CsMo/d5cEHDUu/QW6jSIh9BR\n' + (STDOUT, APP/TASK/deploy-to-postgresql)#
#2026 09 23 16:35:58.951#Z#DEBUG#89a811f3-b76c-11f1-a9d4-eeee0a93f2f4.hpbuysell-otc-salesorder-postgres-deployer#flowable-async-job-executor-thread-28319#
[PollExecuteTaskStatusExecution] 9409158a-3ef5-419f-b18e-c3263bd4e0f3 [2026-09-23T16:35:55.209776] 'OGh9pTYPVkUbBiKPA7lVVhre\n' + (STDOUT, APP/TASK/deploy-to-postgresql)#
#2026 09 23 16:35:58.951#Z#DEBUG#89a811f3-b76c-11f1-a9d4-eeee0a93f2f4.hpbuysell-otc-salesorder-postgres-deployer#flowable-async-job-executor-thread-28319#
[PollExecuteTaskStatusExecution] 9409158a-3ef5-419f-b18e-c3263bd4e0f3 [2026-09-23T16:35:55.209778] '-----END CERTIFICATE-----\n', (STDOUT, APP/TASK/deploy-to-postgresql)#
#2026 09 23 16:35:58.951#Z#DEBUG#89a811f3-b76c-11f1-a9d4-eeee0a93f2f4.hpbuysell-otc-salesorder-postgres-deployer#flowable-async-job-executor-thread-28319#
[PollExecuteTaskStatusExecution] 9409158a-3ef5-419f-b18e-c3263bd4e0f3 [2026-09-23T16:35:55.209781] uri: 'postgres://e4d51886f3dc:daacb78fca6ef102b1397708@postgres-63a33c28-9d9e-4453-821a-000f0ee4a75c.c24srvdukvjo.us-east-1.rds.amazonaws.com:7565/BQiFxAUMVHcr', (STDOUT, APP/TASK/deploy-to-postgresql)#
#2026 09 23 16:35:58.951#Z#DEBUG#89a811f3-b76c-11f1-a9d4-eeee0a93f2f4.hpbuysell-otc-salesorder-postgres-deployer#flowable-async-job-executor-thread-28319#
[PollExecuteTaskStatusExecution] 9409158a-3ef5-419f-b18e-c3263bd4e0f3 [2026-09-23T16:35:55.209783] urls: { (STDOUT, APP/TASK/deploy-to-postgresql)#
#2026 09 23 16:35:58.951#Z#DEBUG#89a811f3-b76c-11f1-a9d4-eeee0a93f2f4.hpbuysell-otc-salesorder-postgres-deployer#flowable-async-job-executor-thread-28319#
[PollExecuteTaskStatusExecution] 9409158a-3ef5-419f-b18e-c3263bd4e0f3 [2026-09-23T16:35:55.209786] api_server: 'https://api-backing-services.us10.data.services.cloud.sap' (STDOUT, APP/TASK/deploy-to-postgresql)#
#2026 09 23 16:35:58.951#Z#DEBUG#89a811f3-b76c-11f1-a9d4-eeee0a93f2f4.hpbuysell-otc-salesorder-postgres-deployer#flowable-async-job-executor-thread-28319#
[PollExecuteTaskStatusExecution] 9409158a-3ef5-419f-b18e-c3263bd4e0f3 [2026-09-23T16:35:55.209787] } (STDOUT, APP/TASK/deploy-to-postgresql)#
#2026 09 23 16:35:58.951#Z#DEBUG#89a811f3-b76c-11f1-a9d4-eeee0a93f2f4.hpbuysell-otc-salesorder-postgres-deployer#flowable-async-job-executor-thread-28319#
[PollExecuteTaskStatusExecution] 9409158a-3ef5-419f-b18e-c3263bd4e0f3 [2026-09-23T16:35:55.209789] } (STDOUT, APP/TASK/deploy-to-postgresql)#
#2026 09 23 16:35:58.951#Z#DEBUG#89a811f3-b76c-11f1-a9d4-eeee0a93f2f4.hpbuysell-otc-salesorder-postgres-deployer#flowable-async-job-executor-thread-28319#
[PollExecuteTaskStatusExecution] 9409158a-3ef5-419f-b18e-c3263bd4e0f3 [2026-09-23T16:35:55.209790] } {} (STDOUT, APP/TASK/deploy-to-postgresql)#
#2026 09 23 16:35:58.951#Z#DEBUG#89a811f3-b76c-11f1-a9d4-eeee0a93f2f4.hpbuysell-otc-salesorder-postgres-deployer#flowable-async-job-executor-thread-28319#
[PollExecuteTaskStatusExecution] 9409158a-3ef5-419f-b18e-c3263bd4e0f3 [2026-09-23T16:35:55.756726] (node:56) DeprecationWarning: Calling client.query() when the client is already executing a query is deprecated and will be removed in pg@9.0. Use async/await or an external async flow control mechanism instead. (STDERR, APP/TASK/deploy-to-postgresql)#
#2026 09 23 16:35:58.951#Z#DEBUG#89a811f3-b76c-11f1-a9d4-eeee0a93f2f4.hpbuysell-otc-salesorder-postgres-deployer#flowable-async-job-executor-thread-28319#
[PollExecuteTaskStatusExecution] 9409158a-3ef5-419f-b18e-c3263bd4e0f3 [2026-09-23T16:35:55.756760] (Use `node --trace-deprecation ...` to show where the warning was created) (STDERR, APP/TASK/deploy-to-postgresql)#
#2026 09 23 16:35:58.951#Z#DEBUG#89a811f3-b76c-11f1-a9d4-eeee0a93f2f4.hpbuysell-otc-salesorder-postgres-deployer#flowable-async-job-executor-thread-28319#
[PollExecuteTaskStatusExecution] 9409158a-3ef5-419f-b18e-c3263bd4e0f3 [2026-09-23T16:35:56.085640] /> deployment to postgres-63a33c28-9d9e-4453-821a-000f0ee4a75c.c24srvdukvjo.us-east-1.rds.amazonaws.com:7565 failed (STDOUT, APP/TASK/deploy-to-postgresql)#
#2026 09 23 16:35:58.951#Z#DEBUG#89a811f3-b76c-11f1-a9d4-eeee0a93f2f4.hpbuysell-otc-salesorder-postgres-deployer#flowable-async-job-executor-thread-28319#
[PollExecuteTaskStatusExecution] 9409158a-3ef5-419f-b18e-c3263bd4e0f3 [2026-09-23T16:35:56.086249] Error: CDS compilation failed (@sap/cds-compiler v6.9.5) (STDERR, APP/TASK/deploy-to-postgresql)#
#2026 09 23 16:35:58.951#Z#DEBUG#89a811f3-b76c-11f1-a9d4-eeee0a93f2f4.hpbuysell-otc-salesorder-postgres-deployer#flowable-async-job-executor-thread-28319#
[PollExecuteTaskStatusExecution] 9409158a-3ef5-419f-b18e-c3263bd4e0f3 [2026-09-23T16:35:56.086265] db/csn.json:811: Error: Dropping elements is not supported (in entity:“hpbuysell.otc.salesorder.SalesOrderAcknowledgements”/element:“ID”) (STDERR, APP/TASK/deploy-to-postgresql)#
#2026 09 23 16:35:58.951#Z#DEBUG#89a811f3-b76c-11f1-a9d4-eeee0a93f2f4.hpbuysell-otc-salesorder-postgres-deployer#flowable-async-job-executor-thread-28319#
[PollExecuteTaskStatusExecution] 9409158a-3ef5-419f-b18e-c3263bd4e0f3 [2026-09-23T16:35:56.086269] at throwWithAnyError (/home/vcap/app/node_modules/@sap/cds-compiler/lib/base/messages.js:607:13) (STDERR, APP/TASK/deploy-to-postgresql)#
#2026 09 23 16:35:58.951#Z#DEBUG#89a811f3-b76c-11f1-a9d4-eeee0a93f2f4.hpbuysell-otc-salesorder-postgres-deployer#flowable-async-job-executor-thread-28319#
[PollExecuteTaskStatusExecution] 9409158a-3ef5-419f-b18e-c3263bd4e0f3 [2026-09-23T16:35:56.086273] at Proxy.toSqlDdl (/home/vcap/app/node_modules/@sap/cds-compiler/lib/render/toSql.js:311:3) (STDERR, APP/TASK/deploy-to-postgresql)#
#2026 09 23 16:35:58.951#Z#DEBUG#89a811f3-b76c-11f1-a9d4-eeee0a93f2f4.hpbuysell-otc-salesorder-postgres-deployer#flowable-async-job-executor-thread-28319#
[PollExecuteTaskStatusExecution] 9409158a-3ef5-419f-b18e-c3263bd4e0f3 [2026-09-23T16:35:56.086297] at sqlMigration (/home/vcap/app/node_modules/@sap/cds-compiler/lib/api/main.js:606:13) (STDERR, APP/TASK/deploy-to-postgresql)#
#2026 09 23 16:35:58.951#Z#DEBUG#89a811f3-b76c-11f1-a9d4-eeee0a93f2f4.hpbuysell-otc-salesorder-postgres-deployer#flowable-async-job-executor-thread-28319#
[PollExecuteTaskStatusExecution] 9409158a-3ef5-419f-b18e-c3263bd4e0f3 [2026-09-23T16:35:56.086299] at Function.api [as migration] (/home/vcap/app/node_modules/@sap/cds-compiler/lib/api/main.js:1185:22) (STDERR, APP/TASK/deploy-to-postgresql)#
#2026 09 23 16:35:58.951#Z#DEBUG#89a811f3-b76c-11f1-a9d4-eeee0a93f2f4.hpbuysell-otc-salesorder-postgres-deployer#flowable-async-job-executor-thread-28319#
[PollExecuteTaskStatusExecution] 9409158a-3ef5-419f-b18e-c3263bd4e0f3 [2026-09-23T16:35:56.086301] at Function.migration (/home/vcap/app/node_modules/@sap/cds-compiler/lib/main.js:157:41) (STDERR, APP/TASK/deploy-to-postgresql)#
#2026 09 23 16:35:58.951#Z#DEBUG#89a811f3-b76c-11f1-a9d4-eeee0a93f2f4.hpbuysell-otc-salesorder-postgres-deployer#flowable-async-job-executor-thread-28319#
[PollExecuteTaskStatusExecution] 9409158a-3ef5-419f-b18e-c3263bd4e0f3 [2026-09-23T16:35:56.086303] at Object.deltaSql (/home/vcap/app/node_modules/@sap/cds/lib/compile/cdsc.js:165:53) (STDERR, APP/TASK/deploy-to-postgresql)#
#2026 09 23 16:35:58.951#Z#DEBUG#89a811f3-b76c-11f1-a9d4-eeee0a93f2f4.hpbuysell-otc-salesorder-postgres-deployer#flowable-async-job-executor-thread-28319#
[PollExecuteTaskStatusExecution] 9409158a-3ef5-419f-b18e-c3263bd4e0f3 [2026-09-23T16:35:56.086306] at /home/vcap/app/node_modules/@sap/cds/lib/compile/to/sql.js:38:61 (STDERR, APP/TASK/deploy-to-postgresql)#
#2026 09 23 16:35:58.951#Z#DEBUG#89a811f3-b76c-11f1-a9d4-eeee0a93f2f4.hpbuysell-otc-salesorder-postgres-deployer#flowable-async-job-executor-thread-28319#
[PollExecuteTaskStatusExecution] 9409158a-3ef5-419f-b18e-c3263bd4e0f3 [2026-09-23T16:35:56.086308] at next (/home/vcap/app/node_modules/@sap/cds/lib/compile/to/sql.js:44:4) (STDERR, APP/TASK/deploy-to-postgresql)#
#2026 09 23 16:35:58.951#Z#DEBUG#89a811f3-b76c-11f1-a9d4-eeee0a93f2f4.hpbuysell-otc-salesorder-postgres-deployer#flowable-async-job-executor-thread-28319#
[PollExecuteTaskStatusExecution] 9409158a-3ef5-419f-b18e-c3263bd4e0f3 [2026-09-23T16:35:56.086311] at Function.cds_compile_to_deltaSql [as delta] (/home/vcap/app/node_modules/@sap/cds/lib/compile/to/sql.js:46:21) (STDERR, APP/TASK/deploy-to-postgresql)#
#2026 09 23 16:35:58.951#Z#DEBUG#89a811f3-b76c-11f1-a9d4-eeee0a93f2f4.hpbuysell-otc-salesorder-postgres-deployer#flowable-async-job-executor-thread-28319#
[PollExecuteTaskStatusExecution] 9409158a-3ef5-419f-b18e-c3263bd4e0f3 [2026-09-23T16:35:56.086313] at deploy.schema (/home/vcap/app/node_modules/@sap/cds/lib/dbs/cds-deploy.js:75:75) (STDERR, APP/TASK/deploy-to-postgresql)#
#2026 09 23 16:35:58.951#Z#DEBUG#89a811f3-b76c-11f1-a9d4-eeee0a93f2f4.hpbuysell-otc-salesorder-postgres-deployer#flowable-async-job-executor-thread-28319#
[PollExecuteTaskStatusExecution] 9409158a-3ef5-419f-b18e-c3263bd4e0f3 [2026-09-23T16:35:56.106728] npm notice (STDERR, APP/TASK/deploy-to-postgresql)#
#2026 09 23 16:35:58.951#Z#DEBUG#89a811f3-b76c-11f1-a9d4-eeee0a93f2f4.hpbuysell-otc-salesorder-postgres-deployer#flowable-async-job-executor-thread-28319#
[PollExecuteTaskStatusExecution] 9409158a-3ef5-419f-b18e-c3263bd4e0f3 [2026-09-23T16:35:56.106754] npm notice New major version of npm available! 10.9.8 -> 12.1.0 (STDERR, APP/TASK/deploy-to-postgresql)#
#2026 09 23 16:35:58.951#Z#DEBUG#89a811f3-b76c-11f1-a9d4-eeee0a93f2f4.hpbuysell-otc-salesorder-postgres-deployer#flowable-async-job-executor-thread-28319#
[PollExecuteTaskStatusExecution] 9409158a-3ef5-419f-b18e-c3263bd4e0f3 [2026-09-23T16:35:56.106762] npm notice Changelog: https://github.com/npm/cli/releases/tag/v12.1.0 (STDERR, APP/TASK/deploy-to-postgresql)#
#2026 09 23 16:35:58.951#Z#DEBUG#89a811f3-b76c-11f1-a9d4-eeee0a93f2f4.hpbuysell-otc-salesorder-postgres-deployer#flowable-async-job-executor-thread-28319#
[PollExecuteTaskStatusExecution] 9409158a-3ef5-419f-b18e-c3263bd4e0f3 [2026-09-23T16:35:56.106765] npm notice To update run: npm install -g npm@12.1.0 (STDERR, APP/TASK/deploy-to-postgresql)#
#2026 09 23 16:35:58.951#Z#DEBUG#89a811f3-b76c-11f1-a9d4-eeee0a93f2f4.hpbuysell-otc-salesorder-postgres-deployer#flowable-async-job-executor-thread-28319#
[PollExecuteTaskStatusExecution] 9409158a-3ef5-419f-b18e-c3263bd4e0f3 [2026-09-23T16:35:56.106769] npm notice (STDERR, APP/TASK/deploy-to-postgresql)#
#2026 09 23 16:35:58.951#Z#DEBUG#89a811f3-b76c-11f1-a9d4-eeee0a93f2f4.hpbuysell-otc-salesorder-postgres-deployer#flowable-async-job-executor-thread-28319#
[PollExecuteTaskStatusExecution] 9409158a-3ef5-419f-b18e-c3263bd4e0f3 [2026-09-23T16:35:56.166248] Exit status 1 (STDOUT, APP/TASK/deploy-to-postgresql)#
#2026 09 23 16:35:58.951#Z#DEBUG#89a811f3-b76c-11f1-a9d4-eeee0a93f2f4.hpbuysell-otc-salesorder-postgres-deployer#flowable-async-job-executor-thread-28319#
[PollExecuteTaskStatusExecution] 9409158a-3ef5-419f-b18e-c3263bd4e0f3 [2026-09-23T16:35:56.409611] Cell a2a00f1d-079f-4e20-bb58-abe9cdcb03c8 stopping instance 10de621c-eac7-4977-a565-1fccaa3b2d5b (STDOUT, CELL)#
#2026 09 23 16:35:58.951#Z#DEBUG#89a811f3-b76c-11f1-a9d4-eeee0a93f2f4.hpbuysell-otc-salesorder-postgres-deployer#flowable-async-job-executor-thread-28319#
[PollExecuteTaskStatusExecution] 9409158a-3ef5-419f-b18e-c3263bd4e0f3 [2026-09-23T16:35:56.409652] Cell a2a00f1d-079f-4e20-bb58-abe9cdcb03c8 destroying container for instance 10de621c-eac7-4977-a565-1fccaa3b2d5b (STDOUT, CELL)#
#2026 09 23 16:35:58.951#Z#DEBUG#89a811f3-b76c-11f1-a9d4-eeee0a93f2f4.hpbuysell-otc-salesorder-postgres-deployer#flowable-async-job-executor-thread-28319#
[PollExecuteTaskStatusExecution] 9409158a-3ef5-419f-b18e-c3263bd4e0f3 [2026-09-23T16:35:57.710705] Cell a2a00f1d-079f-4e20-bb58-abe9cdcb03c8 successfully destroyed container for instance 10de621c-eac7-4977-a565-1fccaa3b2d5b (STDOUT, CELL)#
