#2026 09 23 16:33:41.904#Z#INFO#89a811f3-b76c-11f1-a9d4-eeee0a93f2f4.OPERATION#http-nio-0.0.0.0-8080-exec-19#
[XS2StartProcessListener] Operation ID: 89a811f3-b76c-11f1-a9d4-eeee0a93f2f4#
#2026 09 23 16:33:41.918#Z#DEBUG#89a811f3-b76c-11f1-a9d4-eeee0a93f2f4.OPERATION#http-nio-0.0.0.0-8080-exec-19#
[XS2StartProcessListener] Process environment: {
  "SKIP_SSL_VALIDATION" : "false",
  "CHANGE_LOG_LOCK_DURATION" : "30",
  "FLOWABLE_JOB_EXECUTOR_MAX_THREADS" : "64",
  "VERSION" : "2.54.1",
  "BASIC_AUTH_ENABLED" : "true",
  "FLOWABLE_JOB_EXECUTOR_QUEUE_CAPACITY" : "4",
  "FLOWABLE_JOB_EXECUTOR_CORE_THREADS" : "32"
}#
#2026 09 23 16:33:41.918#Z#DEBUG#89a811f3-b76c-11f1-a9d4-eeee0a93f2f4.OPERATION#http-nio-0.0.0.0-8080-exec-19#
[XS2StartProcessListener] Current user: lohith.kowkuntla1@hp.com#
#2026 09 23 16:33:41.919#Z#DEBUG#89a811f3-b76c-11f1-a9d4-eeee0a93f2f4.OPERATION#http-nio-0.0.0.0-8080-exec-19#
[XS2StartProcessListener] Client space: buysell-dev-cf-sp#
#2026 09 23 16:33:41.919#Z#DEBUG#89a811f3-b76c-11f1-a9d4-eeee0a93f2f4.OPERATION#http-nio-0.0.0.0-8080-exec-19#
[XS2StartProcessListener] Client organization: HP Inc._hp-gps-buysell-dev#
#2026 09 23 16:33:41.919#Z#INFO#89a811f3-b76c-11f1-a9d4-eeee0a93f2f4.OPERATION#http-nio-0.0.0.0-8080-exec-19#
[XS2StartProcessListener] Process variables: {
  "keepFiles" : false,
  "skipAppDigestCalculation" : false,
  "abortOnError" : false,
  "mtaId" : "hpbuysell-otc-salesorder",
  "noFailOnMissingPermissions" : false,
  "isSecurityEnabled" : false,
  "apiRequestPath" : "https://deploy-service.cf.us10.hana.ondemand.com/api/v1/spaces/0850fa4f-7659-486a-868e-d7f3c8781c3b/operations",
  "deleteServiceBrokers" : false,
  "appArchiveId" : "e1f214e5-6db8-4646-83bf-7e7246a81765",
  "isDisposableUserProvidedServiceEnabled" : false,
  "deleteServiceKeys" : false,
  "noRestartSubscribedApps" : false,
  "noStart" : false,
  "deleteServices" : false
}#
#2026 09 23 16:33:42.287#Z#DEBUG#89a811f3-b76c-11f1-a9d4-eeee0a93f2f4.OPERATION#flowable-async-job-executor-thread-28026#
[ValidateDeployParametersStep] Executing task "validateParametersTask" of process "89a81219-b76c-11f1-a9d4-eeee0a93f2f4"...#
#2026 09 23 16:33:42.287#Z#DEBUG#89a811f3-b76c-11f1-a9d4-eeee0a93f2f4.OPERATION#flowable-async-job-executor-thread-28026#
[ValidateDeployParametersStep] Validating parameters...#
#2026 09 23 16:33:42.288#Z#INFO#89a811f3-b76c-11f1-a9d4-eeee0a93f2f4.OPERATION#flowable-async-job-executor-thread-28026#
[ValidateDeployParametersStep] Size of mtars is 22,264,231 and size of extension descriptors is 0#
#2026 09 23 16:33:42.321#Z#INFO#89a811f3-b76c-11f1-a9d4-eeee0a93f2f4.OPERATION#flowable-async-job-executor-thread-28026#
[ValidateDeployParametersStep] Archive was not split! Total size in bytes: 22,264,231#
#2026 09 23 16:33:42.321#Z#INFO#89a811f3-b76c-11f1-a9d4-eeee0a93f2f4.OPERATION#flowable-async-job-executor-thread-28026#
[ValidateDeployParametersStep] Deploying in org "HP Inc._hp-gps-buysell-dev" and space "buysell-dev-cf-sp"#
#2026 09 23 16:33:42.325#Z#DEBUG#89a811f3-b76c-11f1-a9d4-eeee0a93f2f4.OPERATION#flowable-async-job-executor-thread-28026#
[ValidateDeployParametersStep] Parameters validated#
#2026 09 23 16:33:42.325#Z#DEBUG#89a811f3-b76c-11f1-a9d4-eeee0a93f2f4.OPERATION#flowable-async-job-executor-thread-28026#
Step "Validate Parameters" finished#
#2026 09 23 16:33:42.344#Z#DEBUG#89a811f3-b76c-11f1-a9d4-eeee0a93f2f4.OPERATION#flowable-async-job-executor-thread-28027#
[DeleteRemainingFileParts] Executing task "deleteRemainingFileParts" of process "89a81219-b76c-11f1-a9d4-eeee0a93f2f4"...#
#2026 09 23 16:33:42.344#Z#DEBUG#89a811f3-b76c-11f1-a9d4-eeee0a93f2f4.OPERATION#flowable-async-job-executor-thread-28027#
Step "Delete Remaining File Parts" finished#
#2026 09 23 16:33:42.363#Z#DEBUG#89a811f3-b76c-11f1-a9d4-eeee0a93f2f4.OPERATION#flowable-async-job-executor-thread-28028#
[XS2ProcessMtaArchiveStep] Executing task "processArchiveTask" of process "89a81219-b76c-11f1-a9d4-eeee0a93f2f4"...#
#2026 09 23 16:33:42.364#Z#DEBUG#89a811f3-b76c-11f1-a9d4-eeee0a93f2f4.OPERATION#flowable-async-job-executor-thread-28028#
[XS2ProcessMtaArchiveStep] Processing MTA archive...#
#2026 09 23 16:33:42.364#Z#DEBUG#89a811f3-b76c-11f1-a9d4-eeee0a93f2f4.OPERATION#flowable-async-job-executor-thread-28028#
[XS2ProcessMtaArchiveStep] MTA Archive ID: e1f214e5-6db8-4646-83bf-7e7246a81765#
#2026 09 23 16:33:42.664#Z#DEBUG#89a811f3-b76c-11f1-a9d4-eeee0a93f2f4.OPERATION#flowable-async-job-executor-thread-28028#
[XS2ProcessMtaArchiveStep] MTA Descriptor length: 4,366#
#2026 09 23 16:33:42.664#Z#DEBUG#89a811f3-b76c-11f1-a9d4-eeee0a93f2f4.OPERATION#flowable-async-job-executor-thread-28028#
[XS2ProcessMtaArchiveStep] MTA Archive Modules: [hpbuysell-otc-salesorder-srv, hpbuysell-otc-salesorder-postgres-deployer, hpbuysell-otc-salesorder-app-content]#
#2026 09 23 16:33:42.664#Z#DEBUG#89a811f3-b76c-11f1-a9d4-eeee0a93f2f4.OPERATION#flowable-async-job-executor-thread-28028#
[XS2ProcessMtaArchiveStep] MTA Archive Requires: []#
#2026 09 23 16:33:42.664#Z#DEBUG#89a811f3-b76c-11f1-a9d4-eeee0a93f2f4.OPERATION#flowable-async-job-executor-thread-28028#
[XS2ProcessMtaArchiveStep] MTA Archive Resources: [hpbuysell-otc-salesorder-auth]#
#2026 09 23 16:33:42.670#Z#DEBUG#89a811f3-b76c-11f1-a9d4-eeee0a93f2f4.OPERATION#flowable-async-job-executor-thread-28028#
[XS2ProcessMtaArchiveStep] MTA archive processed#
#2026 09 23 16:33:42.670#Z#DEBUG#89a811f3-b76c-11f1-a9d4-eeee0a93f2f4.OPERATION#flowable-async-job-executor-thread-28028#
Step "Process Archive" finished#
#2026 09 23 16:33:42.695#Z#DEBUG#89a811f3-b76c-11f1-a9d4-eeee0a93f2f4.OPERATION#flowable-async-job-executor-thread-28029#
[ProcessMtaExtensionDescriptorsStep] Executing task "processExtensionDescriptorsTask" of process "89a81219-b76c-11f1-a9d4-eeee0a93f2f4"...#
#2026 09 23 16:33:42.695#Z#DEBUG#89a811f3-b76c-11f1-a9d4-eeee0a93f2f4.OPERATION#flowable-async-job-executor-thread-28029#
[ProcessMtaExtensionDescriptorsStep] Processing MTA extension descriptors...#
#2026 09 23 16:33:42.696#Z#DEBUG#89a811f3-b76c-11f1-a9d4-eeee0a93f2f4.OPERATION#flowable-async-job-executor-thread-28029#
[ProcessMtaExtensionDescriptorsStep] Provided extension descriptors: [ ]#
#2026 09 23 16:33:42.696#Z#DEBUG#89a811f3-b76c-11f1-a9d4-eeee0a93f2f4.OPERATION#flowable-async-job-executor-thread-28029#
[ProcessMtaExtensionDescriptorsStep] No extension descriptors in use#
#2026 09 23 16:33:42.696#Z#DEBUG#89a811f3-b76c-11f1-a9d4-eeee0a93f2f4.OPERATION#flowable-async-job-executor-thread-28029#
[ProcessMtaExtensionDescriptorsStep] MTA extension descriptors processed#
#2026 09 23 16:33:42.696#Z#DEBUG#89a811f3-b76c-11f1-a9d4-eeee0a93f2f4.OPERATION#flowable-async-job-executor-thread-28029#
Step "Process Extension Descriptors" finished#
#2026 09 23 16:33:42.715#Z#DEBUG#89a811f3-b76c-11f1-a9d4-eeee0a93f2f4.OPERATION#flowable-async-job-executor-thread-28029#
[XS2DetectMtaSchemaVersionStep] Executing task "detectSchemaVersionTask" of process "89a81219-b76c-11f1-a9d4-eeee0a93f2f4"...#
#2026 09 23 16:33:42.716#Z#DEBUG#89a811f3-b76c-11f1-a9d4-eeee0a93f2f4.OPERATION#flowable-async-job-executor-thread-28029#
[XS2DetectMtaSchemaVersionStep] Detecting MTA major schema version...#
#2026 09 23 16:33:42.717#Z#INFO#89a811f3-b76c-11f1-a9d4-eeee0a93f2f4.OPERATION#flowable-async-job-executor-thread-28029#
[XS2DetectMtaSchemaVersionStep] Detected MTA schema version: "3"#
#2026 09 23 16:33:42.720#Z#DEBUG#89a811f3-b76c-11f1-a9d4-eeee0a93f2f4.OPERATION#flowable-async-job-executor-thread-28029#
Step "Detect Schema Version" finished#
#2026 09 23 16:33:42.739#Z#DEBUG#89a811f3-b76c-11f1-a9d4-eeee0a93f2f4.OPERATION#flowable-async-job-executor-thread-28029#
[MergeDescriptorsStep] Executing task "mergeDescriptorsTask" of process "89a81219-b76c-11f1-a9d4-eeee0a93f2f4"...#
#2026 09 23 16:33:42.739#Z#DEBUG#89a811f3-b76c-11f1-a9d4-eeee0a93f2f4.OPERATION#flowable-async-job-executor-thread-28029#
[MergeDescriptorsStep] Validating and merging descriptors...#
#2026 09 23 16:33:42.741#Z#DEBUG#89a811f3-b76c-11f1-a9d4-eeee0a93f2f4.OPERATION#flowable-async-job-executor-thread-28029#
[MergeDescriptorsStep] Merged deployment descriptor: {
  "majorSchemaVersion" : 3,
  "schemaVersion" : "3.3.0",
  "id" : "hpbuysell-otc-salesorder",
  "version" : "1.0.0",
  "modules" : [ {
    "majorSchemaVersion" : 3,
    "name" : "hpbuysell-otc-salesorder-srv",
    "type" : "javascript.nodejs",
    "path" : "hpbuysell-otc-salesorder-srv",
    "properties" : { },
    "parameters" : {
      "buildpack" : "nodejs_buildpack",
      "instances" : 1
    },
    "requiredDependencies" : [ {
      "majorSchemaVersion" : 3,
      "name" : "********",
      "properties" : { },
      "parameters" : { },
      "propertiesMetadata" : {
        "metadata" : { }
      },
      "parametersMetadata" : {
        "metadata" : { }
      }
    }, {
      "majorSchemaVersion" : 3,
      "name" : "buysell-dev-pgdb",
      "properties" : { },
      "parameters" : { },
      "propertiesMetadata" : {
        "metadata" : { }
      },
      "parametersMetadata" : {
        "metadata" : { }
      }
    }, {
      "majorSchemaVersion" : 3,
      "name" : "hpbuysell-otc-salesorder-destination",
      "properties" : { },
      "parameters" : { },
      "propertiesMetadata" : {
        "metadata" : { }
      },
      "parametersMetadata" : {
        "metadata" : { }
      }
    } ],
    "providedDependencies" : [ {
      "majorSchemaVersion" : 3,
      "name" : "srv-api",
      "isPublic" : false,
      "properties" : {
        "srv-url" : "${default-url}"
      },
      "parameters" : { },
      "propertiesMetadata" : {
        "metadata" : { }
      },
      "parametersMetadata" : {
        "metadata" : { }
      }
    }, {
      "majorSchemaVersion" : 3,
      "name" : "hpbuysell-otc-salesorder-srv",
      "isPublic" : false,
      "properties" : { },
      "parameters" : { },
      "propertiesMetadata" : {
        "metadata" : { }
      },
      "parametersMetadata" : {
        "metadata" : { }
      }
    } ],
    "propertiesMetadata" : {
      "metadata" : { }
    },
    "parametersMetadata" : {
      "metadata" : { }
    },
    "hooks" : [ ]
  }, {
    "majorSchemaVersion" : 3,
    "name" : "hpbuysell-otc-salesorder-postgres-deployer",
    "type" : "javascript.nodejs",
    "path" : "hpbuysell-otc-salesorder-postgres-deployer",
    "properties" : { },
    "parameters" : {
      "buildpack" : "nodejs_buildpack",
      "no-route" : true,
      "tasks" : [ {
        "command" : "npm start",
        "name" : "deploy-to-postgresql"
      } ],
      "no-start" : true
    },
    "requiredDependencies" : [ {
      "majorSchemaVersion" : 3,
      "name" : "buysell-dev-pgdb",
      "properties" : { },
      "parameters" : { },
      "propertiesMetadata" : {
        "metadata" : { }
      },
      "parametersMetadata" : {
        "metadata" : { }
      }
    }, {
      "majorSchemaVersion" : 3,
      "name" : "********",
      "properties" : { },
      "parameters" : { },
      "propertiesMetadata" : {
        "metadata" : { }
      },
      "parametersMetadata" : {
        "metadata" : { }
      }
    } ],
    "providedDependencies" : [ {
      "majorSchemaVersion" : 3,
      "name" : "hpbuysell-otc-salesorder-postgres-deployer",
      "isPublic" : false,
      "properties" : { },
      "parameters" : { },
      "propertiesMetadata" : {
        "metadata" : { }
      },
      "parametersMetadata" : {
        "metadata" : { }
      }
    } ],
    "propertiesMetadata" : {
      "metadata" : { }
    },
    "parametersMetadata" : {
      "metadata" : { }
    },
    "hooks" : [ ]
  }, {
    "majorSchemaVersion" : 3,
    "name" : "hpbuysell-otc-salesorder-destination-content",
    "type" : "com.sap.application.content",
    "properties" : { },
    "parameters" : {
      "content" : {
        "instance" : {
          "destinations" : [ {
            "Authentication" : "********",
            "Name" : "hpbuysell-otc-salesorder-srv-dest",
            "TokenServiceInstanceName" : "********",
            "TokenServiceKeyName" : "********",
            "URL" : "~{srv-api/srv-url}",
            "sap.cloud.service" : "hpbuysellotcsalesorder.service"
          }, {
            "Name" : "hpbuysell-otc-salesorder_html_repo_host",
            "ServiceInstanceName" : "hpbuysell-otc-salesorder-html5-repo-host",
            "ServiceKeyName" : "********",
            "sap.cloud.service" : "hpbuysellotcsalesorder.service"
          }, {
            "Authentication" : "********",
            "Name" : "********",
            "ServiceInstanceName" : "********",
            "ServiceKeyName" : "********"
          } ],
          "existing_destinations_policy" : "update"
        }
      }
    },
    "requiredDependencies" : [ {
      "majorSchemaVersion" : 3,
      "name" : "hpbuysell-otc-salesorder-destination",
      "properties" : { },
      "parameters" : {
        "content-target" : true
      },
      "propertiesMetadata" : {
        "metadata" : { }
      },
      "parametersMetadata" : {
        "metadata" : { }
      }
    }, {
      "majorSchemaVersion" : 3,
      "name" : "hpbuysell-otc-salesorder-html5-repo-host",
      "properties" : { },
      "parameters" : {
        "service-key" : "********"
      },
      "propertiesMetadata" : {
        "metadata" : { }
      },
      "parametersMetadata" : {
        "metadata" : { }
      }
    }, {
      "majorSchemaVersion" : 3,
      "name" : "********",
      "properties" : { },
      "parameters" : {
        "service-key" : "********"
      },
      "propertiesMetadata" : {
        "metadata" : { }
      },
      "parametersMetadata" : {
        "metadata" : { }
      }
    }, {
      "majorSchemaVersion" : 3,
      "name" : "srv-api",
      "properties" : { },
      "parameters" : { },
      "propertiesMetadata" : {
        "metadata" : { }
      },
      "parametersMetadata" : {
        "metadata" : { }
      }
    } ],
    "providedDependencies" : [ {
      "majorSchemaVersion" : 3,
      "name" : "hpbuysell-otc-salesorder-destination-content",
      "isPublic" : false,
      "properties" : { },
      "parameters" : { },
      "propertiesMetadata" : {
        "metadata" : { }
      },
      "parametersMetadata" : {
        "metadata" : { }
      }
    } ],
    "propertiesMetadata" : {
      "metadata" : { }
    },
    "parametersMetadata" : {
      "metadata" : { }
    },
    "hooks" : [ ]
  }, {
    "majorSchemaVersion" : 3,
    "name" : "hpbuysell-otc-salesorder-app-content",
    "type" : "com.sap.application.content",
    "path" : "hpbuysell-otc-salesorder-app-content",
    "properties" : { },
    "parameters" : {
      "content" : {
        "instance" : {
          "existing_apps_policy" : "update",
          "service" : "hpbuysellotcsalesorder.service"
        }
      }
    },
    "requiredDependencies" : [ {
      "majorSchemaVersion" : 3,
      "name" : "hpbuysell-otc-salesorder-html5-repo-host",
      "properties" : { },
      "parameters" : {
        "content-target" : true
      },
      "propertiesMetadata" : {
        "metadata" : { }
      },
      "parametersMetadata" : {
        "metadata" : { }
      }
    } ],
    "providedDependencies" : [ {
      "majorSchemaVersion" : 3,
      "name" : "hpbuysell-otc-salesorder-app-content",
      "isPublic" : false,
      "properties" : { },
      "parameters" : { },
      "propertiesMetadata" : {
        "metadata" : { }
      },
      "parametersMetadata" : {
        "metadata" : { }
      }
    } ],
    "propertiesMetadata" : {
      "metadata" : { }
    },
    "parametersMetadata" : {
      "metadata" : { }
    },
    "hooks" : [ ]
  } ],
  "resources" : [ {
    "majorSchemaVersion" : 3,
    "name" : "********",
    "type" : "org.cloudfoundry.managed-service",
    "properties" : { },
    "parameters" : {
      "path" : "./xs-security.json",
      "service-name" : "********",
      "service-plan" : "application",
      "type" : "managed-service",
      "config" : {
        "oauth2-configuration" : "********",
        "tenant-mode" : "dedicated",
        "xsappname" : "hpbuysell-otc-salesorder"
      },
      "service" : "xsuaa"
    },
    "isActive" : true,
    "isOptional" : false,
    "propertiesMetadata" : {
      "metadata" : { }
    },
    "parametersMetadata" : {
      "metadata" : { }
    },
    "requiredDependencies" : [ ],
    "processedAfter" : [ ]
  }, {
    "majorSchemaVersion" : 3,
    "name" : "buysell-dev-pgdb",
    "type" : "org.cloudfoundry.managed-service",
    "properties" : { },
    "parameters" : {
      "type" : "managed-service",
      "service" : "postgresql-db",
      "service-plan" : "standard"
    },
    "isActive" : true,
    "isOptional" : false,
    "propertiesMetadata" : {
      "metadata" : { }
    },
    "parametersMetadata" : {
      "metadata" : { }
    },
    "requiredDependencies" : [ ],
    "processedAfter" : [ ]
  }, {
    "majorSchemaVersion" : 3,
    "name" : "hpbuysell-otc-salesorder-destination",
    "type" : "org.cloudfoundry.managed-service",
    "properties" : { },
    "parameters" : {
      "service-name" : "hpbuysell-otc-salesorder-destination",
      "service-plan" : "lite",
      "type" : "managed-service",
      "config" : {
        "HTML5Runtime_enabled" : true,
        "init_data" : {
          "instance" : {
            "destinations" : [ {
              "Authentication" : "********",
              "Name" : "ui5",
              "ProxyType" : "Internet",
              "Type" : "HTTP",
              "URL" : "https://ui5.sap.com"
            }, {
              "Authentication" : "********",
              "HTML5.DynamicDestination" : true,
              "HTML5.ForwardAuthToken" : "********",
              "Name" : "srv-api",
              "ProxyType" : "Internet",
              "Type" : "HTTP",
              "URL" : "~{srv-api/srv-url}"
            } ],
            "existing_destinations_policy" : "update"
          }
        }
      },
      "service" : "destination"
    },
    "isActive" : true,
    "isOptional" : false,
    "propertiesMetadata" : {
      "metadata" : { }
    },
    "parametersMetadata" : {
      "metadata" : { }
    },
    "requiredDependencies" : [ {
      "majorSchemaVersion" : 3,
      "name" : "srv-api",
      "properties" : { },
      "parameters" : { },
      "propertiesMetadata" : {
        "metadata" : { }
      },
      "parametersMetadata" : {
        "metadata" : { }
      }
    } ],
    "processedAfter" : [ ]
  }, {
    "majorSchemaVersion" : 3,
    "name" : "hpbuysell-otc-salesorder-html5-repo-host",
    "type" : "org.cloudfoundry.managed-service",
    "properties" : { },
    "parameters" : {
      "service-name" : "hpbuysell-otc-salesorder-html5-repo-host",
      "service-plan" : "app-host",
      "type" : "managed-service",
      "service" : "html5-apps-repo"
    },
    "isActive" : true,
    "isOptional" : false,
    "propertiesMetadata" : {
      "metadata" : { }
    },
    "parametersMetadata" : {
      "metadata" : { }
    },
    "requiredDependencies" : [ ],
    "processedAfter" : [ ]
  } ],
  "parameters" : {
    "enable-parallel-deployments" : true,
    "deploy_mode" : "html5-repo"
  },
  "parametersMetadata" : {
    "metadata" : { }
  }
}#
#2026 09 23 16:33:42.743#Z#DEBUG#89a811f3-b76c-11f1-a9d4-eeee0a93f2f4.OPERATION#flowable-async-job-executor-thread-28029#
[MergeDescriptorsStep] Descriptors validated and merged#
#2026 09 23 16:33:42.743#Z#DEBUG#89a811f3-b76c-11f1-a9d4-eeee0a93f2f4.OPERATION#flowable-async-job-executor-thread-28029#
Step "Merge Descriptors" finished#
#2026 09 23 16:33:42.765#Z#DEBUG#89a811f3-b76c-11f1-a9d4-eeee0a93f2f4.OPERATION#flowable-async-job-executor-thread-28029#
[CollectCloudLoggingServiceParametersStep] Executing task "sid-9C5714DF-CEC8-4019-8873-CBBA99AC459A" of process "89a81219-b76c-11f1-a9d4-eeee0a93f2f4"...#
#2026 09 23 16:33:42.768#Z#DEBUG#89a811f3-b76c-11f1-a9d4-eeee0a93f2f4.OPERATION#flowable-async-job-executor-thread-28029#
Step "Collect Cloud Logging Service Parameters" finished#
#2026 09 23 16:33:42.785#Z#DEBUG#89a811f3-b76c-11f1-a9d4-eeee0a93f2f4.OPERATION#flowable-async-job-executor-thread-28029#
[DetectDeployedMtaStep] Executing task "detectDeployedMtaTask" of process "89a81219-b76c-11f1-a9d4-eeee0a93f2f4"...#
#2026 09 23 16:33:42.786#Z#DEBUG#89a811f3-b76c-11f1-a9d4-eeee0a93f2f4.OPERATION#flowable-async-job-executor-thread-28029#
[DetectDeployedMtaStep] Detecting deployed MTA...#
#2026 09 23 16:33:42.853#Z#DEBUG#89a811f3-b76c-11f1-a9d4-eeee0a93f2f4.OPERATION#flowable-async-job-executor-thread-28029#
[DetectDeployedMtaStep] Detecting MTA by id hpbuysell-otc-salesorder and namespace null#
#2026 09 23 16:33:42.853#Z#DEBUG#89a811f3-b76c-11f1-a9d4-eeee0a93f2f4.OPERATION#flowable-async-job-executor-thread-28029#
[DetectDeployedMtaStep] Getting applications by metadata label selector "mta_id=bb6ce07050e9e7420a660fcf7a350b61,!mta_namespace"...#
#2026 09 23 16:33:42.902#Z#DEBUG#89a811f3-b76c-11f1-a9d4-eeee0a93f2f4.OPERATION#flowable-async-job-executor-thread-28029#
[DetectDeployedMtaStep] Getting service instances by metadata label selector "mta_id=bb6ce07050e9e7420a660fcf7a350b61,!mta_namespace"...#
#2026 09 23 16:33:43.082#Z#DEBUG#89a811f3-b76c-11f1-a9d4-eeee0a93f2f4.OPERATION#flowable-async-job-executor-thread-28029#
[DetectDeployedMtaStep] Deployed MTA: {
  "metadata" : {
    "id" : "hpbuysell-otc-salesorder",
    "version" : "1.0.0"
  },
  "applications" : [ {
    "name" : "hpbuysell-otc-salesorder-postgres-deployer",
    "metadata" : {
      "guid" : "9409158a-3ef5-419f-b18e-c3263bd4e0f3",
      "createdAt" : [ 2026, 9, 23, 12, 31, 33 ],
      "updatedAt" : [ 2026, 9, 23, 12, 52, 7 ]
    },
    "v3Metadata" : {
      "annotations" : {
        "mta_id" : "hpbuysell-otc-salesorder",
        "mta_version" : "1.0.0",
        "mta_module" : "{\"name\":\"hpbuysell-otc-salesorder-postgres-deployer\"}",
        "mta_module_provided_dependencies" : "[]",
        "mta_bound_services" : "********"
      },
      "labels" : {
        "mta_id" : "bb6ce07050e9e7420a660fcf7a350b61"
      }
    },
    "state" : "STOPPED",
    "lifecycle" : {
      "type" : "BUILDPACK",
      "data" : {
        "stack" : "cflinuxfs4",
        "buildpacks" : [ "nodejs_buildpack" ]
      }
    },
    "space" : {
      "name" : "buysell-dev-cf-sp",
      "metadata" : {
        "guid" : "0850fa4f-7659-486a-868e-d7f3c8781c3b",
        "createdAt" : [ 2026, 6, 29, 10, 47, 6 ],
        "updatedAt" : [ 2026, 6, 29, 10, 47, 6 ]
      },
      "organization" : {
        "name" : "HP Inc._hp-gps-buysell-dev",
        "metadata" : {
          "guid" : "28f5f013-e7b0-47dd-be78-90527778d0f9",
          "createdAt" : [ 2026, 6, 29, 10, 42, 41 ],
          "updatedAt" : [ 2026, 6, 29, 10, 42, 42 ]
        }
      }
    },
    "moduleName" : "hpbuysell-otc-salesorder-postgres-deployer",
    "boundMtaServices" : [ "buysell-dev-pgdb", "********" ],
    "providedDependencyNames" : [ ],
    "productizationState" : "LIVE"
  }, {
    "name" : "hpbuysell-otc-salesorder-srv",
    "metadata" : {
      "guid" : "30a35eb8-d3f3-4113-9347-bb35ee8ee030",
      "createdAt" : [ 2026, 9, 23, 12, 31, 34 ],
      "updatedAt" : [ 2026, 9, 23, 12, 52, 7 ]
    },
    "v3Metadata" : {
      "annotations" : {
        "mta_id" : "hpbuysell-otc-salesorder",
        "mta_version" : "1.0.0",
        "mta_module" : "{\"name\":\"hpbuysell-otc-salesorder-srv\"}",
        "mta_module_provided_dependencies" : "[]",
        "mta_bound_services" : "********"
      },
      "labels" : {
        "mta_id" : "bb6ce07050e9e7420a660fcf7a350b61"
      }
    },
    "state" : "STARTED",
    "lifecycle" : {
      "type" : "BUILDPACK",
      "data" : {
        "stack" : "cflinuxfs4",
        "buildpacks" : [ "nodejs_buildpack" ]
      }
    },
    "space" : {
      "name" : "buysell-dev-cf-sp",
      "metadata" : {
        "guid" : "0850fa4f-7659-486a-868e-d7f3c8781c3b",
        "createdAt" : [ 2026, 6, 29, 10, 47, 6 ],
        "updatedAt" : [ 2026, 6, 29, 10, 47, 6 ]
      },
      "organization" : {
        "name" : "HP Inc._hp-gps-buysell-dev",
        "metadata" : {
          "guid" : "28f5f013-e7b0-47dd-be78-90527778d0f9",
          "createdAt" : [ 2026, 6, 29, 10, 42, 41 ],
          "updatedAt" : [ 2026, 6, 29, 10, 42, 42 ]
        }
      }
    },
    "moduleName" : "hpbuysell-otc-salesorder-srv",
    "boundMtaServices" : [ "********", "buysell-dev-pgdb", "hpbuysell-otc-salesorder-destination" ],
    "providedDependencyNames" : [ ],
    "productizationState" : "LIVE"
  } ],
  "services" : [ {
    "name" : "hpbuysell-otc-salesorder-html5-repo-host",
    "metadata" : {
      "guid" : "8d48d31b-d908-4533-aa56-a3ff287ebf03",
      "createdAt" : [ 2026, 9, 23, 12, 31, 16 ],
      "updatedAt" : [ 2026, 9, 23, 12, 31, 16 ]
    },
    "v3Metadata" : {
      "annotations" : {
        "mta_id" : "hpbuysell-otc-salesorder",
        "mta_version" : "1.0.0",
        "mta_resource" : "{\"name\":\"hpbuysell-otc-salesorder-html5-repo-host\"}"
      },
      "labels" : {
        "mta_id" : "bb6ce07050e9e7420a660fcf7a350b61"
      }
    },
    "label" : "html5-apps-repo",
    "plan" : "app-host",
    "credentials" : "********",
    "tags" : [ ],
    "type" : "managed",
    "lastOperation" : {
      "type" : "CREATE",
      "description" : "",
      "state" : "SUCCEEDED"
    },
    "resourceName" : "hpbuysell-otc-salesorder-html5-repo-host"
  }, {
    "name" : "********",
    "metadata" : {
      "guid" : "036d21ec-f551-43ba-9056-0bddaa0ce45e",
      "createdAt" : [ 2026, 9, 23, 12, 31, 13 ],
      "updatedAt" : [ 2026, 9, 23, 12, 31, 17 ]
    },
    "v3Metadata" : {
      "annotations" : {
        "mta_id" : "hpbuysell-otc-salesorder",
        "mta_version" : "1.0.0",
        "mta_resource" : "********"
      },
      "labels" : {
        "mta_id" : "bb6ce07050e9e7420a660fcf7a350b61"
      }
    },
    "label" : "xsuaa",
    "plan" : "application",
    "credentials" : "********",
    "tags" : [ ],
    "type" : "managed",
    "lastOperation" : {
      "type" : "UPDATE",
      "description" : "",
      "state" : "SUCCEEDED"
    },
    "resourceName" : "********"
  }, {
    "name" : "hpbuysell-otc-salesorder-destination",
    "metadata" : {
      "guid" : "d7193b5d-7bc9-4add-a6b3-dcf43ae2313d",
      "createdAt" : [ 2026, 9, 23, 12, 31, 15 ],
      "updatedAt" : [ 2026, 9, 23, 12, 31, 18 ]
    },
    "v3Metadata" : {
      "annotations" : {
        "mta_id" : "hpbuysell-otc-salesorder",
        "mta_version" : "1.0.0",
        "mta_resource" : "{\"name\":\"hpbuysell-otc-salesorder-destination\"}"
      },
      "labels" : {
        "mta_id" : "bb6ce07050e9e7420a660fcf7a350b61"
      }
    },
    "label" : "destination",
    "plan" : "lite",
    "credentials" : "********",
    "tags" : [ ],
    "type" : "managed",
    "lastOperation" : {
      "type" : "UPDATE",
      "description" : "",
      "state" : "SUCCEEDED"
    },
    "resourceName" : "hpbuysell-otc-salesorder-destination"
  }, {
    "name" : "buysell-dev-pgdb",
    "credentials" : "********",
    "tags" : [ ]
  }, {
    "name" : "buysell-dev-pgdb",
    "credentials" : "********",
    "tags" : [ ]
  } ]
}#
#2026 09 23 16:33:43.082#Z#INFO#89a811f3-b76c-11f1-a9d4-eeee0a93f2f4.OPERATION#flowable-async-job-executor-thread-28029#
[DetectDeployedMtaStep] Detected deployed MTA with ID "hpbuysell-otc-salesorder" and version "1.0.0"#
#2026 09 23 16:33:43.087#Z#DEBUG#89a811f3-b76c-11f1-a9d4-eeee0a93f2f4.OPERATION#flowable-async-job-executor-thread-28029#
[DetectDeployedMtaStep] Detecting backup mta by id "hpbuysell-otc-salesorder" and namespace "null"#
#2026 09 23 16:33:43.087#Z#DEBUG#89a811f3-b76c-11f1-a9d4-eeee0a93f2f4.OPERATION#flowable-async-job-executor-thread-28029#
[DetectDeployedMtaStep] Getting applications by metadata label selector "mta_id=bb6ce07050e9e7420a660fcf7a350b61,mta_namespace=b698114a0995e936895b9598a6c19a2c"...#
#2026 09 23 16:33:43.119#Z#DEBUG#89a811f3-b76c-11f1-a9d4-eeee0a93f2f4.OPERATION#flowable-async-job-executor-thread-28029#
[DetectDeployedMtaStep] Getting service instances by metadata label selector "mta_id=bb6ce07050e9e7420a660fcf7a350b61,mta_namespace=b698114a0995e936895b9598a6c19a2c"...#
#2026 09 23 16:33:43.214#Z#DEBUG#89a811f3-b76c-11f1-a9d4-eeee0a93f2f4.OPERATION#flowable-async-job-executor-thread-28029#
[DetectDeployedMtaStep] Deployed MTA service keys: [ {
  "name" : "********",
  "metadata" : {
    "guid" : "e438ba1d-ea44-4ffd-a89e-2ea42055a8c6",
    "createdAt" : [ 2026, 9, 23, 12, 31, 36 ],
    "updatedAt" : [ 2026, 9, 23, 12, 31, 37 ]
  },
  "v3Metadata" : {
    "annotations" : {
      "mta_id" : "hpbuysell-otc-salesorder",
      "mta_version" : "1.0.0"
    },
    "labels" : {
      "mta_id" : "bb6ce07050e9e7420a660fcf7a350b61",
      "space_guid" : "0850fa4f-7659-486a-868e-d7f3c8781c3b"
    }
  },
  "serviceInstance" : {
    "name" : "********",
    "metadata" : {
      "guid" : "036d21ec-f551-43ba-9056-0bddaa0ce45e",
      "createdAt" : [ 2026, 9, 23, 12, 31, 13 ],
      "updatedAt" : [ 2026, 9, 23, 12, 31, 17 ]
    },
    "v3Metadata" : {
      "annotations" : {
        "mta_id" : "hpbuysell-otc-salesorder",
        "mta_version" : "1.0.0",
        "mta_resource" : "********"
      },
      "labels" : {
        "mta_id" : "bb6ce07050e9e7420a660fcf7a350b61"
      }
    },
    "credentials" : "********",
    "tags" : [ ],
    "type" : "managed"
  }
}, {
  "name" : "********",
  "metadata" : {
    "guid" : "a3435579-74ef-43eb-a582-712fdbeff437",
    "createdAt" : [ 2026, 9, 23, 12, 31, 36 ],
    "updatedAt" : [ 2026, 9, 23, 12, 31, 37 ]
  },
  "v3Metadata" : {
    "annotations" : {
      "mta_id" : "hpbuysell-otc-salesorder",
      "mta_version" : "1.0.0"
    },
    "labels" : {
      "mta_id" : "bb6ce07050e9e7420a660fcf7a350b61",
      "space_guid" : "0850fa4f-7659-486a-868e-d7f3c8781c3b"
    }
  },
  "serviceInstance" : {
    "name" : "hpbuysell-otc-salesorder-html5-repo-host",
    "metadata" : {
      "guid" : "8d48d31b-d908-4533-aa56-a3ff287ebf03",
      "createdAt" : [ 2026, 9, 23, 12, 31, 16 ],
      "updatedAt" : [ 2026, 9, 23, 12, 31, 16 ]
    },
    "v3Metadata" : {
      "annotations" : {
        "mta_id" : "hpbuysell-otc-salesorder",
        "mta_version" : "1.0.0",
        "mta_resource" : "{\"name\":\"hpbuysell-otc-salesorder-html5-repo-host\"}"
      },
      "labels" : {
        "mta_id" : "bb6ce07050e9e7420a660fcf7a350b61"
      }
    },
    "credentials" : "********",
    "tags" : [ ],
    "type" : "managed"
  }
}, {
  "name" : "********",
  "metadata" : {
    "guid" : "ac91a804-b954-4dcd-9131-36ea05273c65",
    "createdAt" : [ 2026, 9, 23, 12, 31, 36 ],
    "updatedAt" : [ 2026, 9, 23, 12, 31, 39 ]
  },
  "v3Metadata" : {
    "annotations" : {
      "mta_id" : "hpbuysell-otc-salesorder",
      "mta_version" : "1.0.0"
    },
    "labels" : {
      "mta_id" : "bb6ce07050e9e7420a660fcf7a350b61",
      "space_guid" : "0850fa4f-7659-486a-868e-d7f3c8781c3b"
    }
  },
  "serviceInstance" : {
    "name" : "hpbuysell-otc-salesorder-destination",
    "metadata" : {
      "guid" : "d7193b5d-7bc9-4add-a6b3-dcf43ae2313d",
      "createdAt" : [ 2026, 9, 23, 12, 31, 15 ],
      "updatedAt" : [ 2026, 9, 23, 12, 31, 18 ]
    },
    "v3Metadata" : {
      "annotations" : {
        "mta_id" : "hpbuysell-otc-salesorder",
        "mta_version" : "1.0.0",
        "mta_resource" : "{\"name\":\"hpbuysell-otc-salesorder-destination\"}"
      },
      "labels" : {
        "mta_id" : "bb6ce07050e9e7420a660fcf7a350b61"
      }
    },
    "credentials" : "********",
    "tags" : [ ],
    "type" : "managed"
  }
}, {
  "name" : "********",
  "metadata" : {
    "guid" : "02bc866a-b483-454a-8972-7ded46fcd53b",
    "createdAt" : [ 2026, 9, 23, 12, 31, 37 ],
    "updatedAt" : [ 2026, 9, 23, 12, 31, 37 ]
  },
  "v3Metadata" : {
    "annotations" : {
      "mta_id" : "hpbuysell-otc-salesorder",
      "mta_version" : "1.0.0"
    },
    "labels" : {
      "mta_id" : "bb6ce07050e9e7420a660fcf7a350b61",
      "space_guid" : "0850fa4f-7659-486a-868e-d7f3c8781c3b"
    }
  },
  "serviceInstance" : {
    "name" : "hpbuysell-otc-salesorder-html5-repo-host",
    "metadata" : {
      "guid" : "8d48d31b-d908-4533-aa56-a3ff287ebf03",
      "createdAt" : [ 2026, 9, 23, 12, 31, 16 ],
      "updatedAt" : [ 2026, 9, 23, 12, 31, 16 ]
    },
    "v3Metadata" : {
      "annotations" : {
        "mta_id" : "hpbuysell-otc-salesorder",
        "mta_version" : "1.0.0",
        "mta_resource" : "{\"name\":\"hpbuysell-otc-salesorder-html5-repo-host\"}"
      },
      "labels" : {
        "mta_id" : "bb6ce07050e9e7420a660fcf7a350b61"
      }
    },
    "credentials" : "********",
    "tags" : [ ],
    "type" : "managed"
  }
} ]#
#2026 09 23 16:33:43.214#Z#DEBUG#89a811f3-b76c-11f1-a9d4-eeee0a93f2f4.OPERATION#flowable-async-job-executor-thread-28029#
Step "Detect Deployed MTA" finished#
#2026 09 23 16:33:43.236#Z#DEBUG#89a811f3-b76c-11f1-a9d4-eeee0a93f2f4.OPERATION#flowable-async-job-executor-thread-28030#
[XS2CollectSystemParametersStep] Executing task "collectSystemParametersTask" of process "89a81219-b76c-11f1-a9d4-eeee0a93f2f4"...#
#2026 09 23 16:33:43.237#Z#DEBUG#89a811f3-b76c-11f1-a9d4-eeee0a93f2f4.OPERATION#flowable-async-job-executor-thread-28030#
[XS2CollectSystemParametersStep] Collecting system parameters...#
#2026 09 23 16:33:43.237#Z#DEBUG#89a811f3-b76c-11f1-a9d4-eeee0a93f2f4.OPERATION#flowable-async-job-executor-thread-28030#
[XS2CollectSystemParametersStep] Getting default domain...#
#2026 09 23 16:33:43.271#Z#DEBUG#89a811f3-b76c-11f1-a9d4-eeee0a93f2f4.OPERATION#flowable-async-job-executor-thread-28030#
[XS2CollectSystemParametersStep] Default domain: cfapps.us10.hana.ondemand.com#
#2026 09 23 16:33:43.272#Z#DEBUG#89a811f3-b76c-11f1-a9d4-eeee0a93f2f4.OPERATION#flowable-async-job-executor-thread-28030#
[XS2CollectSystemParametersStep] Checking for overwriting read-only parameters for mta with id: "hpbuysell-otc-salesorder"#
#2026 09 23 16:33:43.272#Z#DEBUG#89a811f3-b76c-11f1-a9d4-eeee0a93f2f4.OPERATION#flowable-async-job-executor-thread-28030#
[XS2CollectSystemParametersStep] No read-only parameters are overwritten#
#2026 09 23 16:33:43.288#Z#DEBUG#89a811f3-b76c-11f1-a9d4-eeee0a93f2f4.OPERATION#flowable-async-job-executor-thread-28030#
[XS2CollectSystemParametersStep] Descriptor with system parameters: {
  "majorSchemaVersion" : 3,
  "schemaVersion" : "3.3.0",
  "id" : "hpbuysell-otc-salesorder",
  "version" : "1.0.0",
  "modules" : [ {
    "majorSchemaVersion" : 3,
    "name" : "hpbuysell-otc-salesorder-srv",
    "type" : "javascript.nodejs",
    "path" : "hpbuysell-otc-salesorder-srv",
    "properties" : { },
    "parameters" : {
      "default-url" : "${protocol}://${default-uri}",
      "default-app-name" : "hpbuysell-otc-salesorder-srv",
      "generated-password" : "********",
      "default-live-url" : "${protocol}://${default-live-uri}",
      "default-uri" : "${host}.${domain}",
      "default-instances" : 1,
      "default-live-host" : "hp-inc--hp-gps-buysell-dev-buysell-dev-cf-sp-hpbuysell-3f6d5fc7",
      "instances" : 1,
      "buildpack" : "nodejs_buildpack",
      "default-host" : "hp-inc--hp-gps-buysell-dev-buysell-dev-cf-sp-hpbuysell-3f6d5fc7",
      "app-name" : "${default-app-name}",
      "default-live-uri" : "hp-inc--hp-gps-buysell-dev-buysell-dev-cf-sp-hpbuysell-3f6d5fc7.${domain}",
      "protocol" : "https",
      "default-live-app-name" : "hpbuysell-otc-salesorder-srv",
      "default-live-domain" : "cfapps.us10.hana.ondemand.com",
      "domain" : "${default-domain}",
      "host" : "${default-host}",
      "generated-user" : "********"
    },
    "requiredDependencies" : [ {
      "majorSchemaVersion" : 3,
      "name" : "********",
      "properties" : { },
      "parameters" : { },
      "propertiesMetadata" : {
        "metadata" : { }
      },
      "parametersMetadata" : {
        "metadata" : { }
      }
    }, {
      "majorSchemaVersion" : 3,
      "name" : "buysell-dev-pgdb",
      "properties" : { },
      "parameters" : { },
      "propertiesMetadata" : {
        "metadata" : { }
      },
      "parametersMetadata" : {
        "metadata" : { }
      }
    }, {
      "majorSchemaVersion" : 3,
      "name" : "hpbuysell-otc-salesorder-destination",
      "properties" : { },
      "parameters" : { },
      "propertiesMetadata" : {
        "metadata" : { }
      },
      "parametersMetadata" : {
        "metadata" : { }
      }
    } ],
    "providedDependencies" : [ {
      "majorSchemaVersion" : 3,
      "name" : "srv-api",
      "isPublic" : false,
      "properties" : {
        "srv-url" : "${default-url}"
      },
      "parameters" : { },
      "propertiesMetadata" : {
        "metadata" : { }
      },
      "parametersMetadata" : {
        "metadata" : { }
      }
    }, {
      "majorSchemaVersion" : 3,
      "name" : "hpbuysell-otc-salesorder-srv",
      "isPublic" : false,
      "properties" : { },
      "parameters" : { },
      "propertiesMetadata" : {
        "metadata" : { }
      },
      "parametersMetadata" : {
        "metadata" : { }
      }
    } ],
    "propertiesMetadata" : {
      "metadata" : { }
    },
    "parametersMetadata" : {
      "metadata" : { }
    },
    "hooks" : [ ]
  }, {
    "majorSchemaVersion" : 3,
    "name" : "hpbuysell-otc-salesorder-postgres-deployer",
    "type" : "javascript.nodejs",
    "path" : "hpbuysell-otc-salesorder-postgres-deployer",
    "properties" : { },
    "parameters" : {
      "default-url" : "${protocol}://${default-uri}",
      "default-app-name" : "hpbuysell-otc-salesorder-postgres-deployer",
      "generated-password" : "********",
      "default-live-url" : "${protocol}://${default-live-uri}",
      "default-uri" : "${host}.${domain}",
      "default-instances" : 1,
      "no-route" : true,
      "default-live-host" : "hp-inc--hp-gps-buysell-dev-buysell-dev-cf-sp-hpbuysell-5e079d78",
      "instances" : "${default-instances}",
      "buildpack" : "nodejs_buildpack",
      "default-host" : "hp-inc--hp-gps-buysell-dev-buysell-dev-cf-sp-hpbuysell-5e079d78",
      "app-name" : "${default-app-name}",
      "default-live-uri" : "hp-inc--hp-gps-buysell-dev-buysell-dev-cf-sp-hpbuysell-5e079d78.${domain}",
      "protocol" : "https",
      "default-live-app-name" : "hpbuysell-otc-salesorder-postgres-deployer",
      "default-live-domain" : "cfapps.us10.hana.ondemand.com",
      "domain" : "${default-domain}",
      "host" : "${default-host}",
      "generated-user" : "********",
      "tasks" : [ {
        "command" : "npm start",
        "name" : "deploy-to-postgresql"
      } ],
      "no-start" : true
    },
    "requiredDependencies" : [ {
      "majorSchemaVersion" : 3,
      "name" : "buysell-dev-pgdb",
      "properties" : { },
      "parameters" : { },
      "propertiesMetadata" : {
        "metadata" : { }
      },
      "parametersMetadata" : {
        "metadata" : { }
      }
    }, {
      "majorSchemaVersion" : 3,
      "name" : "********",
      "properties" : { },
      "parameters" : { },
      "propertiesMetadata" : {
        "metadata" : { }
      },
      "parametersMetadata" : {
        "metadata" : { }
      }
    } ],
    "providedDependencies" : [ {
      "majorSchemaVersion" : 3,
      "name" : "hpbuysell-otc-salesorder-postgres-deployer",
      "isPublic" : false,
      "properties" : { },
      "parameters" : { },
      "propertiesMetadata" : {
        "metadata" : { }
      },
      "parametersMetadata" : {
        "metadata" : { }
      }
    } ],
    "propertiesMetadata" : {
      "metadata" : { }
    },
    "parametersMetadata" : {
      "metadata" : { }
    },
    "hooks" : [ ]
  }, {
    "majorSchemaVersion" : 3,
    "name" : "hpbuysell-otc-salesorder-destination-content",
    "type" : "com.sap.application.content",
    "properties" : { },
    "parameters" : {
      "default-url" : "${protocol}://${default-uri}",
      "default-app-name" : "hpbuysell-otc-salesorder-destination-content",
      "generated-password" : "********",
      "default-live-url" : "${protocol}://${default-live-uri}",
      "default-uri" : "${host}.${domain}",
      "default-instances" : 1,
      "default-live-host" : "hp-inc--hp-gps-buysell-dev-buysell-dev-cf-sp-hpbuysell-4ea59076",
      "instances" : "${default-instances}",
      "default-host" : "hp-inc--hp-gps-buysell-dev-buysell-dev-cf-sp-hpbuysell-4ea59076",
      "content" : {
        "instance" : {
          "destinations" : [ {
            "Authentication" : "********",
            "Name" : "hpbuysell-otc-salesorder-srv-dest",
            "TokenServiceInstanceName" : "********",
            "TokenServiceKeyName" : "********",
            "URL" : "~{srv-api/srv-url}",
            "sap.cloud.service" : "hpbuysellotcsalesorder.service"
          }, {
            "Name" : "hpbuysell-otc-salesorder_html_repo_host",
            "ServiceInstanceName" : "hpbuysell-otc-salesorder-html5-repo-host",
            "ServiceKeyName" : "********",
            "sap.cloud.service" : "hpbuysellotcsalesorder.service"
          }, {
            "Authentication" : "********",
            "Name" : "********",
            "ServiceInstanceName" : "********",
            "ServiceKeyName" : "********"
          } ],
          "existing_destinations_policy" : "update"
        }
      },
      "app-name" : "${default-app-name}",
      "default-live-uri" : "hp-inc--hp-gps-buysell-dev-buysell-dev-cf-sp-hpbuysell-4ea59076.${domain}",
      "protocol" : "https",
      "default-live-app-name" : "hpbuysell-otc-salesorder-destination-content",
      "default-live-domain" : "cfapps.us10.hana.ondemand.com",
      "domain" : "${default-domain}",
      "host" : "${default-host}",
      "generated-user" : "********"
    },
    "requiredDependencies" : [ {
      "majorSchemaVersion" : 3,
      "name" : "hpbuysell-otc-salesorder-destination",
      "properties" : { },
      "parameters" : {
        "content-target" : true
      },
      "propertiesMetadata" : {
        "metadata" : { }
      },
      "parametersMetadata" : {
        "metadata" : { }
      }
    }, {
      "majorSchemaVersion" : 3,
      "name" : "hpbuysell-otc-salesorder-html5-repo-host",
      "properties" : { },
      "parameters" : {
        "service-key" : "********"
      },
      "propertiesMetadata" : {
        "metadata" : { }
      },
      "parametersMetadata" : {
        "metadata" : { }
      }
    }, {
      "majorSchemaVersion" : 3,
      "name" : "********",
      "properties" : { },
      "parameters" : {
        "service-key" : "********"
      },
      "propertiesMetadata" : {
        "metadata" : { }
      },
      "parametersMetadata" : {
        "metadata" : { }
      }
    }, {
      "majorSchemaVersion" : 3,
      "name" : "srv-api",
      "properties" : { },
      "parameters" : { },
      "propertiesMetadata" : {
        "metadata" : { }
      },
      "parametersMetadata" : {
        "metadata" : { }
      }
    } ],
    "providedDependencies" : [ {
      "majorSchemaVersion" : 3,
      "name" : "hpbuysell-otc-salesorder-destination-content",
      "isPublic" : false,
      "properties" : { },
      "parameters" : { },
      "propertiesMetadata" : {
        "metadata" : { }
      },
      "parametersMetadata" : {
        "metadata" : { }
      }
    } ],
    "propertiesMetadata" : {
      "metadata" : { }
    },
    "parametersMetadata" : {
      "metadata" : { }
    },
    "hooks" : [ ]
  }, {
    "majorSchemaVersion" : 3,
    "name" : "hpbuysell-otc-salesorder-app-content",
    "type" : "com.sap.application.content",
    "path" : "hpbuysell-otc-salesorder-app-content",
    "properties" : { },
    "parameters" : {
      "default-url" : "${protocol}://${default-uri}",
      "default-app-name" : "hpbuysell-otc-salesorder-app-content",
      "generated-password" : "********",
      "default-live-url" : "${protocol}://${default-live-uri}",
      "default-uri" : "${host}.${domain}",
      "default-instances" : 1,
      "default-live-host" : "hp-inc--hp-gps-buysell-dev-buysell-dev-cf-sp-hpbuysell-36254d63",
      "instances" : "${default-instances}",
      "default-host" : "hp-inc--hp-gps-buysell-dev-buysell-dev-cf-sp-hpbuysell-36254d63",
      "content" : {
        "instance" : {
          "existing_apps_policy" : "update",
          "service" : "hpbuysellotcsalesorder.service"
        }
      },
      "app-name" : "${default-app-name}",
      "default-live-uri" : "hp-inc--hp-gps-buysell-dev-buysell-dev-cf-sp-hpbuysell-36254d63.${domain}",
      "protocol" : "https",
      "default-live-app-name" : "hpbuysell-otc-salesorder-app-content",
      "default-live-domain" : "cfapps.us10.hana.ondemand.com",
      "domain" : "${default-domain}",
      "host" : "${default-host}",
      "generated-user" : "********"
    },
    "requiredDependencies" : [ {
      "majorSchemaVersion" : 3,
      "name" : "hpbuysell-otc-salesorder-html5-repo-host",
      "properties" : { },
      "parameters" : {
        "content-target" : true
      },
      "propertiesMetadata" : {
        "metadata" : { }
      },
      "parametersMetadata" : {
        "metadata" : { }
      }
    } ],
    "providedDependencies" : [ {
      "majorSchemaVersion" : 3,
      "name" : "hpbuysell-otc-salesorder-app-content",
      "isPublic" : false,
      "properties" : { },
      "parameters" : { },
      "propertiesMetadata" : {
        "metadata" : { }
      },
      "parametersMetadata" : {
        "metadata" : { }
      }
    } ],
    "propertiesMetadata" : {
      "metadata" : { }
    },
    "parametersMetadata" : {
      "metadata" : { }
    },
    "hooks" : [ ]
  } ],
  "resources" : [ {
    "majorSchemaVersion" : 3,
    "name" : "********",
    "type" : "org.cloudfoundry.managed-service",
    "properties" : { },
    "parameters" : {
      "generated-password" : "********",
      "path" : "./xs-security.json",
      "service-name" : "********",
      "service-plan" : "application",
      "service" : "xsuaa",
      "generated-user" : "********",
      "default-xsappname" : "********",
      "type" : "managed-service",
      "config" : {
        "oauth2-configuration" : "********",
        "tenant-mode" : "dedicated",
        "xsappname" : "hpbuysell-otc-salesorder"
      },
      "default-service-name" : "********",
      "default-container-name" : "HP_INC__HP_GPS_BUYSELL_DEV_BUYSELL_DEV_CF_SP_HPBUYSELL_OT7B9A388"
    },
    "isActive" : true,
    "isOptional" : false,
    "propertiesMetadata" : {
      "metadata" : { }
    },
    "parametersMetadata" : {
      "metadata" : { }
    },
    "requiredDependencies" : [ ],
    "processedAfter" : [ ]
  }, {
    "majorSchemaVersion" : 3,
    "name" : "buysell-dev-pgdb",
    "type" : "org.cloudfoundry.managed-service",
    "properties" : { },
    "parameters" : {
      "generated-password" : "********",
      "service-name" : "${default-service-name}",
      "service-plan" : "standard",
      "service" : "postgresql-db",
      "generated-user" : "********",
      "default-xsappname" : "buysell-dev-pgdb",
      "type" : "managed-service",
      "default-service-name" : "buysell-dev-pgdb",
      "default-container-name" : "HP_INC__HP_GPS_BUYSELL_DEV_BUYSELL_DEV_CF_SP_BUYSELL_DEV_PGDB"
    },
    "isActive" : true,
    "isOptional" : false,
    "propertiesMetadata" : {
      "metadata" : { }
    },
    "parametersMetadata" : {
      "metadata" : { }
    },
    "requiredDependencies" : [ ],
    "processedAfter" : [ ]
  }, {
    "majorSchemaVersion" : 3,
    "name" : "hpbuysell-otc-salesorder-destination",
    "type" : "org.cloudfoundry.managed-service",
    "properties" : { },
    "parameters" : {
      "generated-password" : "********",
      "service-name" : "hpbuysell-otc-salesorder-destination",
      "service-plan" : "lite",
      "service" : "destination",
      "generated-user" : "********",
      "default-xsappname" : "hpbuysell-otc-salesorder-destination",
      "type" : "managed-service",
      "config" : {
        "HTML5Runtime_enabled" : true,
        "init_data" : {
          "instance" : {
            "destinations" : [ {
              "Authentication" : "********",
              "Name" : "ui5",
              "ProxyType" : "Internet",
              "Type" : "HTTP",
              "URL" : "https://ui5.sap.com"
            }, {
              "Authentication" : "********",
              "HTML5.DynamicDestination" : true,
              "HTML5.ForwardAuthToken" : "********",
              "Name" : "srv-api",
              "ProxyType" : "Internet",
              "Type" : "HTTP",
              "URL" : "~{srv-api/srv-url}"
            } ],
            "existing_destinations_policy" : "update"
          }
        }
      },
      "default-service-name" : "hpbuysell-otc-salesorder-destination",
      "default-container-name" : "HP_INC__HP_GPS_BUYSELL_DEV_BUYSELL_DEV_CF_SP_HPBUYSELL_O7835AE0E"
    },
    "isActive" : true,
    "isOptional" : false,
    "propertiesMetadata" : {
      "metadata" : { }
    },
    "parametersMetadata" : {
      "metadata" : { }
    },
    "requiredDependencies" : [ {
      "majorSchemaVersion" : 3,
      "name" : "srv-api",
      "properties" : { },
      "parameters" : { },
      "propertiesMetadata" : {
        "metadata" : { }
      },
      "parametersMetadata" : {
        "metadata" : { }
      }
    } ],
    "processedAfter" : [ ]
  }, {
    "majorSchemaVersion" : 3,
    "name" : "hpbuysell-otc-salesorder-html5-repo-host",
    "type" : "org.cloudfoundry.managed-service",
    "properties" : { },
    "parameters" : {
      "generated-password" : "********",
      "service-name" : "hpbuysell-otc-salesorder-html5-repo-host",
      "service-plan" : "app-host",
      "service" : "html5-apps-repo",
      "generated-user" : "********",
      "default-xsappname" : "hpbuysell-otc-salesorder-html5-repo-host",
      "type" : "managed-service",
      "default-service-name" : "hpbuysell-otc-salesorder-html5-repo-host",
      "default-container-name" : "HP_INC__HP_GPS_BUYSELL_DEV_BUYSELL_DEV_CF_SP_HPBUYSELL_O7A057BA0"
    },
    "isActive" : true,
    "isOptional" : false,
    "propertiesMetadata" : {
      "metadata" : { }
    },
    "parametersMetadata" : {
      "metadata" : { }
    },
    "requiredDependencies" : [ ],
    "processedAfter" : [ ]
  } ],
  "parameters" : {
    "deploy_mode" : "html5-repo",
    "mta-id" : "hpbuysell-otc-salesorder",
    "authorization-url" : "********",
    "org-guid" : "28f5f013-e7b0-47dd-be78-90527778d0f9",
    "org" : "HP Inc._hp-gps-buysell-dev",
    "deploy-target" : "HP Inc._hp-gps-buysell-dev buysell-dev-cf-sp",
    "enable-parallel-deployments" : true,
    "space" : "buysell-dev-cf-sp",
    "xs-api-url" : "https://api.cf.us10.hana.ondemand.com",
    "deploy-url" : "deploy-service.cfapps.us10.hana.ondemand.com",
    "xs-type" : "CF",
    "default-domain" : "cfapps.us10.hana.ondemand.com",
    "mta-version" : "1.0.0",
    "xs-auth-url" : "********",
    "space-guid" : "0850fa4f-7659-486a-868e-d7f3c8781c3b",
    "user" : "********",
    "controller-url" : "https://api.cf.us10.hana.ondemand.com",
    "timestamp" : "20260923163341"
  },
  "parametersMetadata" : {
    "metadata" : { }
  }
}#
#2026 09 23 16:33:43.289#Z#DEBUG#89a811f3-b76c-11f1-a9d4-eeee0a93f2f4.OPERATION#flowable-async-job-executor-thread-28030#
[XS2CollectSystemParametersStep] Version rule: SAME_HIGHER#
#2026 09 23 16:33:43.289#Z#INFO#89a811f3-b76c-11f1-a9d4-eeee0a93f2f4.OPERATION#flowable-async-job-executor-thread-28030#
[XS2CollectSystemParametersStep] Detected new MTA version: "1.0.0"#
#2026 09 23 16:33:43.292#Z#INFO#89a811f3-b76c-11f1-a9d4-eeee0a93f2f4.OPERATION#flowable-async-job-executor-thread-28030#
[XS2CollectSystemParametersStep] Deployed MTA version: "1.0.0"#
#2026 09 23 16:33:43.295#Z#DEBUG#89a811f3-b76c-11f1-a9d4-eeee0a93f2f4.OPERATION#flowable-async-job-executor-thread-28030#
[XS2CollectSystemParametersStep] MTA accepted for deployment#
#2026 09 23 16:33:43.295#Z#DEBUG#89a811f3-b76c-11f1-a9d4-eeee0a93f2f4.OPERATION#flowable-async-job-executor-thread-28030#
[XS2CollectSystemParametersStep] System parameters collected#
#2026 09 23 16:33:43.295#Z#DEBUG#89a811f3-b76c-11f1-a9d4-eeee0a93f2f4.OPERATION#flowable-async-job-executor-thread-28030#
Step "Collect System Parameters" finished#
#2026 09 23 16:33:43.317#Z#DEBUG#89a811f3-b76c-11f1-a9d4-eeee0a93f2f4.OPERATION#flowable-async-job-executor-thread-28031#
[ProcessDescriptorStep] Executing task "processDescriptorTask" of process "89a81219-b76c-11f1-a9d4-eeee0a93f2f4"...#
#2026 09 23 16:33:43.317#Z#DEBUG#89a811f3-b76c-11f1-a9d4-eeee0a93f2f4.OPERATION#flowable-async-job-executor-thread-28031#
[ProcessDescriptorStep] Resolving properties and parameters in merged descriptor...#
#2026 09 23 16:33:43.320#Z#DEBUG#89a811f3-b76c-11f1-a9d4-eeee0a93f2f4.OPERATION#flowable-async-job-executor-thread-28031#
[ProcessDescriptorStep] Subscriptions: [ ]#
#2026 09 23 16:33:43.321#Z#DEBUG#89a811f3-b76c-11f1-a9d4-eeee0a93f2f4.OPERATION#flowable-async-job-executor-thread-28031#
[ProcessDescriptorStep] MTA modules: [hpbuysell-otc-salesorder-srv, hpbuysell-otc-salesorder-destination-content, hpbuysell-otc-salesorder-postgres-deployer, hpbuysell-otc-salesorder-app-content]#
#2026 09 23 16:33:43.322#Z#DEBUG#89a811f3-b76c-11f1-a9d4-eeee0a93f2f4.OPERATION#flowable-async-job-executor-thread-28031#
[ProcessDescriptorStep] Resolved deployment descriptor: {
  "majorSchemaVersion" : 3,
  "schemaVersion" : "3.3.0",
  "id" : "hpbuysell-otc-salesorder",
  "version" : "1.0.0",
  "modules" : [ {
    "majorSchemaVersion" : 3,
    "name" : "hpbuysell-otc-salesorder-srv",
    "type" : "javascript.nodejs",
    "path" : "hpbuysell-otc-salesorder-srv",
    "properties" : { },
    "parameters" : {
      "default-url" : "https://hp-inc--hp-gps-buysell-dev-buysell-dev-cf-sp-hpbuysell-3f6d5fc7.cfapps.us10.hana.ondemand.com",
      "default-app-name" : "hpbuysell-otc-salesorder-srv",
      "generated-password" : "********",
      "default-live-url" : "https://hp-inc--hp-gps-buysell-dev-buysell-dev-cf-sp-hpbuysell-3f6d5fc7.cfapps.us10.hana.ondemand.com",
      "default-uri" : "hp-inc--hp-gps-buysell-dev-buysell-dev-cf-sp-hpbuysell-3f6d5fc7.cfapps.us10.hana.ondemand.com",
      "default-instances" : 1,
      "default-live-host" : "hp-inc--hp-gps-buysell-dev-buysell-dev-cf-sp-hpbuysell-3f6d5fc7",
      "instances" : 1,
      "buildpack" : "nodejs_buildpack",
      "default-host" : "hp-inc--hp-gps-buysell-dev-buysell-dev-cf-sp-hpbuysell-3f6d5fc7",
      "app-name" : "hpbuysell-otc-salesorder-srv",
      "default-live-uri" : "hp-inc--hp-gps-buysell-dev-buysell-dev-cf-sp-hpbuysell-3f6d5fc7.cfapps.us10.hana.ondemand.com",
      "protocol" : "https",
      "default-live-app-name" : "hpbuysell-otc-salesorder-srv",
      "default-live-domain" : "cfapps.us10.hana.ondemand.com",
      "domain" : "cfapps.us10.hana.ondemand.com",
      "host" : "hp-inc--hp-gps-buysell-dev-buysell-dev-cf-sp-hpbuysell-3f6d5fc7",
      "generated-user" : "********"
    },
    "requiredDependencies" : [ {
      "majorSchemaVersion" : 3,
      "name" : "********",
      "properties" : { },
      "parameters" : { },
      "propertiesMetadata" : {
        "metadata" : { }
      },
      "parametersMetadata" : {
        "metadata" : { }
      }
    }, {
      "majorSchemaVersion" : 3,
      "name" : "buysell-dev-pgdb",
      "properties" : { },
      "parameters" : { },
      "propertiesMetadata" : {
        "metadata" : { }
      },
      "parametersMetadata" : {
        "metadata" : { }
      }
    }, {
      "majorSchemaVersion" : 3,
      "name" : "hpbuysell-otc-salesorder-destination",
      "properties" : { },
      "parameters" : { },
      "propertiesMetadata" : {
        "metadata" : { }
      },
      "parametersMetadata" : {
        "metadata" : { }
      }
    } ],
    "providedDependencies" : [ {
      "majorSchemaVersion" : 3,
      "name" : "srv-api",
      "isPublic" : false,
      "properties" : {
        "srv-url" : "https://hp-inc--hp-gps-buysell-dev-buysell-dev-cf-sp-hpbuysell-3f6d5fc7.cfapps.us10.hana.ondemand.com"
      },
      "parameters" : { },
      "propertiesMetadata" : {
        "metadata" : { }
      },
      "parametersMetadata" : {
        "metadata" : { }
      }
    }, {
      "majorSchemaVersion" : 3,
      "name" : "hpbuysell-otc-salesorder-srv",
      "isPublic" : false,
      "properties" : { },
      "parameters" : { },
      "propertiesMetadata" : {
        "metadata" : { }
      },
      "parametersMetadata" : {
        "metadata" : { }
      }
    } ],
    "propertiesMetadata" : {
      "metadata" : { }
    },
    "parametersMetadata" : {
      "metadata" : { }
    },
    "hooks" : [ ]
  }, {
    "majorSchemaVersion" : 3,
    "name" : "hpbuysell-otc-salesorder-postgres-deployer",
    "type" : "javascript.nodejs",
    "path" : "hpbuysell-otc-salesorder-postgres-deployer",
    "properties" : { },
    "parameters" : {
      "default-url" : "https://hp-inc--hp-gps-buysell-dev-buysell-dev-cf-sp-hpbuysell-5e079d78.cfapps.us10.hana.ondemand.com",
      "default-app-name" : "hpbuysell-otc-salesorder-postgres-deployer",
      "generated-password" : "********",
      "default-live-url" : "https://hp-inc--hp-gps-buysell-dev-buysell-dev-cf-sp-hpbuysell-5e079d78.cfapps.us10.hana.ondemand.com",
      "default-uri" : "hp-inc--hp-gps-buysell-dev-buysell-dev-cf-sp-hpbuysell-5e079d78.cfapps.us10.hana.ondemand.com",
      "default-instances" : 1,
      "no-route" : true,
      "default-live-host" : "hp-inc--hp-gps-buysell-dev-buysell-dev-cf-sp-hpbuysell-5e079d78",
      "instances" : 1,
      "buildpack" : "nodejs_buildpack",
      "default-host" : "hp-inc--hp-gps-buysell-dev-buysell-dev-cf-sp-hpbuysell-5e079d78",
      "app-name" : "hpbuysell-otc-salesorder-postgres-deployer",
      "default-live-uri" : "hp-inc--hp-gps-buysell-dev-buysell-dev-cf-sp-hpbuysell-5e079d78.cfapps.us10.hana.ondemand.com",
      "protocol" : "https",
      "default-live-app-name" : "hpbuysell-otc-salesorder-postgres-deployer",
      "default-live-domain" : "cfapps.us10.hana.ondemand.com",
      "domain" : "cfapps.us10.hana.ondemand.com",
      "host" : "hp-inc--hp-gps-buysell-dev-buysell-dev-cf-sp-hpbuysell-5e079d78",
      "generated-user" : "********",
      "tasks" : [ {
        "command" : "npm start",
        "name" : "deploy-to-postgresql"
      } ],
      "no-start" : true
    },
    "requiredDependencies" : [ {
      "majorSchemaVersion" : 3,
      "name" : "buysell-dev-pgdb",
      "properties" : { },
      "parameters" : { },
      "propertiesMetadata" : {
        "metadata" : { }
      },
      "parametersMetadata" : {
        "metadata" : { }
      }
    }, {
      "majorSchemaVersion" : 3,
      "name" : "********",
      "properties" : { },
      "parameters" : { },
      "propertiesMetadata" : {
        "metadata" : { }
      },
      "parametersMetadata" : {
        "metadata" : { }
      }
    } ],
    "providedDependencies" : [ {
      "majorSchemaVersion" : 3,
      "name" : "hpbuysell-otc-salesorder-postgres-deployer",
      "isPublic" : false,
      "properties" : { },
      "parameters" : { },
      "propertiesMetadata" : {
        "metadata" : { }
      },
      "parametersMetadata" : {
        "metadata" : { }
      }
    } ],
    "propertiesMetadata" : {
      "metadata" : { }
    },
    "parametersMetadata" : {
      "metadata" : { }
    },
    "hooks" : [ ]
  }, {
    "majorSchemaVersion" : 3,
    "name" : "hpbuysell-otc-salesorder-destination-content",
    "type" : "com.sap.application.content",
    "properties" : { },
    "parameters" : {
      "default-url" : "https://hp-inc--hp-gps-buysell-dev-buysell-dev-cf-sp-hpbuysell-4ea59076.cfapps.us10.hana.ondemand.com",
      "default-app-name" : "hpbuysell-otc-salesorder-destination-content",
      "generated-password" : "********",
      "default-live-url" : "https://hp-inc--hp-gps-buysell-dev-buysell-dev-cf-sp-hpbuysell-4ea59076.cfapps.us10.hana.ondemand.com",
      "default-uri" : "hp-inc--hp-gps-buysell-dev-buysell-dev-cf-sp-hpbuysell-4ea59076.cfapps.us10.hana.ondemand.com",
      "default-instances" : 1,
      "default-live-host" : "hp-inc--hp-gps-buysell-dev-buysell-dev-cf-sp-hpbuysell-4ea59076",
      "instances" : 1,
      "default-host" : "hp-inc--hp-gps-buysell-dev-buysell-dev-cf-sp-hpbuysell-4ea59076",
      "content" : {
        "instance" : {
          "destinations" : [ {
            "Authentication" : "********",
            "Name" : "hpbuysell-otc-salesorder-srv-dest",
            "TokenServiceInstanceName" : "********",
            "TokenServiceKeyName" : "********",
            "URL" : "https://hp-inc--hp-gps-buysell-dev-buysell-dev-cf-sp-hpbuysell-3f6d5fc7.cfapps.us10.hana.ondemand.com",
            "sap.cloud.service" : "hpbuysellotcsalesorder.service"
          }, {
            "Name" : "hpbuysell-otc-salesorder_html_repo_host",
            "ServiceInstanceName" : "hpbuysell-otc-salesorder-html5-repo-host",
            "ServiceKeyName" : "********",
            "sap.cloud.service" : "hpbuysellotcsalesorder.service"
          }, {
            "Authentication" : "********",
            "Name" : "********",
            "ServiceInstanceName" : "********",
            "ServiceKeyName" : "********"
          } ],
          "existing_destinations_policy" : "update"
        }
      },
      "app-name" : "hpbuysell-otc-salesorder-destination-content",
      "default-live-uri" : "hp-inc--hp-gps-buysell-dev-buysell-dev-cf-sp-hpbuysell-4ea59076.cfapps.us10.hana.ondemand.com",
      "protocol" : "https",
      "default-live-app-name" : "hpbuysell-otc-salesorder-destination-content",
      "default-live-domain" : "cfapps.us10.hana.ondemand.com",
      "domain" : "cfapps.us10.hana.ondemand.com",
      "host" : "hp-inc--hp-gps-buysell-dev-buysell-dev-cf-sp-hpbuysell-4ea59076",
      "generated-user" : "********"
    },
    "requiredDependencies" : [ {
      "majorSchemaVersion" : 3,
      "name" : "hpbuysell-otc-salesorder-destination",
      "properties" : { },
      "parameters" : {
        "content-target" : true
      },
      "propertiesMetadata" : {
        "metadata" : { }
      },
      "parametersMetadata" : {
        "metadata" : { }
      }
    }, {
      "majorSchemaVersion" : 3,
      "name" : "hpbuysell-otc-salesorder-html5-repo-host",
      "properties" : { },
      "parameters" : {
        "service-key" : "********"
      },
      "propertiesMetadata" : {
        "metadata" : { }
      },
      "parametersMetadata" : {
        "metadata" : { }
      }
    }, {
      "majorSchemaVersion" : 3,
      "name" : "********",
      "properties" : { },
      "parameters" : {
        "service-key" : "********"
      },
      "propertiesMetadata" : {
        "metadata" : { }
      },
      "parametersMetadata" : {
        "metadata" : { }
      }
    }, {
      "majorSchemaVersion" : 3,
      "name" : "srv-api",
      "properties" : { },
      "parameters" : { },
      "propertiesMetadata" : {
        "metadata" : { }
      },
      "parametersMetadata" : {
        "metadata" : { }
      }
    } ],
    "providedDependencies" : [ {
      "majorSchemaVersion" : 3,
      "name" : "hpbuysell-otc-salesorder-destination-content",
      "isPublic" : false,
      "properties" : { },
      "parameters" : { },
      "propertiesMetadata" : {
        "metadata" : { }
      },
      "parametersMetadata" : {
        "metadata" : { }
      }
    } ],
    "propertiesMetadata" : {
      "metadata" : { }
    },
    "parametersMetadata" : {
      "metadata" : { }
    },
    "hooks" : [ ]
  }, {
    "majorSchemaVersion" : 3,
    "name" : "hpbuysell-otc-salesorder-app-content",
    "type" : "com.sap.application.content",
    "path" : "hpbuysell-otc-salesorder-app-content",
    "properties" : { },
    "parameters" : {
      "default-url" : "https://hp-inc--hp-gps-buysell-dev-buysell-dev-cf-sp-hpbuysell-36254d63.cfapps.us10.hana.ondemand.com",
      "default-app-name" : "hpbuysell-otc-salesorder-app-content",
      "generated-password" : "********",
      "default-live-url" : "https://hp-inc--hp-gps-buysell-dev-buysell-dev-cf-sp-hpbuysell-36254d63.cfapps.us10.hana.ondemand.com",
      "default-uri" : "hp-inc--hp-gps-buysell-dev-buysell-dev-cf-sp-hpbuysell-36254d63.cfapps.us10.hana.ondemand.com",
      "default-instances" : 1,
      "default-live-host" : "hp-inc--hp-gps-buysell-dev-buysell-dev-cf-sp-hpbuysell-36254d63",
      "instances" : 1,
      "default-host" : "hp-inc--hp-gps-buysell-dev-buysell-dev-cf-sp-hpbuysell-36254d63",
      "content" : {
        "instance" : {
          "existing_apps_policy" : "update",
          "service" : "hpbuysellotcsalesorder.service"
        }
      },
      "app-name" : "hpbuysell-otc-salesorder-app-content",
      "default-live-uri" : "hp-inc--hp-gps-buysell-dev-buysell-dev-cf-sp-hpbuysell-36254d63.cfapps.us10.hana.ondemand.com",
      "protocol" : "https",
      "default-live-app-name" : "hpbuysell-otc-salesorder-app-content",
      "default-live-domain" : "cfapps.us10.hana.ondemand.com",
      "domain" : "cfapps.us10.hana.ondemand.com",
      "host" : "hp-inc--hp-gps-buysell-dev-buysell-dev-cf-sp-hpbuysell-36254d63",
      "generated-user" : "********"
    },
    "requiredDependencies" : [ {
      "majorSchemaVersion" : 3,
      "name" : "hpbuysell-otc-salesorder-html5-repo-host",
      "properties" : { },
      "parameters" : {
        "content-target" : true
      },
      "propertiesMetadata" : {
        "metadata" : { }
      },
      "parametersMetadata" : {
        "metadata" : { }
      }
    } ],
    "providedDependencies" : [ {
      "majorSchemaVersion" : 3,
      "name" : "hpbuysell-otc-salesorder-app-content",
      "isPublic" : false,
      "properties" : { },
      "parameters" : { },
      "propertiesMetadata" : {
        "metadata" : { }
      },
      "parametersMetadata" : {
        "metadata" : { }
      }
    } ],
    "propertiesMetadata" : {
      "metadata" : { }
    },
    "parametersMetadata" : {
      "metadata" : { }
    },
    "hooks" : [ ]
  } ],
  "resources" : [ {
    "majorSchemaVersion" : 3,
    "name" : "********",
    "type" : "org.cloudfoundry.managed-service",
    "properties" : { },
    "parameters" : {
      "generated-password" : "********",
      "path" : "./xs-security.json",
      "service-name" : "********",
      "service-plan" : "application",
      "service" : "xsuaa",
      "generated-user" : "********",
      "default-xsappname" : "********",
      "type" : "managed-service",
      "config" : {
        "oauth2-configuration" : "********",
        "tenant-mode" : "dedicated",
        "xsappname" : "hpbuysell-otc-salesorder"
      },
      "default-service-name" : "********",
      "default-container-name" : "HP_INC__HP_GPS_BUYSELL_DEV_BUYSELL_DEV_CF_SP_HPBUYSELL_OT7B9A388"
    },
    "isActive" : true,
    "isOptional" : false,
    "propertiesMetadata" : {
      "metadata" : { }
    },
    "parametersMetadata" : {
      "metadata" : { }
    },
    "requiredDependencies" : [ ],
    "processedAfter" : [ ]
  }, {
    "majorSchemaVersion" : 3,
    "name" : "buysell-dev-pgdb",
    "type" : "org.cloudfoundry.managed-service",
    "properties" : { },
    "parameters" : {
      "generated-password" : "********",
      "service-name" : "buysell-dev-pgdb",
      "service-plan" : "standard",
      "service" : "postgresql-db",
      "generated-user" : "********",
      "default-xsappname" : "buysell-dev-pgdb",
      "type" : "managed-service",
      "default-service-name" : "buysell-dev-pgdb",
      "default-container-name" : "HP_INC__HP_GPS_BUYSELL_DEV_BUYSELL_DEV_CF_SP_BUYSELL_DEV_PGDB"
    },
    "isActive" : true,
    "isOptional" : false,
    "propertiesMetadata" : {
      "metadata" : { }
    },
    "parametersMetadata" : {
      "metadata" : { }
    },
    "requiredDependencies" : [ ],
    "processedAfter" : [ ]
  }, {
    "majorSchemaVersion" : 3,
    "name" : "hpbuysell-otc-salesorder-destination",
    "type" : "org.cloudfoundry.managed-service",
    "properties" : { },
    "parameters" : {
      "generated-password" : "********",
      "service-name" : "hpbuysell-otc-salesorder-destination",
      "service-plan" : "lite",
      "service" : "destination",
      "generated-user" : "********",
      "default-xsappname" : "hpbuysell-otc-salesorder-destination",
      "type" : "managed-service",
      "config" : {
        "HTML5Runtime_enabled" : true,
        "init_data" : {
          "instance" : {
            "destinations" : [ {
              "Authentication" : "********",
              "Name" : "ui5",
              "ProxyType" : "Internet",
              "Type" : "HTTP",
              "URL" : "https://ui5.sap.com"
            }, {
              "Authentication" : "********",
              "HTML5.DynamicDestination" : true,
              "HTML5.ForwardAuthToken" : "********",
              "Name" : "srv-api",
              "ProxyType" : "Internet",
              "Type" : "HTTP",
              "URL" : "https://hp-inc--hp-gps-buysell-dev-buysell-dev-cf-sp-hpbuysell-3f6d5fc7.cfapps.us10.hana.ondemand.com"
            } ],
            "existing_destinations_policy" : "update"
          }
        }
      },
      "default-service-name" : "hpbuysell-otc-salesorder-destination",
      "default-container-name" : "HP_INC__HP_GPS_BUYSELL_DEV_BUYSELL_DEV_CF_SP_HPBUYSELL_O7835AE0E"
    },
    "isActive" : true,
    "isOptional" : false,
    "propertiesMetadata" : {
      "metadata" : { }
    },
    "parametersMetadata" : {
      "metadata" : { }
    },
    "requiredDependencies" : [ {
      "majorSchemaVersion" : 3,
      "name" : "srv-api",
      "properties" : { },
      "parameters" : { },
      "propertiesMetadata" : {
        "metadata" : { }
      },
      "parametersMetadata" : {
        "metadata" : { }
      }
    } ],
    "processedAfter" : [ ]
  }, {
    "majorSchemaVersion" : 3,
    "name" : "hpbuysell-otc-salesorder-html5-repo-host",
    "type" : "org.cloudfoundry.managed-service",
    "properties" : { },
    "parameters" : {
      "generated-password" : "********",
      "service-name" : "hpbuysell-otc-salesorder-html5-repo-host",
      "service-plan" : "app-host",
      "service" : "html5-apps-repo",
      "generated-user" : "********",
      "default-xsappname" : "hpbuysell-otc-salesorder-html5-repo-host",
      "type" : "managed-service",
      "default-service-name" : "hpbuysell-otc-salesorder-html5-repo-host",
      "default-container-name" : "HP_INC__HP_GPS_BUYSELL_DEV_BUYSELL_DEV_CF_SP_HPBUYSELL_O7A057BA0"
    },
    "isActive" : true,
    "isOptional" : false,
    "propertiesMetadata" : {
      "metadata" : { }
    },
    "parametersMetadata" : {
      "metadata" : { }
    },
    "requiredDependencies" : [ ],
    "processedAfter" : [ ]
  } ],
  "parameters" : {
    "deploy_mode" : "html5-repo",
    "mta-id" : "hpbuysell-otc-salesorder",
    "authorization-url" : "********",
    "org-guid" : "28f5f013-e7b0-47dd-be78-90527778d0f9",
    "org" : "HP Inc._hp-gps-buysell-dev",
    "deploy-target" : "HP Inc._hp-gps-buysell-dev buysell-dev-cf-sp",
    "enable-parallel-deployments" : true,
    "region-primary-domain" : "us10.hana.ondemand.com",
    "space" : "buysell-dev-cf-sp",
    "region-domain" : "us10.hana.ondemand.com",
    "xs-api-url" : "https://api.cf.us10.hana.ondemand.com",
    "deploy-url" : "deploy-service.cfapps.us10.hana.ondemand.com",
    "xs-type" : "CF",
    "default-domain" : "cfapps.us10.hana.ondemand.com",
    "mta-version" : "1.0.0",
    "xs-auth-url" : "********",
    "space-guid" : "0850fa4f-7659-486a-868e-d7f3c8781c3b",
    "user" : "********",
    "controller-url" : "https://api.cf.us10.hana.ondemand.com",
    "timestamp" : "20260923163341"
  },
  "parametersMetadata" : {
    "metadata" : { }
  }
}#
#2026 09 23 16:33:43.322#Z#DEBUG#89a811f3-b76c-11f1-a9d4-eeee0a93f2f4.OPERATION#flowable-async-job-executor-thread-28031#
[ProcessDescriptorStep] Merged descriptor properties and parameters resolved#
#2026 09 23 16:33:43.322#Z#DEBUG#89a811f3-b76c-11f1-a9d4-eeee0a93f2f4.OPERATION#flowable-async-job-executor-thread-28031#
Step "Process Descriptor Step" finished#
#2026 09 23 16:33:43.346#Z#DEBUG#89a811f3-b76c-11f1-a9d4-eeee0a93f2f4.OPERATION#flowable-async-job-executor-thread-28032#
[XS2BuildCloudDeployModelStep] Executing task "buildDeployModelTask" of process "89a81219-b76c-11f1-a9d4-eeee0a93f2f4"...#
#2026 09 23 16:33:43.349#Z#DEBUG#89a811f3-b76c-11f1-a9d4-eeee0a93f2f4.OPERATION#flowable-async-job-executor-thread-28032#
[XS2BuildCloudDeployModelStep] Service keys defined for content deployment grouped by service name: {
  "hpbuysell-otc-salesorder-html5-repo-host" : [ {
    "name" : "********",
    "v3Metadata" : {
      "annotations" : {
        "mta_id" : "hpbuysell-otc-salesorder",
        "mta_version" : "1.0.0"
      },
      "labels" : {
        "mta_id" : "bb6ce07050e9e7420a660fcf7a350b61",
        "space_guid" : "0850fa4f-7659-486a-868e-d7f3c8781c3b"
      }
    },
    "credentials" : "********",
    "moduleName" : "hpbuysell-otc-salesorder-destination-content",
    "resourceName" : "hpbuysell-otc-salesorder-html5-repo-host",
    "serviceInstance" : {
      "isOptional" : false,
      "isManaged" : false,
      "name" : "hpbuysell-otc-salesorder-html5-repo-host",
      "credentials" : "********",
      "tags" : [ ],
      "shouldSkipParametersUpdate" : false,
      "shouldSkipPlanUpdate" : false,
      "shouldSkipTagsUpdate" : false,
      "shouldSkipSyslogUrlUpdate" : false
    },
    "shouldDeleteServiceKeyAfterDeploy" : "********",
    "resourceType" : "org.cloudfoundry.managed-service"
  }, {
    "name" : "********",
    "v3Metadata" : {
      "annotations" : {
        "mta_id" : "hpbuysell-otc-salesorder",
        "mta_version" : "1.0.0"
      },
      "labels" : {
        "mta_id" : "bb6ce07050e9e7420a660fcf7a350b61",
        "space_guid" : "0850fa4f-7659-486a-868e-d7f3c8781c3b"
      }
    },
    "credentials" : "********",
    "moduleName" : "hpbuysell-otc-salesorder-app-content",
    "resourceName" : "hpbuysell-otc-salesorder-html5-repo-host",
    "serviceInstance" : {
      "isOptional" : false,
      "isManaged" : false,
      "name" : "hpbuysell-otc-salesorder-html5-repo-host",
      "credentials" : "********",
      "tags" : [ ],
      "shouldSkipParametersUpdate" : false,
      "shouldSkipPlanUpdate" : false,
      "shouldSkipTagsUpdate" : false,
      "shouldSkipSyslogUrlUpdate" : false
    },
    "shouldDeleteServiceKeyAfterDeploy" : "********",
    "resourceType" : "org.cloudfoundry.managed-service"
  } ],
  "hpbuysell-otc-salesorder-auth" : "********",
  "hpbuysell-otc-salesorder-destination" : [ {
    "name" : "********",
    "v3Metadata" : {
      "annotations" : {
        "mta_id" : "hpbuysell-otc-salesorder",
        "mta_version" : "1.0.0"
      },
      "labels" : {
        "mta_id" : "bb6ce07050e9e7420a660fcf7a350b61",
        "space_guid" : "0850fa4f-7659-486a-868e-d7f3c8781c3b"
      }
    },
    "credentials" : "********",
    "moduleName" : "hpbuysell-otc-salesorder-destination-content",
    "resourceName" : "hpbuysell-otc-salesorder-destination",
    "serviceInstance" : {
      "isOptional" : false,
      "isManaged" : false,
      "name" : "hpbuysell-otc-salesorder-destination",
      "credentials" : "********",
      "tags" : [ ],
      "shouldSkipParametersUpdate" : false,
      "shouldSkipPlanUpdate" : false,
      "shouldSkipTagsUpdate" : false,
      "shouldSkipSyslogUrlUpdate" : false
    },
    "shouldDeleteServiceKeyAfterDeploy" : "********",
    "resourceType" : "org.cloudfoundry.managed-service"
  } ]
}#
#2026 09 23 16:33:43.349#Z#DEBUG#89a811f3-b76c-11f1-a9d4-eeee0a93f2f4.OPERATION#flowable-async-job-executor-thread-28032#
[XS2BuildCloudDeployModelStep] Building cloud deployment model...#
#2026 09 23 16:33:43.351#Z#DEBUG#89a811f3-b76c-11f1-a9d4-eeee0a93f2f4.OPERATION#flowable-async-job-executor-thread-28032#
[XS2BuildCloudDeployModelStep] MTA archive modules: [hpbuysell-otc-salesorder-srv, hpbuysell-otc-salesorder-postgres-deployer, hpbuysell-otc-salesorder-app-content]#
#2026 09 23 16:33:43.351#Z#DEBUG#89a811f3-b76c-11f1-a9d4-eeee0a93f2f4.OPERATION#flowable-async-job-executor-thread-28032#
[XS2BuildCloudDeployModelStep] Deployed modules: [hpbuysell-otc-salesorder-postgres-deployer, hpbuysell-otc-salesorder-srv]#
#2026 09 23 16:33:43.351#Z#DEBUG#89a811f3-b76c-11f1-a9d4-eeee0a93f2f4.OPERATION#flowable-async-job-executor-thread-28032#
[XS2BuildCloudDeployModelStep] MTA modules: [hpbuysell-otc-salesorder-srv, hpbuysell-otc-salesorder-destination-content, hpbuysell-otc-salesorder-postgres-deployer, hpbuysell-otc-salesorder-app-content]#
#2026 09 23 16:33:43.352#Z#DEBUG#89a811f3-b76c-11f1-a9d4-eeee0a93f2f4.OPERATION#flowable-async-job-executor-thread-28032#
[XS2BuildCloudDeployModelStep] Service keys to create: {
  "hpbuysell-otc-salesorder-html5-repo-host" : [ ],
  "hpbuysell-otc-salesorder-auth" : "********",
  "buysell-dev-pgdb" : [ ],
  "hpbuysell-otc-salesorder-destination" : [ ]
}#
#2026 09 23 16:33:43.352#Z#DEBUG#89a811f3-b76c-11f1-a9d4-eeee0a93f2f4.OPERATION#flowable-async-job-executor-thread-28032#
[XS2BuildCloudDeployModelStep] Modules to deploy: [{
  "majorSchemaVersion" : 3,
  "name" : "hpbuysell-otc-salesorder-srv",
  "type" : "javascript.nodejs",
  "path" : "hpbuysell-otc-salesorder-srv",
  "properties" : { },
  "parameters" : {
    "default-url" : "https://hp-inc--hp-gps-buysell-dev-buysell-dev-cf-sp-hpbuysell-3f6d5fc7.cfapps.us10.hana.ondemand.com",
    "default-app-name" : "hpbuysell-otc-salesorder-srv",
    "generated-password" : "********",
    "default-live-url" : "https://hp-inc--hp-gps-buysell-dev-buysell-dev-cf-sp-hpbuysell-3f6d5fc7.cfapps.us10.hana.ondemand.com",
    "default-uri" : "hp-inc--hp-gps-buysell-dev-buysell-dev-cf-sp-hpbuysell-3f6d5fc7.cfapps.us10.hana.ondemand.com",
    "default-instances" : 1,
    "default-live-host" : "hp-inc--hp-gps-buysell-dev-buysell-dev-cf-sp-hpbuysell-3f6d5fc7",
    "instances" : 1,
    "buildpack" : "nodejs_buildpack",
    "default-host" : "hp-inc--hp-gps-buysell-dev-buysell-dev-cf-sp-hpbuysell-3f6d5fc7",
    "app-name" : "hpbuysell-otc-salesorder-srv",
    "default-live-uri" : "hp-inc--hp-gps-buysell-dev-buysell-dev-cf-sp-hpbuysell-3f6d5fc7.cfapps.us10.hana.ondemand.com",
    "protocol" : "https",
    "default-live-app-name" : "hpbuysell-otc-salesorder-srv",
    "default-live-domain" : "cfapps.us10.hana.ondemand.com",
    "dependency-type" : "soft",
    "domain" : "cfapps.us10.hana.ondemand.com",
    "host" : "hp-inc--hp-gps-buysell-dev-buysell-dev-cf-sp-hpbuysell-3f6d5fc7",
    "generated-user" : "********"
  },
  "requiredDependencies" : [ {
    "majorSchemaVersion" : 3,
    "name" : "********",
    "properties" : { },
    "parameters" : { },
    "propertiesMetadata" : {
      "metadata" : { }
    },
    "parametersMetadata" : {
      "metadata" : { }
    }
  }, {
    "majorSchemaVersion" : 3,
    "name" : "buysell-dev-pgdb",
    "properties" : { },
    "parameters" : { },
    "propertiesMetadata" : {
      "metadata" : { }
    },
    "parametersMetadata" : {
      "metadata" : { }
    }
  }, {
    "majorSchemaVersion" : 3,
    "name" : "hpbuysell-otc-salesorder-destination",
    "properties" : { },
    "parameters" : { },
    "propertiesMetadata" : {
      "metadata" : { }
    },
    "parametersMetadata" : {
      "metadata" : { }
    }
  } ],
  "providedDependencies" : [ {
    "majorSchemaVersion" : 3,
    "name" : "srv-api",
    "isPublic" : false,
    "properties" : {
      "srv-url" : "https://hp-inc--hp-gps-buysell-dev-buysell-dev-cf-sp-hpbuysell-3f6d5fc7.cfapps.us10.hana.ondemand.com"
    },
    "parameters" : { },
    "propertiesMetadata" : {
      "metadata" : { }
    },
    "parametersMetadata" : {
      "metadata" : { }
    }
  }, {
    "majorSchemaVersion" : 3,
    "name" : "hpbuysell-otc-salesorder-srv",
    "isPublic" : false,
    "properties" : { },
    "parameters" : { },
    "propertiesMetadata" : {
      "metadata" : { }
    },
    "parametersMetadata" : {
      "metadata" : { }
    }
  } ],
  "propertiesMetadata" : {
    "metadata" : { }
  },
  "parametersMetadata" : {
    "metadata" : { }
  },
  "deployedAfter" : [ ],
  "hooks" : [ ]
}, {
  "majorSchemaVersion" : 3,
  "name" : "hpbuysell-otc-salesorder-postgres-deployer",
  "type" : "javascript.nodejs",
  "path" : "hpbuysell-otc-salesorder-postgres-deployer",
  "properties" : { },
  "parameters" : {
    "default-url" : "https://hp-inc--hp-gps-buysell-dev-buysell-dev-cf-sp-hpbuysell-5e079d78.cfapps.us10.hana.ondemand.com",
    "default-app-name" : "hpbuysell-otc-salesorder-postgres-deployer",
    "generated-password" : "********",
    "default-live-url" : "https://hp-inc--hp-gps-buysell-dev-buysell-dev-cf-sp-hpbuysell-5e079d78.cfapps.us10.hana.ondemand.com",
    "default-uri" : "hp-inc--hp-gps-buysell-dev-buysell-dev-cf-sp-hpbuysell-5e079d78.cfapps.us10.hana.ondemand.com",
    "default-instances" : 1,
    "no-route" : true,
    "default-live-host" : "hp-inc--hp-gps-buysell-dev-buysell-dev-cf-sp-hpbuysell-5e079d78",
    "instances" : 1,
    "buildpack" : "nodejs_buildpack",
    "default-host" : "hp-inc--hp-gps-buysell-dev-buysell-dev-cf-sp-hpbuysell-5e079d78",
    "app-name" : "hpbuysell-otc-salesorder-postgres-deployer",
    "default-live-uri" : "hp-inc--hp-gps-buysell-dev-buysell-dev-cf-sp-hpbuysell-5e079d78.cfapps.us10.hana.ondemand.com",
    "protocol" : "https",
    "default-live-app-name" : "hpbuysell-otc-salesorder-postgres-deployer",
    "default-live-domain" : "cfapps.us10.hana.ondemand.com",
    "dependency-type" : "soft",
    "domain" : "cfapps.us10.hana.ondemand.com",
    "host" : "hp-inc--hp-gps-buysell-dev-buysell-dev-cf-sp-hpbuysell-5e079d78",
    "generated-user" : "********",
    "tasks" : [ {
      "command" : "npm start",
      "name" : "deploy-to-postgresql"
    } ],
    "no-start" : true
  },
  "requiredDependencies" : [ {
    "majorSchemaVersion" : 3,
    "name" : "buysell-dev-pgdb",
    "properties" : { },
    "parameters" : { },
    "propertiesMetadata" : {
      "metadata" : { }
    },
    "parametersMetadata" : {
      "metadata" : { }
    }
  }, {
    "majorSchemaVersion" : 3,
    "name" : "********",
    "properties" : { },
    "parameters" : { },
    "propertiesMetadata" : {
      "metadata" : { }
    },
    "parametersMetadata" : {
      "metadata" : { }
    }
  } ],
  "providedDependencies" : [ {
    "majorSchemaVersion" : 3,
    "name" : "hpbuysell-otc-salesorder-postgres-deployer",
    "isPublic" : false,
    "properties" : { },
    "parameters" : { },
    "propertiesMetadata" : {
      "metadata" : { }
    },
    "parametersMetadata" : {
      "metadata" : { }
    }
  } ],
  "propertiesMetadata" : {
    "metadata" : { }
  },
  "parametersMetadata" : {
    "metadata" : { }
  },
  "deployedAfter" : [ ],
  "hooks" : [ ]
}, {
  "majorSchemaVersion" : 3,
  "name" : "hpbuysell-otc-salesorder-destination-content",
  "type" : "com.sap.application.content",
  "properties" : { },
  "parameters" : {
    "default-url" : "https://hp-inc--hp-gps-buysell-dev-buysell-dev-cf-sp-hpbuysell-4ea59076.cfapps.us10.hana.ondemand.com",
    "default-app-name" : "hpbuysell-otc-salesorder-destination-content",
    "generated-password" : "********",
    "default-live-url" : "https://hp-inc--hp-gps-buysell-dev-buysell-dev-cf-sp-hpbuysell-4ea59076.cfapps.us10.hana.ondemand.com",
    "default-uri" : "hp-inc--hp-gps-buysell-dev-buysell-dev-cf-sp-hpbuysell-4ea59076.cfapps.us10.hana.ondemand.com",
    "default-instances" : 1,
    "default-live-host" : "hp-inc--hp-gps-buysell-dev-buysell-dev-cf-sp-hpbuysell-4ea59076",
    "instances" : 1,
    "default-host" : "hp-inc--hp-gps-buysell-dev-buysell-dev-cf-sp-hpbuysell-4ea59076",
    "content" : {
      "instance" : {
        "destinations" : [ {
          "Authentication" : "********",
          "Name" : "hpbuysell-otc-salesorder-srv-dest",
          "TokenServiceInstanceName" : "********",
          "TokenServiceKeyName" : "********",
          "URL" : "https://hp-inc--hp-gps-buysell-dev-buysell-dev-cf-sp-hpbuysell-3f6d5fc7.cfapps.us10.hana.ondemand.com",
          "sap.cloud.service" : "hpbuysellotcsalesorder.service"
        }, {
          "Name" : "hpbuysell-otc-salesorder_html_repo_host",
          "ServiceInstanceName" : "hpbuysell-otc-salesorder-html5-repo-host",
          "ServiceKeyName" : "********",
          "sap.cloud.service" : "hpbuysellotcsalesorder.service"
        }, {
          "Authentication" : "********",
          "Name" : "********",
          "ServiceInstanceName" : "********",
          "ServiceKeyName" : "********"
        } ],
        "existing_destinations_policy" : "update"
      }
    },
    "app-name" : "hpbuysell-otc-salesorder-destination-content",
    "default-live-uri" : "hp-inc--hp-gps-buysell-dev-buysell-dev-cf-sp-hpbuysell-4ea59076.cfapps.us10.hana.ondemand.com",
    "protocol" : "https",
    "default-live-app-name" : "hpbuysell-otc-salesorder-destination-content",
    "default-live-domain" : "cfapps.us10.hana.ondemand.com",
    "dependency-type" : "soft",
    "domain" : "cfapps.us10.hana.ondemand.com",
    "host" : "hp-inc--hp-gps-buysell-dev-buysell-dev-cf-sp-hpbuysell-4ea59076",
    "generated-user" : "********"
  },
  "requiredDependencies" : [ {
    "majorSchemaVersion" : 3,
    "name" : "hpbuysell-otc-salesorder-destination",
    "properties" : { },
    "parameters" : {
      "content-target" : true
    },
    "propertiesMetadata" : {
      "metadata" : { }
    },
    "parametersMetadata" : {
      "metadata" : { }
    }
  }, {
    "majorSchemaVersion" : 3,
    "name" : "hpbuysell-otc-salesorder-html5-repo-host",
    "properties" : { },
    "parameters" : {
      "service-key" : "********"
    },
    "propertiesMetadata" : {
      "metadata" : { }
    },
    "parametersMetadata" : {
      "metadata" : { }
    }
  }, {
    "majorSchemaVersion" : 3,
    "name" : "********",
    "properties" : { },
    "parameters" : {
      "service-key" : "********"
    },
    "propertiesMetadata" : {
      "metadata" : { }
    },
    "parametersMetadata" : {
      "metadata" : { }
    }
  }, {
    "majorSchemaVersion" : 3,
    "name" : "srv-api",
    "properties" : { },
    "parameters" : { },
    "propertiesMetadata" : {
      "metadata" : { }
    },
    "parametersMetadata" : {
      "metadata" : { }
    }
  } ],
  "providedDependencies" : [ {
    "majorSchemaVersion" : 3,
    "name" : "hpbuysell-otc-salesorder-destination-content",
    "isPublic" : false,
    "properties" : { },
    "parameters" : { },
    "propertiesMetadata" : {
      "metadata" : { }
    },
    "parametersMetadata" : {
      "metadata" : { }
    }
  } ],
  "propertiesMetadata" : {
    "metadata" : { }
  },
  "parametersMetadata" : {
    "metadata" : { }
  },
  "deployedAfter" : [ ],
  "hooks" : [ ]
}, {
  "majorSchemaVersion" : 3,
  "name" : "hpbuysell-otc-salesorder-app-content",
  "type" : "com.sap.application.content",
  "path" : "hpbuysell-otc-salesorder-app-content",
  "properties" : { },
  "parameters" : {
    "default-url" : "https://hp-inc--hp-gps-buysell-dev-buysell-dev-cf-sp-hpbuysell-36254d63.cfapps.us10.hana.ondemand.com",
    "default-app-name" : "hpbuysell-otc-salesorder-app-content",
    "generated-password" : "********",
    "default-live-url" : "https://hp-inc--hp-gps-buysell-dev-buysell-dev-cf-sp-hpbuysell-36254d63.cfapps.us10.hana.ondemand.com",
    "default-uri" : "hp-inc--hp-gps-buysell-dev-buysell-dev-cf-sp-hpbuysell-36254d63.cfapps.us10.hana.ondemand.com",
    "default-instances" : 1,
    "default-live-host" : "hp-inc--hp-gps-buysell-dev-buysell-dev-cf-sp-hpbuysell-36254d63",
    "instances" : 1,
    "default-host" : "hp-inc--hp-gps-buysell-dev-buysell-dev-cf-sp-hpbuysell-36254d63",
    "content" : {
      "instance" : {
        "existing_apps_policy" : "update",
        "service" : "hpbuysellotcsalesorder.service"
      }
    },
    "app-name" : "hpbuysell-otc-salesorder-app-content",
    "default-live-uri" : "hp-inc--hp-gps-buysell-dev-buysell-dev-cf-sp-hpbuysell-36254d63.cfapps.us10.hana.ondemand.com",
    "protocol" : "https",
    "default-live-app-name" : "hpbuysell-otc-salesorder-app-content",
    "default-live-domain" : "cfapps.us10.hana.ondemand.com",
    "dependency-type" : "soft",
    "domain" : "cfapps.us10.hana.ondemand.com",
    "host" : "hp-inc--hp-gps-buysell-dev-buysell-dev-cf-sp-hpbuysell-36254d63",
    "generated-user" : "********"
  },
  "requiredDependencies" : [ {
    "majorSchemaVersion" : 3,
    "name" : "hpbuysell-otc-salesorder-html5-repo-host",
    "properties" : { },
    "parameters" : {
      "content-target" : true
    },
    "propertiesMetadata" : {
      "metadata" : { }
    },
    "parametersMetadata" : {
      "metadata" : { }
    }
  } ],
  "providedDependencies" : [ {
    "majorSchemaVersion" : 3,
    "name" : "hpbuysell-otc-salesorder-app-content",
    "isPublic" : false,
    "properties" : { },
    "parameters" : { },
    "propertiesMetadata" : {
      "metadata" : { }
    },
    "parametersMetadata" : {
      "metadata" : { }
    }
  } ],
  "propertiesMetadata" : {
    "metadata" : { }
  },
  "parametersMetadata" : {
    "metadata" : { }
  },
  "deployedAfter" : [ ],
  "hooks" : [ ]
}]#
#2026 09 23 16:33:43.353#Z#DEBUG#89a811f3-b76c-11f1-a9d4-eeee0a93f2f4.OPERATION#flowable-async-job-executor-thread-28032#
[XS2BuildCloudDeployModelStep] Custom domains: []#
#2026 09 23 16:33:43.355#Z#DEBUG#89a811f3-b76c-11f1-a9d4-eeee0a93f2f4.OPERATION#flowable-async-job-executor-thread-28032#
[XS2BuildCloudDeployModelStep] Calculating resource batches...#
#2026 09 23 16:33:43.355#Z#DEBUG#89a811f3-b76c-11f1-a9d4-eeee0a93f2f4.OPERATION#flowable-async-job-executor-thread-28032#
[XS2BuildCloudDeployModelStep] Calculating resource batches completed.#
#2026 09 23 16:33:43.355#Z#DEBUG#89a811f3-b76c-11f1-a9d4-eeee0a93f2f4.OPERATION#flowable-async-job-executor-thread-28032#
[XS2BuildCloudDeployModelStep] Cloud deployment model built#
#2026 09 23 16:33:43.355#Z#DEBUG#89a811f3-b76c-11f1-a9d4-eeee0a93f2f4.OPERATION#flowable-async-job-executor-thread-28032#
Step "Build Deploy Model" finished#
#2026 09 23 16:33:43.382#Z#DEBUG#89a811f3-b76c-11f1-a9d4-eeee0a93f2f4.OPERATION#flowable-async-job-executor-thread-28033#
[BuildCloudUndeployModelStep] Executing task "buildUndeployModelTask" of process "89a81219-b76c-11f1-a9d4-eeee0a93f2f4"...#
#2026 09 23 16:33:43.383#Z#DEBUG#89a811f3-b76c-11f1-a9d4-eeee0a93f2f4.OPERATION#flowable-async-job-executor-thread-28033#
[BuildCloudUndeployModelStep] Building cloud undeployment model...#
#2026 09 23 16:33:43.384#Z#DEBUG#89a811f3-b76c-11f1-a9d4-eeee0a93f2f4.OPERATION#flowable-async-job-executor-thread-28033#
[BuildCloudUndeployModelStep] Detecting service keys to delete.#
#2026 09 23 16:33:43.385#Z#DEBUG#89a811f3-b76c-11f1-a9d4-eeee0a93f2f4.OPERATION#flowable-async-job-executor-thread-28033#
[BuildCloudUndeployModelStep] Detected deployed service keys by service "{hpbuysell-otc-salesorder-html5-repo-host=[DeployedMtaServiceKey{name=hpbuysell-otc-salesorder-html5-repo-host-key, metadata=CloudMetadata{guid=a3435579-74ef-43eb-a582-712fdbeff437, createdAt=2026-09-23T12:31:36, updatedAt=2026-09-23T12:31:37, url=null}, v3Metadata=Metadata{annotations={mta_id=hpbuysell-otc-salesorder, mta_version=1.0.0}, labels={mta_id=bb6ce07050e9e7420a660fcf7a350b61, space_guid=0850fa4f-7659-486a-868e-d7f3c8781c3b}}, credentials=null, serviceInstance=CloudServiceInstance{name=hpbuysell-otc-salesorder-html5-repo-host, metadata=CloudMetadata{guid=8d48d31b-d908-4533-aa56-a3ff287ebf03, createdAt=2026-09-23T12:31:16, updatedAt=2026-09-23T12:31:16, url=null}, v3Metadata=Metadata{annotations={mta_id=hpbuysell-otc-salesorder, mta_version=1.0.0, mta_resource={"name":"hpbuysell-otc-salesorder-html5-repo-host"}}, labels={mta_id=bb6ce07050e9e7420a660fcf7a350b61}}, label=null, plan=null, provider=null, broker=null, version=null, credentials={}, syslogDrainUrl=null, tags=[], type=managed, lastOperation=null}, serviceKeyOperation=null, resourceName=null}, DeployedMtaServiceKey{name=hpbuysell-otc-salesorder-app-content-hpbuysell-otc-salesorder-html5-repo-host-credentials, metadata=CloudMetadata{guid=02bc866a-b483-454a-8972-7ded46fcd53b, createdAt=2026-09-23T12:31:37, updatedAt=2026-09-23T12:31:37, url=null}, v3Metadata=Metadata{annotations={mta_id=hpbuysell-otc-salesorder, mta_version=1.0.0}, labels={mta_id=bb6ce07050e9e7420a660fcf7a350b61, space_guid=0850fa4f-7659-486a-868e-d7f3c8781c3b}}, credentials=null, serviceInstance=CloudServiceInstance{name=hpbuysell-otc-salesorder-html5-repo-host, metadata=CloudMetadata{guid=8d48d31b-d908-4533-aa56-a3ff287ebf03, createdAt=2026-09-23T12:31:16, updatedAt=2026-09-23T12:31:16, url=null}, v3Metadata=Metadata{annotations={mta_id=hpbuysell-otc-salesorder, mta_version=1.0.0, mta_resource={"name":"hpbuysell-otc-salesorder-html5-repo-host"}}, labels={mta_id=bb6ce07050e9e7420a660fcf7a350b61}}, label=null, plan=null, provider=null, broker=null, version=null, credentials={}, syslogDrainUrl=null, tags=[], type=managed, lastOperation=null}, serviceKeyOperation=null, resourceName=null}], hpbuysell-otc-salesorder-auth=[DeployedMtaServiceKey{name=hpbuysell-otc-salesorder-auth-key, metadata=CloudMetadata{guid=e438ba1d-ea44-4ffd-a89e-2ea42055a8c6, createdAt=2026-09-23T12:31:36, updatedAt=2026-09-23T12:31:37, url=null}, v3Metadata=Metadata{annotations={mta_id=hpbuysell-otc-salesorder, mta_version=1.0.0}, labels={mta_id=bb6ce07050e9e7420a660fcf7a350b61, space_guid=0850fa4f-7659-486a-868e-d7f3c8781c3b}}, credentials=null, serviceInstance=CloudServiceInstance{name=hpbuysell-otc-salesorder-auth, metadata=CloudMetadata{guid=036d21ec-f551-43ba-9056-0bddaa0ce45e, createdAt=2026-09-23T12:31:13, updatedAt=2026-09-23T12:31:17, url=null}, v3Metadata=Metadata{annotations={mta_id=hpbuysell-otc-salesorder, mta_version=1.0.0, mta_resource={"name":"hpbuysell-otc-salesorder-auth"}}, labels={mta_id=bb6ce07050e9e7420a660fcf7a350b61}}, label=null, plan=null, provider=null, broker=null, version=null, credentials={}, syslogDrainUrl=null, tags=[], type=managed, lastOperation=null}, serviceKeyOperation=null, resourceName=null}], hpbuysell-otc-salesorder-destination=[DeployedMtaServiceKey{name=hpbuysell-otc-salesorder-destination-content-hpbuysell-otc-salesorder-destination-credentials, metadata=CloudMetadata{guid=ac91a804-b954-4dcd-9131-36ea05273c65, createdAt=2026-09-23T12:31:36, updatedAt=2026-09-23T12:31:39, url=null}, v3Metadata=Metadata{annotations={mta_id=hpbuysell-otc-salesorder, mta_version=1.0.0}, labels={mta_id=bb6ce07050e9e7420a660fcf7a350b61, space_guid=0850fa4f-7659-486a-868e-d7f3c8781c3b}}, credentials=null, serviceInstance=CloudServiceInstance{name=hpbuysell-otc-salesorder-destination, metadata=CloudMetadata{guid=d7193b5d-7bc9-4add-a6b3-dcf43ae2313d, createdAt=2026-09-23T12:31:15, updatedAt=2026-09-23T12:31:18, url=null}, v3Metadata=Metadata{annotations={mta_id=hpbuysell-otc-salesorder, mta_version=1.0.0, mta_resource={"name":"hpbuysell-otc-salesorder-destination"}}, labels={mta_id=bb6ce07050e9e7420a660fcf7a350b61}}, label=null, plan=null, provider=null, broker=null, version=null, credentials={}, syslogDrainUrl=null, tags=[], type=managed, lastOperation=null}, serviceKeyOperation=null, resourceName=null}]}"#
#2026 09 23 16:33:43.387#Z#DEBUG#89a811f3-b76c-11f1-a9d4-eeee0a93f2f4.OPERATION#flowable-async-job-executor-thread-28033#
[BuildCloudUndeployModelStep] New service keys by service "{hpbuysell-otc-salesorder-html5-repo-host=[hpbuysell-otc-salesorder-html5-repo-host-key, hpbuysell-otc-salesorder-app-content-hpbuysell-otc-salesorder-html5-repo-host-credentials], hpbuysell-otc-salesorder-auth=[hpbuysell-otc-salesorder-auth-key], hpbuysell-otc-salesorder-destination=[hpbuysell-otc-salesorder-destination-content-hpbuysell-otc-salesorder-destination-credentials]}"#
#2026 09 23 16:33:43.388#Z#DEBUG#89a811f3-b76c-11f1-a9d4-eeee0a93f2f4.OPERATION#flowable-async-job-executor-thread-28033#
[BuildCloudUndeployModelStep] Existing service keys by service "{}"#
#2026 09 23 16:33:43.388#Z#DEBUG#89a811f3-b76c-11f1-a9d4-eeee0a93f2f4.OPERATION#flowable-async-job-executor-thread-28033#
[BuildCloudUndeployModelStep] Detected service keys to delete "[]"#
#2026 09 23 16:33:43.390#Z#DEBUG#89a811f3-b76c-11f1-a9d4-eeee0a93f2f4.OPERATION#flowable-async-job-executor-thread-28033#
[BuildCloudUndeployModelStep] MTA modules: [hpbuysell-otc-salesorder-srv, hpbuysell-otc-salesorder-destination-content, hpbuysell-otc-salesorder-postgres-deployer, hpbuysell-otc-salesorder-app-content]#
#2026 09 23 16:33:43.390#Z#DEBUG#89a811f3-b76c-11f1-a9d4-eeee0a93f2f4.OPERATION#flowable-async-job-executor-thread-28033#
[BuildCloudUndeployModelStep] Modules to undeploy: [ ]#
#2026 09 23 16:33:43.390#Z#DEBUG#89a811f3-b76c-11f1-a9d4-eeee0a93f2f4.OPERATION#flowable-async-job-executor-thread-28033#
[BuildCloudUndeployModelStep] Modules that won't be changed: [ ]#
#2026 09 23 16:33:43.391#Z#DEBUG#89a811f3-b76c-11f1-a9d4-eeee0a93f2f4.OPERATION#flowable-async-job-executor-thread-28033#
[BuildCloudUndeployModelStep] Subscriptions to delete: [ ]#
#2026 09 23 16:33:43.392#Z#DEBUG#89a811f3-b76c-11f1-a9d4-eeee0a93f2f4.OPERATION#flowable-async-job-executor-thread-28033#
[BuildCloudUndeployModelStep] Cloud services to delete: []#
#2026 09 23 16:33:43.392#Z#DEBUG#89a811f3-b76c-11f1-a9d4-eeee0a93f2f4.OPERATION#flowable-async-job-executor-thread-28033#
[BuildCloudUndeployModelStep] Cloud applications to undeploy: [ ]#
#2026 09 23 16:33:43.394#Z#DEBUG#89a811f3-b76c-11f1-a9d4-eeee0a93f2f4.OPERATION#flowable-async-job-executor-thread-28033#
[BuildCloudUndeployModelStep] Cloud undeployment model built#
#2026 09 23 16:33:43.394#Z#DEBUG#89a811f3-b76c-11f1-a9d4-eeee0a93f2f4.OPERATION#flowable-async-job-executor-thread-28033#
Step "Build Undeploy Model" finished#
#2026 09 23 16:33:43.417#Z#DEBUG#89a811f3-b76c-11f1-a9d4-eeee0a93f2f4.OPERATION#flowable-async-job-executor-thread-28034#
[AddDomainsStep] Executing task "addDomainsTask" of process "89a81219-b76c-11f1-a9d4-eeee0a93f2f4"...#
#2026 09 23 16:33:43.418#Z#DEBUG#89a811f3-b76c-11f1-a9d4-eeee0a93f2f4.OPERATION#flowable-async-job-executor-thread-28034#
[AddDomainsStep] Custom domains: []#
#2026 09 23 16:33:43.418#Z#DEBUG#89a811f3-b76c-11f1-a9d4-eeee0a93f2f4.OPERATION#flowable-async-job-executor-thread-28034#
Step "Add Domains" finished#
#2026 09 23 16:33:43.782#Z#DEBUG#89a811f3-b76c-11f1-a9d4-eeee0a93f2f4.OPERATION#flowable-async-job-executor-thread-28036#
[ExtractBatchedServicesWithResolvedDynamicParametersStep] Executing task "prepareModulesDeploymentTask" of process "8a938341-b76c-11f1-a9d4-eeee0a93f2f4"...#
#2026 09 23 16:33:43.783#Z#DEBUG#89a811f3-b76c-11f1-a9d4-eeee0a93f2f4.OPERATION#flowable-async-job-executor-thread-28036#
[ExtractBatchedServicesWithResolvedDynamicParametersStep] Extracting services and resolving dynamic parameters from batch#
#2026 09 23 16:33:43.784#Z#DEBUG#89a811f3-b76c-11f1-a9d4-eeee0a93f2f4.OPERATION#flowable-async-job-executor-thread-28036#
[ExtractBatchedServicesWithResolvedDynamicParametersStep] Services to create: [ {
  "isOptional" : false,
  "isManaged" : true,
  "name" : "********",
  "v3Metadata" : {
    "annotations" : {
      "mta_id" : "hpbuysell-otc-salesorder",
      "mta_version" : "1.0.0",
      "mta_resource" : "********"
    },
    "labels" : {
      "mta_id" : "bb6ce07050e9e7420a660fcf7a350b61"
    }
  },
  "label" : "xsuaa",
  "plan" : "application",
  "credentials" : "********",
  "tags" : [ ],
  "type" : "managed",
  "resourceName" : "********",
  "shouldSkipParametersUpdate" : false,
  "shouldSkipPlanUpdate" : false,
  "shouldSkipTagsUpdate" : false,
  "shouldSkipSyslogUrlUpdate" : false
}, {
  "isOptional" : false,
  "isManaged" : true,
  "name" : "buysell-dev-pgdb",
  "v3Metadata" : {
    "annotations" : {
      "mta_id" : "hpbuysell-otc-salesorder",
      "mta_version" : "1.0.0",
      "mta_resource" : "{\"name\":\"buysell-dev-pgdb\"}"
    },
    "labels" : {
      "mta_id" : "bb6ce07050e9e7420a660fcf7a350b61"
    }
  },
  "label" : "postgresql-db",
  "plan" : "standard",
  "credentials" : "********",
  "tags" : [ ],
  "type" : "managed",
  "resourceName" : "buysell-dev-pgdb",
  "shouldSkipParametersUpdate" : false,
  "shouldSkipPlanUpdate" : false,
  "shouldSkipTagsUpdate" : false,
  "shouldSkipSyslogUrlUpdate" : false
}, {
  "isOptional" : false,
  "isManaged" : true,
  "name" : "hpbuysell-otc-salesorder-destination",
  "v3Metadata" : {
    "annotations" : {
      "mta_id" : "hpbuysell-otc-salesorder",
      "mta_version" : "1.0.0",
      "mta_resource" : "{\"name\":\"hpbuysell-otc-salesorder-destination\"}"
    },
    "labels" : {
      "mta_id" : "bb6ce07050e9e7420a660fcf7a350b61"
    }
  },
  "label" : "destination",
  "plan" : "lite",
  "credentials" : "********",
  "tags" : [ ],
  "type" : "managed",
  "resourceName" : "hpbuysell-otc-salesorder-destination",
  "shouldSkipParametersUpdate" : false,
  "shouldSkipPlanUpdate" : false,
  "shouldSkipTagsUpdate" : false,
  "shouldSkipSyslogUrlUpdate" : false
}, {
  "isOptional" : false,
  "isManaged" : true,
  "name" : "hpbuysell-otc-salesorder-html5-repo-host",
  "v3Metadata" : {
    "annotations" : {
      "mta_id" : "hpbuysell-otc-salesorder",
      "mta_version" : "1.0.0",
      "mta_resource" : "{\"name\":\"hpbuysell-otc-salesorder-html5-repo-host\"}"
    },
    "labels" : {
      "mta_id" : "bb6ce07050e9e7420a660fcf7a350b61"
    }
  },
  "label" : "html5-apps-repo",
  "plan" : "app-host",
  "credentials" : "********",
  "tags" : [ ],
  "type" : "managed",
  "resourceName" : "hpbuysell-otc-salesorder-html5-repo-host",
  "shouldSkipParametersUpdate" : false,
  "shouldSkipPlanUpdate" : false,
  "shouldSkipTagsUpdate" : false,
  "shouldSkipSyslogUrlUpdate" : false
} ]#
#2026 09 23 16:33:43.784#Z#DEBUG#89a811f3-b76c-11f1-a9d4-eeee0a93f2f4.OPERATION#flowable-async-job-executor-thread-28036#
Step "Extract Services with Resolved Dynamic parameters from batch" finished#
#2026 09 23 16:33:43.851#Z#DEBUG#89a811f3-b76c-11f1-a9d4-eeee0a93f2f4.OPERATION#flowable-async-job-executor-thread-28041#
[CheckServiceOperationStateStep] Executing task "CheckServiceOperationStateTask" of process "8acc6ddc-b76c-11f1-a9d4-eeee0a93f2f4"...#
#2026 09 23 16:33:43.852#Z#DEBUG#89a811f3-b76c-11f1-a9d4-eeee0a93f2f4.OPERATION#flowable-async-job-executor-thread-28041#
[CheckServiceOperationStateStep] Getting service instance "hpbuysell-otc-salesorder-auth"...#
#2026 09 23 16:33:43.962#Z#DEBUG#89a811f3-b76c-11f1-a9d4-eeee0a93f2f4.OPERATION#flowable-async-job-executor-thread-28041#
Step "Check for service operations in Progress" finished#
#2026 09 23 16:33:43.990#Z#DEBUG#89a811f3-b76c-11f1-a9d4-eeee0a93f2f4.OPERATION#flowable-async-job-executor-thread-28042#
[DetermineServiceCreateUpdateServiceActionsStep] Executing task "DetermineServiceCreateUpdateActionsTask" of process "8acc6ddc-b76c-11f1-a9d4-eeee0a93f2f4"...#
#2026 09 23 16:33:43.991#Z#INFO#89a811f3-b76c-11f1-a9d4-eeee0a93f2f4.OPERATION#flowable-async-job-executor-thread-28042#
[DetermineServiceCreateUpdateServiceActionsStep] Processing service "hpbuysell-otc-salesorder-auth"...#
#2026 09 23 16:33:43.994#Z#DEBUG#89a811f3-b76c-11f1-a9d4-eeee0a93f2f4.OPERATION#flowable-async-job-executor-thread-28042#
[DetermineServiceCreateUpdateServiceActionsStep] Getting service instance "hpbuysell-otc-salesorder-auth"...#
#2026 09 23 16:33:44.122#Z#INFO#89a811f3-b76c-11f1-a9d4-eeee0a93f2f4.OPERATION#flowable-async-job-executor-thread-28042#
[DetermineServiceCreateUpdateServiceActionsStep] Setting service "hpbuysell-otc-salesorder-auth" parameters from "xs-security.json"#
#2026 09 23 16:33:44.167#Z#DEBUG#89a811f3-b76c-11f1-a9d4-eeee0a93f2f4.OPERATION#flowable-async-job-executor-thread-28042#
[DetermineServiceCreateUpdateServiceActionsStep] Existing service: {
  "name" : "********",
  "metadata" : {
    "guid" : "036d21ec-f551-43ba-9056-0bddaa0ce45e",
    "createdAt" : [ 2026, 9, 23, 12, 31, 13 ],
    "updatedAt" : [ 2026, 9, 23, 12, 31, 17 ]
  },
  "v3Metadata" : {
    "annotations" : {
      "mta_id" : "hpbuysell-otc-salesorder",
      "mta_version" : "1.0.0",
      "mta_resource" : "********"
    },
    "labels" : {
      "mta_id" : "bb6ce07050e9e7420a660fcf7a350b61"
    }
  },
  "label" : "xsuaa",
  "plan" : "application",
  "credentials" : "********",
  "tags" : [ ],
  "type" : "managed",
  "lastOperation" : {
    "type" : "UPDATE",
    "description" : "",
    "state" : "SUCCEEDED"
  }
}#
#2026 09 23 16:33:44.167#Z#DEBUG#89a811f3-b76c-11f1-a9d4-eeee0a93f2f4.OPERATION#flowable-async-job-executor-thread-28042#
[DetermineServiceCreateUpdateServiceActionsStep] Service parameters will be updated#
#2026 09 23 16:33:44.167#Z#DEBUG#89a811f3-b76c-11f1-a9d4-eeee0a93f2f4.OPERATION#flowable-async-job-executor-thread-28042#
[DetermineServiceCreateUpdateServiceActionsStep] New parameters: {
  "attributes" : [ ],
  "authorities" : "********",
  "oauth2-configuration" : "********",
  "role-templates" : [ {
    "name" : "SalesOrderManage",
    "description" : "generated",
    "scope-references" : [ "$XSAPPNAME.SalesOrderManage" ],
    "attribute-references" : [ ]
  }, {
    "name" : "SalesOrderViewer",
    "description" : "generated",
    "scope-references" : [ "$XSAPPNAME.SalesOrderViewer" ],
    "attribute-references" : [ ]
  } ],
  "scopes" : [ {
    "name" : "$XSAPPNAME.SalesOrderManage",
    "description" : "SalesOrderManage"
  }, {
    "name" : "$XSAPPNAME.SalesOrderViewer",
    "description" : "SalesOrderViewer"
  } ],
  "tenant-mode" : "dedicated",
  "xsappname" : "hpbuysell-otc-salesorder"
}#
#2026 09 23 16:33:44.167#Z#DEBUG#89a811f3-b76c-11f1-a9d4-eeee0a93f2f4.OPERATION#flowable-async-job-executor-thread-28042#
Step "Determine update actions" finished#
#2026 09 23 16:33:44.198#Z#DEBUG#89a811f3-b76c-11f1-a9d4-eeee0a93f2f4.OPERATION#flowable-async-job-executor-thread-28043#
[CheckForServiceBindingOrKeyOperationStep] Executing task "CheckForServiceBindingOrKeyCreation" of process "8acc6ddc-b76c-11f1-a9d4-eeee0a93f2f4"...#
#2026 09 23 16:33:44.199#Z#DEBUG#89a811f3-b76c-11f1-a9d4-eeee0a93f2f4.OPERATION#flowable-async-job-executor-thread-28043#
Step "Check for service binding or key creation" finished#
#2026 09 23 16:33:44.226#Z#DEBUG#89a811f3-b76c-11f1-a9d4-eeee0a93f2f4.OPERATION#flowable-async-job-executor-thread-28044#
[UpdateServiceParametersStep] Executing task "UpdateServiceParametersTask" of process "8acc6ddc-b76c-11f1-a9d4-eeee0a93f2f4"...#
#2026 09 23 16:33:44.227#Z#INFO#89a811f3-b76c-11f1-a9d4-eeee0a93f2f4.OPERATION#flowable-async-job-executor-thread-28044#
[UpdateServiceParametersStep] Updating service "hpbuysell-otc-salesorder-auth"...#
#2026 09 23 16:33:44.230#Z#DEBUG#89a811f3-b76c-11f1-a9d4-eeee0a93f2f4.OPERATION#flowable-async-job-executor-thread-28044#
[UpdateServiceParametersStep] Updating service parameters for service "hpbuysell-otc-salesorder-auth"...#
#2026 09 23 16:33:44.332#Z#DEBUG#89a811f3-b76c-11f1-a9d4-eeee0a93f2f4.OPERATION#flowable-async-job-executor-thread-28044#
[UpdateServiceParametersStep] Service "hpbuysell-otc-salesorder-auth" updated#
#2026 09 23 16:33:44.332#Z#DEBUG#89a811f3-b76c-11f1-a9d4-eeee0a93f2f4.OPERATION#flowable-async-job-executor-thread-28044#
[UpdateServiceParametersStep] Triggered service operations: {
  "hpbuysell-otc-salesorder-auth" : "UPDATE"
}#
#2026 09 23 16:33:44.333#Z#DEBUG#89a811f3-b76c-11f1-a9d4-eeee0a93f2f4.OPERATION#flowable-async-job-executor-thread-28044#
Step "Update parameters" finished#
#2026 09 23 16:33:44.498#Z#DEBUG#89a811f3-b76c-11f1-a9d4-eeee0a93f2f4.OPERATION#flowable-async-job-executor-thread-28047#
[CheckServiceOperationStateStep] Executing task "CheckServiceOperationStateTask" of process "8b2fe9f6-b76c-11f1-a9d4-eeee0a93f2f4"...#
#2026 09 23 16:33:44.499#Z#DEBUG#89a811f3-b76c-11f1-a9d4-eeee0a93f2f4.OPERATION#flowable-async-job-executor-thread-28047#
[CheckServiceOperationStateStep] Getting service instance "hpbuysell-otc-salesorder-destination"...#
#2026 09 23 16:33:44.610#Z#DEBUG#89a811f3-b76c-11f1-a9d4-eeee0a93f2f4.OPERATION#flowable-async-job-executor-thread-28047#
Step "Check for service operations in Progress" finished#
#2026 09 23 16:33:44.440#Z#DEBUG#89a811f3-b76c-11f1-a9d4-eeee0a93f2f4.OPERATION#flowable-async-job-executor-thread-21931#
[CheckServiceOperationStateStep] Executing task "CheckServiceOperationStateTask" of process "8b269adb-b76c-11f1-896f-eeee0a8180c9"...#
#2026 09 23 16:33:44.508#Z#DEBUG#89a811f3-b76c-11f1-a9d4-eeee0a93f2f4.OPERATION#flowable-async-job-executor-thread-21931#
[CheckServiceOperationStateStep] Getting service instance "buysell-dev-pgdb"...#
#2026 09 23 16:33:44.623#Z#DEBUG#89a811f3-b76c-11f1-a9d4-eeee0a93f2f4.OPERATION#flowable-async-job-executor-thread-21931#
Step "Check for service operations in Progress" finished#
#2026 09 23 16:33:44.629#Z#DEBUG#89a811f3-b76c-11f1-a9d4-eeee0a93f2f4.OPERATION#flowable-async-job-executor-thread-28048#
[DetermineServiceCreateUpdateServiceActionsStep] Executing task "DetermineServiceCreateUpdateActionsTask" of process "8b2fe9f6-b76c-11f1-a9d4-eeee0a93f2f4"...#
#2026 09 23 16:33:44.630#Z#INFO#89a811f3-b76c-11f1-a9d4-eeee0a93f2f4.OPERATION#flowable-async-job-executor-thread-28048#
[DetermineServiceCreateUpdateServiceActionsStep] Processing service "hpbuysell-otc-salesorder-destination"...#
#2026 09 23 16:33:44.634#Z#DEBUG#89a811f3-b76c-11f1-a9d4-eeee0a93f2f4.OPERATION#flowable-async-job-executor-thread-28048#
[DetermineServiceCreateUpdateServiceActionsStep] Getting service instance "hpbuysell-otc-salesorder-destination"...#
#2026 09 23 16:33:44.736#Z#DEBUG#89a811f3-b76c-11f1-a9d4-eeee0a93f2f4.OPERATION#flowable-async-job-executor-thread-28048#
[DetermineServiceCreateUpdateServiceActionsStep] Existing service: {
  "name" : "hpbuysell-otc-salesorder-destination",
  "metadata" : {
    "guid" : "d7193b5d-7bc9-4add-a6b3-dcf43ae2313d",
    "createdAt" : [ 2026, 9, 23, 12, 31, 15 ],
    "updatedAt" : [ 2026, 9, 23, 12, 31, 18 ]
  },
  "v3Metadata" : {
    "annotations" : {
      "mta_id" : "hpbuysell-otc-salesorder",
      "mta_version" : "1.0.0",
      "mta_resource" : "{\"name\":\"hpbuysell-otc-salesorder-destination\"}"
    },
    "labels" : {
      "mta_id" : "bb6ce07050e9e7420a660fcf7a350b61"
    }
  },
  "label" : "destination",
  "plan" : "lite",
  "credentials" : "********",
  "tags" : [ ],
  "type" : "managed",
  "lastOperation" : {
    "type" : "UPDATE",
    "description" : "",
    "state" : "SUCCEEDED"
  }
}#
#2026 09 23 16:33:44.736#Z#DEBUG#89a811f3-b76c-11f1-a9d4-eeee0a93f2f4.OPERATION#flowable-async-job-executor-thread-28048#
[DetermineServiceCreateUpdateServiceActionsStep] Service parameters will be updated#
#2026 09 23 16:33:44.736#Z#DEBUG#89a811f3-b76c-11f1-a9d4-eeee0a93f2f4.OPERATION#flowable-async-job-executor-thread-28048#
[DetermineServiceCreateUpdateServiceActionsStep] New parameters: {
  "HTML5Runtime_enabled" : true,
  "init_data" : {
    "instance" : {
      "destinations" : [ {
        "Authentication" : "********",
        "Name" : "ui5",
        "ProxyType" : "Internet",
        "Type" : "HTTP",
        "URL" : "https://ui5.sap.com"
      }, {
        "Authentication" : "********",
        "HTML5.DynamicDestination" : true,
        "HTML5.ForwardAuthToken" : "********",
        "Name" : "srv-api",
        "ProxyType" : "Internet",
        "Type" : "HTTP",
        "URL" : "https://hp-inc--hp-gps-buysell-dev-buysell-dev-cf-sp-hpbuysell-3f6d5fc7.cfapps.us10.hana.ondemand.com"
      } ],
      "existing_destinations_policy" : "update"
    }
  }
}#
#2026 09 23 16:33:44.736#Z#DEBUG#89a811f3-b76c-11f1-a9d4-eeee0a93f2f4.OPERATION#flowable-async-job-executor-thread-28048#
Step "Determine update actions" finished#
#2026 09 23 16:33:44.645#Z#DEBUG#89a811f3-b76c-11f1-a9d4-eeee0a93f2f4.OPERATION#flowable-async-job-executor-thread-21932#
[DetermineServiceCreateUpdateServiceActionsStep] Executing task "DetermineServiceCreateUpdateActionsTask" of process "8b269adb-b76c-11f1-896f-eeee0a8180c9"...#
#2026 09 23 16:33:44.646#Z#INFO#89a811f3-b76c-11f1-a9d4-eeee0a93f2f4.OPERATION#flowable-async-job-executor-thread-21932#
[DetermineServiceCreateUpdateServiceActionsStep] Processing service "buysell-dev-pgdb"...#
#2026 09 23 16:33:44.649#Z#DEBUG#89a811f3-b76c-11f1-a9d4-eeee0a93f2f4.OPERATION#flowable-async-job-executor-thread-21932#
[DetermineServiceCreateUpdateServiceActionsStep] Getting service instance "buysell-dev-pgdb"...#
#2026 09 23 16:33:44.750#Z#DEBUG#89a811f3-b76c-11f1-a9d4-eeee0a93f2f4.OPERATION#flowable-async-job-executor-thread-21932#
[DetermineServiceCreateUpdateServiceActionsStep] Existing service: {
  "name" : "buysell-dev-pgdb",
  "metadata" : {
    "guid" : "63a33c28-9d9e-4453-821a-000f0ee4a75c",
    "createdAt" : [ 2026, 8, 5, 16, 31, 1 ],
    "updatedAt" : [ 2026, 8, 5, 16, 31, 1 ]
  },
  "v3Metadata" : {
    "annotations" : {
      "mta_id" : "hpbuysell-mdm-enterprisesearch",
      "mta_version" : "1.0.0",
      "mta_resource" : "{\"name\":\"buysell-dev-pgdb\"}"
    },
    "labels" : {
      "mta_id" : "2b3bb0478463dd6f418152b6a9117e8d"
    }
  },
  "label" : "postgresql-db",
  "plan" : "standard",
  "credentials" : "********",
  "tags" : [ ],
  "type" : "managed",
  "lastOperation" : {
    "type" : "CREATE",
    "description" : "Operation create_instance for instance 63a33c28-9d9e-4453-821a-000f0ee4a75c completed successfully",
    "state" : "SUCCEEDED"
  }
}#
#2026 09 23 16:33:44.750#Z#WARN#89a811f3-b76c-11f1-a9d4-eeee0a93f2f4.OPERATION#flowable-async-job-executor-thread-21932#
[DetermineServiceCreateUpdateServiceActionsStep] Service parameters for service "buysell-dev-pgdb" will not be updated, as the parameters are not defined or empty.#
#2026 09 23 16:33:44.750#Z#DEBUG#89a811f3-b76c-11f1-a9d4-eeee0a93f2f4.OPERATION#flowable-async-job-executor-thread-21932#
[DetermineServiceCreateUpdateServiceActionsStep] Service metadata should be updated#
#2026 09 23 16:33:44.750#Z#DEBUG#89a811f3-b76c-11f1-a9d4-eeee0a93f2f4.OPERATION#flowable-async-job-executor-thread-21932#
[DetermineServiceCreateUpdateServiceActionsStep] New metadata: {
  "annotations" : {
    "mta_id" : "hpbuysell-otc-salesorder",
    "mta_version" : "1.0.0",
    "mta_resource" : "{\"name\":\"buysell-dev-pgdb\"}"
  },
  "labels" : {
    "mta_id" : "bb6ce07050e9e7420a660fcf7a350b61"
  }
}#
#2026 09 23 16:33:44.750#Z#DEBUG#89a811f3-b76c-11f1-a9d4-eeee0a93f2f4.OPERATION#flowable-async-job-executor-thread-21932#
Step "Determine update actions" finished#
#2026 09 23 16:33:44.763#Z#DEBUG#89a811f3-b76c-11f1-a9d4-eeee0a93f2f4.OPERATION#flowable-async-job-executor-thread-28049#
[CheckForServiceBindingOrKeyOperationStep] Executing task "CheckForServiceBindingOrKeyCreation" of process "8b2fe9f6-b76c-11f1-a9d4-eeee0a93f2f4"...#
#2026 09 23 16:33:44.764#Z#DEBUG#89a811f3-b76c-11f1-a9d4-eeee0a93f2f4.OPERATION#flowable-async-job-executor-thread-28049#
Step "Check for service binding or key creation" finished#
#2026 09 23 16:33:44.779#Z#DEBUG#89a811f3-b76c-11f1-a9d4-eeee0a93f2f4.OPERATION#flowable-async-job-executor-thread-21933#
[CheckForServiceBindingOrKeyOperationStep] Executing task "CheckForServiceBindingOrKeyCreation" of process "8b269adb-b76c-11f1-896f-eeee0a8180c9"...#
#2026 09 23 16:33:44.780#Z#DEBUG#89a811f3-b76c-11f1-a9d4-eeee0a93f2f4.OPERATION#flowable-async-job-executor-thread-21933#
Step "Check for service binding or key creation" finished#
#2026 09 23 16:33:44.790#Z#DEBUG#89a811f3-b76c-11f1-a9d4-eeee0a93f2f4.OPERATION#flowable-async-job-executor-thread-28050#
[UpdateServiceParametersStep] Executing task "UpdateServiceParametersTask" of process "8b2fe9f6-b76c-11f1-a9d4-eeee0a93f2f4"...#
#2026 09 23 16:33:44.792#Z#INFO#89a811f3-b76c-11f1-a9d4-eeee0a93f2f4.OPERATION#flowable-async-job-executor-thread-28050#
[UpdateServiceParametersStep] Updating service "hpbuysell-otc-salesorder-destination"...#
#2026 09 23 16:33:44.795#Z#DEBUG#89a811f3-b76c-11f1-a9d4-eeee0a93f2f4.OPERATION#flowable-async-job-executor-thread-28050#
[UpdateServiceParametersStep] Updating service parameters for service "hpbuysell-otc-salesorder-destination"...#
#2026 09 23 16:33:44.872#Z#DEBUG#89a811f3-b76c-11f1-a9d4-eeee0a93f2f4.OPERATION#flowable-async-job-executor-thread-28050#
[UpdateServiceParametersStep] Service "hpbuysell-otc-salesorder-destination" updated#
#2026 09 23 16:33:44.872#Z#DEBUG#89a811f3-b76c-11f1-a9d4-eeee0a93f2f4.OPERATION#flowable-async-job-executor-thread-28050#
[UpdateServiceParametersStep] Triggered service operations: {
  "hpbuysell-otc-salesorder-destination" : "UPDATE"
}#
#2026 09 23 16:33:44.873#Z#DEBUG#89a811f3-b76c-11f1-a9d4-eeee0a93f2f4.OPERATION#flowable-async-job-executor-thread-28050#
Step "Update parameters" finished#
#2026 09 23 16:33:44.807#Z#DEBUG#89a811f3-b76c-11f1-a9d4-eeee0a93f2f4.OPERATION#flowable-async-job-executor-thread-21934#
[UpdateServiceMetadataStep] Executing task "UpdateServiceMetadataTask" of process "8b269adb-b76c-11f1-896f-eeee0a8180c9"...#
#2026 09 23 16:33:44.809#Z#DEBUG#89a811f3-b76c-11f1-a9d4-eeee0a93f2f4.OPERATION#flowable-async-job-executor-thread-21934#
[UpdateServiceMetadataStep] Updating metadata of service instance "buysell-dev-pgdb"...#
#2026 09 23 16:33:44.809#Z#DEBUG#89a811f3-b76c-11f1-a9d4-eeee0a93f2f4.OPERATION#flowable-async-job-executor-thread-21934#
[UpdateServiceMetadataStep] Getting GUID of required service instance "buysell-dev-pgdb"...#
#2026 09 23 16:33:44.843#Z#DEBUG#89a811f3-b76c-11f1-a9d4-eeee0a93f2f4.OPERATION#flowable-async-job-executor-thread-21934#
[UpdateServiceMetadataStep] Updating metadata of service instance "63a33c28-9d9e-4453-821a-000f0ee4a75c" to: {
  "annotations" : {
    "mta_id" : "hpbuysell-otc-salesorder",
    "mta_version" : "1.0.0",
    "mta_resource" : "{\"name\":\"buysell-dev-pgdb\"}"
  },
  "labels" : {
    "mta_id" : "bb6ce07050e9e7420a660fcf7a350b61"
  }
}#
#2026 09 23 16:33:44.899#Z#DEBUG#89a811f3-b76c-11f1-a9d4-eeee0a93f2f4.OPERATION#flowable-async-job-executor-thread-21934#
[UpdateServiceMetadataStep] Updated metadata of service instance "buysell-dev-pgdb"#
#2026 09 23 16:33:44.899#Z#DEBUG#89a811f3-b76c-11f1-a9d4-eeee0a93f2f4.OPERATION#flowable-async-job-executor-thread-21934#
[UpdateServiceMetadataStep] Triggered service operations: {
  "buysell-dev-pgdb" : "UPDATE"
}#
#2026 09 23 16:33:44.900#Z#DEBUG#89a811f3-b76c-11f1-a9d4-eeee0a93f2f4.OPERATION#flowable-async-job-executor-thread-21934#
Step "Update Metadata" finished#
#2026 09 23 16:33:44.844#Z#DEBUG#89a811f3-b76c-11f1-a9d4-eeee0a93f2f4.OPERATION#flowable-async-job-executor-thread-11894#
[CheckServiceOperationStateStep] Executing task "CheckServiceOperationStateTask" of process "8b6181dd-b76c-11f1-b8fd-eeee0a98fd3d"...#
#2026 09 23 16:33:44.916#Z#DEBUG#89a811f3-b76c-11f1-a9d4-eeee0a93f2f4.OPERATION#flowable-async-job-executor-thread-11894#
[CheckServiceOperationStateStep] Getting service instance "hpbuysell-otc-salesorder-html5-repo-host"...#
#2026 09 23 16:33:45.037#Z#DEBUG#89a811f3-b76c-11f1-a9d4-eeee0a93f2f4.OPERATION#flowable-async-job-executor-thread-11894#
Step "Check for service operations in Progress" finished#
#2026 09 23 16:33:45.074#Z#DEBUG#89a811f3-b76c-11f1-a9d4-eeee0a93f2f4.OPERATION#flowable-async-job-executor-thread-11895#
[DetermineServiceCreateUpdateServiceActionsStep] Executing task "DetermineServiceCreateUpdateActionsTask" of process "8b6181dd-b76c-11f1-b8fd-eeee0a98fd3d"...#
#2026 09 23 16:33:45.076#Z#INFO#89a811f3-b76c-11f1-a9d4-eeee0a93f2f4.OPERATION#flowable-async-job-executor-thread-11895#
[DetermineServiceCreateUpdateServiceActionsStep] Processing service "hpbuysell-otc-salesorder-html5-repo-host"...#
#2026 09 23 16:33:45.082#Z#DEBUG#89a811f3-b76c-11f1-a9d4-eeee0a93f2f4.OPERATION#flowable-async-job-executor-thread-11895#
[DetermineServiceCreateUpdateServiceActionsStep] Getting service instance "hpbuysell-otc-salesorder-html5-repo-host"...#
#2026 09 23 16:33:45.201#Z#DEBUG#89a811f3-b76c-11f1-a9d4-eeee0a93f2f4.OPERATION#flowable-async-job-executor-thread-11895#
[DetermineServiceCreateUpdateServiceActionsStep] Existing service: {
  "name" : "hpbuysell-otc-salesorder-html5-repo-host",
  "metadata" : {
    "guid" : "8d48d31b-d908-4533-aa56-a3ff287ebf03",
    "createdAt" : [ 2026, 9, 23, 12, 31, 16 ],
    "updatedAt" : [ 2026, 9, 23, 12, 31, 16 ]
  },
  "v3Metadata" : {
    "annotations" : {
      "mta_id" : "hpbuysell-otc-salesorder",
      "mta_version" : "1.0.0",
      "mta_resource" : "{\"name\":\"hpbuysell-otc-salesorder-html5-repo-host\"}"
    },
    "labels" : {
      "mta_id" : "bb6ce07050e9e7420a660fcf7a350b61"
    }
  },
  "label" : "html5-apps-repo",
  "plan" : "app-host",
  "credentials" : "********",
  "tags" : [ ],
  "type" : "managed",
  "lastOperation" : {
    "type" : "CREATE",
    "description" : "",
    "state" : "SUCCEEDED"
  }
}#
#2026 09 23 16:33:45.201#Z#WARN#89a811f3-b76c-11f1-a9d4-eeee0a93f2f4.OPERATION#flowable-async-job-executor-thread-11895#
[DetermineServiceCreateUpdateServiceActionsStep] Service parameters for service "hpbuysell-otc-salesorder-html5-repo-host" will not be updated, as the parameters are not defined or empty.#
#2026 09 23 16:33:45.201#Z#DEBUG#89a811f3-b76c-11f1-a9d4-eeee0a93f2f4.OPERATION#flowable-async-job-executor-thread-11895#
Step "Determine update actions" finished#
#2026 09 23 16:33:45.256#Z#DEBUG#89a811f3-b76c-11f1-a9d4-eeee0a93f2f4.OPERATION#flowable-async-job-executor-thread-11896#
[CheckForServiceBindingOrKeyOperationStep] Executing task "CheckForServiceBindingOrKeyCreation" of process "8b6181dd-b76c-11f1-b8fd-eeee0a98fd3d"...#
#2026 09 23 16:33:45.258#Z#DEBUG#89a811f3-b76c-11f1-a9d4-eeee0a93f2f4.OPERATION#flowable-async-job-executor-thread-11896#
Step "Check for service binding or key creation" finished#
#2026 09 23 16:33:58.308#Z#DEBUG#89a811f3-b76c-11f1-a9d4-eeee0a93f2f4.OPERATION#flowable-async-job-executor-thread-28081#
[UpdateServiceMetadataStep] Executing task "UpdateServiceMetadataTask" of process "8b269adb-b76c-11f1-896f-eeee0a8180c9"...#
#2026 09 23 16:33:58.309#Z#DEBUG#89a811f3-b76c-11f1-a9d4-eeee0a93f2f4.OPERATION#flowable-async-job-executor-thread-28081#
[UpdateServiceMetadataStep] Polling service operations...#
#2026 09 23 16:33:58.312#Z#DEBUG#89a811f3-b76c-11f1-a9d4-eeee0a93f2f4.OPERATION#flowable-async-job-executor-thread-28081#
[UpdateServiceMetadataStep] Getting service instance "buysell-dev-pgdb"...#
#2026 09 23 16:33:58.408#Z#DEBUG#89a811f3-b76c-11f1-a9d4-eeee0a93f2f4.OPERATION#flowable-async-job-executor-thread-28081#
[UpdateServiceMetadataStep] Last operation for service "buysell-dev-pgdb": {
  "type" : "CREATE",
  "description" : "Operation create_instance for instance 63a33c28-9d9e-4453-821a-000f0ee4a75c completed successfully",
  "state" : "SUCCEEDED"
}#
#2026 09 23 16:33:58.408#Z#DEBUG#89a811f3-b76c-11f1-a9d4-eeee0a93f2f4.OPERATION#flowable-async-job-executor-thread-28081#
[UpdateServiceMetadataStep] Service "buysell-dev-pgdb" created#
#2026 09 23 16:33:58.408#Z#INFO#89a811f3-b76c-11f1-a9d4-eeee0a93f2f4.OPERATION#flowable-async-job-executor-thread-28081#
[UpdateServiceMetadataStep] 1 of 1 done#
#2026 09 23 16:33:58.412#Z#DEBUG#89a811f3-b76c-11f1-a9d4-eeee0a93f2f4.OPERATION#flowable-async-job-executor-thread-28081#
[UpdateServiceMetadataStep] Remaining services to poll: [ ]#
#2026 09 23 16:33:58.412#Z#DEBUG#89a811f3-b76c-11f1-a9d4-eeee0a93f2f4.OPERATION#flowable-async-job-executor-thread-28081#
Step "Update Metadata" finished#
#2026 09 23 16:33:58.297#Z#DEBUG#89a811f3-b76c-11f1-a9d4-eeee0a93f2f4.OPERATION#flowable-async-job-executor-thread-28078#
[UpdateServiceParametersStep] Executing task "UpdateServiceParametersTask" of process "8acc6ddc-b76c-11f1-a9d4-eeee0a93f2f4"...#
#2026 09 23 16:33:58.297#Z#DEBUG#89a811f3-b76c-11f1-a9d4-eeee0a93f2f4.OPERATION#flowable-async-job-executor-thread-28078#
[UpdateServiceParametersStep] Polling service operations...#
#2026 09 23 16:33:58.301#Z#DEBUG#89a811f3-b76c-11f1-a9d4-eeee0a93f2f4.OPERATION#flowable-async-job-executor-thread-28078#
[UpdateServiceParametersStep] Getting service instance "hpbuysell-otc-salesorder-auth"...#
#2026 09 23 16:33:58.311#Z#DEBUG#89a811f3-b76c-11f1-a9d4-eeee0a93f2f4.OPERATION#flowable-async-job-executor-thread-28080#
[UpdateServiceParametersStep] Executing task "UpdateServiceParametersTask" of process "8b2fe9f6-b76c-11f1-a9d4-eeee0a93f2f4"...#
#2026 09 23 16:33:58.311#Z#DEBUG#89a811f3-b76c-11f1-a9d4-eeee0a93f2f4.OPERATION#flowable-async-job-executor-thread-28080#
[UpdateServiceParametersStep] Polling service operations...#
#2026 09 23 16:33:58.314#Z#DEBUG#89a811f3-b76c-11f1-a9d4-eeee0a93f2f4.OPERATION#flowable-async-job-executor-thread-28080#
[UpdateServiceParametersStep] Getting service instance "hpbuysell-otc-salesorder-destination"...#
#2026 09 23 16:33:58.418#Z#DEBUG#89a811f3-b76c-11f1-a9d4-eeee0a93f2f4.OPERATION#flowable-async-job-executor-thread-28078#
[UpdateServiceParametersStep] Last operation for service "hpbuysell-otc-salesorder-auth": {
  "type" : "UPDATE",
  "description" : "",
  "state" : "SUCCEEDED"
}#
#2026 09 23 16:33:58.418#Z#DEBUG#89a811f3-b76c-11f1-a9d4-eeee0a93f2f4.OPERATION#flowable-async-job-executor-thread-28078#
[UpdateServiceParametersStep] Service "hpbuysell-otc-salesorder-auth" updated#
#2026 09 23 16:33:58.418#Z#INFO#89a811f3-b76c-11f1-a9d4-eeee0a93f2f4.OPERATION#flowable-async-job-executor-thread-28078#
[UpdateServiceParametersStep] 1 of 1 done#
#2026 09 23 16:33:58.421#Z#DEBUG#89a811f3-b76c-11f1-a9d4-eeee0a93f2f4.OPERATION#flowable-async-job-executor-thread-28078#
[UpdateServiceParametersStep] Remaining services to poll: [ ]#
#2026 09 23 16:33:58.421#Z#DEBUG#89a811f3-b76c-11f1-a9d4-eeee0a93f2f4.OPERATION#flowable-async-job-executor-thread-28078#
Step "Update parameters" finished#
#2026 09 23 16:33:58.430#Z#DEBUG#89a811f3-b76c-11f1-a9d4-eeee0a93f2f4.OPERATION#flowable-async-job-executor-thread-28080#
[UpdateServiceParametersStep] Last operation for service "hpbuysell-otc-salesorder-destination": {
  "type" : "UPDATE",
  "description" : "",
  "state" : "SUCCEEDED"
}#
#2026 09 23 16:33:58.430#Z#DEBUG#89a811f3-b76c-11f1-a9d4-eeee0a93f2f4.OPERATION#flowable-async-job-executor-thread-28080#
[UpdateServiceParametersStep] Service "hpbuysell-otc-salesorder-destination" updated#
#2026 09 23 16:33:58.430#Z#INFO#89a811f3-b76c-11f1-a9d4-eeee0a93f2f4.OPERATION#flowable-async-job-executor-thread-28080#
[UpdateServiceParametersStep] 1 of 1 done#
#2026 09 23 16:33:58.434#Z#DEBUG#89a811f3-b76c-11f1-a9d4-eeee0a93f2f4.OPERATION#flowable-async-job-executor-thread-28080#
[UpdateServiceParametersStep] Remaining services to poll: [ ]#
#2026 09 23 16:33:58.435#Z#DEBUG#89a811f3-b76c-11f1-a9d4-eeee0a93f2f4.OPERATION#flowable-async-job-executor-thread-28080#
Step "Update parameters" finished#
#2026 09 23 16:34:00.090#Z#DEBUG#89a811f3-b76c-11f1-a9d4-eeee0a93f2f4.OPERATION#flowable-async-job-executor-thread-11900#
[PrepareModulesDeploymentStep] Executing task "prepareModulesDeploymentTask" of process "94719a72-b76c-11f1-b8fd-eeee0a98fd3d"...#
#2026 09 23 16:34:00.091#Z#DEBUG#89a811f3-b76c-11f1-a9d4-eeee0a93f2f4.OPERATION#flowable-async-job-executor-thread-11900#
[PrepareModulesDeploymentStep] Preparing modules deployment...#
#2026 09 23 16:34:00.097#Z#DEBUG#89a811f3-b76c-11f1-a9d4-eeee0a93f2f4.OPERATION#flowable-async-job-executor-thread-11900#
Step "Prepare Modules Deployment" finished#
#2026 09 23 16:34:00.142#Z#DEBUG#89a811f3-b76c-11f1-a9d4-eeee0a93f2f4.OPERATION#flowable-async-job-executor-thread-11901#
[ComputeNextModulesStep] Executing task "computeNextModulesToDeployInParallel" of process "94719a72-b76c-11f1-b8fd-eeee0a98fd3d"...#
#2026 09 23 16:34:00.144#Z#DEBUG#89a811f3-b76c-11f1-a9d4-eeee0a93f2f4.OPERATION#flowable-async-job-executor-thread-11901#
[ComputeNextModulesStep] Computing modules for next parallel iteration...#
#2026 09 23 16:34:00.147#Z#DEBUG#89a811f3-b76c-11f1-a9d4-eeee0a93f2f4.OPERATION#flowable-async-job-executor-thread-11901#
[ComputeNextModulesStep] Completed modules detected: []#
#2026 09 23 16:34:00.147#Z#DEBUG#89a811f3-b76c-11f1-a9d4-eeee0a93f2f4.OPERATION#flowable-async-job-executor-thread-11901#
[ComputeNextModulesStep] All modules for deploy detected: [hpbuysell-otc-salesorder-srv, hpbuysell-otc-salesorder-destination-content, hpbuysell-otc-salesorder-postgres-deployer, hpbuysell-otc-salesorder-app-content]#
#2026 09 23 16:34:00.147#Z#DEBUG#89a811f3-b76c-11f1-a9d4-eeee0a93f2f4.OPERATION#flowable-async-job-executor-thread-11901#
[ComputeNextModulesStep] Modules not for deploy detected: []#
#2026 09 23 16:34:00.148#Z#DEBUG#89a811f3-b76c-11f1-a9d4-eeee0a93f2f4.OPERATION#flowable-async-job-executor-thread-11901#
[ComputeNextModulesStep] Computed modules for next parallel iteration: [ {
  "majorSchemaVersion" : 3,
  "name" : "hpbuysell-otc-salesorder-srv",
  "type" : "javascript.nodejs",
  "path" : "hpbuysell-otc-salesorder-srv",
  "properties" : { },
  "parameters" : {
    "app-name" : "hpbuysell-otc-salesorder-srv",
    "buildpack" : "nodejs_buildpack",
    "default-app-name" : "hpbuysell-otc-salesorder-srv",
    "default-host" : "hp-inc--hp-gps-buysell-dev-buysell-dev-cf-sp-hpbuysell-3f6d5fc7",
    "default-instances" : 1,
    "default-live-app-name" : "hpbuysell-otc-salesorder-srv",
    "default-live-domain" : "cfapps.us10.hana.ondemand.com",
    "default-live-host" : "hp-inc--hp-gps-buysell-dev-buysell-dev-cf-sp-hpbuysell-3f6d5fc7",
    "default-live-uri" : "hp-inc--hp-gps-buysell-dev-buysell-dev-cf-sp-hpbuysell-3f6d5fc7.cfapps.us10.hana.ondemand.com",
    "default-live-url" : "https://hp-inc--hp-gps-buysell-dev-buysell-dev-cf-sp-hpbuysell-3f6d5fc7.cfapps.us10.hana.ondemand.com",
    "default-uri" : "hp-inc--hp-gps-buysell-dev-buysell-dev-cf-sp-hpbuysell-3f6d5fc7.cfapps.us10.hana.ondemand.com",
    "default-url" : "https://hp-inc--hp-gps-buysell-dev-buysell-dev-cf-sp-hpbuysell-3f6d5fc7.cfapps.us10.hana.ondemand.com",
    "dependency-type" : "soft",
    "domain" : "cfapps.us10.hana.ondemand.com",
    "generated-password" : "********",
    "generated-user" : "********",
    "host" : "hp-inc--hp-gps-buysell-dev-buysell-dev-cf-sp-hpbuysell-3f6d5fc7",
    "instances" : 1,
    "protocol" : "https"
  },
  "requiredDependencies" : [ {
    "majorSchemaVersion" : 3,
    "name" : "********",
    "properties" : { },
    "parameters" : { },
    "propertiesMetadata" : {
      "metadata" : { }
    },
    "parametersMetadata" : {
      "metadata" : { }
    }
  }, {
    "majorSchemaVersion" : 3,
    "name" : "buysell-dev-pgdb",
    "properties" : { },
    "parameters" : { },
    "propertiesMetadata" : {
      "metadata" : { }
    },
    "parametersMetadata" : {
      "metadata" : { }
    }
  }, {
    "majorSchemaVersion" : 3,
    "name" : "hpbuysell-otc-salesorder-destination",
    "properties" : { },
    "parameters" : { },
    "propertiesMetadata" : {
      "metadata" : { }
    },
    "parametersMetadata" : {
      "metadata" : { }
    }
  } ],
  "providedDependencies" : [ {
    "majorSchemaVersion" : 3,
    "name" : "srv-api",
    "isPublic" : false,
    "properties" : {
      "srv-url" : "https://hp-inc--hp-gps-buysell-dev-buysell-dev-cf-sp-hpbuysell-3f6d5fc7.cfapps.us10.hana.ondemand.com"
    },
    "parameters" : { },
    "propertiesMetadata" : {
      "metadata" : { }
    },
    "parametersMetadata" : {
      "metadata" : { }
    }
  }, {
    "majorSchemaVersion" : 3,
    "name" : "hpbuysell-otc-salesorder-srv",
    "isPublic" : false,
    "properties" : { },
    "parameters" : { },
    "propertiesMetadata" : {
      "metadata" : { }
    },
    "parametersMetadata" : {
      "metadata" : { }
    }
  } ],
  "propertiesMetadata" : {
    "metadata" : { }
  },
  "parametersMetadata" : {
    "metadata" : { }
  },
  "deployedAfter" : [ ],
  "hooks" : [ ]
}, {
  "majorSchemaVersion" : 3,
  "name" : "hpbuysell-otc-salesorder-postgres-deployer",
  "type" : "javascript.nodejs",
  "path" : "hpbuysell-otc-salesorder-postgres-deployer",
  "properties" : { },
  "parameters" : {
    "app-name" : "hpbuysell-otc-salesorder-postgres-deployer",
    "buildpack" : "nodejs_buildpack",
    "default-app-name" : "hpbuysell-otc-salesorder-postgres-deployer",
    "default-host" : "hp-inc--hp-gps-buysell-dev-buysell-dev-cf-sp-hpbuysell-5e079d78",
    "default-instances" : 1,
    "default-live-app-name" : "hpbuysell-otc-salesorder-postgres-deployer",
    "default-live-domain" : "cfapps.us10.hana.ondemand.com",
    "default-live-host" : "hp-inc--hp-gps-buysell-dev-buysell-dev-cf-sp-hpbuysell-5e079d78",
    "default-live-uri" : "hp-inc--hp-gps-buysell-dev-buysell-dev-cf-sp-hpbuysell-5e079d78.cfapps.us10.hana.ondemand.com",
    "default-live-url" : "https://hp-inc--hp-gps-buysell-dev-buysell-dev-cf-sp-hpbuysell-5e079d78.cfapps.us10.hana.ondemand.com",
    "default-uri" : "hp-inc--hp-gps-buysell-dev-buysell-dev-cf-sp-hpbuysell-5e079d78.cfapps.us10.hana.ondemand.com",
    "default-url" : "https://hp-inc--hp-gps-buysell-dev-buysell-dev-cf-sp-hpbuysell-5e079d78.cfapps.us10.hana.ondemand.com",
    "dependency-type" : "soft",
    "domain" : "cfapps.us10.hana.ondemand.com",
    "generated-password" : "********",
    "generated-user" : "********",
    "host" : "hp-inc--hp-gps-buysell-dev-buysell-dev-cf-sp-hpbuysell-5e079d78",
    "instances" : 1,
    "no-route" : true,
    "no-start" : true,
    "protocol" : "https",
    "tasks" : [ {
      "command" : "npm start",
      "name" : "deploy-to-postgresql"
    } ]
  },
  "requiredDependencies" : [ {
    "majorSchemaVersion" : 3,
    "name" : "buysell-dev-pgdb",
    "properties" : { },
    "parameters" : { },
    "propertiesMetadata" : {
      "metadata" : { }
    },
    "parametersMetadata" : {
      "metadata" : { }
    }
  }, {
    "majorSchemaVersion" : 3,
    "name" : "********",
    "properties" : { },
    "parameters" : { },
    "propertiesMetadata" : {
      "metadata" : { }
    },
    "parametersMetadata" : {
      "metadata" : { }
    }
  } ],
  "providedDependencies" : [ {
    "majorSchemaVersion" : 3,
    "name" : "hpbuysell-otc-salesorder-postgres-deployer",
    "isPublic" : false,
    "properties" : { },
    "parameters" : { },
    "propertiesMetadata" : {
      "metadata" : { }
    },
    "parametersMetadata" : {
      "metadata" : { }
    }
  } ],
  "propertiesMetadata" : {
    "metadata" : { }
  },
  "parametersMetadata" : {
    "metadata" : { }
  },
  "deployedAfter" : [ ],
  "hooks" : [ ]
}, {
  "majorSchemaVersion" : 3,
  "name" : "hpbuysell-otc-salesorder-destination-content",
  "type" : "com.sap.application.content",
  "properties" : { },
  "parameters" : {
    "app-name" : "hpbuysell-otc-salesorder-destination-content",
    "content" : {
      "instance" : {
        "destinations" : [ {
          "Authentication" : "********",
          "Name" : "hpbuysell-otc-salesorder-srv-dest",
          "TokenServiceInstanceName" : "********",
          "TokenServiceKeyName" : "********",
          "URL" : "https://hp-inc--hp-gps-buysell-dev-buysell-dev-cf-sp-hpbuysell-3f6d5fc7.cfapps.us10.hana.ondemand.com",
          "sap.cloud.service" : "hpbuysellotcsalesorder.service"
        }, {
          "Name" : "hpbuysell-otc-salesorder_html_repo_host",
          "ServiceInstanceName" : "hpbuysell-otc-salesorder-html5-repo-host",
          "ServiceKeyName" : "********",
          "sap.cloud.service" : "hpbuysellotcsalesorder.service"
        }, {
          "Authentication" : "********",
          "Name" : "********",
          "ServiceInstanceName" : "********",
          "ServiceKeyName" : "********"
        } ],
        "existing_destinations_policy" : "update"
      }
    },
    "default-app-name" : "hpbuysell-otc-salesorder-destination-content",
    "default-host" : "hp-inc--hp-gps-buysell-dev-buysell-dev-cf-sp-hpbuysell-4ea59076",
    "default-instances" : 1,
    "default-live-app-name" : "hpbuysell-otc-salesorder-destination-content",
    "default-live-domain" : "cfapps.us10.hana.ondemand.com",
    "default-live-host" : "hp-inc--hp-gps-buysell-dev-buysell-dev-cf-sp-hpbuysell-4ea59076",
    "default-live-uri" : "hp-inc--hp-gps-buysell-dev-buysell-dev-cf-sp-hpbuysell-4ea59076.cfapps.us10.hana.ondemand.com",
    "default-live-url" : "https://hp-inc--hp-gps-buysell-dev-buysell-dev-cf-sp-hpbuysell-4ea59076.cfapps.us10.hana.ondemand.com",
    "default-uri" : "hp-inc--hp-gps-buysell-dev-buysell-dev-cf-sp-hpbuysell-4ea59076.cfapps.us10.hana.ondemand.com",
    "default-url" : "https://hp-inc--hp-gps-buysell-dev-buysell-dev-cf-sp-hpbuysell-4ea59076.cfapps.us10.hana.ondemand.com",
    "dependency-type" : "soft",
    "domain" : "cfapps.us10.hana.ondemand.com",
    "generated-password" : "********",
    "generated-user" : "********",
    "host" : "hp-inc--hp-gps-buysell-dev-buysell-dev-cf-sp-hpbuysell-4ea59076",
    "instances" : 1,
    "protocol" : "https"
  },
  "requiredDependencies" : [ {
    "majorSchemaVersion" : 3,
    "name" : "hpbuysell-otc-salesorder-destination",
    "properties" : { },
    "parameters" : {
      "content-target" : true
    },
    "propertiesMetadata" : {
      "metadata" : { }
    },
    "parametersMetadata" : {
      "metadata" : { }
    }
  }, {
    "majorSchemaVersion" : 3,
    "name" : "hpbuysell-otc-salesorder-html5-repo-host",
    "properties" : { },
    "parameters" : {
      "service-key" : "********"
    },
    "propertiesMetadata" : {
      "metadata" : { }
    },
    "parametersMetadata" : {
      "metadata" : { }
    }
  }, {
    "majorSchemaVersion" : 3,
    "name" : "********",
    "properties" : { },
    "parameters" : {
      "service-key" : "********"
    },
    "propertiesMetadata" : {
      "metadata" : { }
    },
    "parametersMetadata" : {
      "metadata" : { }
    }
  }, {
    "majorSchemaVersion" : 3,
    "name" : "srv-api",
    "properties" : { },
    "parameters" : { },
    "propertiesMetadata" : {
      "metadata" : { }
    },
    "parametersMetadata" : {
      "metadata" : { }
    }
  } ],
  "providedDependencies" : [ {
    "majorSchemaVersion" : 3,
    "name" : "hpbuysell-otc-salesorder-destination-content",
    "isPublic" : false,
    "properties" : { },
    "parameters" : { },
    "propertiesMetadata" : {
      "metadata" : { }
    },
    "parametersMetadata" : {
      "metadata" : { }
    }
  } ],
  "propertiesMetadata" : {
    "metadata" : { }
  },
  "parametersMetadata" : {
    "metadata" : { }
  },
  "deployedAfter" : [ ],
  "hooks" : [ ]
}, {
  "majorSchemaVersion" : 3,
  "name" : "hpbuysell-otc-salesorder-app-content",
  "type" : "com.sap.application.content",
  "path" : "hpbuysell-otc-salesorder-app-content",
  "properties" : { },
  "parameters" : {
    "app-name" : "hpbuysell-otc-salesorder-app-content",
    "content" : {
      "instance" : {
        "existing_apps_policy" : "update",
        "service" : "hpbuysellotcsalesorder.service"
      }
    },
    "default-app-name" : "hpbuysell-otc-salesorder-app-content",
    "default-host" : "hp-inc--hp-gps-buysell-dev-buysell-dev-cf-sp-hpbuysell-36254d63",
    "default-instances" : 1,
    "default-live-app-name" : "hpbuysell-otc-salesorder-app-content",
    "default-live-domain" : "cfapps.us10.hana.ondemand.com",
    "default-live-host" : "hp-inc--hp-gps-buysell-dev-buysell-dev-cf-sp-hpbuysell-36254d63",
    "default-live-uri" : "hp-inc--hp-gps-buysell-dev-buysell-dev-cf-sp-hpbuysell-36254d63.cfapps.us10.hana.ondemand.com",
    "default-live-url" : "https://hp-inc--hp-gps-buysell-dev-buysell-dev-cf-sp-hpbuysell-36254d63.cfapps.us10.hana.ondemand.com",
    "default-uri" : "hp-inc--hp-gps-buysell-dev-buysell-dev-cf-sp-hpbuysell-36254d63.cfapps.us10.hana.ondemand.com",
    "default-url" : "https://hp-inc--hp-gps-buysell-dev-buysell-dev-cf-sp-hpbuysell-36254d63.cfapps.us10.hana.ondemand.com",
    "dependency-type" : "soft",
    "domain" : "cfapps.us10.hana.ondemand.com",
    "generated-password" : "********",
    "generated-user" : "********",
    "host" : "hp-inc--hp-gps-buysell-dev-buysell-dev-cf-sp-hpbuysell-36254d63",
    "instances" : 1,
    "protocol" : "https"
  },
  "requiredDependencies" : [ {
    "majorSchemaVersion" : 3,
    "name" : "hpbuysell-otc-salesorder-html5-repo-host",
    "properties" : { },
    "parameters" : {
      "content-target" : true
    },
    "propertiesMetadata" : {
      "metadata" : { }
    },
    "parametersMetadata" : {
      "metadata" : { }
    }
  } ],
  "providedDependencies" : [ {
    "majorSchemaVersion" : 3,
    "name" : "hpbuysell-otc-salesorder-app-content",
    "isPublic" : false,
    "properties" : { },
    "parameters" : { },
    "propertiesMetadata" : {
      "metadata" : { }
    },
    "parametersMetadata" : {
      "metadata" : { }
    }
  } ],
  "propertiesMetadata" : {
    "metadata" : { }
  },
  "parametersMetadata" : {
    "metadata" : { }
  },
  "deployedAfter" : [ ],
  "hooks" : [ ]
} ]#
#2026 09 23 16:34:00.148#Z#DEBUG#89a811f3-b76c-11f1-a9d4-eeee0a93f2f4.OPERATION#flowable-async-job-executor-thread-11901#
Step "Compute Next Modules To Deploy" finished#
#2026 09 23 16:34:00.322#Z#DEBUG#89a811f3-b76c-11f1-a9d4-eeee0a93f2f4.OPERATION#flowable-async-job-executor-thread-11906#
[ProcessDescriptorStep] Executing task "reprocessDescriptorTask" of process "9496af7a-b76c-11f1-b8fd-eeee0a98fd3d"...#
#2026 09 23 16:34:00.323#Z#DEBUG#89a811f3-b76c-11f1-a9d4-eeee0a93f2f4.OPERATION#flowable-async-job-executor-thread-11906#
[ProcessDescriptorStep] Resolving properties and parameters in merged descriptor...#
#2026 09 23 16:34:00.329#Z#DEBUG#89a811f3-b76c-11f1-a9d4-eeee0a93f2f4.OPERATION#flowable-async-job-executor-thread-11906#
[ProcessDescriptorStep] Subscriptions: [ ]#
#2026 09 23 16:34:00.337#Z#DEBUG#89a811f3-b76c-11f1-a9d4-eeee0a93f2f4.OPERATION#flowable-async-job-executor-thread-11906#
[ProcessDescriptorStep] MTA modules: [hpbuysell-otc-salesorder-srv, hpbuysell-otc-salesorder-destination-content, hpbuysell-otc-salesorder-postgres-deployer, hpbuysell-otc-salesorder-app-content]#
#2026 09 23 16:34:00.342#Z#DEBUG#89a811f3-b76c-11f1-a9d4-eeee0a93f2f4.OPERATION#flowable-async-job-executor-thread-11906#
[ProcessDescriptorStep] Resolved deployment descriptor: {
  "majorSchemaVersion" : 3,
  "schemaVersion" : "3.3.0",
  "id" : "hpbuysell-otc-salesorder",
  "version" : "1.0.0",
  "modules" : [ {
    "majorSchemaVersion" : 3,
    "name" : "hpbuysell-otc-salesorder-srv",
    "type" : "javascript.nodejs",
    "path" : "hpbuysell-otc-salesorder-srv",
    "properties" : { },
    "parameters" : {
      "default-url" : "https://hp-inc--hp-gps-buysell-dev-buysell-dev-cf-sp-hpbuysell-3f6d5fc7.cfapps.us10.hana.ondemand.com",
      "default-app-name" : "hpbuysell-otc-salesorder-srv",
      "generated-password" : "********",
      "default-live-url" : "https://hp-inc--hp-gps-buysell-dev-buysell-dev-cf-sp-hpbuysell-3f6d5fc7.cfapps.us10.hana.ondemand.com",
      "default-uri" : "hp-inc--hp-gps-buysell-dev-buysell-dev-cf-sp-hpbuysell-3f6d5fc7.cfapps.us10.hana.ondemand.com",
      "default-instances" : 1,
      "default-live-host" : "hp-inc--hp-gps-buysell-dev-buysell-dev-cf-sp-hpbuysell-3f6d5fc7",
      "instances" : 1,
      "buildpack" : "nodejs_buildpack",
      "default-host" : "hp-inc--hp-gps-buysell-dev-buysell-dev-cf-sp-hpbuysell-3f6d5fc7",
      "app-name" : "hpbuysell-otc-salesorder-srv",
      "default-live-uri" : "hp-inc--hp-gps-buysell-dev-buysell-dev-cf-sp-hpbuysell-3f6d5fc7.cfapps.us10.hana.ondemand.com",
      "protocol" : "https",
      "default-live-app-name" : "hpbuysell-otc-salesorder-srv",
      "default-live-domain" : "cfapps.us10.hana.ondemand.com",
      "domain" : "cfapps.us10.hana.ondemand.com",
      "host" : "hp-inc--hp-gps-buysell-dev-buysell-dev-cf-sp-hpbuysell-3f6d5fc7",
      "generated-user" : "********"
    },
    "requiredDependencies" : [ {
      "majorSchemaVersion" : 3,
      "name" : "********",
      "properties" : { },
      "parameters" : { },
      "propertiesMetadata" : {
        "metadata" : { }
      },
      "parametersMetadata" : {
        "metadata" : { }
      }
    }, {
      "majorSchemaVersion" : 3,
      "name" : "buysell-dev-pgdb",
      "properties" : { },
      "parameters" : { },
      "propertiesMetadata" : {
        "metadata" : { }
      },
      "parametersMetadata" : {
        "metadata" : { }
      }
    }, {
      "majorSchemaVersion" : 3,
      "name" : "hpbuysell-otc-salesorder-destination",
      "properties" : { },
      "parameters" : { },
      "propertiesMetadata" : {
        "metadata" : { }
      },
      "parametersMetadata" : {
        "metadata" : { }
      }
    } ],
    "providedDependencies" : [ {
      "majorSchemaVersion" : 3,
      "name" : "srv-api",
      "isPublic" : false,
      "properties" : {
        "srv-url" : "https://hp-inc--hp-gps-buysell-dev-buysell-dev-cf-sp-hpbuysell-3f6d5fc7.cfapps.us10.hana.ondemand.com"
      },
      "parameters" : { },
      "propertiesMetadata" : {
        "metadata" : { }
      },
      "parametersMetadata" : {
        "metadata" : { }
      }
    }, {
      "majorSchemaVersion" : 3,
      "name" : "hpbuysell-otc-salesorder-srv",
      "isPublic" : false,
      "properties" : { },
      "parameters" : { },
      "propertiesMetadata" : {
        "metadata" : { }
      },
      "parametersMetadata" : {
        "metadata" : { }
      }
    } ],
    "propertiesMetadata" : {
      "metadata" : { }
    },
    "parametersMetadata" : {
      "metadata" : { }
    },
    "hooks" : [ ]
  }, {
    "majorSchemaVersion" : 3,
    "name" : "hpbuysell-otc-salesorder-postgres-deployer",
    "type" : "javascript.nodejs",
    "path" : "hpbuysell-otc-salesorder-postgres-deployer",
    "properties" : { },
    "parameters" : {
      "default-url" : "https://hp-inc--hp-gps-buysell-dev-buysell-dev-cf-sp-hpbuysell-5e079d78.cfapps.us10.hana.ondemand.com",
      "default-app-name" : "hpbuysell-otc-salesorder-postgres-deployer",
      "generated-password" : "********",
      "default-live-url" : "https://hp-inc--hp-gps-buysell-dev-buysell-dev-cf-sp-hpbuysell-5e079d78.cfapps.us10.hana.ondemand.com",
      "default-uri" : "hp-inc--hp-gps-buysell-dev-buysell-dev-cf-sp-hpbuysell-5e079d78.cfapps.us10.hana.ondemand.com",
      "default-instances" : 1,
      "no-route" : true,
      "default-live-host" : "hp-inc--hp-gps-buysell-dev-buysell-dev-cf-sp-hpbuysell-5e079d78",
      "instances" : 1,
      "buildpack" : "nodejs_buildpack",
      "default-host" : "hp-inc--hp-gps-buysell-dev-buysell-dev-cf-sp-hpbuysell-5e079d78",
      "app-name" : "hpbuysell-otc-salesorder-postgres-deployer",
      "default-live-uri" : "hp-inc--hp-gps-buysell-dev-buysell-dev-cf-sp-hpbuysell-5e079d78.cfapps.us10.hana.ondemand.com",
      "protocol" : "https",
      "default-live-app-name" : "hpbuysell-otc-salesorder-postgres-deployer",
      "default-live-domain" : "cfapps.us10.hana.ondemand.com",
      "domain" : "cfapps.us10.hana.ondemand.com",
      "host" : "hp-inc--hp-gps-buysell-dev-buysell-dev-cf-sp-hpbuysell-5e079d78",
      "generated-user" : "********",
      "tasks" : [ {
        "command" : "npm start",
        "name" : "deploy-to-postgresql"
      } ],
      "no-start" : true
    },
    "requiredDependencies" : [ {
      "majorSchemaVersion" : 3,
      "name" : "buysell-dev-pgdb",
      "properties" : { },
      "parameters" : { },
      "propertiesMetadata" : {
        "metadata" : { }
      },
      "parametersMetadata" : {
        "metadata" : { }
      }
    }, {
      "majorSchemaVersion" : 3,
      "name" : "********",
      "properties" : { },
      "parameters" : { },
      "propertiesMetadata" : {
        "metadata" : { }
      },
      "parametersMetadata" : {
        "metadata" : { }
      }
    } ],
    "providedDependencies" : [ {
      "majorSchemaVersion" : 3,
      "name" : "hpbuysell-otc-salesorder-postgres-deployer",
      "isPublic" : false,
      "properties" : { },
      "parameters" : { },
      "propertiesMetadata" : {
        "metadata" : { }
      },
      "parametersMetadata" : {
        "metadata" : { }
      }
    } ],
    "propertiesMetadata" : {
      "metadata" : { }
    },
    "parametersMetadata" : {
      "metadata" : { }
    },
    "hooks" : [ ]
  }, {
    "majorSchemaVersion" : 3,
    "name" : "hpbuysell-otc-salesorder-destination-content",
    "type" : "com.sap.application.content",
    "properties" : { },
    "parameters" : {
      "default-url" : "https://hp-inc--hp-gps-buysell-dev-buysell-dev-cf-sp-hpbuysell-4ea59076.cfapps.us10.hana.ondemand.com",
      "default-app-name" : "hpbuysell-otc-salesorder-destination-content",
      "generated-password" : "********",
      "default-live-url" : "https://hp-inc--hp-gps-buysell-dev-buysell-dev-cf-sp-hpbuysell-4ea59076.cfapps.us10.hana.ondemand.com",
      "default-uri" : "hp-inc--hp-gps-buysell-dev-buysell-dev-cf-sp-hpbuysell-4ea59076.cfapps.us10.hana.ondemand.com",
      "default-instances" : 1,
      "default-live-host" : "hp-inc--hp-gps-buysell-dev-buysell-dev-cf-sp-hpbuysell-4ea59076",
      "instances" : 1,
      "default-host" : "hp-inc--hp-gps-buysell-dev-buysell-dev-cf-sp-hpbuysell-4ea59076",
      "content" : {
        "instance" : {
          "destinations" : [ {
            "Authentication" : "********",
            "Name" : "hpbuysell-otc-salesorder-srv-dest",
            "TokenServiceInstanceName" : "********",
            "TokenServiceKeyName" : "********",
            "URL" : "https://hp-inc--hp-gps-buysell-dev-buysell-dev-cf-sp-hpbuysell-3f6d5fc7.cfapps.us10.hana.ondemand.com",
            "sap.cloud.service" : "hpbuysellotcsalesorder.service"
          }, {
            "Name" : "hpbuysell-otc-salesorder_html_repo_host",
            "ServiceInstanceName" : "hpbuysell-otc-salesorder-html5-repo-host",
            "ServiceKeyName" : "********",
            "sap.cloud.service" : "hpbuysellotcsalesorder.service"
          }, {
            "Authentication" : "********",
            "Name" : "********",
            "ServiceInstanceName" : "********",
            "ServiceKeyName" : "********"
          } ],
          "existing_destinations_policy" : "update"
        }
      },
      "app-name" : "hpbuysell-otc-salesorder-destination-content",
      "default-live-uri" : "hp-inc--hp-gps-buysell-dev-buysell-dev-cf-sp-hpbuysell-4ea59076.cfapps.us10.hana.ondemand.com",
      "protocol" : "https",
      "default-live-app-name" : "hpbuysell-otc-salesorder-destination-content",
      "default-live-domain" : "cfapps.us10.hana.ondemand.com",
      "domain" : "cfapps.us10.hana.ondemand.com",
      "host" : "hp-inc--hp-gps-buysell-dev-buysell-dev-cf-sp-hpbuysell-4ea59076",
      "generated-user" : "********"
    },
    "requiredDependencies" : [ {
      "majorSchemaVersion" : 3,
      "name" : "hpbuysell-otc-salesorder-destination",
      "properties" : { },
      "parameters" : {
        "content-target" : true
      },
      "propertiesMetadata" : {
        "metadata" : { }
      },
      "parametersMetadata" : {
        "metadata" : { }
      }
    }, {
      "majorSchemaVersion" : 3,
      "name" : "hpbuysell-otc-salesorder-html5-repo-host",
      "properties" : { },
      "parameters" : {
        "service-key" : "********"
      },
      "propertiesMetadata" : {
        "metadata" : { }
      },
      "parametersMetadata" : {
        "metadata" : { }
      }
    }, {
      "majorSchemaVersion" : 3,
      "name" : "********",
      "properties" : { },
      "parameters" : {
        "service-key" : "********"
      },
      "propertiesMetadata" : {
        "metadata" : { }
      },
      "parametersMetadata" : {
        "metadata" : { }
      }
    }, {
      "majorSchemaVersion" : 3,
      "name" : "srv-api",
      "properties" : { },
      "parameters" : { },
      "propertiesMetadata" : {
        "metadata" : { }
      },
      "parametersMetadata" : {
        "metadata" : { }
      }
    } ],
    "providedDependencies" : [ {
      "majorSchemaVersion" : 3,
      "name" : "hpbuysell-otc-salesorder-destination-content",
      "isPublic" : false,
      "properties" : { },
      "parameters" : { },
      "propertiesMetadata" : {
        "metadata" : { }
      },
      "parametersMetadata" : {
        "metadata" : { }
      }
    } ],
    "propertiesMetadata" : {
      "metadata" : { }
    },
    "parametersMetadata" : {
      "metadata" : { }
    },
    "hooks" : [ ]
  }, {
    "majorSchemaVersion" : 3,
    "name" : "hpbuysell-otc-salesorder-app-content",
    "type" : "com.sap.application.content",
    "path" : "hpbuysell-otc-salesorder-app-content",
    "properties" : { },
    "parameters" : {
      "default-url" : "https://hp-inc--hp-gps-buysell-dev-buysell-dev-cf-sp-hpbuysell-36254d63.cfapps.us10.hana.ondemand.com",
      "default-app-name" : "hpbuysell-otc-salesorder-app-content",
      "generated-password" : "********",
      "default-live-url" : "https://hp-inc--hp-gps-buysell-dev-buysell-dev-cf-sp-hpbuysell-36254d63.cfapps.us10.hana.ondemand.com",
      "default-uri" : "hp-inc--hp-gps-buysell-dev-buysell-dev-cf-sp-hpbuysell-36254d63.cfapps.us10.hana.ondemand.com",
      "default-instances" : 1,
      "default-live-host" : "hp-inc--hp-gps-buysell-dev-buysell-dev-cf-sp-hpbuysell-36254d63",
      "instances" : 1,
      "default-host" : "hp-inc--hp-gps-buysell-dev-buysell-dev-cf-sp-hpbuysell-36254d63",
      "content" : {
        "instance" : {
          "existing_apps_policy" : "update",
          "service" : "hpbuysellotcsalesorder.service"
        }
      },
      "app-name" : "hpbuysell-otc-salesorder-app-content",
      "default-live-uri" : "hp-inc--hp-gps-buysell-dev-buysell-dev-cf-sp-hpbuysell-36254d63.cfapps.us10.hana.ondemand.com",
      "protocol" : "https",
      "default-live-app-name" : "hpbuysell-otc-salesorder-app-content",
      "default-live-domain" : "cfapps.us10.hana.ondemand.com",
      "domain" : "cfapps.us10.hana.ondemand.com",
      "host" : "hp-inc--hp-gps-buysell-dev-buysell-dev-cf-sp-hpbuysell-36254d63",
      "generated-user" : "********"
    },
    "requiredDependencies" : [ {
      "majorSchemaVersion" : 3,
      "name" : "hpbuysell-otc-salesorder-html5-repo-host",
      "properties" : { },
      "parameters" : {
        "content-target" : true
      },
      "propertiesMetadata" : {
        "metadata" : { }
      },
      "parametersMetadata" : {
        "metadata" : { }
      }
    } ],
    "providedDependencies" : [ {
      "majorSchemaVersion" : 3,
      "name" : "hpbuysell-otc-salesorder-app-content",
      "isPublic" : false,
      "properties" : { },
      "parameters" : { },
      "propertiesMetadata" : {
        "metadata" : { }
      },
      "parametersMetadata" : {
        "metadata" : { }
      }
    } ],
    "propertiesMetadata" : {
      "metadata" : { }
    },
    "parametersMetadata" : {
      "metadata" : { }
    },
    "hooks" : [ ]
  } ],
  "resources" : [ {
    "majorSchemaVersion" : 3,
    "name" : "********",
    "type" : "org.cloudfoundry.managed-service",
    "properties" : { },
    "parameters" : {
      "generated-password" : "********",
      "path" : "./xs-security.json",
      "service-name" : "********",
      "service-plan" : "application",
      "service" : "xsuaa",
      "generated-user" : "********",
      "default-xsappname" : "********",
      "type" : "managed-service",
      "config" : {
        "oauth2-configuration" : "********",
        "tenant-mode" : "dedicated",
        "xsappname" : "hpbuysell-otc-salesorder"
      },
      "default-service-name" : "********",
      "default-container-name" : "HP_INC__HP_GPS_BUYSELL_DEV_BUYSELL_DEV_CF_SP_HPBUYSELL_OT7B9A388"
    },
    "isActive" : true,
    "isOptional" : false,
    "propertiesMetadata" : {
      "metadata" : { }
    },
    "parametersMetadata" : {
      "metadata" : { }
    },
    "requiredDependencies" : [ ],
    "processedAfter" : [ ]
  }, {
    "majorSchemaVersion" : 3,
    "name" : "buysell-dev-pgdb",
    "type" : "org.cloudfoundry.managed-service",
    "properties" : { },
    "parameters" : {
      "generated-password" : "********",
      "service-name" : "buysell-dev-pgdb",
      "service-plan" : "standard",
      "service" : "postgresql-db",
      "generated-user" : "********",
      "default-xsappname" : "buysell-dev-pgdb",
      "type" : "managed-service",
      "default-service-name" : "buysell-dev-pgdb",
      "default-container-name" : "HP_INC__HP_GPS_BUYSELL_DEV_BUYSELL_DEV_CF_SP_BUYSELL_DEV_PGDB"
    },
    "isActive" : true,
    "isOptional" : false,
    "propertiesMetadata" : {
      "metadata" : { }
    },
    "parametersMetadata" : {
      "metadata" : { }
    },
    "requiredDependencies" : [ ],
    "processedAfter" : [ ]
  }, {
    "majorSchemaVersion" : 3,
    "name" : "hpbuysell-otc-salesorder-destination",
    "type" : "org.cloudfoundry.managed-service",
    "properties" : { },
    "parameters" : {
      "generated-password" : "********",
      "service-name" : "hpbuysell-otc-salesorder-destination",
      "service-plan" : "lite",
      "service" : "destination",
      "generated-user" : "********",
      "default-xsappname" : "hpbuysell-otc-salesorder-destination",
      "type" : "managed-service",
      "config" : {
        "HTML5Runtime_enabled" : true,
        "init_data" : {
          "instance" : {
            "destinations" : [ {
              "Authentication" : "********",
              "Name" : "ui5",
              "ProxyType" : "Internet",
              "Type" : "HTTP",
              "URL" : "https://ui5.sap.com"
            }, {
              "Authentication" : "********",
              "HTML5.DynamicDestination" : true,
              "HTML5.ForwardAuthToken" : "********",
              "Name" : "srv-api",
              "ProxyType" : "Internet",
              "Type" : "HTTP",
              "URL" : "https://hp-inc--hp-gps-buysell-dev-buysell-dev-cf-sp-hpbuysell-3f6d5fc7.cfapps.us10.hana.ondemand.com"
            } ],
            "existing_destinations_policy" : "update"
          }
        }
      },
      "default-service-name" : "hpbuysell-otc-salesorder-destination",
      "default-container-name" : "HP_INC__HP_GPS_BUYSELL_DEV_BUYSELL_DEV_CF_SP_HPBUYSELL_O7835AE0E"
    },
    "isActive" : true,
    "isOptional" : false,
    "propertiesMetadata" : {
      "metadata" : { }
    },
    "parametersMetadata" : {
      "metadata" : { }
    },
    "requiredDependencies" : [ {
      "majorSchemaVersion" : 3,
      "name" : "srv-api",
      "properties" : { },
      "parameters" : { },
      "propertiesMetadata" : {
        "metadata" : { }
      },
      "parametersMetadata" : {
        "metadata" : { }
      }
    } ],
    "processedAfter" : [ ]
  }, {
    "majorSchemaVersion" : 3,
    "name" : "hpbuysell-otc-salesorder-html5-repo-host",
    "type" : "org.cloudfoundry.managed-service",
    "properties" : { },
    "parameters" : {
      "generated-password" : "********",
      "service-name" : "hpbuysell-otc-salesorder-html5-repo-host",
      "service-plan" : "app-host",
      "service" : "html5-apps-repo",
      "generated-user" : "********",
      "default-xsappname" : "hpbuysell-otc-salesorder-html5-repo-host",
      "type" : "managed-service",
      "default-service-name" : "hpbuysell-otc-salesorder-html5-repo-host",
      "default-container-name" : "HP_INC__HP_GPS_BUYSELL_DEV_BUYSELL_DEV_CF_SP_HPBUYSELL_O7A057BA0"
    },
    "isActive" : true,
    "isOptional" : false,
    "propertiesMetadata" : {
      "metadata" : { }
    },
    "parametersMetadata" : {
      "metadata" : { }
    },
    "requiredDependencies" : [ ],
    "processedAfter" : [ ]
  } ],
  "parameters" : {
    "deploy_mode" : "html5-repo",
    "mta-id" : "hpbuysell-otc-salesorder",
    "authorization-url" : "********",
    "org-guid" : "28f5f013-e7b0-47dd-be78-90527778d0f9",
    "org" : "HP Inc._hp-gps-buysell-dev",
    "deploy-target" : "HP Inc._hp-gps-buysell-dev buysell-dev-cf-sp",
    "enable-parallel-deployments" : true,
    "region-primary-domain" : "us10.hana.ondemand.com",
    "space" : "buysell-dev-cf-sp",
    "region-domain" : "us10.hana.ondemand.com",
    "xs-api-url" : "https://api.cf.us10.hana.ondemand.com",
    "deploy-url" : "deploy-service.cfapps.us10.hana.ondemand.com",
    "xs-type" : "CF",
    "default-domain" : "cfapps.us10.hana.ondemand.com",
    "mta-version" : "1.0.0",
    "xs-auth-url" : "********",
    "space-guid" : "0850fa4f-7659-486a-868e-d7f3c8781c3b",
    "user" : "********",
    "controller-url" : "https://api.cf.us10.hana.ondemand.com",
    "timestamp" : "20260923163341"
  },
  "parametersMetadata" : {
    "metadata" : { }
  }
}#
#2026 09 23 16:34:00.342#Z#DEBUG#89a811f3-b76c-11f1-a9d4-eeee0a93f2f4.OPERATION#flowable-async-job-executor-thread-11906#
[ProcessDescriptorStep] Merged descriptor properties and parameters resolved#
#2026 09 23 16:34:00.342#Z#DEBUG#89a811f3-b76c-11f1-a9d4-eeee0a93f2f4.OPERATION#flowable-async-job-executor-thread-11906#
Step "Re-Process Descriptor Step" finished#
#2026 09 23 16:34:00.381#Z#DEBUG#89a811f3-b76c-11f1-a9d4-eeee0a93f2f4.OPERATION#flowable-async-job-executor-thread-11907#
[BuildApplicationDeployModelStep] Executing task "buildApplicationDeployModelTask" of process "9496af7a-b76c-11f1-b8fd-eeee0a98fd3d"...#
#2026 09 23 16:34:00.385#Z#DEBUG#89a811f3-b76c-11f1-a9d4-eeee0a93f2f4.OPERATION#flowable-async-job-executor-thread-11907#
[BuildApplicationDeployModelStep] Building cloud deployment model for application "hpbuysell-otc-salesorder-srv"...#
#2026 09 23 16:34:00.392#Z#DEBUG#89a811f3-b76c-11f1-a9d4-eeee0a93f2f4.OPERATION#flowable-async-job-executor-thread-11907#
[BuildApplicationDeployModelStep] No health-check-type is specified. Setting default type: port#
#2026 09 23 16:34:00.393#Z#INFO#89a811f3-b76c-11f1-a9d4-eeee0a93f2f4.OPERATION#flowable-async-job-executor-thread-11907#
[BuildApplicationDeployModelStep] Building configuration entries for org HP Inc._hp-gps-buysell-dev, space buysell-dev-cf-sp, spaceId 0850fa4f-7659-486a-868e-d7f3c8781c3b and namespace null!#
#2026 09 23 16:34:00.394#Z#DEBUG#89a811f3-b76c-11f1-a9d4-eeee0a93f2f4.OPERATION#flowable-async-job-executor-thread-11907#
[BuildApplicationDeployModelStep] Configuration entries to publish: [ ]#
#2026 09 23 16:34:00.394#Z#DEBUG#89a811f3-b76c-11f1-a9d4-eeee0a93f2f4.OPERATION#flowable-async-job-executor-thread-11907#
[BuildApplicationDeployModelStep] Cloud deployment model for application built#
#2026 09 23 16:34:00.394#Z#DEBUG#89a811f3-b76c-11f1-a9d4-eeee0a93f2f4.OPERATION#flowable-async-job-executor-thread-11907#
Step "Build Application Deploy Model" finished#
#2026 09 23 16:34:00.445#Z#DEBUG#89a811f3-b76c-11f1-a9d4-eeee0a93f2f4.OPERATION#flowable-async-job-executor-thread-11908#
[CreateOrUpdateAppStep] Executing task "createAppTask" of process "9496af7a-b76c-11f1-b8fd-eeee0a98fd3d"...#
#2026 09 23 16:34:00.447#Z#DEBUG#89a811f3-b76c-11f1-a9d4-eeee0a93f2f4.OPERATION#flowable-async-job-executor-thread-11908#
[CreateOrUpdateAppStep] Getting application "hpbuysell-otc-salesorder-srv"...#
#2026 09 23 16:34:00.475#Z#INFO#89a811f3-b76c-11f1-a9d4-eeee0a93f2f4.OPERATION#flowable-async-job-executor-thread-11908#
[CreateOrUpdateAppStep] Updating application "hpbuysell-otc-salesorder-srv"...#
#2026 09 23 16:34:00.482#Z#DEBUG#89a811f3-b76c-11f1-a9d4-eeee0a93f2f4.OPERATION#flowable-async-job-executor-thread-11908#
[CreateOrUpdateAppStep] Getting process for application "30a35eb8-d3f3-4113-9347-bb35ee8ee030"...#
#2026 09 23 16:34:00.525#Z#DEBUG#89a811f3-b76c-11f1-a9d4-eeee0a93f2f4.OPERATION#flowable-async-job-executor-thread-11908#
[CreateOrUpdateAppStep] Getting routes for application "30a35eb8-d3f3-4113-9347-bb35ee8ee030"...#
#2026 09 23 16:34:00.561#Z#DEBUG#89a811f3-b76c-11f1-a9d4-eeee0a93f2f4.OPERATION#flowable-async-job-executor-thread-11908#
[CreateOrUpdateAppStep] Getting features for application "30a35eb8-d3f3-4113-9347-bb35ee8ee030"#
#2026 09 23 16:34:00.592#Z#DEBUG#89a811f3-b76c-11f1-a9d4-eeee0a93f2f4.OPERATION#flowable-async-job-executor-thread-11908#
[CreateOrUpdateAppStep] Updating staging of application "hpbuysell-otc-salesorder-srv" to: {
  "buildpacks" : [ "nodejs_buildpack" ],
  "healthCheckType" : "port",
  "appFeatures" : { }
}#
#2026 09 23 16:34:00.853#Z#DEBUG#89a811f3-b76c-11f1-a9d4-eeee0a93f2f4.OPERATION#flowable-async-job-executor-thread-11908#
[CreateOrUpdateAppStep] Application "hpbuysell-otc-salesorder-srv" updated#
#2026 09 23 16:34:00.853#Z#DEBUG#89a811f3-b76c-11f1-a9d4-eeee0a93f2f4.OPERATION#flowable-async-job-executor-thread-11908#
[CreateOrUpdateAppStep] Getting environment of application "30a35eb8-d3f3-4113-9347-bb35ee8ee030"...#
#2026 09 23 16:34:00.938#Z#DEBUG#89a811f3-b76c-11f1-a9d4-eeee0a93f2f4.OPERATION#flowable-async-job-executor-thread-11908#
[CreateOrUpdateAppStep] Application "hpbuysell-otc-salesorder-srv" updated#
#2026 09 23 16:34:00.938#Z#DEBUG#89a811f3-b76c-11f1-a9d4-eeee0a93f2f4.OPERATION#flowable-async-job-executor-thread-11908#
Step "Create App" finished#
#2026 09 23 16:34:01.044#Z#DEBUG#89a811f3-b76c-11f1-a9d4-eeee0a93f2f4.OPERATION#flowable-async-job-executor-thread-11912#
[CheckServiceBindingOperationStep] Executing task "checkForServiceBindingOperationInProgress" of process "950a0a18-b76c-11f1-b8fd-eeee0a98fd3d"...#
#2026 09 23 16:34:01.045#Z#DEBUG#89a811f3-b76c-11f1-a9d4-eeee0a93f2f4.OPERATION#flowable-async-job-executor-thread-11912#
[CheckServiceBindingOperationStep] Checking for service binding operation in progress between app "hpbuysell-otc-salesorder-srv" and service instance "hpbuysell-otc-salesorder-auth"#
#2026 09 23 16:34:01.046#Z#DEBUG#89a811f3-b76c-11f1-a9d4-eeee0a93f2f4.OPERATION#flowable-async-job-executor-thread-11912#
[CheckServiceBindingOperationStep] Getting application guid "hpbuysell-otc-salesorder-srv"...#
#2026 09 23 16:34:01.070#Z#DEBUG#89a811f3-b76c-11f1-a9d4-eeee0a93f2f4.OPERATION#flowable-async-job-executor-thread-11912#
[CheckServiceBindingOperationStep] Getting GUID of required service instance "hpbuysell-otc-salesorder-auth"...#
#2026 09 23 16:34:01.103#Z#DEBUG#89a811f3-b76c-11f1-a9d4-eeee0a93f2f4.OPERATION#flowable-async-job-executor-thread-11912#
[CheckServiceBindingOperationStep] Getting binding of service instance "036d21ec-f551-43ba-9056-0bddaa0ce45e" with application "30a35eb8-d3f3-4113-9347-bb35ee8ee030"...#
#2026 09 23 16:34:01.152#Z#DEBUG#89a811f3-b76c-11f1-a9d4-eeee0a93f2f4.OPERATION#flowable-async-job-executor-thread-11912#
[CheckServiceBindingOperationStep] Service binding operation "d8decf59-c00e-464f-89c8-a7618fa436a1" with type "create" is in state "succeeded"#
#2026 09 23 16:34:01.152#Z#DEBUG#89a811f3-b76c-11f1-a9d4-eeee0a93f2f4.OPERATION#flowable-async-job-executor-thread-11912#
Step "Check For Service Binding Operation In Progress" finished#
#2026 09 23 16:34:01.186#Z#DEBUG#89a811f3-b76c-11f1-a9d4-eeee0a93f2f4.OPERATION#flowable-async-job-executor-thread-11913#
[DetermineApplicationServiceBindingActionsStep] Executing task "determineApplicationServiceBindingActionsTask" of process "950a0a18-b76c-11f1-b8fd-eeee0a98fd3d"...#
#2026 09 23 16:34:01.188#Z#DEBUG#89a811f3-b76c-11f1-a9d4-eeee0a93f2f4.OPERATION#flowable-async-job-executor-thread-11913#
[DetermineApplicationServiceBindingActionsStep] Determine bind/unbind operations of application "hpbuysell-otc-salesorder-srv" to service instance "hpbuysell-otc-salesorder-auth"#
#2026 09 23 16:34:01.188#Z#DEBUG#89a811f3-b76c-11f1-a9d4-eeee0a93f2f4.OPERATION#flowable-async-job-executor-thread-11913#
[DetermineApplicationServiceBindingActionsStep] Getting application "hpbuysell-otc-salesorder-srv"...#
#2026 09 23 16:34:01.220#Z#DEBUG#89a811f3-b76c-11f1-a9d4-eeee0a93f2f4.OPERATION#flowable-async-job-executor-thread-11913#
[DetermineApplicationServiceBindingActionsStep] Binding parameters for application "hpbuysell-otc-salesorder-srv": { }#
#2026 09 23 16:34:01.247#Z#DEBUG#89a811f3-b76c-11f1-a9d4-eeee0a93f2f4.OPERATION#flowable-async-job-executor-thread-11913#
[DetermineApplicationServiceBindingActionsStep] Check should rebind application "hpbuysell-otc-salesorder-srv" and service instance "hpbuysell-otc-salesorder-auth"#
#2026 09 23 16:34:01.247#Z#DEBUG#89a811f3-b76c-11f1-a9d4-eeee0a93f2f4.OPERATION#flowable-async-job-executor-thread-11913#
[DetermineApplicationServiceBindingActionsStep] Getting GUID of required service instance "hpbuysell-otc-salesorder-auth"...#
#2026 09 23 16:34:01.281#Z#DEBUG#89a811f3-b76c-11f1-a9d4-eeee0a93f2f4.OPERATION#flowable-async-job-executor-thread-11913#
[DetermineApplicationServiceBindingActionsStep] Getting binding of service instance "036d21ec-f551-43ba-9056-0bddaa0ce45e" with application "30a35eb8-d3f3-4113-9347-bb35ee8ee030"...#
#2026 09 23 16:34:01.316#Z#DEBUG#89a811f3-b76c-11f1-a9d4-eeee0a93f2f4.OPERATION#flowable-async-job-executor-thread-11913#
[DetermineApplicationServiceBindingActionsStep] Getting parameters of service binding "d8decf59-c00e-464f-89c8-a7618fa436a1"...#
#2026 09 23 16:34:01.344#Z#WARN#89a811f3-b76c-11f1-a9d4-eeee0a93f2f4.OPERATION#flowable-async-job-executor-thread-11913#
[DetermineApplicationServiceBindingActionsStep] Cannot retrieve parameters of binding between application "hpbuysell-otc-salesorder-srv" and service instance "hpbuysell-otc-salesorder-auth"#
#2026 09 23 16:34:01.345#Z#DEBUG#89a811f3-b76c-11f1-a9d4-eeee0a93f2f4.OPERATION#flowable-async-job-executor-thread-11913#
[DetermineApplicationServiceBindingActionsStep] Calculated binding operations between application "hpbuysell-otc-salesorder-srv" and service instance "hpbuysell-otc-salesorder-auth": unbind - true bind - true#
#2026 09 23 16:34:01.345#Z#DEBUG#89a811f3-b76c-11f1-a9d4-eeee0a93f2f4.OPERATION#flowable-async-job-executor-thread-11913#
Step "Determine Application Service Binding Actions" finished#
#2026 09 23 16:34:01.404#Z#DEBUG#89a811f3-b76c-11f1-a9d4-eeee0a93f2f4.OPERATION#flowable-async-job-executor-thread-11914#
[UnbindServiceFromApplicationStep] Executing task "unbindServiceFromApplicationTask" of process "950a0a18-b76c-11f1-b8fd-eeee0a98fd3d"...#
#2026 09 23 16:34:01.416#Z#INFO#89a811f3-b76c-11f1-a9d4-eeee0a93f2f4.OPERATION#flowable-async-job-executor-thread-11914#
[UnbindServiceFromApplicationStep] Unbinding service instance "hpbuysell-otc-salesorder-auth" from application "hpbuysell-otc-salesorder-srv"...#
#2026 09 23 16:34:01.466#Z#DEBUG#89a811f3-b76c-11f1-a9d4-eeee0a93f2f4.OPERATION#flowable-async-job-executor-thread-11914#
[UnbindServiceFromApplicationStep] Unbinding application "hpbuysell-otc-salesorder-srv" from service instance "hpbuysell-otc-salesorder-auth"...#
#2026 09 23 16:34:01.618#Z#DEBUG#89a811f3-b76c-11f1-a9d4-eeee0a93f2f4.OPERATION#flowable-async-job-executor-thread-11914#
Step "Unbind Service from Application" finished#
#2026 09 23 16:34:02.600#Z#DEBUG#89a811f3-b76c-11f1-a9d4-eeee0a93f2f4.OPERATION#flowable-async-job-executor-thread-21976#
[ProcessDescriptorStep] Executing task "reprocessDescriptorTask" of process "95f0e7cc-b76c-11f1-896f-eeee0a8180c9"...#
#2026 09 23 16:34:02.600#Z#DEBUG#89a811f3-b76c-11f1-a9d4-eeee0a93f2f4.OPERATION#flowable-async-job-executor-thread-21976#
[ProcessDescriptorStep] Resolving properties and parameters in merged descriptor...#
#2026 09 23 16:34:02.605#Z#DEBUG#89a811f3-b76c-11f1-a9d4-eeee0a93f2f4.OPERATION#flowable-async-job-executor-thread-21976#
[ProcessDescriptorStep] Subscriptions: [ ]#
#2026 09 23 16:34:02.609#Z#DEBUG#89a811f3-b76c-11f1-a9d4-eeee0a93f2f4.OPERATION#flowable-async-job-executor-thread-21976#
[ProcessDescriptorStep] MTA modules: [hpbuysell-otc-salesorder-srv, hpbuysell-otc-salesorder-destination-content, hpbuysell-otc-salesorder-postgres-deployer, hpbuysell-otc-salesorder-app-content]#
#2026 09 23 16:34:02.611#Z#DEBUG#89a811f3-b76c-11f1-a9d4-eeee0a93f2f4.OPERATION#flowable-async-job-executor-thread-21976#
[ProcessDescriptorStep] Resolved deployment descriptor: {
  "majorSchemaVersion" : 3,
  "schemaVersion" : "3.3.0",
  "id" : "hpbuysell-otc-salesorder",
  "version" : "1.0.0",
  "modules" : [ {
    "majorSchemaVersion" : 3,
    "name" : "hpbuysell-otc-salesorder-srv",
    "type" : "javascript.nodejs",
    "path" : "hpbuysell-otc-salesorder-srv",
    "properties" : { },
    "parameters" : {
      "default-url" : "https://hp-inc--hp-gps-buysell-dev-buysell-dev-cf-sp-hpbuysell-3f6d5fc7.cfapps.us10.hana.ondemand.com",
      "default-app-name" : "hpbuysell-otc-salesorder-srv",
      "generated-password" : "********",
      "default-live-url" : "https://hp-inc--hp-gps-buysell-dev-buysell-dev-cf-sp-hpbuysell-3f6d5fc7.cfapps.us10.hana.ondemand.com",
      "default-uri" : "hp-inc--hp-gps-buysell-dev-buysell-dev-cf-sp-hpbuysell-3f6d5fc7.cfapps.us10.hana.ondemand.com",
      "default-instances" : 1,
      "default-live-host" : "hp-inc--hp-gps-buysell-dev-buysell-dev-cf-sp-hpbuysell-3f6d5fc7",
      "instances" : 1,
      "buildpack" : "nodejs_buildpack",
      "default-host" : "hp-inc--hp-gps-buysell-dev-buysell-dev-cf-sp-hpbuysell-3f6d5fc7",
      "app-name" : "hpbuysell-otc-salesorder-srv",
      "default-live-uri" : "hp-inc--hp-gps-buysell-dev-buysell-dev-cf-sp-hpbuysell-3f6d5fc7.cfapps.us10.hana.ondemand.com",
      "protocol" : "https",
      "default-live-app-name" : "hpbuysell-otc-salesorder-srv",
      "default-live-domain" : "cfapps.us10.hana.ondemand.com",
      "domain" : "cfapps.us10.hana.ondemand.com",
      "host" : "hp-inc--hp-gps-buysell-dev-buysell-dev-cf-sp-hpbuysell-3f6d5fc7",
      "generated-user" : "********"
    },
    "requiredDependencies" : [ {
      "majorSchemaVersion" : 3,
      "name" : "********",
      "properties" : { },
      "parameters" : { },
      "propertiesMetadata" : {
        "metadata" : { }
      },
      "parametersMetadata" : {
        "metadata" : { }
      }
    }, {
      "majorSchemaVersion" : 3,
      "name" : "buysell-dev-pgdb",
      "properties" : { },
      "parameters" : { },
      "propertiesMetadata" : {
        "metadata" : { }
      },
      "parametersMetadata" : {
        "metadata" : { }
      }
    }, {
      "majorSchemaVersion" : 3,
      "name" : "hpbuysell-otc-salesorder-destination",
      "properties" : { },
      "parameters" : { },
      "propertiesMetadata" : {
        "metadata" : { }
      },
      "parametersMetadata" : {
        "metadata" : { }
      }
    } ],
    "providedDependencies" : [ {
      "majorSchemaVersion" : 3,
      "name" : "srv-api",
      "isPublic" : false,
      "properties" : {
        "srv-url" : "https://hp-inc--hp-gps-buysell-dev-buysell-dev-cf-sp-hpbuysell-3f6d5fc7.cfapps.us10.hana.ondemand.com"
      },
      "parameters" : { },
      "propertiesMetadata" : {
        "metadata" : { }
      },
      "parametersMetadata" : {
        "metadata" : { }
      }
    }, {
      "majorSchemaVersion" : 3,
      "name" : "hpbuysell-otc-salesorder-srv",
      "isPublic" : false,
      "properties" : { },
      "parameters" : { },
      "propertiesMetadata" : {
        "metadata" : { }
      },
      "parametersMetadata" : {
        "metadata" : { }
      }
    } ],
    "propertiesMetadata" : {
      "metadata" : { }
    },
    "parametersMetadata" : {
      "metadata" : { }
    },
    "hooks" : [ ]
  }, {
    "majorSchemaVersion" : 3,
    "name" : "hpbuysell-otc-salesorder-postgres-deployer",
    "type" : "javascript.nodejs",
    "path" : "hpbuysell-otc-salesorder-postgres-deployer",
    "properties" : { },
    "parameters" : {
      "default-url" : "https://hp-inc--hp-gps-buysell-dev-buysell-dev-cf-sp-hpbuysell-5e079d78.cfapps.us10.hana.ondemand.com",
      "default-app-name" : "hpbuysell-otc-salesorder-postgres-deployer",
      "generated-password" : "********",
      "default-live-url" : "https://hp-inc--hp-gps-buysell-dev-buysell-dev-cf-sp-hpbuysell-5e079d78.cfapps.us10.hana.ondemand.com",
      "default-uri" : "hp-inc--hp-gps-buysell-dev-buysell-dev-cf-sp-hpbuysell-5e079d78.cfapps.us10.hana.ondemand.com",
      "default-instances" : 1,
      "no-route" : true,
      "default-live-host" : "hp-inc--hp-gps-buysell-dev-buysell-dev-cf-sp-hpbuysell-5e079d78",
      "instances" : 1,
      "buildpack" : "nodejs_buildpack",
      "default-host" : "hp-inc--hp-gps-buysell-dev-buysell-dev-cf-sp-hpbuysell-5e079d78",
      "app-name" : "hpbuysell-otc-salesorder-postgres-deployer",
      "default-live-uri" : "hp-inc--hp-gps-buysell-dev-buysell-dev-cf-sp-hpbuysell-5e079d78.cfapps.us10.hana.ondemand.com",
      "protocol" : "https",
      "default-live-app-name" : "hpbuysell-otc-salesorder-postgres-deployer",
      "default-live-domain" : "cfapps.us10.hana.ondemand.com",
      "domain" : "cfapps.us10.hana.ondemand.com",
      "host" : "hp-inc--hp-gps-buysell-dev-buysell-dev-cf-sp-hpbuysell-5e079d78",
      "generated-user" : "********",
      "tasks" : [ {
        "command" : "npm start",
        "name" : "deploy-to-postgresql"
      } ],
      "no-start" : true
    },
    "requiredDependencies" : [ {
      "majorSchemaVersion" : 3,
      "name" : "buysell-dev-pgdb",
      "properties" : { },
      "parameters" : { },
      "propertiesMetadata" : {
        "metadata" : { }
      },
      "parametersMetadata" : {
        "metadata" : { }
      }
    }, {
      "majorSchemaVersion" : 3,
      "name" : "********",
      "properties" : { },
      "parameters" : { },
      "propertiesMetadata" : {
        "metadata" : { }
      },
      "parametersMetadata" : {
        "metadata" : { }
      }
    } ],
    "providedDependencies" : [ {
      "majorSchemaVersion" : 3,
      "name" : "hpbuysell-otc-salesorder-postgres-deployer",
      "isPublic" : false,
      "properties" : { },
      "parameters" : { },
      "propertiesMetadata" : {
        "metadata" : { }
      },
      "parametersMetadata" : {
        "metadata" : { }
      }
    } ],
    "propertiesMetadata" : {
      "metadata" : { }
    },
    "parametersMetadata" : {
      "metadata" : { }
    },
    "hooks" : [ ]
  }, {
    "majorSchemaVersion" : 3,
    "name" : "hpbuysell-otc-salesorder-destination-content",
    "type" : "com.sap.application.content",
    "properties" : { },
    "parameters" : {
      "default-url" : "https://hp-inc--hp-gps-buysell-dev-buysell-dev-cf-sp-hpbuysell-4ea59076.cfapps.us10.hana.ondemand.com",
      "default-app-name" : "hpbuysell-otc-salesorder-destination-content",
      "generated-password" : "********",
      "default-live-url" : "https://hp-inc--hp-gps-buysell-dev-buysell-dev-cf-sp-hpbuysell-4ea59076.cfapps.us10.hana.ondemand.com",
      "default-uri" : "hp-inc--hp-gps-buysell-dev-buysell-dev-cf-sp-hpbuysell-4ea59076.cfapps.us10.hana.ondemand.com",
      "default-instances" : 1,
      "default-live-host" : "hp-inc--hp-gps-buysell-dev-buysell-dev-cf-sp-hpbuysell-4ea59076",
      "instances" : 1,
      "default-host" : "hp-inc--hp-gps-buysell-dev-buysell-dev-cf-sp-hpbuysell-4ea59076",
      "content" : {
        "instance" : {
          "destinations" : [ {
            "Authentication" : "********",
            "Name" : "hpbuysell-otc-salesorder-srv-dest",
            "TokenServiceInstanceName" : "********",
            "TokenServiceKeyName" : "********",
            "URL" : "https://hp-inc--hp-gps-buysell-dev-buysell-dev-cf-sp-hpbuysell-3f6d5fc7.cfapps.us10.hana.ondemand.com",
            "sap.cloud.service" : "hpbuysellotcsalesorder.service"
          }, {
            "Name" : "hpbuysell-otc-salesorder_html_repo_host",
            "ServiceInstanceName" : "hpbuysell-otc-salesorder-html5-repo-host",
            "ServiceKeyName" : "********",
            "sap.cloud.service" : "hpbuysellotcsalesorder.service"
          }, {
            "Authentication" : "********",
            "Name" : "********",
            "ServiceInstanceName" : "********",
            "ServiceKeyName" : "********"
          } ],
          "existing_destinations_policy" : "update"
        }
      },
      "app-name" : "hpbuysell-otc-salesorder-destination-content",
      "default-live-uri" : "hp-inc--hp-gps-buysell-dev-buysell-dev-cf-sp-hpbuysell-4ea59076.cfapps.us10.hana.ondemand.com",
      "protocol" : "https",
      "default-live-app-name" : "hpbuysell-otc-salesorder-destination-content",
      "default-live-domain" : "cfapps.us10.hana.ondemand.com",
      "domain" : "cfapps.us10.hana.ondemand.com",
      "host" : "hp-inc--hp-gps-buysell-dev-buysell-dev-cf-sp-hpbuysell-4ea59076",
      "generated-user" : "********"
    },
    "requiredDependencies" : [ {
      "majorSchemaVersion" : 3,
      "name" : "hpbuysell-otc-salesorder-destination",
      "properties" : { },
      "parameters" : {
        "content-target" : true
      },
      "propertiesMetadata" : {
        "metadata" : { }
      },
      "parametersMetadata" : {
        "metadata" : { }
      }
    }, {
      "majorSchemaVersion" : 3,
      "name" : "hpbuysell-otc-salesorder-html5-repo-host",
      "properties" : { },
      "parameters" : {
        "service-key" : "********"
      },
      "propertiesMetadata" : {
        "metadata" : { }
      },
      "parametersMetadata" : {
        "metadata" : { }
      }
    }, {
      "majorSchemaVersion" : 3,
      "name" : "********",
      "properties" : { },
      "parameters" : {
        "service-key" : "********"
      },
      "propertiesMetadata" : {
        "metadata" : { }
      },
      "parametersMetadata" : {
        "metadata" : { }
      }
    }, {
      "majorSchemaVersion" : 3,
      "name" : "srv-api",
      "properties" : { },
      "parameters" : { },
      "propertiesMetadata" : {
        "metadata" : { }
      },
      "parametersMetadata" : {
        "metadata" : { }
      }
    } ],
    "providedDependencies" : [ {
      "majorSchemaVersion" : 3,
      "name" : "hpbuysell-otc-salesorder-destination-content",
      "isPublic" : false,
      "properties" : { },
      "parameters" : { },
      "propertiesMetadata" : {
        "metadata" : { }
      },
      "parametersMetadata" : {
        "metadata" : { }
      }
    } ],
    "propertiesMetadata" : {
      "metadata" : { }
    },
    "parametersMetadata" : {
      "metadata" : { }
    },
    "hooks" : [ ]
  }, {
    "majorSchemaVersion" : 3,
    "name" : "hpbuysell-otc-salesorder-app-content",
    "type" : "com.sap.application.content",
    "path" : "hpbuysell-otc-salesorder-app-content",
    "properties" : { },
    "parameters" : {
      "default-url" : "https://hp-inc--hp-gps-buysell-dev-buysell-dev-cf-sp-hpbuysell-36254d63.cfapps.us10.hana.ondemand.com",
      "default-app-name" : "hpbuysell-otc-salesorder-app-content",
      "generated-password" : "********",
      "default-live-url" : "https://hp-inc--hp-gps-buysell-dev-buysell-dev-cf-sp-hpbuysell-36254d63.cfapps.us10.hana.ondemand.com",
      "default-uri" : "hp-inc--hp-gps-buysell-dev-buysell-dev-cf-sp-hpbuysell-36254d63.cfapps.us10.hana.ondemand.com",
      "default-instances" : 1,
      "default-live-host" : "hp-inc--hp-gps-buysell-dev-buysell-dev-cf-sp-hpbuysell-36254d63",
      "instances" : 1,
      "default-host" : "hp-inc--hp-gps-buysell-dev-buysell-dev-cf-sp-hpbuysell-36254d63",
      "content" : {
        "instance" : {
          "existing_apps_policy" : "update",
          "service" : "hpbuysellotcsalesorder.service"
        }
      },
      "app-name" : "hpbuysell-otc-salesorder-app-content",
      "default-live-uri" : "hp-inc--hp-gps-buysell-dev-buysell-dev-cf-sp-hpbuysell-36254d63.cfapps.us10.hana.ondemand.com",
      "protocol" : "https",
      "default-live-app-name" : "hpbuysell-otc-salesorder-app-content",
      "default-live-domain" : "cfapps.us10.hana.ondemand.com",
      "domain" : "cfapps.us10.hana.ondemand.com",
      "host" : "hp-inc--hp-gps-buysell-dev-buysell-dev-cf-sp-hpbuysell-36254d63",
      "generated-user" : "********"
    },
    "requiredDependencies" : [ {
      "majorSchemaVersion" : 3,
      "name" : "hpbuysell-otc-salesorder-html5-repo-host",
      "properties" : { },
      "parameters" : {
        "content-target" : true
      },
      "propertiesMetadata" : {
        "metadata" : { }
      },
      "parametersMetadata" : {
        "metadata" : { }
      }
    } ],
    "providedDependencies" : [ {
      "majorSchemaVersion" : 3,
      "name" : "hpbuysell-otc-salesorder-app-content",
      "isPublic" : false,
      "properties" : { },
      "parameters" : { },
      "propertiesMetadata" : {
        "metadata" : { }
      },
      "parametersMetadata" : {
        "metadata" : { }
      }
    } ],
    "propertiesMetadata" : {
      "metadata" : { }
    },
    "parametersMetadata" : {
      "metadata" : { }
    },
    "hooks" : [ ]
  } ],
  "resources" : [ {
    "majorSchemaVersion" : 3,
    "name" : "********",
    "type" : "org.cloudfoundry.managed-service",
    "properties" : { },
    "parameters" : {
      "generated-password" : "********",
      "path" : "./xs-security.json",
      "service-name" : "********",
      "service-plan" : "application",
      "service" : "xsuaa",
      "generated-user" : "********",
      "default-xsappname" : "********",
      "type" : "managed-service",
      "config" : {
        "oauth2-configuration" : "********",
        "tenant-mode" : "dedicated",
        "xsappname" : "hpbuysell-otc-salesorder"
      },
      "default-service-name" : "********",
      "default-container-name" : "HP_INC__HP_GPS_BUYSELL_DEV_BUYSELL_DEV_CF_SP_HPBUYSELL_OT7B9A388"
    },
    "isActive" : true,
    "isOptional" : false,
    "propertiesMetadata" : {
      "metadata" : { }
    },
    "parametersMetadata" : {
      "metadata" : { }
    },
    "requiredDependencies" : [ ],
    "processedAfter" : [ ]
  }, {
    "majorSchemaVersion" : 3,
    "name" : "buysell-dev-pgdb",
    "type" : "org.cloudfoundry.managed-service",
    "properties" : { },
    "parameters" : {
      "generated-password" : "********",
      "service-name" : "buysell-dev-pgdb",
      "service-plan" : "standard",
      "service" : "postgresql-db",
      "generated-user" : "********",
      "default-xsappname" : "buysell-dev-pgdb",
      "type" : "managed-service",
      "default-service-name" : "buysell-dev-pgdb",
      "default-container-name" : "HP_INC__HP_GPS_BUYSELL_DEV_BUYSELL_DEV_CF_SP_BUYSELL_DEV_PGDB"
    },
    "isActive" : true,
    "isOptional" : false,
    "propertiesMetadata" : {
      "metadata" : { }
    },
    "parametersMetadata" : {
      "metadata" : { }
    },
    "requiredDependencies" : [ ],
    "processedAfter" : [ ]
  }, {
    "majorSchemaVersion" : 3,
    "name" : "hpbuysell-otc-salesorder-destination",
    "type" : "org.cloudfoundry.managed-service",
    "properties" : { },
    "parameters" : {
      "generated-password" : "********",
      "service-name" : "hpbuysell-otc-salesorder-destination",
      "service-plan" : "lite",
      "service" : "destination",
      "generated-user" : "********",
      "default-xsappname" : "hpbuysell-otc-salesorder-destination",
      "type" : "managed-service",
      "config" : {
        "HTML5Runtime_enabled" : true,
        "init_data" : {
          "instance" : {
            "destinations" : [ {
              "Authentication" : "********",
              "Name" : "ui5",
              "ProxyType" : "Internet",
              "Type" : "HTTP",
              "URL" : "https://ui5.sap.com"
            }, {
              "Authentication" : "********",
              "HTML5.DynamicDestination" : true,
              "HTML5.ForwardAuthToken" : "********",
              "Name" : "srv-api",
              "ProxyType" : "Internet",
              "Type" : "HTTP",
              "URL" : "https://hp-inc--hp-gps-buysell-dev-buysell-dev-cf-sp-hpbuysell-3f6d5fc7.cfapps.us10.hana.ondemand.com"
            } ],
            "existing_destinations_policy" : "update"
          }
        }
      },
      "default-service-name" : "hpbuysell-otc-salesorder-destination",
      "default-container-name" : "HP_INC__HP_GPS_BUYSELL_DEV_BUYSELL_DEV_CF_SP_HPBUYSELL_O7835AE0E"
    },
    "isActive" : true,
    "isOptional" : false,
    "propertiesMetadata" : {
      "metadata" : { }
    },
    "parametersMetadata" : {
      "metadata" : { }
    },
    "requiredDependencies" : [ {
      "majorSchemaVersion" : 3,
      "name" : "srv-api",
      "properties" : { },
      "parameters" : { },
      "propertiesMetadata" : {
        "metadata" : { }
      },
      "parametersMetadata" : {
        "metadata" : { }
      }
    } ],
    "processedAfter" : [ ]
  }, {
    "majorSchemaVersion" : 3,
    "name" : "hpbuysell-otc-salesorder-html5-repo-host",
    "type" : "org.cloudfoundry.managed-service",
    "properties" : { },
    "parameters" : {
      "generated-password" : "********",
      "service-name" : "hpbuysell-otc-salesorder-html5-repo-host",
      "service-plan" : "app-host",
      "service" : "html5-apps-repo",
      "generated-user" : "********",
      "default-xsappname" : "hpbuysell-otc-salesorder-html5-repo-host",
      "type" : "managed-service",
      "default-service-name" : "hpbuysell-otc-salesorder-html5-repo-host",
      "default-container-name" : "HP_INC__HP_GPS_BUYSELL_DEV_BUYSELL_DEV_CF_SP_HPBUYSELL_O7A057BA0"
    },
    "isActive" : true,
    "isOptional" : false,
    "propertiesMetadata" : {
      "metadata" : { }
    },
    "parametersMetadata" : {
      "metadata" : { }
    },
    "requiredDependencies" : [ ],
    "processedAfter" : [ ]
  } ],
  "parameters" : {
    "deploy_mode" : "html5-repo",
    "mta-id" : "hpbuysell-otc-salesorder",
    "authorization-url" : "********",
    "org-guid" : "28f5f013-e7b0-47dd-be78-90527778d0f9",
    "org" : "HP Inc._hp-gps-buysell-dev",
    "deploy-target" : "HP Inc._hp-gps-buysell-dev buysell-dev-cf-sp",
    "enable-parallel-deployments" : true,
    "region-primary-domain" : "us10.hana.ondemand.com",
    "space" : "buysell-dev-cf-sp",
    "region-domain" : "us10.hana.ondemand.com",
    "xs-api-url" : "https://api.cf.us10.hana.ondemand.com",
    "deploy-url" : "deploy-service.cfapps.us10.hana.ondemand.com",
    "xs-type" : "CF",
    "default-domain" : "cfapps.us10.hana.ondemand.com",
    "mta-version" : "1.0.0",
    "xs-auth-url" : "********",
    "space-guid" : "0850fa4f-7659-486a-868e-d7f3c8781c3b",
    "user" : "********",
    "controller-url" : "https://api.cf.us10.hana.ondemand.com",
    "timestamp" : "20260923163341"
  },
  "parametersMetadata" : {
    "metadata" : { }
  }
}#
#2026 09 23 16:34:02.611#Z#DEBUG#89a811f3-b76c-11f1-a9d4-eeee0a93f2f4.OPERATION#flowable-async-job-executor-thread-21976#
[ProcessDescriptorStep] Merged descriptor properties and parameters resolved#
#2026 09 23 16:34:02.611#Z#DEBUG#89a811f3-b76c-11f1-a9d4-eeee0a93f2f4.OPERATION#flowable-async-job-executor-thread-21976#
Step "Re-Process Descriptor Step" finished#
#2026 09 23 16:34:02.641#Z#DEBUG#89a811f3-b76c-11f1-a9d4-eeee0a93f2f4.OPERATION#flowable-async-job-executor-thread-21977#
[BuildApplicationDeployModelStep] Executing task "buildApplicationDeployModelTask" of process "95f0e7cc-b76c-11f1-896f-eeee0a8180c9"...#
#2026 09 23 16:34:02.643#Z#DEBUG#89a811f3-b76c-11f1-a9d4-eeee0a93f2f4.OPERATION#flowable-async-job-executor-thread-21977#
[BuildApplicationDeployModelStep] Building cloud deployment model for application "hpbuysell-otc-salesorder-postgres-deployer"...#
#2026 09 23 16:34:02.647#Z#DEBUG#89a811f3-b76c-11f1-a9d4-eeee0a93f2f4.OPERATION#flowable-async-job-executor-thread-21977#
[BuildApplicationDeployModelStep] No health-check-type is specified. Setting default type: port#
#2026 09 23 16:34:02.648#Z#INFO#89a811f3-b76c-11f1-a9d4-eeee0a93f2f4.OPERATION#flowable-async-job-executor-thread-21977#
[BuildApplicationDeployModelStep] Building configuration entries for org HP Inc._hp-gps-buysell-dev, space buysell-dev-cf-sp, spaceId 0850fa4f-7659-486a-868e-d7f3c8781c3b and namespace null!#
#2026 09 23 16:34:02.648#Z#DEBUG#89a811f3-b76c-11f1-a9d4-eeee0a93f2f4.OPERATION#flowable-async-job-executor-thread-21977#
[BuildApplicationDeployModelStep] Configuration entries to publish: [ ]#
#2026 09 23 16:34:02.648#Z#DEBUG#89a811f3-b76c-11f1-a9d4-eeee0a93f2f4.OPERATION#flowable-async-job-executor-thread-21977#
[BuildApplicationDeployModelStep] Cloud deployment model for application built#
#2026 09 23 16:34:02.648#Z#DEBUG#89a811f3-b76c-11f1-a9d4-eeee0a93f2f4.OPERATION#flowable-async-job-executor-thread-21977#
Step "Build Application Deploy Model" finished#
#2026 09 23 16:34:02.555#Z#DEBUG#89a811f3-b76c-11f1-a9d4-eeee0a93f2f4.OPERATION#flowable-async-job-executor-thread-21975#
[CheckServiceBindingOperationStep] Executing task "checkForServiceBindingOperationInProgress" of process "95ef618c-b76c-11f1-896f-eeee0a8180c9"...#
#2026 09 23 16:34:02.555#Z#DEBUG#89a811f3-b76c-11f1-a9d4-eeee0a93f2f4.OPERATION#flowable-async-job-executor-thread-21975#
[CheckServiceBindingOperationStep] Checking for service binding operation in progress between app "hpbuysell-otc-salesorder-srv" and service instance "hpbuysell-otc-salesorder-destination"#
#2026 09 23 16:34:02.556#Z#DEBUG#89a811f3-b76c-11f1-a9d4-eeee0a93f2f4.OPERATION#flowable-async-job-executor-thread-21975#
[CheckServiceBindingOperationStep] Getting application guid "hpbuysell-otc-salesorder-srv"...#
#2026 09 23 16:34:02.588#Z#DEBUG#89a811f3-b76c-11f1-a9d4-eeee0a93f2f4.OPERATION#flowable-async-job-executor-thread-21975#
[CheckServiceBindingOperationStep] Getting GUID of required service instance "hpbuysell-otc-salesorder-destination"...#
#2026 09 23 16:34:02.625#Z#DEBUG#89a811f3-b76c-11f1-a9d4-eeee0a93f2f4.OPERATION#flowable-async-job-executor-thread-21975#
[CheckServiceBindingOperationStep] Getting binding of service instance "d7193b5d-7bc9-4add-a6b3-dcf43ae2313d" with application "30a35eb8-d3f3-4113-9347-bb35ee8ee030"...#
#2026 09 23 16:34:02.665#Z#DEBUG#89a811f3-b76c-11f1-a9d4-eeee0a93f2f4.OPERATION#flowable-async-job-executor-thread-21975#
[CheckServiceBindingOperationStep] Service binding operation "9bd1ded2-537a-4dba-8ff6-47d1dc25b811" with type "create" is in state "succeeded"#
#2026 09 23 16:34:02.665#Z#DEBUG#89a811f3-b76c-11f1-a9d4-eeee0a93f2f4.OPERATION#flowable-async-job-executor-thread-21975#
Step "Check For Service Binding Operation In Progress" finished#
#2026 09 23 16:34:02.692#Z#DEBUG#89a811f3-b76c-11f1-a9d4-eeee0a93f2f4.OPERATION#flowable-async-job-executor-thread-21979#
[DetermineApplicationServiceBindingActionsStep] Executing task "determineApplicationServiceBindingActionsTask" of process "95ef618c-b76c-11f1-896f-eeee0a8180c9"...#
#2026 09 23 16:34:02.694#Z#DEBUG#89a811f3-b76c-11f1-a9d4-eeee0a93f2f4.OPERATION#flowable-async-job-executor-thread-21979#
[DetermineApplicationServiceBindingActionsStep] Determine bind/unbind operations of application "hpbuysell-otc-salesorder-srv" to service instance "hpbuysell-otc-salesorder-destination"#
#2026 09 23 16:34:02.694#Z#DEBUG#89a811f3-b76c-11f1-a9d4-eeee0a93f2f4.OPERATION#flowable-async-job-executor-thread-21979#
[DetermineApplicationServiceBindingActionsStep] Getting application "hpbuysell-otc-salesorder-srv"...#
#2026 09 23 16:34:02.728#Z#DEBUG#89a811f3-b76c-11f1-a9d4-eeee0a93f2f4.OPERATION#flowable-async-job-executor-thread-21979#
[DetermineApplicationServiceBindingActionsStep] Binding parameters for application "hpbuysell-otc-salesorder-srv": { }#
#2026 09 23 16:34:02.768#Z#DEBUG#89a811f3-b76c-11f1-a9d4-eeee0a93f2f4.OPERATION#flowable-async-job-executor-thread-21979#
[DetermineApplicationServiceBindingActionsStep] Check should rebind application "hpbuysell-otc-salesorder-srv" and service instance "hpbuysell-otc-salesorder-destination"#
#2026 09 23 16:34:02.768#Z#DEBUG#89a811f3-b76c-11f1-a9d4-eeee0a93f2f4.OPERATION#flowable-async-job-executor-thread-21979#
[DetermineApplicationServiceBindingActionsStep] Getting GUID of required service instance "hpbuysell-otc-salesorder-destination"...#
#2026 09 23 16:34:02.811#Z#DEBUG#89a811f3-b76c-11f1-a9d4-eeee0a93f2f4.OPERATION#flowable-async-job-executor-thread-21979#
[DetermineApplicationServiceBindingActionsStep] Getting binding of service instance "d7193b5d-7bc9-4add-a6b3-dcf43ae2313d" with application "30a35eb8-d3f3-4113-9347-bb35ee8ee030"...#
#2026 09 23 16:34:02.837#Z#DEBUG#89a811f3-b76c-11f1-a9d4-eeee0a93f2f4.OPERATION#flowable-async-job-executor-thread-21979#
[DetermineApplicationServiceBindingActionsStep] Getting parameters of service binding "9bd1ded2-537a-4dba-8ff6-47d1dc25b811"...#
#2026 09 23 16:34:02.868#Z#WARN#89a811f3-b76c-11f1-a9d4-eeee0a93f2f4.OPERATION#flowable-async-job-executor-thread-21979#
[DetermineApplicationServiceBindingActionsStep] Cannot retrieve parameters of binding between application "hpbuysell-otc-salesorder-srv" and service instance "hpbuysell-otc-salesorder-destination"#
#2026 09 23 16:34:02.870#Z#DEBUG#89a811f3-b76c-11f1-a9d4-eeee0a93f2f4.OPERATION#flowable-async-job-executor-thread-21979#
[DetermineApplicationServiceBindingActionsStep] Calculated binding operations between application "hpbuysell-otc-salesorder-srv" and service instance "hpbuysell-otc-salesorder-destination": unbind - true bind - true#
#2026 09 23 16:34:02.870#Z#DEBUG#89a811f3-b76c-11f1-a9d4-eeee0a93f2f4.OPERATION#flowable-async-job-executor-thread-21979#
Step "Determine Application Service Binding Actions" finished#
#2026 09 23 16:34:02.893#Z#DEBUG#89a811f3-b76c-11f1-a9d4-eeee0a93f2f4.OPERATION#flowable-async-job-executor-thread-11918#
[CheckServiceBindingOperationStep] Executing task "checkForServiceBindingOperationInProgress" of process "9623decf-b76c-11f1-b8fd-eeee0a98fd3d"...#
#2026 09 23 16:34:02.893#Z#DEBUG#89a811f3-b76c-11f1-a9d4-eeee0a93f2f4.OPERATION#flowable-async-job-executor-thread-11918#
[CheckServiceBindingOperationStep] Checking for service binding operation in progress between app "hpbuysell-otc-salesorder-srv" and service instance "buysell-dev-pgdb"#
#2026 09 23 16:34:02.894#Z#DEBUG#89a811f3-b76c-11f1-a9d4-eeee0a93f2f4.OPERATION#flowable-async-job-executor-thread-11918#
[CheckServiceBindingOperationStep] Getting application guid "hpbuysell-otc-salesorder-srv"...#
#2026 09 23 16:34:02.922#Z#DEBUG#89a811f3-b76c-11f1-a9d4-eeee0a93f2f4.OPERATION#flowable-async-job-executor-thread-11918#
[CheckServiceBindingOperationStep] Getting GUID of required service instance "buysell-dev-pgdb"...#
#2026 09 23 16:34:02.953#Z#DEBUG#89a811f3-b76c-11f1-a9d4-eeee0a93f2f4.OPERATION#flowable-async-job-executor-thread-11918#
[CheckServiceBindingOperationStep] Getting binding of service instance "63a33c28-9d9e-4453-821a-000f0ee4a75c" with application "30a35eb8-d3f3-4113-9347-bb35ee8ee030"...#
#2026 09 23 16:34:02.992#Z#DEBUG#89a811f3-b76c-11f1-a9d4-eeee0a93f2f4.OPERATION#flowable-async-job-executor-thread-11918#
[CheckServiceBindingOperationStep] Service binding operation "8b98f530-7325-433f-8ce6-758811627fe3" with type "create" is in state "succeeded"#
#2026 09 23 16:34:02.993#Z#DEBUG#89a811f3-b76c-11f1-a9d4-eeee0a93f2f4.OPERATION#flowable-async-job-executor-thread-11918#
Step "Check For Service Binding Operation In Progress" finished#
#2026 09 23 16:34:02.898#Z#DEBUG#89a811f3-b76c-11f1-a9d4-eeee0a93f2f4.OPERATION#flowable-async-job-executor-thread-21980#
[UnbindServiceFromApplicationStep] Executing task "unbindServiceFromApplicationTask" of process "95ef618c-b76c-11f1-896f-eeee0a8180c9"...#
#2026 09 23 16:34:02.900#Z#INFO#89a811f3-b76c-11f1-a9d4-eeee0a93f2f4.OPERATION#flowable-async-job-executor-thread-21980#
[UnbindServiceFromApplicationStep] Unbinding service instance "hpbuysell-otc-salesorder-destination" from application "hpbuysell-otc-salesorder-srv"...#
#2026 09 23 16:34:02.902#Z#DEBUG#89a811f3-b76c-11f1-a9d4-eeee0a93f2f4.OPERATION#flowable-async-job-executor-thread-21980#
[UnbindServiceFromApplicationStep] Unbinding application "hpbuysell-otc-salesorder-srv" from service instance "hpbuysell-otc-salesorder-destination"...#
#2026 09 23 16:34:03.059#Z#DEBUG#89a811f3-b76c-11f1-a9d4-eeee0a93f2f4.OPERATION#flowable-async-job-executor-thread-21980#
Step "Unbind Service from Application" finished#
#2026 09 23 16:34:02.682#Z#DEBUG#89a811f3-b76c-11f1-a9d4-eeee0a93f2f4.OPERATION#flowable-async-job-executor-thread-21978#
[CreateOrUpdateAppStep] Executing task "createAppTask" of process "95f0e7cc-b76c-11f1-896f-eeee0a8180c9"...#
#2026 09 23 16:34:02.683#Z#DEBUG#89a811f3-b76c-11f1-a9d4-eeee0a93f2f4.OPERATION#flowable-async-job-executor-thread-21978#
[CreateOrUpdateAppStep] Getting application "hpbuysell-otc-salesorder-postgres-deployer"...#
#2026 09 23 16:34:02.719#Z#INFO#89a811f3-b76c-11f1-a9d4-eeee0a93f2f4.OPERATION#flowable-async-job-executor-thread-21978#
[CreateOrUpdateAppStep] Updating application "hpbuysell-otc-salesorder-postgres-deployer"...#
#2026 09 23 16:34:02.731#Z#DEBUG#89a811f3-b76c-11f1-a9d4-eeee0a93f2f4.OPERATION#flowable-async-job-executor-thread-21978#
[CreateOrUpdateAppStep] Getting process for application "9409158a-3ef5-419f-b18e-c3263bd4e0f3"...#
#2026 09 23 16:34:02.772#Z#DEBUG#89a811f3-b76c-11f1-a9d4-eeee0a93f2f4.OPERATION#flowable-async-job-executor-thread-21978#
[CreateOrUpdateAppStep] Getting routes for application "9409158a-3ef5-419f-b18e-c3263bd4e0f3"...#
#2026 09 23 16:34:02.805#Z#DEBUG#89a811f3-b76c-11f1-a9d4-eeee0a93f2f4.OPERATION#flowable-async-job-executor-thread-21978#
[CreateOrUpdateAppStep] Getting features for application "9409158a-3ef5-419f-b18e-c3263bd4e0f3"#
#2026 09 23 16:34:02.836#Z#DEBUG#89a811f3-b76c-11f1-a9d4-eeee0a93f2f4.OPERATION#flowable-async-job-executor-thread-21978#
[CreateOrUpdateAppStep] Updating staging of application "hpbuysell-otc-salesorder-postgres-deployer" to: {
  "buildpacks" : [ "nodejs_buildpack" ],
  "healthCheckType" : "port",
  "appFeatures" : { }
}#
#2026 09 23 16:34:03.078#Z#DEBUG#89a811f3-b76c-11f1-a9d4-eeee0a93f2f4.OPERATION#flowable-async-job-executor-thread-21978#
[CreateOrUpdateAppStep] Application "hpbuysell-otc-salesorder-postgres-deployer" updated#
#2026 09 23 16:34:03.078#Z#DEBUG#89a811f3-b76c-11f1-a9d4-eeee0a93f2f4.OPERATION#flowable-async-job-executor-thread-21978#
[CreateOrUpdateAppStep] Getting environment of application "9409158a-3ef5-419f-b18e-c3263bd4e0f3"...#
#2026 09 23 16:34:03.148#Z#DEBUG#89a811f3-b76c-11f1-a9d4-eeee0a93f2f4.OPERATION#flowable-async-job-executor-thread-21978#
[CreateOrUpdateAppStep] Application "hpbuysell-otc-salesorder-postgres-deployer" updated#
#2026 09 23 16:34:03.148#Z#DEBUG#89a811f3-b76c-11f1-a9d4-eeee0a93f2f4.OPERATION#flowable-async-job-executor-thread-21978#
Step "Create App" finished#
#2026 09 23 16:34:02.948#Z#DEBUG#89a811f3-b76c-11f1-a9d4-eeee0a93f2f4.OPERATION#flowable-async-job-executor-thread-11919#
[BuildContentDeploymentConfigurationStep] Executing task "buildContentDeploymentConfigurationTask" of process "962788ef-b76c-11f1-b8fd-eeee0a98fd3d"...#
#2026 09 23 16:34:02.956#Z#DEBUG#89a811f3-b76c-11f1-a9d4-eeee0a93f2f4.OPERATION#ForkJoinPool-45-worker-1#
[BuildContentDeploymentConfigurationStep] Getting service key "hpbuysell-otc-salesorder-auth-key" for service instance "hpbuysell-otc-salesorder-auth"...#
#2026 09 23 16:34:02.957#Z#DEBUG#89a811f3-b76c-11f1-a9d4-eeee0a93f2f4.OPERATION#ForkJoinPool-45-worker-3#
[BuildContentDeploymentConfigurationStep] Getting service key "hpbuysell-otc-salesorder-destination-content-hpbuysell-otc-salesorder-destination-credentials" for service instance "hpbuysell-otc-salesorder-destination"...#
#2026 09 23 16:34:02.958#Z#DEBUG#89a811f3-b76c-11f1-a9d4-eeee0a93f2f4.OPERATION#ForkJoinPool-45-worker-2#
[BuildContentDeploymentConfigurationStep] Getting service key "hpbuysell-otc-salesorder-html5-repo-host-key" for service instance "hpbuysell-otc-salesorder-html5-repo-host"...#
#2026 09 23 16:34:03.141#Z#INFO#89a811f3-b76c-11f1-a9d4-eeee0a93f2f4.OPERATION#ForkJoinPool-45-worker-2#
[BuildContentDeploymentConfigurationStep] Service key "hpbuysell-otc-salesorder-html5-repo-host-key" for service "hpbuysell-otc-salesorder-html5-repo-host" already exists#
#2026 09 23 16:34:03.148#Z#INFO#89a811f3-b76c-11f1-a9d4-eeee0a93f2f4.OPERATION#ForkJoinPool-45-worker-1#
[BuildContentDeploymentConfigurationStep] Service key "hpbuysell-otc-salesorder-auth-key" for service "hpbuysell-otc-salesorder-auth" already exists#
#2026 09 23 16:34:03.176#Z#INFO#89a811f3-b76c-11f1-a9d4-eeee0a93f2f4.OPERATION#ForkJoinPool-45-worker-3#
[BuildContentDeploymentConfigurationStep] Service key "hpbuysell-otc-salesorder-destination-content-hpbuysell-otc-salesorder-destination-credentials" for service "hpbuysell-otc-salesorder-destination" already exists#
#2026 09 23 16:34:03.182#Z#DEBUG#89a811f3-b76c-11f1-a9d4-eeee0a93f2f4.OPERATION#flowable-async-job-executor-thread-11919#
Step "Build Content Deployment Configuration" finished#
#2026 09 23 16:34:03.030#Z#DEBUG#89a811f3-b76c-11f1-a9d4-eeee0a93f2f4.OPERATION#flowable-async-job-executor-thread-11920#
[DetermineApplicationServiceBindingActionsStep] Executing task "determineApplicationServiceBindingActionsTask" of process "9623decf-b76c-11f1-b8fd-eeee0a98fd3d"...#
#2026 09 23 16:34:03.033#Z#DEBUG#89a811f3-b76c-11f1-a9d4-eeee0a93f2f4.OPERATION#flowable-async-job-executor-thread-11920#
[DetermineApplicationServiceBindingActionsStep] Determine bind/unbind operations of application "hpbuysell-otc-salesorder-srv" to service instance "buysell-dev-pgdb"#
#2026 09 23 16:34:03.033#Z#DEBUG#89a811f3-b76c-11f1-a9d4-eeee0a93f2f4.OPERATION#flowable-async-job-executor-thread-11920#
[DetermineApplicationServiceBindingActionsStep] Getting application "hpbuysell-otc-salesorder-srv"...#
#2026 09 23 16:34:03.071#Z#DEBUG#89a811f3-b76c-11f1-a9d4-eeee0a93f2f4.OPERATION#flowable-async-job-executor-thread-11920#
[DetermineApplicationServiceBindingActionsStep] Binding parameters for application "hpbuysell-otc-salesorder-srv": { }#
#2026 09 23 16:34:03.111#Z#DEBUG#89a811f3-b76c-11f1-a9d4-eeee0a93f2f4.OPERATION#flowable-async-job-executor-thread-11920#
[DetermineApplicationServiceBindingActionsStep] Check should rebind application "hpbuysell-otc-salesorder-srv" and service instance "buysell-dev-pgdb"#
#2026 09 23 16:34:03.111#Z#DEBUG#89a811f3-b76c-11f1-a9d4-eeee0a93f2f4.OPERATION#flowable-async-job-executor-thread-11920#
[DetermineApplicationServiceBindingActionsStep] Getting GUID of required service instance "buysell-dev-pgdb"...#
#2026 09 23 16:34:03.146#Z#DEBUG#89a811f3-b76c-11f1-a9d4-eeee0a93f2f4.OPERATION#flowable-async-job-executor-thread-11920#
[DetermineApplicationServiceBindingActionsStep] Getting binding of service instance "63a33c28-9d9e-4453-821a-000f0ee4a75c" with application "30a35eb8-d3f3-4113-9347-bb35ee8ee030"...#
#2026 09 23 16:34:03.182#Z#DEBUG#89a811f3-b76c-11f1-a9d4-eeee0a93f2f4.OPERATION#flowable-async-job-executor-thread-11920#
[DetermineApplicationServiceBindingActionsStep] Getting parameters of service binding "8b98f530-7325-433f-8ce6-758811627fe3"...#
#2026 09 23 16:34:03.216#Z#WARN#89a811f3-b76c-11f1-a9d4-eeee0a93f2f4.OPERATION#flowable-async-job-executor-thread-11920#
[DetermineApplicationServiceBindingActionsStep] Cannot retrieve parameters of binding between application "hpbuysell-otc-salesorder-srv" and service instance "buysell-dev-pgdb"#
#2026 09 23 16:34:03.217#Z#DEBUG#89a811f3-b76c-11f1-a9d4-eeee0a93f2f4.OPERATION#flowable-async-job-executor-thread-11920#
[DetermineApplicationServiceBindingActionsStep] Calculated binding operations between application "hpbuysell-otc-salesorder-srv" and service instance "buysell-dev-pgdb": unbind - true bind - true#
#2026 09 23 16:34:03.217#Z#DEBUG#89a811f3-b76c-11f1-a9d4-eeee0a93f2f4.OPERATION#flowable-async-job-executor-thread-11920#
Step "Determine Application Service Binding Actions" finished#
#2026 09 23 16:34:03.218#Z#DEBUG#89a811f3-b76c-11f1-a9d4-eeee0a93f2f4.OPERATION#flowable-async-job-executor-thread-21983#
[CheckServiceBindingOperationStep] Executing task "checkForServiceBindingOperationInProgress" of process "96579852-b76c-11f1-896f-eeee0a8180c9"...#
#2026 09 23 16:34:03.218#Z#DEBUG#89a811f3-b76c-11f1-a9d4-eeee0a93f2f4.OPERATION#flowable-async-job-executor-thread-21983#
[CheckServiceBindingOperationStep] Checking for service binding operation in progress between app "hpbuysell-otc-salesorder-postgres-deployer" and service instance "hpbuysell-otc-salesorder-auth"#
#2026 09 23 16:34:03.218#Z#DEBUG#89a811f3-b76c-11f1-a9d4-eeee0a93f2f4.OPERATION#flowable-async-job-executor-thread-21983#
[CheckServiceBindingOperationStep] Getting application guid "hpbuysell-otc-salesorder-postgres-deployer"...#
#2026 09 23 16:34:03.251#Z#DEBUG#89a811f3-b76c-11f1-a9d4-eeee0a93f2f4.OPERATION#flowable-async-job-executor-thread-21983#
[CheckServiceBindingOperationStep] Getting GUID of required service instance "hpbuysell-otc-salesorder-auth"...#
#2026 09 23 16:34:03.280#Z#DEBUG#89a811f3-b76c-11f1-a9d4-eeee0a93f2f4.OPERATION#flowable-async-job-executor-thread-21983#
[CheckServiceBindingOperationStep] Getting binding of service instance "036d21ec-f551-43ba-9056-0bddaa0ce45e" with application "9409158a-3ef5-419f-b18e-c3263bd4e0f3"...#
#2026 09 23 16:34:03.314#Z#DEBUG#89a811f3-b76c-11f1-a9d4-eeee0a93f2f4.OPERATION#flowable-async-job-executor-thread-21983#
[CheckServiceBindingOperationStep] Service binding operation "1bfba936-81f4-4d99-81fd-9e2f3eb4d7cb" with type "create" is in state "succeeded"#
#2026 09 23 16:34:03.314#Z#DEBUG#89a811f3-b76c-11f1-a9d4-eeee0a93f2f4.OPERATION#flowable-async-job-executor-thread-21983#
Step "Check For Service Binding Operation In Progress" finished#
#2026 09 23 16:34:03.186#Z#DEBUG#89a811f3-b76c-11f1-a9d4-eeee0a93f2f4.OPERATION#flowable-async-job-executor-thread-11919#
[CreateContentDeployClientConfigurationStep] Executing task "createContentDeployClientConfigurationTask" of process "9657238f-b76c-11f1-b8fd-eeee0a98fd3d"...#
#2026 09 23 16:34:03.187#Z#DEBUG#89a811f3-b76c-11f1-a9d4-eeee0a93f2f4.OPERATION#flowable-async-job-executor-thread-11919#
[CreateContentDeployClientConfigurationStep] Content deployer client configuration: {
  "contentDeployerUrl" : "https://destination-configuration.cfapps.us10.hana.ondemand.com/destination-configuration/gacd",
  "uaaClientConfiguration" : {
    "url" : "********",
    "credentials" : "********",
    "authenticationStrategyType" : "********"
  },
  "httpRequestHeaders" : {
    "X-CorrelationID" : "89a811f3-b76c-11f1-a9d4-eeee0a93f2f4"
  },
  "spaceId" : "0850fa4f-7659-486a-868e-d7f3c8781c3b",
  "serviceName" : "hpbuysell-otc-salesorder-destination"
}#
#2026 09 23 16:34:03.343#Z#DEBUG#89a811f3-b76c-11f1-a9d4-eeee0a93f2f4.OPERATION#flowable-async-job-executor-thread-11919#
Step "Create Content Deploy Client Configuration" finished#
#2026 09 23 16:34:03.344#Z#DEBUG#89a811f3-b76c-11f1-a9d4-eeee0a93f2f4.OPERATION#flowable-async-job-executor-thread-11919#
[GetContentFromDeploymentDescriptorStep] Executing task "getContentFromDeploymentDescriptorTask" of process "9657238f-b76c-11f1-b8fd-eeee0a98fd3d"...#
#2026 09 23 16:34:03.344#Z#DEBUG#89a811f3-b76c-11f1-a9d4-eeee0a93f2f4.OPERATION#flowable-async-job-executor-thread-11919#
[GetContentFromDeploymentDescriptorStep] Content for module: "hpbuysell-otc-salesorder-destination-content" is: "{
  "id" : "82cf64f1-2a0a-4447-b6c1-def6f0c3465c",
  "contentType" : "EMBEDDED",
  "content" : {
    "instance" : {
      "destinations" : [ {
        "Authentication" : "********",
        "Name" : "hpbuysell-otc-salesorder-srv-dest",
        "TokenServiceInstanceName" : "********",
        "TokenServiceKeyName" : "********",
        "URL" : "https://hp-inc--hp-gps-buysell-dev-buysell-dev-cf-sp-hpbuysell-3f6d5fc7.cfapps.us10.hana.ondemand.com",
        "sap.cloud.service" : "hpbuysellotcsalesorder.service"
      }, {
        "Name" : "hpbuysell-otc-salesorder_html_repo_host",
        "ServiceInstanceName" : "hpbuysell-otc-salesorder-html5-repo-host",
        "ServiceKeyName" : "********",
        "sap.cloud.service" : "hpbuysellotcsalesorder.service"
      }, {
        "Authentication" : "********",
        "Name" : "********",
        "ServiceInstanceName" : "********",
        "ServiceKeyName" : "********"
      } ],
      "existing_destinations_policy" : "update"
    }
  }
}"#
#2026 09 23 16:34:03.344#Z#DEBUG#89a811f3-b76c-11f1-a9d4-eeee0a93f2f4.OPERATION#flowable-async-job-executor-thread-11919#
Step "Get Content From Deployment Descriptor" finished#
#2026 09 23 16:34:03.260#Z#DEBUG#89a811f3-b76c-11f1-a9d4-eeee0a93f2f4.OPERATION#flowable-async-job-executor-thread-11921#
[UnbindServiceFromApplicationStep] Executing task "unbindServiceFromApplicationTask" of process "9623decf-b76c-11f1-b8fd-eeee0a98fd3d"...#
#2026 09 23 16:34:03.264#Z#INFO#89a811f3-b76c-11f1-a9d4-eeee0a93f2f4.OPERATION#flowable-async-job-executor-thread-11921#
[UnbindServiceFromApplicationStep] Unbinding service instance "buysell-dev-pgdb" from application "hpbuysell-otc-salesorder-srv"...#
#2026 09 23 16:34:03.271#Z#DEBUG#89a811f3-b76c-11f1-a9d4-eeee0a93f2f4.OPERATION#flowable-async-job-executor-thread-11921#
[UnbindServiceFromApplicationStep] Unbinding application "hpbuysell-otc-salesorder-srv" from service instance "buysell-dev-pgdb"...#
#2026 09 23 16:34:03.435#Z#DEBUG#89a811f3-b76c-11f1-a9d4-eeee0a93f2f4.OPERATION#flowable-async-job-executor-thread-11921#
Step "Unbind Service from Application" finished#
#2026 09 23 16:34:03.335#Z#DEBUG#89a811f3-b76c-11f1-a9d4-eeee0a93f2f4.OPERATION#flowable-async-job-executor-thread-21984#
[DetermineApplicationServiceBindingActionsStep] Executing task "determineApplicationServiceBindingActionsTask" of process "96579852-b76c-11f1-896f-eeee0a8180c9"...#
#2026 09 23 16:34:03.337#Z#DEBUG#89a811f3-b76c-11f1-a9d4-eeee0a93f2f4.OPERATION#flowable-async-job-executor-thread-21984#
[DetermineApplicationServiceBindingActionsStep] Determine bind/unbind operations of application "hpbuysell-otc-salesorder-postgres-deployer" to service instance "hpbuysell-otc-salesorder-auth"#
#2026 09 23 16:34:03.337#Z#DEBUG#89a811f3-b76c-11f1-a9d4-eeee0a93f2f4.OPERATION#flowable-async-job-executor-thread-21984#
[DetermineApplicationServiceBindingActionsStep] Getting application "hpbuysell-otc-salesorder-postgres-deployer"...#
#2026 09 23 16:34:03.373#Z#DEBUG#89a811f3-b76c-11f1-a9d4-eeee0a93f2f4.OPERATION#flowable-async-job-executor-thread-21984#
[DetermineApplicationServiceBindingActionsStep] Binding parameters for application "hpbuysell-otc-salesorder-postgres-deployer": { }#
#2026 09 23 16:34:03.409#Z#DEBUG#89a811f3-b76c-11f1-a9d4-eeee0a93f2f4.OPERATION#flowable-async-job-executor-thread-21984#
[DetermineApplicationServiceBindingActionsStep] Check should rebind application "hpbuysell-otc-salesorder-postgres-deployer" and service instance "hpbuysell-otc-salesorder-auth"#
#2026 09 23 16:34:03.409#Z#DEBUG#89a811f3-b76c-11f1-a9d4-eeee0a93f2f4.OPERATION#flowable-async-job-executor-thread-21984#
[DetermineApplicationServiceBindingActionsStep] Getting GUID of required service instance "hpbuysell-otc-salesorder-auth"...#
#2026 09 23 16:34:03.446#Z#DEBUG#89a811f3-b76c-11f1-a9d4-eeee0a93f2f4.OPERATION#flowable-async-job-executor-thread-21984#
[DetermineApplicationServiceBindingActionsStep] Getting binding of service instance "036d21ec-f551-43ba-9056-0bddaa0ce45e" with application "9409158a-3ef5-419f-b18e-c3263bd4e0f3"...#
#2026 09 23 16:34:03.495#Z#DEBUG#89a811f3-b76c-11f1-a9d4-eeee0a93f2f4.OPERATION#flowable-async-job-executor-thread-21984#
[DetermineApplicationServiceBindingActionsStep] Getting parameters of service binding "1bfba936-81f4-4d99-81fd-9e2f3eb4d7cb"...#
#2026 09 23 16:34:03.526#Z#WARN#89a811f3-b76c-11f1-a9d4-eeee0a93f2f4.OPERATION#flowable-async-job-executor-thread-21984#
[DetermineApplicationServiceBindingActionsStep] Cannot retrieve parameters of binding between application "hpbuysell-otc-salesorder-postgres-deployer" and service instance "hpbuysell-otc-salesorder-auth"#
#2026 09 23 16:34:03.527#Z#DEBUG#89a811f3-b76c-11f1-a9d4-eeee0a93f2f4.OPERATION#flowable-async-job-executor-thread-21984#
[DetermineApplicationServiceBindingActionsStep] Calculated binding operations between application "hpbuysell-otc-salesorder-postgres-deployer" and service instance "hpbuysell-otc-salesorder-auth": unbind - true bind - true#
#2026 09 23 16:34:03.527#Z#DEBUG#89a811f3-b76c-11f1-a9d4-eeee0a93f2f4.OPERATION#flowable-async-job-executor-thread-21984#
Step "Determine Application Service Binding Actions" finished#
#2026 09 23 16:34:03.550#Z#DEBUG#89a811f3-b76c-11f1-a9d4-eeee0a93f2f4.OPERATION#flowable-async-job-executor-thread-21985#
[UnbindServiceFromApplicationStep] Executing task "unbindServiceFromApplicationTask" of process "96579852-b76c-11f1-896f-eeee0a8180c9"...#
#2026 09 23 16:34:03.552#Z#INFO#89a811f3-b76c-11f1-a9d4-eeee0a93f2f4.OPERATION#flowable-async-job-executor-thread-21985#
[UnbindServiceFromApplicationStep] Unbinding service instance "hpbuysell-otc-salesorder-auth" from application "hpbuysell-otc-salesorder-postgres-deployer"...#
#2026 09 23 16:34:03.555#Z#DEBUG#89a811f3-b76c-11f1-a9d4-eeee0a93f2f4.OPERATION#flowable-async-job-executor-thread-21985#
[UnbindServiceFromApplicationStep] Unbinding application "hpbuysell-otc-salesorder-postgres-deployer" from service instance "hpbuysell-otc-salesorder-auth"...#
#2026 09 23 16:34:03.728#Z#DEBUG#89a811f3-b76c-11f1-a9d4-eeee0a93f2f4.OPERATION#flowable-async-job-executor-thread-21985#
Step "Unbind Service from Application" finished#
#2026 09 23 16:34:03.346#Z#DEBUG#89a811f3-b76c-11f1-a9d4-eeee0a93f2f4.OPERATION#flowable-async-job-executor-thread-11919#
[SynchronousContentDeployStep] Executing task "synchronousContentDeployTask" of process "9657238f-b76c-11f1-b8fd-eeee0a98fd3d"...#
#2026 09 23 16:34:03.346#Z#INFO#89a811f3-b76c-11f1-a9d4-eeee0a93f2f4.OPERATION#flowable-async-job-executor-thread-11919#
[SynchronousContentDeployStep] Deploying content module "hpbuysell-otc-salesorder-destination-content" in target service "hpbuysell-otc-salesorder-destination"...#
#2026 09 23 16:34:03.512#Z#DEBUG#89a811f3-b76c-11f1-a9d4-eeee0a93f2f4.OPERATION#flowable-async-job-executor-thread-11919#
[SynchronousContentDeployStep] Processing inline content upload for module: hpbuysell-otc-salesorder-destination-content#
#2026 09 23 16:34:03.780#Z#DEBUG#89a811f3-b76c-11f1-a9d4-eeee0a93f2f4.OPERATION#flowable-async-job-executor-thread-11919#
Step "Synchronous Deploy" finished#
#2026 09 23 16:34:05.553#Z#DEBUG#89a811f3-b76c-11f1-a9d4-eeee0a93f2f4.OPERATION#flowable-async-job-executor-thread-21988#
[CheckServiceBindingOperationStep] Executing task "checkForServiceBindingOperationInProgress" of process "97bc0aa6-b76c-11f1-896f-eeee0a8180c9"...#
#2026 09 23 16:34:05.553#Z#DEBUG#89a811f3-b76c-11f1-a9d4-eeee0a93f2f4.OPERATION#flowable-async-job-executor-thread-21988#
[CheckServiceBindingOperationStep] Checking for service binding operation in progress between app "hpbuysell-otc-salesorder-postgres-deployer" and service instance "buysell-dev-pgdb"#
#2026 09 23 16:34:05.554#Z#DEBUG#89a811f3-b76c-11f1-a9d4-eeee0a93f2f4.OPERATION#flowable-async-job-executor-thread-21988#
[CheckServiceBindingOperationStep] Getting application guid "hpbuysell-otc-salesorder-postgres-deployer"...#
#2026 09 23 16:34:05.594#Z#DEBUG#89a811f3-b76c-11f1-a9d4-eeee0a93f2f4.OPERATION#flowable-async-job-executor-thread-21988#
[CheckServiceBindingOperationStep] Getting GUID of required service instance "buysell-dev-pgdb"...#
#2026 09 23 16:34:05.645#Z#DEBUG#89a811f3-b76c-11f1-a9d4-eeee0a93f2f4.OPERATION#flowable-async-job-executor-thread-21988#
[CheckServiceBindingOperationStep] Getting binding of service instance "63a33c28-9d9e-4453-821a-000f0ee4a75c" with application "9409158a-3ef5-419f-b18e-c3263bd4e0f3"...#
#2026 09 23 16:34:05.692#Z#DEBUG#89a811f3-b76c-11f1-a9d4-eeee0a93f2f4.OPERATION#flowable-async-job-executor-thread-21988#
[CheckServiceBindingOperationStep] Service binding operation "864af15a-07cf-4483-a093-e3417d4f751c" with type "create" is in state "succeeded"#
#2026 09 23 16:34:05.692#Z#DEBUG#89a811f3-b76c-11f1-a9d4-eeee0a93f2f4.OPERATION#flowable-async-job-executor-thread-21988#
Step "Check For Service Binding Operation In Progress" finished#
#2026 09 23 16:34:05.595#Z#DEBUG#89a811f3-b76c-11f1-a9d4-eeee0a93f2f4.OPERATION#flowable-async-job-executor-thread-21989#
[BuildContentDeploymentConfigurationStep] Executing task "buildContentDeploymentConfigurationTask" of process "97be5536-b76c-11f1-896f-eeee0a8180c9"...#
#2026 09 23 16:34:05.599#Z#DEBUG#89a811f3-b76c-11f1-a9d4-eeee0a93f2f4.OPERATION#flowable-async-job-executor-thread-21989#
[BuildContentDeploymentConfigurationStep] Getting service key "hpbuysell-otc-salesorder-app-content-hpbuysell-otc-salesorder-html5-repo-host-credentials" for service instance "hpbuysell-otc-salesorder-html5-repo-host"...#
#2026 09 23 16:34:05.796#Z#INFO#89a811f3-b76c-11f1-a9d4-eeee0a93f2f4.OPERATION#flowable-async-job-executor-thread-21989#
[BuildContentDeploymentConfigurationStep] Service key "hpbuysell-otc-salesorder-app-content-hpbuysell-otc-salesorder-html5-repo-host-credentials" for service "hpbuysell-otc-salesorder-html5-repo-host" already exists#
#2026 09 23 16:34:05.799#Z#DEBUG#89a811f3-b76c-11f1-a9d4-eeee0a93f2f4.OPERATION#flowable-async-job-executor-thread-21989#
Step "Build Content Deployment Configuration" finished#
#2026 09 23 16:34:05.713#Z#DEBUG#89a811f3-b76c-11f1-a9d4-eeee0a93f2f4.OPERATION#flowable-async-job-executor-thread-21990#
[DetermineApplicationServiceBindingActionsStep] Executing task "determineApplicationServiceBindingActionsTask" of process "97bc0aa6-b76c-11f1-896f-eeee0a8180c9"...#
#2026 09 23 16:34:05.714#Z#DEBUG#89a811f3-b76c-11f1-a9d4-eeee0a93f2f4.OPERATION#flowable-async-job-executor-thread-21990#
[DetermineApplicationServiceBindingActionsStep] Determine bind/unbind operations of application "hpbuysell-otc-salesorder-postgres-deployer" to service instance "buysell-dev-pgdb"#
#2026 09 23 16:34:05.714#Z#DEBUG#89a811f3-b76c-11f1-a9d4-eeee0a93f2f4.OPERATION#flowable-async-job-executor-thread-21990#
[DetermineApplicationServiceBindingActionsStep] Getting application "hpbuysell-otc-salesorder-postgres-deployer"...#
#2026 09 23 16:34:05.742#Z#DEBUG#89a811f3-b76c-11f1-a9d4-eeee0a93f2f4.OPERATION#flowable-async-job-executor-thread-21990#
[DetermineApplicationServiceBindingActionsStep] Binding parameters for application "hpbuysell-otc-salesorder-postgres-deployer": { }#
#2026 09 23 16:34:05.770#Z#DEBUG#89a811f3-b76c-11f1-a9d4-eeee0a93f2f4.OPERATION#flowable-async-job-executor-thread-21990#
[DetermineApplicationServiceBindingActionsStep] Check should rebind application "hpbuysell-otc-salesorder-postgres-deployer" and service instance "buysell-dev-pgdb"#
#2026 09 23 16:34:05.770#Z#DEBUG#89a811f3-b76c-11f1-a9d4-eeee0a93f2f4.OPERATION#flowable-async-job-executor-thread-21990#
[DetermineApplicationServiceBindingActionsStep] Getting GUID of required service instance "buysell-dev-pgdb"...#
#2026 09 23 16:34:05.801#Z#DEBUG#89a811f3-b76c-11f1-a9d4-eeee0a93f2f4.OPERATION#flowable-async-job-executor-thread-21990#
[DetermineApplicationServiceBindingActionsStep] Getting binding of service instance "63a33c28-9d9e-4453-821a-000f0ee4a75c" with application "9409158a-3ef5-419f-b18e-c3263bd4e0f3"...#
#2026 09 23 16:34:05.842#Z#DEBUG#89a811f3-b76c-11f1-a9d4-eeee0a93f2f4.OPERATION#flowable-async-job-executor-thread-21990#
[DetermineApplicationServiceBindingActionsStep] Getting parameters of service binding "864af15a-07cf-4483-a093-e3417d4f751c"...#
#2026 09 23 16:34:05.888#Z#WARN#89a811f3-b76c-11f1-a9d4-eeee0a93f2f4.OPERATION#flowable-async-job-executor-thread-21990#
[DetermineApplicationServiceBindingActionsStep] Cannot retrieve parameters of binding between application "hpbuysell-otc-salesorder-postgres-deployer" and service instance "buysell-dev-pgdb"#
#2026 09 23 16:34:05.889#Z#DEBUG#89a811f3-b76c-11f1-a9d4-eeee0a93f2f4.OPERATION#flowable-async-job-executor-thread-21990#
[DetermineApplicationServiceBindingActionsStep] Calculated binding operations between application "hpbuysell-otc-salesorder-postgres-deployer" and service instance "buysell-dev-pgdb": unbind - true bind - true#
#2026 09 23 16:34:05.889#Z#DEBUG#89a811f3-b76c-11f1-a9d4-eeee0a93f2f4.OPERATION#flowable-async-job-executor-thread-21990#
Step "Determine Application Service Binding Actions" finished#
#2026 09 23 16:34:05.913#Z#DEBUG#89a811f3-b76c-11f1-a9d4-eeee0a93f2f4.OPERATION#flowable-async-job-executor-thread-21991#
[UnbindServiceFromApplicationStep] Executing task "unbindServiceFromApplicationTask" of process "97bc0aa6-b76c-11f1-896f-eeee0a8180c9"...#
#2026 09 23 16:34:05.914#Z#INFO#89a811f3-b76c-11f1-a9d4-eeee0a93f2f4.OPERATION#flowable-async-job-executor-thread-21991#
[UnbindServiceFromApplicationStep] Unbinding service instance "buysell-dev-pgdb" from application "hpbuysell-otc-salesorder-postgres-deployer"...#
#2026 09 23 16:34:05.917#Z#DEBUG#89a811f3-b76c-11f1-a9d4-eeee0a93f2f4.OPERATION#flowable-async-job-executor-thread-21991#
[UnbindServiceFromApplicationStep] Unbinding application "hpbuysell-otc-salesorder-postgres-deployer" from service instance "buysell-dev-pgdb"...#
#2026 09 23 16:34:06.076#Z#DEBUG#89a811f3-b76c-11f1-a9d4-eeee0a93f2f4.OPERATION#flowable-async-job-executor-thread-21991#
Step "Unbind Service from Application" finished#
#2026 09 23 16:34:05.802#Z#DEBUG#89a811f3-b76c-11f1-a9d4-eeee0a93f2f4.OPERATION#flowable-async-job-executor-thread-21989#
[CreateContentDeployClientConfigurationStep] Executing task "createContentDeployClientConfigurationTask" of process "97e675c6-b76c-11f1-896f-eeee0a8180c9"...#
#2026 09 23 16:34:05.802#Z#DEBUG#89a811f3-b76c-11f1-a9d4-eeee0a93f2f4.OPERATION#flowable-async-job-executor-thread-21989#
[CreateContentDeployClientConfigurationStep] Content deployer client configuration: {
  "contentDeployerUrl" : "https://html5-apps-repo-dt.cfapps.us10.hana.ondemand.com",
  "uaaClientConfiguration" : {
    "url" : "********",
    "credentials" : "********",
    "authenticationStrategyType" : "********"
  },
  "httpRequestHeaders" : {
    "X-CorrelationID" : "89a811f3-b76c-11f1-a9d4-eeee0a93f2f4"
  },
  "spaceId" : "0850fa4f-7659-486a-868e-d7f3c8781c3b",
  "serviceName" : "hpbuysell-otc-salesorder-html5-repo-host"
}#
#2026 09 23 16:34:06.431#Z#DEBUG#89a811f3-b76c-11f1-a9d4-eeee0a93f2f4.OPERATION#flowable-async-job-executor-thread-21989#
Step "Create Content Deploy Client Configuration" finished#
#2026 09 23 16:34:06.433#Z#DEBUG#89a811f3-b76c-11f1-a9d4-eeee0a93f2f4.OPERATION#flowable-async-job-executor-thread-21989#
[GetContentFromDeploymentDescriptorStep] Executing task "getContentFromDeploymentDescriptorTask" of process "97e675c6-b76c-11f1-896f-eeee0a8180c9"...#
#2026 09 23 16:34:06.433#Z#DEBUG#89a811f3-b76c-11f1-a9d4-eeee0a93f2f4.OPERATION#flowable-async-job-executor-thread-21989#
[GetContentFromDeploymentDescriptorStep] Content for module: "hpbuysell-otc-salesorder-app-content" is: "{
  "id" : "9b6ef649-b7a7-44a3-bef8-5db31df7e574",
  "contentType" : "EMBEDDED",
  "content" : {
    "instance" : {
      "existing_apps_policy" : "update",
      "service" : "hpbuysellotcsalesorder.service"
    }
  }
}"#
#2026 09 23 16:34:06.433#Z#DEBUG#89a811f3-b76c-11f1-a9d4-eeee0a93f2f4.OPERATION#flowable-async-job-executor-thread-21989#
Step "Get Content From Deployment Descriptor" finished#
#2026 09 23 16:34:06.434#Z#DEBUG#89a811f3-b76c-11f1-a9d4-eeee0a93f2f4.OPERATION#flowable-async-job-executor-thread-21989#
[UploadContentStep] Executing task "uploadContentTask" of process "97e675c6-b76c-11f1-896f-eeee0a8180c9"...#
#2026 09 23 16:34:06.434#Z#INFO#89a811f3-b76c-11f1-a9d4-eeee0a93f2f4.OPERATION#flowable-async-job-executor-thread-21989#
[UploadContentStep] Uploading content module "hpbuysell-otc-salesorder-app-content" in target service "hpbuysell-otc-salesorder-html5-repo-host"...#
#2026 09 23 16:34:06.437#Z#DEBUG#89a811f3-b76c-11f1-a9d4-eeee0a93f2f4.OPERATION#flowable-async-job-executor-thread-21989#
[UploadContentStep] Uploading file "hpbuysell-otc-salesorder-app-content/resources/data.zip" for content module "hpbuysell-otc-salesorder-app-content" in service "hpbuysell-otc-salesorder-html5-repo-host"#
#2026 09 23 16:34:06.843#Z#INFO#89a811f3-b76c-11f1-a9d4-eeee0a93f2f4.OPERATION#flowable-async-job-executor-thread-21989#
[UploadContentStep] Content to deploy size: 146,205 in bytes#
#2026 09 23 16:34:08.180#Z#DEBUG#89a811f3-b76c-11f1-a9d4-eeee0a93f2f4.OPERATION#flowable-async-job-executor-thread-21989#
[UploadContentStep] Uploaded content: {
  "id" : "39553e1b-46dc-408d-8107-02c04b87376c",
  "name" : "content.zip",
  "contentType" : "FILE"
}#
#2026 09 23 16:34:08.180#Z#DEBUG#89a811f3-b76c-11f1-a9d4-eeee0a93f2f4.OPERATION#flowable-async-job-executor-thread-21989#
Step "Upload Content" finished#
#2026 09 23 16:34:08.182#Z#DEBUG#89a811f3-b76c-11f1-a9d4-eeee0a93f2f4.OPERATION#flowable-async-job-executor-thread-21989#
[StartContentDeployStep] Executing task "startContentDeployTask" of process "97e675c6-b76c-11f1-896f-eeee0a8180c9"...#
#2026 09 23 16:34:08.183#Z#INFO#89a811f3-b76c-11f1-a9d4-eeee0a93f2f4.OPERATION#flowable-async-job-executor-thread-21989#
[StartContentDeployStep] Deploying content module "hpbuysell-otc-salesorder-app-content" in target service "hpbuysell-otc-salesorder-html5-repo-host"...#
#2026 09 23 16:34:08.465#Z#DEBUG#89a811f3-b76c-11f1-a9d4-eeee0a93f2f4.OPERATION#flowable-async-job-executor-thread-21989#
Step "Start Content Deploy" finished#
#2026 09 23 16:34:08.360#Z#DEBUG#89a811f3-b76c-11f1-a9d4-eeee0a93f2f4.OPERATION#flowable-async-job-executor-thread-28119#
[UnbindServiceFromApplicationStep] Executing task "unbindServiceFromApplicationTask" of process "950a0a18-b76c-11f1-b8fd-eeee0a98fd3d"...#
#2026 09 23 16:34:08.361#Z#DEBUG#89a811f3-b76c-11f1-a9d4-eeee0a93f2f4.OPERATION#flowable-async-job-executor-thread-28119#
[UnbindServiceFromApplicationStep] Getting async job "e9c523a9-e065-4aec-b5d3-1ffc2126bea0"#
#2026 09 23 16:34:08.366#Z#DEBUG#89a811f3-b76c-11f1-a9d4-eeee0a93f2f4.OPERATION#flowable-async-job-executor-thread-28120#
[UnbindServiceFromApplicationStep] Executing task "unbindServiceFromApplicationTask" of process "95ef618c-b76c-11f1-896f-eeee0a8180c9"...#
#2026 09 23 16:34:08.367#Z#DEBUG#89a811f3-b76c-11f1-a9d4-eeee0a93f2f4.OPERATION#flowable-async-job-executor-thread-28120#
[UnbindServiceFromApplicationStep] Getting async job "3cca7424-6176-408c-a721-fec602009972"#
#2026 09 23 16:34:08.388#Z#DEBUG#89a811f3-b76c-11f1-a9d4-eeee0a93f2f4.OPERATION#flowable-async-job-executor-thread-28120#
[UnbindServiceFromApplicationStep] Getting service instance "hpbuysell-otc-salesorder-destination"...#
#2026 09 23 16:34:08.395#Z#DEBUG#89a811f3-b76c-11f1-a9d4-eeee0a93f2f4.OPERATION#flowable-async-job-executor-thread-28119#
[UnbindServiceFromApplicationStep] Getting service instance "hpbuysell-otc-salesorder-auth"...#
#2026 09 23 16:34:08.487#Z#DEBUG#89a811f3-b76c-11f1-a9d4-eeee0a93f2f4.OPERATION#flowable-async-job-executor-thread-28120#
[UnbindServiceFromApplicationStep] Async service binding operation with id "3cca7424-6176-408c-a721-fec602009972" finished#
#2026 09 23 16:34:08.488#Z#DEBUG#89a811f3-b76c-11f1-a9d4-eeee0a93f2f4.OPERATION#flowable-async-job-executor-thread-28120#
Step "Unbind Service from Application" finished#
#2026 09 23 16:34:08.516#Z#DEBUG#89a811f3-b76c-11f1-a9d4-eeee0a93f2f4.OPERATION#flowable-async-job-executor-thread-28119#
[UnbindServiceFromApplicationStep] Async service binding operation with id "e9c523a9-e065-4aec-b5d3-1ffc2126bea0" finished#
#2026 09 23 16:34:08.517#Z#DEBUG#89a811f3-b76c-11f1-a9d4-eeee0a93f2f4.OPERATION#flowable-async-job-executor-thread-28119#
Step "Unbind Service from Application" finished#
#2026 09 23 16:34:08.517#Z#DEBUG#89a811f3-b76c-11f1-a9d4-eeee0a93f2f4.OPERATION#flowable-async-job-executor-thread-28127#
[BindServiceToApplicationStep] Executing task "bindServiceToApplicationTask" of process "95ef618c-b76c-11f1-896f-eeee0a8180c9"...#
#2026 09 23 16:34:08.518#Z#INFO#89a811f3-b76c-11f1-a9d4-eeee0a93f2f4.OPERATION#flowable-async-job-executor-thread-28127#
[BindServiceToApplicationStep] Binding service instance "hpbuysell-otc-salesorder-destination" to application "hpbuysell-otc-salesorder-srv"...#
#2026 09 23 16:34:08.522#Z#DEBUG#89a811f3-b76c-11f1-a9d4-eeee0a93f2f4.OPERATION#flowable-async-job-executor-thread-28127#
[BindServiceToApplicationStep] Binding service instance "hpbuysell-otc-salesorder-destination" to application "hpbuysell-otc-salesorder-srv" with parameters: { }#
#2026 09 23 16:34:08.543#Z#DEBUG#89a811f3-b76c-11f1-a9d4-eeee0a93f2f4.OPERATION#flowable-async-job-executor-thread-28128#
[BindServiceToApplicationStep] Executing task "bindServiceToApplicationTask" of process "950a0a18-b76c-11f1-b8fd-eeee0a98fd3d"...#
#2026 09 23 16:34:08.544#Z#INFO#89a811f3-b76c-11f1-a9d4-eeee0a93f2f4.OPERATION#flowable-async-job-executor-thread-28128#
[BindServiceToApplicationStep] Binding service instance "hpbuysell-otc-salesorder-auth" to application "hpbuysell-otc-salesorder-srv"...#
#2026 09 23 16:34:08.549#Z#DEBUG#89a811f3-b76c-11f1-a9d4-eeee0a93f2f4.OPERATION#flowable-async-job-executor-thread-28128#
[BindServiceToApplicationStep] Binding service instance "hpbuysell-otc-salesorder-auth" to application "hpbuysell-otc-salesorder-srv" with parameters: { }#
#2026 09 23 16:34:08.623#Z#DEBUG#89a811f3-b76c-11f1-a9d4-eeee0a93f2f4.OPERATION#flowable-async-job-executor-thread-28127#
Step "Bind Service to Application" finished#
#2026 09 23 16:34:08.679#Z#DEBUG#89a811f3-b76c-11f1-a9d4-eeee0a93f2f4.OPERATION#flowable-async-job-executor-thread-28128#
Step "Bind Service to Application" finished#
#2026 09 23 16:34:18.408#Z#DEBUG#89a811f3-b76c-11f1-a9d4-eeee0a93f2f4.OPERATION#flowable-async-job-executor-thread-28148#
[UnbindServiceFromApplicationStep] Executing task "unbindServiceFromApplicationTask" of process "9623decf-b76c-11f1-b8fd-eeee0a98fd3d"...#
#2026 09 23 16:34:18.411#Z#DEBUG#89a811f3-b76c-11f1-a9d4-eeee0a93f2f4.OPERATION#flowable-async-job-executor-thread-28148#
[UnbindServiceFromApplicationStep] Getting async job "342a450b-d46a-44ea-97fe-1ad8f8c6a35e"#
#2026 09 23 16:34:18.417#Z#DEBUG#89a811f3-b76c-11f1-a9d4-eeee0a93f2f4.OPERATION#flowable-async-job-executor-thread-28152#
[UnbindServiceFromApplicationStep] Executing task "unbindServiceFromApplicationTask" of process "96579852-b76c-11f1-896f-eeee0a8180c9"...#
#2026 09 23 16:34:18.419#Z#DEBUG#89a811f3-b76c-11f1-a9d4-eeee0a93f2f4.OPERATION#flowable-async-job-executor-thread-28152#
[UnbindServiceFromApplicationStep] Getting async job "2e595e8d-c83d-4f3b-9753-9e10a01e6c70"#
#2026 09 23 16:34:18.433#Z#DEBUG#89a811f3-b76c-11f1-a9d4-eeee0a93f2f4.OPERATION#flowable-async-job-executor-thread-28154#
[UnbindServiceFromApplicationStep] Executing task "unbindServiceFromApplicationTask" of process "97bc0aa6-b76c-11f1-896f-eeee0a8180c9"...#
#2026 09 23 16:34:18.436#Z#DEBUG#89a811f3-b76c-11f1-a9d4-eeee0a93f2f4.OPERATION#flowable-async-job-executor-thread-28154#
[UnbindServiceFromApplicationStep] Getting async job "f10a6e9d-caf7-4897-abd9-71c0fe3e3bfa"#
#2026 09 23 16:34:18.438#Z#DEBUG#89a811f3-b76c-11f1-a9d4-eeee0a93f2f4.OPERATION#flowable-async-job-executor-thread-28148#
[UnbindServiceFromApplicationStep] Getting service instance "buysell-dev-pgdb"...#
#2026 09 23 16:34:18.441#Z#DEBUG#89a811f3-b76c-11f1-a9d4-eeee0a93f2f4.OPERATION#flowable-async-job-executor-thread-28152#
[UnbindServiceFromApplicationStep] Getting service instance "hpbuysell-otc-salesorder-auth"...#
#2026 09 23 16:34:18.469#Z#DEBUG#89a811f3-b76c-11f1-a9d4-eeee0a93f2f4.OPERATION#flowable-async-job-executor-thread-28154#
[UnbindServiceFromApplicationStep] Getting service instance "buysell-dev-pgdb"...#
#2026 09 23 16:34:18.529#Z#DEBUG#89a811f3-b76c-11f1-a9d4-eeee0a93f2f4.OPERATION#flowable-async-job-executor-thread-28148#
[UnbindServiceFromApplicationStep] Async service binding operation with id "342a450b-d46a-44ea-97fe-1ad8f8c6a35e" finished#
#2026 09 23 16:34:18.531#Z#DEBUG#89a811f3-b76c-11f1-a9d4-eeee0a93f2f4.OPERATION#flowable-async-job-executor-thread-28148#
Step "Unbind Service from Application" finished#
#2026 09 23 16:34:18.546#Z#DEBUG#89a811f3-b76c-11f1-a9d4-eeee0a93f2f4.OPERATION#flowable-async-job-executor-thread-28152#
[UnbindServiceFromApplicationStep] Async service binding operation with id "2e595e8d-c83d-4f3b-9753-9e10a01e6c70" finished#
#2026 09 23 16:34:18.548#Z#DEBUG#89a811f3-b76c-11f1-a9d4-eeee0a93f2f4.OPERATION#flowable-async-job-executor-thread-28152#
Step "Unbind Service from Application" finished#
#2026 09 23 16:34:18.560#Z#DEBUG#89a811f3-b76c-11f1-a9d4-eeee0a93f2f4.OPERATION#flowable-async-job-executor-thread-28154#
[UnbindServiceFromApplicationStep] Async service binding operation with id "f10a6e9d-caf7-4897-abd9-71c0fe3e3bfa" finished#
#2026 09 23 16:34:18.563#Z#DEBUG#89a811f3-b76c-11f1-a9d4-eeee0a93f2f4.OPERATION#flowable-async-job-executor-thread-28154#
Step "Unbind Service from Application" finished#
#2026 09 23 16:34:18.432#Z#DEBUG#89a811f3-b76c-11f1-a9d4-eeee0a93f2f4.OPERATION#flowable-async-job-executor-thread-28155#
[BindServiceToApplicationStep] Executing task "bindServiceToApplicationTask" of process "95ef618c-b76c-11f1-896f-eeee0a8180c9"...#
#2026 09 23 16:34:18.433#Z#DEBUG#89a811f3-b76c-11f1-a9d4-eeee0a93f2f4.OPERATION#flowable-async-job-executor-thread-28155#
[BindServiceToApplicationStep] Getting async job "0a178bce-9643-47c7-916d-b5d64a629913"#
#2026 09 23 16:34:18.434#Z#DEBUG#89a811f3-b76c-11f1-a9d4-eeee0a93f2f4.OPERATION#flowable-async-job-executor-thread-28156#
[BindServiceToApplicationStep] Executing task "bindServiceToApplicationTask" of process "950a0a18-b76c-11f1-b8fd-eeee0a98fd3d"...#
#2026 09 23 16:34:18.435#Z#DEBUG#89a811f3-b76c-11f1-a9d4-eeee0a93f2f4.OPERATION#flowable-async-job-executor-thread-28156#
[BindServiceToApplicationStep] Getting async job "d1978c78-1fb0-428e-a70f-dab8a892473f"#
#2026 09 23 16:34:18.454#Z#DEBUG#89a811f3-b76c-11f1-a9d4-eeee0a93f2f4.OPERATION#flowable-async-job-executor-thread-28155#
[BindServiceToApplicationStep] Getting service instance "hpbuysell-otc-salesorder-destination"...#
#2026 09 23 16:34:18.461#Z#DEBUG#89a811f3-b76c-11f1-a9d4-eeee0a93f2f4.OPERATION#flowable-async-job-executor-thread-28156#
[BindServiceToApplicationStep] Getting service instance "hpbuysell-otc-salesorder-auth"...#
#2026 09 23 16:34:18.562#Z#DEBUG#89a811f3-b76c-11f1-a9d4-eeee0a93f2f4.OPERATION#flowable-async-job-executor-thread-28160#
[BindServiceToApplicationStep] Executing task "bindServiceToApplicationTask" of process "9623decf-b76c-11f1-b8fd-eeee0a98fd3d"...#
#2026 09 23 16:34:18.564#Z#DEBUG#89a811f3-b76c-11f1-a9d4-eeee0a93f2f4.OPERATION#flowable-async-job-executor-thread-28155#
[BindServiceToApplicationStep] Async service binding operation with id "0a178bce-9643-47c7-916d-b5d64a629913" finished#
#2026 09 23 16:34:18.565#Z#INFO#89a811f3-b76c-11f1-a9d4-eeee0a93f2f4.OPERATION#flowable-async-job-executor-thread-28160#
[BindServiceToApplicationStep] Binding service instance "buysell-dev-pgdb" to application "hpbuysell-otc-salesorder-srv"...#
#2026 09 23 16:34:18.565#Z#DEBUG#89a811f3-b76c-11f1-a9d4-eeee0a93f2f4.OPERATION#flowable-async-job-executor-thread-28155#
Step "Bind Service to Application" finished#
#2026 09 23 16:34:18.572#Z#DEBUG#89a811f3-b76c-11f1-a9d4-eeee0a93f2f4.OPERATION#flowable-async-job-executor-thread-28160#
[BindServiceToApplicationStep] Binding service instance "buysell-dev-pgdb" to application "hpbuysell-otc-salesorder-srv" with parameters: { }#
#2026 09 23 16:34:18.579#Z#DEBUG#89a811f3-b76c-11f1-a9d4-eeee0a93f2f4.OPERATION#flowable-async-job-executor-thread-28161#
[BindServiceToApplicationStep] Executing task "bindServiceToApplicationTask" of process "96579852-b76c-11f1-896f-eeee0a8180c9"...#
#2026 09 23 16:34:18.581#Z#INFO#89a811f3-b76c-11f1-a9d4-eeee0a93f2f4.OPERATION#flowable-async-job-executor-thread-28161#
[BindServiceToApplicationStep] Binding service instance "hpbuysell-otc-salesorder-auth" to application "hpbuysell-otc-salesorder-postgres-deployer"...#
#2026 09 23 16:34:18.586#Z#DEBUG#89a811f3-b76c-11f1-a9d4-eeee0a93f2f4.OPERATION#flowable-async-job-executor-thread-28161#
[BindServiceToApplicationStep] Binding service instance "hpbuysell-otc-salesorder-auth" to application "hpbuysell-otc-salesorder-postgres-deployer" with parameters: { }#
#2026 09 23 16:34:18.596#Z#DEBUG#89a811f3-b76c-11f1-a9d4-eeee0a93f2f4.OPERATION#flowable-async-job-executor-thread-28164#
[BindServiceToApplicationStep] Executing task "bindServiceToApplicationTask" of process "97bc0aa6-b76c-11f1-896f-eeee0a8180c9"...#
#2026 09 23 16:34:18.597#Z#INFO#89a811f3-b76c-11f1-a9d4-eeee0a93f2f4.OPERATION#flowable-async-job-executor-thread-28164#
[BindServiceToApplicationStep] Binding service instance "buysell-dev-pgdb" to application "hpbuysell-otc-salesorder-postgres-deployer"...#
#2026 09 23 16:34:18.601#Z#DEBUG#89a811f3-b76c-11f1-a9d4-eeee0a93f2f4.OPERATION#flowable-async-job-executor-thread-28164#
[BindServiceToApplicationStep] Binding service instance "buysell-dev-pgdb" to application "hpbuysell-otc-salesorder-postgres-deployer" with parameters: { }#
#2026 09 23 16:34:18.613#Z#DEBUG#89a811f3-b76c-11f1-a9d4-eeee0a93f2f4.OPERATION#flowable-async-job-executor-thread-28156#
[BindServiceToApplicationStep] Async service binding operation with id "d1978c78-1fb0-428e-a70f-dab8a892473f" finished#
#2026 09 23 16:34:18.614#Z#DEBUG#89a811f3-b76c-11f1-a9d4-eeee0a93f2f4.OPERATION#flowable-async-job-executor-thread-28156#
Step "Bind Service to Application" finished#
#2026 09 23 16:34:18.708#Z#DEBUG#89a811f3-b76c-11f1-a9d4-eeee0a93f2f4.OPERATION#flowable-async-job-executor-thread-28164#
Step "Bind Service to Application" finished#
#2026 09 23 16:34:18.713#Z#DEBUG#89a811f3-b76c-11f1-a9d4-eeee0a93f2f4.OPERATION#flowable-async-job-executor-thread-28160#
Step "Bind Service to Application" finished#
#2026 09 23 16:34:18.749#Z#DEBUG#89a811f3-b76c-11f1-a9d4-eeee0a93f2f4.OPERATION#flowable-async-job-executor-thread-28161#
Step "Bind Service to Application" finished#
#2026 09 23 16:34:18.361#Z#DEBUG#89a811f3-b76c-11f1-a9d4-eeee0a93f2f4.OPERATION#flowable-async-job-executor-thread-28135#
[StartContentDeployStep] Executing task "startContentDeployTask" of process "97e675c6-b76c-11f1-896f-eeee0a8180c9"...#
#2026 09 23 16:34:18.362#Z#DEBUG#89a811f3-b76c-11f1-a9d4-eeee0a93f2f4.OPERATION#flowable-async-job-executor-thread-28135#
[StartContentDeployStep] Checking status of module content deployment "hpbuysell-otc-salesorder-app-content" in service "hpbuysell-otc-salesorder-html5-repo-host"...#
#2026 09 23 16:34:18.919#Z#DEBUG#89a811f3-b76c-11f1-a9d4-eeee0a93f2f4.OPERATION#flowable-async-job-executor-thread-28135#
[StartContentDeployStep] Deleting content deployment resource "39553e1b-46dc-408d-8107-02c04b87376c"...#
#2026 09 23 16:34:18.955#Z#DEBUG#89a811f3-b76c-11f1-a9d4-eeee0a93f2f4.OPERATION#flowable-async-job-executor-thread-28135#
Step "Start Content Deploy" finished#
#2026 09 23 16:34:28.441#Z#DEBUG#89a811f3-b76c-11f1-a9d4-eeee0a93f2f4.OPERATION#flowable-async-job-executor-thread-28173#
[BindServiceToApplicationStep] Executing task "bindServiceToApplicationTask" of process "97bc0aa6-b76c-11f1-896f-eeee0a8180c9"...#
#2026 09 23 16:34:28.442#Z#DEBUG#89a811f3-b76c-11f1-a9d4-eeee0a93f2f4.OPERATION#flowable-async-job-executor-thread-28173#
[BindServiceToApplicationStep] Getting async job "9cd9bb81-623d-4472-95b8-6e81e0d256a2"#
#2026 09 23 16:34:28.449#Z#DEBUG#89a811f3-b76c-11f1-a9d4-eeee0a93f2f4.OPERATION#flowable-async-job-executor-thread-28177#
[BindServiceToApplicationStep] Executing task "bindServiceToApplicationTask" of process "96579852-b76c-11f1-896f-eeee0a8180c9"...#
#2026 09 23 16:34:28.451#Z#DEBUG#89a811f3-b76c-11f1-a9d4-eeee0a93f2f4.OPERATION#flowable-async-job-executor-thread-28177#
[BindServiceToApplicationStep] Getting async job "cdb0af58-75cc-4fe1-8f03-347e5546b824"#
#2026 09 23 16:34:28.459#Z#DEBUG#89a811f3-b76c-11f1-a9d4-eeee0a93f2f4.OPERATION#flowable-async-job-executor-thread-28180#
[BindServiceToApplicationStep] Executing task "bindServiceToApplicationTask" of process "9623decf-b76c-11f1-b8fd-eeee0a98fd3d"...#
#2026 09 23 16:34:28.460#Z#DEBUG#89a811f3-b76c-11f1-a9d4-eeee0a93f2f4.OPERATION#flowable-async-job-executor-thread-28180#
[BindServiceToApplicationStep] Getting async job "50e51d1e-c1eb-44e9-912d-8b478a58a903"#
#2026 09 23 16:34:28.475#Z#DEBUG#89a811f3-b76c-11f1-a9d4-eeee0a93f2f4.OPERATION#flowable-async-job-executor-thread-28177#
[BindServiceToApplicationStep] Getting service instance "hpbuysell-otc-salesorder-auth"...#
#2026 09 23 16:34:28.484#Z#DEBUG#89a811f3-b76c-11f1-a9d4-eeee0a93f2f4.OPERATION#flowable-async-job-executor-thread-28180#
[BindServiceToApplicationStep] Getting service instance "buysell-dev-pgdb"...#
#2026 09 23 16:34:28.494#Z#DEBUG#89a811f3-b76c-11f1-a9d4-eeee0a93f2f4.OPERATION#flowable-async-job-executor-thread-28173#
[BindServiceToApplicationStep] Getting service instance "buysell-dev-pgdb"...#
#2026 09 23 16:34:28.577#Z#DEBUG#89a811f3-b76c-11f1-a9d4-eeee0a93f2f4.OPERATION#flowable-async-job-executor-thread-28177#
[BindServiceToApplicationStep] Async service binding operation with id "cdb0af58-75cc-4fe1-8f03-347e5546b824" finished#
#2026 09 23 16:34:28.577#Z#DEBUG#89a811f3-b76c-11f1-a9d4-eeee0a93f2f4.OPERATION#flowable-async-job-executor-thread-28177#
Step "Bind Service to Application" finished#
#2026 09 23 16:34:28.594#Z#DEBUG#89a811f3-b76c-11f1-a9d4-eeee0a93f2f4.OPERATION#flowable-async-job-executor-thread-28173#
[BindServiceToApplicationStep] Async service binding operation with id "9cd9bb81-623d-4472-95b8-6e81e0d256a2" finished#
#2026 09 23 16:34:28.594#Z#DEBUG#89a811f3-b76c-11f1-a9d4-eeee0a93f2f4.OPERATION#flowable-async-job-executor-thread-28173#
Step "Bind Service to Application" finished#
#2026 09 23 16:34:28.596#Z#DEBUG#89a811f3-b76c-11f1-a9d4-eeee0a93f2f4.OPERATION#flowable-async-job-executor-thread-28180#
[BindServiceToApplicationStep] Async service binding operation with id "50e51d1e-c1eb-44e9-912d-8b478a58a903" finished#
#2026 09 23 16:34:28.599#Z#DEBUG#89a811f3-b76c-11f1-a9d4-eeee0a93f2f4.OPERATION#flowable-async-job-executor-thread-28180#
Step "Bind Service to Application" finished#
#2026 09 23 16:34:28.719#Z#DEBUG#89a811f3-b76c-11f1-a9d4-eeee0a93f2f4.OPERATION#flowable-async-job-executor-thread-28187#
[DetermineVcapServicesPropertiesChangedStep] Executing task "determineVcapServicesPropertiesChangedTask" of process "a5873a92-b76c-11f1-a9d4-eeee0a93f2f4"...#
#2026 09 23 16:34:28.721#Z#DEBUG#89a811f3-b76c-11f1-a9d4-eeee0a93f2f4.OPERATION#flowable-async-job-executor-thread-28187#
[DetermineVcapServicesPropertiesChangedStep] VCAP_SERVICES properties for application "hpbuysell-otc-salesorder-srv" changed: true#
#2026 09 23 16:34:28.721#Z#DEBUG#89a811f3-b76c-11f1-a9d4-eeee0a93f2f4.OPERATION#flowable-async-job-executor-thread-28187#
Step "Determine vcap services properties changed" finished#
#2026 09 23 16:34:28.746#Z#DEBUG#89a811f3-b76c-11f1-a9d4-eeee0a93f2f4.OPERATION#flowable-async-job-executor-thread-28189#
[UploadAppStep] Executing task "uploadAppTask" of process "a5873a92-b76c-11f1-a9d4-eeee0a93f2f4"...#
#2026 09 23 16:34:28.748#Z#DEBUG#89a811f3-b76c-11f1-a9d4-eeee0a93f2f4.OPERATION#flowable-async-job-executor-thread-28189#
[UploadAppStep] Application upload timeout is default one: 3,600 seconds#
#2026 09 23 16:34:28.748#Z#INFO#89a811f3-b76c-11f1-a9d4-eeee0a93f2f4.OPERATION#flowable-async-job-executor-thread-28189#
[UploadAppStep] Uploading application "hpbuysell-otc-salesorder-srv"...#
#2026 09 23 16:34:28.753#Z#DEBUG#89a811f3-b76c-11f1-a9d4-eeee0a93f2f4.OPERATION#flowable-async-job-executor-thread-28189#
[UploadAppStep] Getting application "hpbuysell-otc-salesorder-srv"...#
#2026 09 23 16:34:28.790#Z#DEBUG#89a811f3-b76c-11f1-a9d4-eeee0a93f2f4.OPERATION#flowable-async-job-executor-thread-28189#
[UploadAppStep] Getting environment of application "30a35eb8-d3f3-4113-9347-bb35ee8ee030"...#
#2026 09 23 16:34:28.829#Z#INFO#89a811f3-b76c-11f1-a9d4-eeee0a93f2f4.OPERATION#flowable-async-job-executor-thread-28189#
[UploadAppStep] Calculating application digest: "hpbuysell-otc-salesorder-srv"#
#2026 09 23 16:34:29.161#Z#DEBUG#89a811f3-b76c-11f1-a9d4-eeee0a93f2f4.OPERATION#flowable-async-job-executor-thread-28189#
Step "Upload App" finished#
#2026 09 23 16:34:29.599#Z#DEBUG#89a811f3-b76c-11f1-a9d4-eeee0a93f2f4.OPERATION#flowable-async-job-executor-thread-21993#
[DetermineVcapServicesPropertiesChangedStep] Executing task "determineVcapServicesPropertiesChangedTask" of process "a60f7dc2-b76c-11f1-896f-eeee0a8180c9"...#
#2026 09 23 16:34:29.600#Z#DEBUG#89a811f3-b76c-11f1-a9d4-eeee0a93f2f4.OPERATION#flowable-async-job-executor-thread-21993#
[DetermineVcapServicesPropertiesChangedStep] VCAP_SERVICES properties for application "hpbuysell-otc-salesorder-postgres-deployer" changed: true#
#2026 09 23 16:34:29.600#Z#DEBUG#89a811f3-b76c-11f1-a9d4-eeee0a93f2f4.OPERATION#flowable-async-job-executor-thread-21993#
Step "Determine vcap services properties changed" finished#
#2026 09 23 16:34:29.623#Z#DEBUG#89a811f3-b76c-11f1-a9d4-eeee0a93f2f4.OPERATION#flowable-async-job-executor-thread-21994#
[UploadAppStep] Executing task "uploadAppTask" of process "a60f7dc2-b76c-11f1-896f-eeee0a8180c9"...#
#2026 09 23 16:34:29.625#Z#DEBUG#89a811f3-b76c-11f1-a9d4-eeee0a93f2f4.OPERATION#flowable-async-job-executor-thread-21994#
[UploadAppStep] Application upload timeout is default one: 3,600 seconds#
#2026 09 23 16:34:29.625#Z#INFO#89a811f3-b76c-11f1-a9d4-eeee0a93f2f4.OPERATION#flowable-async-job-executor-thread-21994#
[UploadAppStep] Uploading application "hpbuysell-otc-salesorder-postgres-deployer"...#
#2026 09 23 16:34:29.629#Z#DEBUG#89a811f3-b76c-11f1-a9d4-eeee0a93f2f4.OPERATION#flowable-async-job-executor-thread-21994#
[UploadAppStep] Getting application "hpbuysell-otc-salesorder-postgres-deployer"...#
#2026 09 23 16:34:29.658#Z#DEBUG#89a811f3-b76c-11f1-a9d4-eeee0a93f2f4.OPERATION#flowable-async-job-executor-thread-21994#
[UploadAppStep] Getting environment of application "9409158a-3ef5-419f-b18e-c3263bd4e0f3"...#
#2026 09 23 16:34:29.708#Z#INFO#89a811f3-b76c-11f1-a9d4-eeee0a93f2f4.OPERATION#flowable-async-job-executor-thread-21994#
[UploadAppStep] Calculating application digest: "hpbuysell-otc-salesorder-postgres-deployer"#
#2026 09 23 16:34:29.881#Z#DEBUG#89a811f3-b76c-11f1-a9d4-eeee0a93f2f4.OPERATION#flowable-async-job-executor-thread-21994#
Step "Upload App" finished#
#2026 09 23 16:34:38.487#Z#DEBUG#89a811f3-b76c-11f1-a9d4-eeee0a93f2f4.OPERATION#flowable-async-job-executor-thread-21998#
[UploadAppStep] Executing task "uploadAppTask" of process "a60f7dc2-b76c-11f1-896f-eeee0a8180c9"...#
#2026 09 23 16:34:38.488#Z#DEBUG#89a811f3-b76c-11f1-a9d4-eeee0a93f2f4.OPERATION#flowable-async-job-executor-thread-21998#
[UploadAppStep] Application upload timeout is default one: 3,600 seconds#
#2026 09 23 16:34:38.490#Z#DEBUG#89a811f3-b76c-11f1-a9d4-eeee0a93f2f4.OPERATION#pool-14-thread-3#
[UploadAppStep] Upload of application: hpbuysell-otc-salesorder-postgres-deployer started on instance: 2#
#2026 09 23 16:34:38.490#Z#DEBUG#89a811f3-b76c-11f1-a9d4-eeee0a93f2f4.OPERATION#pool-14-thread-3#
[UploadAppStep] Uploading file "hpbuysell-otc-salesorder-postgres-deployer/data.zip" for application "hpbuysell-otc-salesorder-postgres-deployer"#
#2026 09 23 16:34:38.750#Z#INFO#89a811f3-b76c-11f1-a9d4-eeee0a93f2f4.OPERATION#pool-14-thread-3#
[UploadAppStep] Time elapsed for app binary download: 260 in millis#
#2026 09 23 16:34:38.750#Z#INFO#89a811f3-b76c-11f1-a9d4-eeee0a93f2f4.OPERATION#pool-14-thread-3#
[UploadAppStep] Size of app hpbuysell-otc-salesorder-postgres-deployer is 3,337,007 bytes#
#2026 09 23 16:34:38.750#Z#DEBUG#89a811f3-b76c-11f1-a9d4-eeee0a93f2f4.OPERATION#pool-14-thread-3#
[UploadAppStep] Asynchronously uploading binaries for application "hpbuysell-otc-salesorder-postgres-deployer"...#
#2026 09 23 16:34:38.968#Z#INFO#89a811f3-b76c-11f1-a9d4-eeee0a93f2f4.OPERATION#pool-14-thread-3#
[UploadAppStep] Started async upload of application "hpbuysell-otc-salesorder-postgres-deployer"#
#2026 09 23 16:34:38.971#Z#INFO#89a811f3-b76c-11f1-a9d4-eeee0a93f2f4.OPERATION#flowable-async-job-executor-thread-21998#
[UploadAppStep] Time elapsed for upload: 483 in millis#
#2026 09 23 16:34:38.971#Z#DEBUG#89a811f3-b76c-11f1-a9d4-eeee0a93f2f4.OPERATION#flowable-async-job-executor-thread-21998#
[UploadAppStep] Getting application "hpbuysell-otc-salesorder-postgres-deployer"...#
#2026 09 23 16:34:39.003#Z#DEBUG#89a811f3-b76c-11f1-a9d4-eeee0a93f2f4.OPERATION#App upload monitor: 2cc1020e-b363-4c90-960b-0eb08d0f4ff9#
[UploadAppStep] Upload status: PROCESSING_UPLOAD#
#2026 09 23 16:34:39.007#Z#DEBUG#89a811f3-b76c-11f1-a9d4-eeee0a93f2f4.OPERATION#flowable-async-job-executor-thread-21998#
[UploadAppStep] Getting environment of application "9409158a-3ef5-419f-b18e-c3263bd4e0f3"...#
#2026 09 23 16:34:39.036#Z#DEBUG#89a811f3-b76c-11f1-a9d4-eeee0a93f2f4.OPERATION#flowable-async-job-executor-thread-21998#
[UploadAppStep] Updating environment of application "hpbuysell-otc-salesorder-postgres-deployer"#
#2026 09 23 16:34:39.128#Z#DEBUG#89a811f3-b76c-11f1-a9d4-eeee0a93f2f4.OPERATION#flowable-async-job-executor-thread-21998#
Step "Upload App" finished#
#2026 09 23 16:34:38.494#Z#DEBUG#89a811f3-b76c-11f1-a9d4-eeee0a93f2f4.OPERATION#flowable-async-job-executor-thread-28199#
[UploadAppStep] Executing task "uploadAppTask" of process "a5873a92-b76c-11f1-a9d4-eeee0a93f2f4"...#
#2026 09 23 16:34:38.495#Z#DEBUG#89a811f3-b76c-11f1-a9d4-eeee0a93f2f4.OPERATION#flowable-async-job-executor-thread-28199#
[UploadAppStep] Application upload timeout is default one: 3,600 seconds#
#2026 09 23 16:34:38.497#Z#DEBUG#89a811f3-b76c-11f1-a9d4-eeee0a93f2f4.OPERATION#pool-14-thread-4#
[UploadAppStep] Upload of application: hpbuysell-otc-salesorder-srv started on instance: 0#
#2026 09 23 16:34:38.497#Z#DEBUG#89a811f3-b76c-11f1-a9d4-eeee0a93f2f4.OPERATION#pool-14-thread-4#
[UploadAppStep] Uploading file "hpbuysell-otc-salesorder-srv/data.zip" for application "hpbuysell-otc-salesorder-srv"#
#2026 09 23 16:34:38.823#Z#INFO#89a811f3-b76c-11f1-a9d4-eeee0a93f2f4.OPERATION#pool-14-thread-4#
[UploadAppStep] Time elapsed for app binary download: 326 in millis#
#2026 09 23 16:34:38.823#Z#INFO#89a811f3-b76c-11f1-a9d4-eeee0a93f2f4.OPERATION#pool-14-thread-4#
[UploadAppStep] Size of app hpbuysell-otc-salesorder-srv is 20,728,265 bytes#
#2026 09 23 16:34:38.823#Z#DEBUG#89a811f3-b76c-11f1-a9d4-eeee0a93f2f4.OPERATION#pool-14-thread-4#
[UploadAppStep] Asynchronously uploading binaries for application "hpbuysell-otc-salesorder-srv"...#
#2026 09 23 16:34:39.130#Z#INFO#89a811f3-b76c-11f1-a9d4-eeee0a93f2f4.OPERATION#pool-14-thread-4#
[UploadAppStep] Started async upload of application "hpbuysell-otc-salesorder-srv"#
#2026 09 23 16:34:39.133#Z#INFO#89a811f3-b76c-11f1-a9d4-eeee0a93f2f4.OPERATION#flowable-async-job-executor-thread-28199#
[UploadAppStep] Time elapsed for upload: 637 in millis#
#2026 09 23 16:34:39.133#Z#DEBUG#89a811f3-b76c-11f1-a9d4-eeee0a93f2f4.OPERATION#flowable-async-job-executor-thread-28199#
[UploadAppStep] Getting application "hpbuysell-otc-salesorder-srv"...#
#2026 09 23 16:34:39.162#Z#DEBUG#89a811f3-b76c-11f1-a9d4-eeee0a93f2f4.OPERATION#App upload monitor: b199f27b-e75b-48b9-97ef-62b8b4b18520#
[UploadAppStep] Upload status: PROCESSING_UPLOAD#
#2026 09 23 16:34:39.168#Z#DEBUG#89a811f3-b76c-11f1-a9d4-eeee0a93f2f4.OPERATION#flowable-async-job-executor-thread-28199#
[UploadAppStep] Getting environment of application "30a35eb8-d3f3-4113-9347-bb35ee8ee030"...#
#2026 09 23 16:34:39.208#Z#DEBUG#89a811f3-b76c-11f1-a9d4-eeee0a93f2f4.OPERATION#flowable-async-job-executor-thread-28199#
[UploadAppStep] Updating environment of application "hpbuysell-otc-salesorder-srv"#
#2026 09 23 16:34:39.297#Z#DEBUG#89a811f3-b76c-11f1-a9d4-eeee0a93f2f4.OPERATION#flowable-async-job-executor-thread-28199#
Step "Upload App" finished#
#2026 09 23 16:34:44.189#Z#DEBUG#89a811f3-b76c-11f1-a9d4-eeee0a93f2f4.OPERATION#App upload monitor: b199f27b-e75b-48b9-97ef-62b8b4b18520#
[UploadAppStep] Upload status: PROCESSING_UPLOAD#
#2026 09 23 16:34:48.538#Z#DEBUG#89a811f3-b76c-11f1-a9d4-eeee0a93f2f4.OPERATION#flowable-async-job-executor-thread-28219#
[UploadAppStep] Executing task "uploadAppTask" of process "a60f7dc2-b76c-11f1-896f-eeee0a8180c9"...#
#2026 09 23 16:34:48.539#Z#DEBUG#89a811f3-b76c-11f1-a9d4-eeee0a93f2f4.OPERATION#flowable-async-job-executor-thread-28219#
[UploadAppStep] Application upload timeout is default one: 3,600 seconds#
#2026 09 23 16:34:48.539#Z#DEBUG#89a811f3-b76c-11f1-a9d4-eeee0a93f2f4.OPERATION#flowable-async-job-executor-thread-28219#
[UploadAppStep] Checking upload status of application "hpbuysell-otc-salesorder-postgres-deployer"...#
#2026 09 23 16:34:48.540#Z#DEBUG#89a811f3-b76c-11f1-a9d4-eeee0a93f2f4.OPERATION#flowable-async-job-executor-thread-28219#
[UploadAppStep] Getting package "2cc1020e-b363-4c90-960b-0eb08d0f4ff9"...#
#2026 09 23 16:34:48.542#Z#DEBUG#89a811f3-b76c-11f1-a9d4-eeee0a93f2f4.OPERATION#flowable-async-job-executor-thread-28220#
[UploadAppStep] Executing task "uploadAppTask" of process "a5873a92-b76c-11f1-a9d4-eeee0a93f2f4"...#
#2026 09 23 16:34:48.543#Z#DEBUG#89a811f3-b76c-11f1-a9d4-eeee0a93f2f4.OPERATION#flowable-async-job-executor-thread-28220#
[UploadAppStep] Application upload timeout is default one: 3,600 seconds#
#2026 09 23 16:34:48.543#Z#DEBUG#89a811f3-b76c-11f1-a9d4-eeee0a93f2f4.OPERATION#flowable-async-job-executor-thread-28220#
[UploadAppStep] Checking upload status of application "hpbuysell-otc-salesorder-srv"...#
#2026 09 23 16:34:48.544#Z#DEBUG#89a811f3-b76c-11f1-a9d4-eeee0a93f2f4.OPERATION#flowable-async-job-executor-thread-28220#
[UploadAppStep] Getting package "b199f27b-e75b-48b9-97ef-62b8b4b18520"...#
#2026 09 23 16:34:48.572#Z#DEBUG#89a811f3-b76c-11f1-a9d4-eeee0a93f2f4.OPERATION#flowable-async-job-executor-thread-28219#
[UploadAppStep] Application "hpbuysell-otc-salesorder-postgres-deployer" uploaded#
#2026 09 23 16:34:48.573#Z#DEBUG#89a811f3-b76c-11f1-a9d4-eeee0a93f2f4.OPERATION#flowable-async-job-executor-thread-28220#
Step "Upload App" finished#
#2026 09 23 16:34:48.573#Z#DEBUG#89a811f3-b76c-11f1-a9d4-eeee0a93f2f4.OPERATION#flowable-async-job-executor-thread-28219#
Step "Upload App" finished#
#2026 09 23 16:34:48.602#Z#DEBUG#89a811f3-b76c-11f1-a9d4-eeee0a93f2f4.OPERATION#flowable-async-job-executor-thread-28221#
[ScaleAppStep] Executing task "scaleAppTask" of process "a60f7dc2-b76c-11f1-896f-eeee0a8180c9"...#
#2026 09 23 16:34:48.605#Z#DEBUG#89a811f3-b76c-11f1-a9d4-eeee0a93f2f4.OPERATION#flowable-async-job-executor-thread-28221#
[ScaleAppStep] Scaling application "hpbuysell-otc-salesorder-postgres-deployer"...#
#2026 09 23 16:34:48.605#Z#DEBUG#89a811f3-b76c-11f1-a9d4-eeee0a93f2f4.OPERATION#flowable-async-job-executor-thread-28221#
[ScaleAppStep] Getting application guid "hpbuysell-otc-salesorder-postgres-deployer"...#
#2026 09 23 16:34:48.631#Z#DEBUG#89a811f3-b76c-11f1-a9d4-eeee0a93f2f4.OPERATION#flowable-async-job-executor-thread-28221#
[ScaleAppStep] Getting process for application "9409158a-3ef5-419f-b18e-c3263bd4e0f3"...#
#2026 09 23 16:34:48.673#Z#DEBUG#89a811f3-b76c-11f1-a9d4-eeee0a93f2f4.OPERATION#flowable-async-job-executor-thread-28221#
[ScaleAppStep] Application "hpbuysell-otc-salesorder-postgres-deployer" scaled#
#2026 09 23 16:34:48.673#Z#DEBUG#89a811f3-b76c-11f1-a9d4-eeee0a93f2f4.OPERATION#flowable-async-job-executor-thread-28221#
Step "Scale App" finished#
#2026 09 23 16:34:48.694#Z#DEBUG#89a811f3-b76c-11f1-a9d4-eeee0a93f2f4.OPERATION#flowable-async-job-executor-thread-28222#
[DetermineDesiredStateAchievingActionsStep] Executing task "determineDesiredStateAchievingActionsTask" of process "a60f7dc2-b76c-11f1-896f-eeee0a8180c9"...#
#2026 09 23 16:34:48.695#Z#DEBUG#89a811f3-b76c-11f1-a9d4-eeee0a93f2f4.OPERATION#flowable-async-job-executor-thread-28222#
[DetermineDesiredStateAchievingActionsStep] Getting application "hpbuysell-otc-salesorder-postgres-deployer"...#
#2026 09 23 16:34:48.728#Z#DEBUG#89a811f3-b76c-11f1-a9d4-eeee0a93f2f4.OPERATION#flowable-async-job-executor-thread-28222#
[DetermineDesiredStateAchievingActionsStep] Getting instances for application "hpbuysell-otc-salesorder-postgres-deployer"...#
#2026 09 23 16:34:48.728#Z#DEBUG#89a811f3-b76c-11f1-a9d4-eeee0a93f2f4.OPERATION#flowable-async-job-executor-thread-28222#
[DetermineDesiredStateAchievingActionsStep] Getting environment of application "9409158a-3ef5-419f-b18e-c3263bd4e0f3"...#
#2026 09 23 16:34:48.759#Z#DEBUG#89a811f3-b76c-11f1-a9d4-eeee0a93f2f4.OPERATION#flowable-async-job-executor-thread-28222#
[DetermineDesiredStateAchievingActionsStep] Current state of application hpbuysell-otc-salesorder-postgres-deployer: STOPPED#
#2026 09 23 16:34:48.759#Z#DEBUG#89a811f3-b76c-11f1-a9d4-eeee0a93f2f4.OPERATION#flowable-async-job-executor-thread-28222#
[DetermineDesiredStateAchievingActionsStep] Desired state of application hpbuysell-otc-salesorder-postgres-deployer: STOPPED#
#2026 09 23 16:34:48.760#Z#DEBUG#89a811f3-b76c-11f1-a9d4-eeee0a93f2f4.OPERATION#flowable-async-job-executor-thread-28222#
[DetermineDesiredStateAchievingActionsStep] Actions that should be executed on application hpbuysell-otc-salesorder-postgres-deployer: [STAGE]#
#2026 09 23 16:34:48.760#Z#DEBUG#89a811f3-b76c-11f1-a9d4-eeee0a93f2f4.OPERATION#flowable-async-job-executor-thread-28222#
Step "Determine Desired State Achieving Actions" finished#
#2026 09 23 16:34:48.782#Z#DEBUG#89a811f3-b76c-11f1-a9d4-eeee0a93f2f4.OPERATION#flowable-async-job-executor-thread-28224#
[StageAppStep] Executing task "stageAppTask" of process "a60f7dc2-b76c-11f1-896f-eeee0a8180c9"...#
#2026 09 23 16:34:48.783#Z#DEBUG#89a811f3-b76c-11f1-a9d4-eeee0a93f2f4.OPERATION#flowable-async-job-executor-thread-28224#
[StageAppStep] Application stage timeout is default one: 3,600 seconds#
#2026 09 23 16:34:48.784#Z#INFO#89a811f3-b76c-11f1-a9d4-eeee0a93f2f4.OPERATION#flowable-async-job-executor-thread-28224#
[StageAppStep] Staging application "hpbuysell-otc-salesorder-postgres-deployer"...#
#2026 09 23 16:34:48.789#Z#DEBUG#89a811f3-b76c-11f1-a9d4-eeee0a93f2f4.OPERATION#flowable-async-job-executor-thread-28224#
[StageAppStep] Creating build for package "2cc1020e-b363-4c90-960b-0eb08d0f4ff9"...#
#2026 09 23 16:34:49.227#Z#DEBUG#89a811f3-b76c-11f1-a9d4-eeee0a93f2f4.OPERATION#flowable-async-job-executor-thread-28224#
Step "Stage App" finished#
#2026 09 23 16:34:58.586#Z#DEBUG#89a811f3-b76c-11f1-a9d4-eeee0a93f2f4.OPERATION#flowable-async-job-executor-thread-22011#
[UploadAppStep] Executing task "uploadAppTask" of process "a5873a92-b76c-11f1-a9d4-eeee0a93f2f4"...#
#2026 09 23 16:34:58.588#Z#DEBUG#89a811f3-b76c-11f1-a9d4-eeee0a93f2f4.OPERATION#flowable-async-job-executor-thread-22011#
[UploadAppStep] Application upload timeout is default one: 3,600 seconds#
#2026 09 23 16:34:58.588#Z#DEBUG#89a811f3-b76c-11f1-a9d4-eeee0a93f2f4.OPERATION#flowable-async-job-executor-thread-22011#
[UploadAppStep] Checking upload status of application "hpbuysell-otc-salesorder-srv"...#
#2026 09 23 16:34:58.588#Z#DEBUG#89a811f3-b76c-11f1-a9d4-eeee0a93f2f4.OPERATION#flowable-async-job-executor-thread-22011#
[UploadAppStep] Getting package "b199f27b-e75b-48b9-97ef-62b8b4b18520"...#
#2026 09 23 16:34:58.621#Z#DEBUG#89a811f3-b76c-11f1-a9d4-eeee0a93f2f4.OPERATION#flowable-async-job-executor-thread-22011#
[UploadAppStep] Application "hpbuysell-otc-salesorder-srv" uploaded#
#2026 09 23 16:34:58.621#Z#DEBUG#89a811f3-b76c-11f1-a9d4-eeee0a93f2f4.OPERATION#flowable-async-job-executor-thread-22011#
Step "Upload App" finished#
#2026 09 23 16:34:58.645#Z#DEBUG#89a811f3-b76c-11f1-a9d4-eeee0a93f2f4.OPERATION#flowable-async-job-executor-thread-22013#
[ScaleAppStep] Executing task "scaleAppTask" of process "a5873a92-b76c-11f1-a9d4-eeee0a93f2f4"...#
#2026 09 23 16:34:58.647#Z#DEBUG#89a811f3-b76c-11f1-a9d4-eeee0a93f2f4.OPERATION#flowable-async-job-executor-thread-22013#
[ScaleAppStep] Scaling application "hpbuysell-otc-salesorder-srv"...#
#2026 09 23 16:34:58.647#Z#DEBUG#89a811f3-b76c-11f1-a9d4-eeee0a93f2f4.OPERATION#flowable-async-job-executor-thread-22013#
[ScaleAppStep] Getting application guid "hpbuysell-otc-salesorder-srv"...#
#2026 09 23 16:34:58.674#Z#DEBUG#89a811f3-b76c-11f1-a9d4-eeee0a93f2f4.OPERATION#flowable-async-job-executor-thread-22013#
[ScaleAppStep] Getting process for application "30a35eb8-d3f3-4113-9347-bb35ee8ee030"...#
#2026 09 23 16:34:58.705#Z#DEBUG#89a811f3-b76c-11f1-a9d4-eeee0a93f2f4.OPERATION#flowable-async-job-executor-thread-22013#
[ScaleAppStep] Application "hpbuysell-otc-salesorder-srv" scaled#
#2026 09 23 16:34:58.705#Z#DEBUG#89a811f3-b76c-11f1-a9d4-eeee0a93f2f4.OPERATION#flowable-async-job-executor-thread-22013#
Step "Scale App" finished#
#2026 09 23 16:34:58.569#Z#DEBUG#89a811f3-b76c-11f1-a9d4-eeee0a93f2f4.OPERATION#flowable-async-job-executor-thread-22007#
[StageAppStep] Executing task "stageAppTask" of process "a60f7dc2-b76c-11f1-896f-eeee0a8180c9"...#
#2026 09 23 16:34:58.571#Z#DEBUG#89a811f3-b76c-11f1-a9d4-eeee0a93f2f4.OPERATION#flowable-async-job-executor-thread-22007#
[StageAppStep] Application stage timeout is default one: 3,600 seconds#
#2026 09 23 16:34:58.571#Z#DEBUG#89a811f3-b76c-11f1-a9d4-eeee0a93f2f4.OPERATION#flowable-async-job-executor-thread-22007#
[StageAppStep] Checking status of application "hpbuysell-otc-salesorder-postgres-deployer"...#
#2026 09 23 16:34:58.571#Z#DEBUG#89a811f3-b76c-11f1-a9d4-eeee0a93f2f4.OPERATION#flowable-async-job-executor-thread-22007#
[StageAppStep] Getting build "b2d19168-9a0b-4d05-9952-968a341bf132"...#
#2026 09 23 16:34:58.608#Z#DEBUG#89a811f3-b76c-11f1-a9d4-eeee0a93f2f4.OPERATION#flowable-async-job-executor-thread-22007#
[StageAppStep] Staging status of application "hpbuysell-otc-salesorder-postgres-deployer": PENDING#
#2026 09 23 16:34:58.609#Z#DEBUG#89a811f3-b76c-11f1-a9d4-eeee0a93f2f4.OPERATION#flowable-async-job-executor-thread-22007#
[StageAppStep] Getting application guid "hpbuysell-otc-salesorder-postgres-deployer"...#
#2026 09 23 16:34:58.740#Z#DEBUG#89a811f3-b76c-11f1-a9d4-eeee0a93f2f4.OPERATION#flowable-async-job-executor-thread-22007#
Step "Stage App" finished#
#2026 09 23 16:34:58.728#Z#DEBUG#89a811f3-b76c-11f1-a9d4-eeee0a93f2f4.OPERATION#flowable-async-job-executor-thread-22015#
[DetermineDesiredStateAchievingActionsStep] Executing task "determineDesiredStateAchievingActionsTask" of process "a5873a92-b76c-11f1-a9d4-eeee0a93f2f4"...#
#2026 09 23 16:34:58.729#Z#DEBUG#89a811f3-b76c-11f1-a9d4-eeee0a93f2f4.OPERATION#flowable-async-job-executor-thread-22015#
[DetermineDesiredStateAchievingActionsStep] Getting application "hpbuysell-otc-salesorder-srv"...#
#2026 09 23 16:34:58.794#Z#DEBUG#89a811f3-b76c-11f1-a9d4-eeee0a93f2f4.OPERATION#flowable-async-job-executor-thread-22015#
[DetermineDesiredStateAchievingActionsStep] Getting instances for application "hpbuysell-otc-salesorder-srv"...#
#2026 09 23 16:34:58.849#Z#DEBUG#89a811f3-b76c-11f1-a9d4-eeee0a93f2f4.OPERATION#flowable-async-job-executor-thread-22015#
[DetermineDesiredStateAchievingActionsStep] Getting environment of application "30a35eb8-d3f3-4113-9347-bb35ee8ee030"...#
#2026 09 23 16:34:58.888#Z#DEBUG#89a811f3-b76c-11f1-a9d4-eeee0a93f2f4.OPERATION#flowable-async-job-executor-thread-22015#
[DetermineDesiredStateAchievingActionsStep] Current state of application hpbuysell-otc-salesorder-srv: STARTED#
#2026 09 23 16:34:58.888#Z#DEBUG#89a811f3-b76c-11f1-a9d4-eeee0a93f2f4.OPERATION#flowable-async-job-executor-thread-22015#
[DetermineDesiredStateAchievingActionsStep] Desired state of application hpbuysell-otc-salesorder-srv: STARTED#
#2026 09 23 16:34:58.888#Z#DEBUG#89a811f3-b76c-11f1-a9d4-eeee0a93f2f4.OPERATION#flowable-async-job-executor-thread-22015#
[DetermineDesiredStateAchievingActionsStep] Actions that should be executed on application hpbuysell-otc-salesorder-srv: [STOP, STAGE, START]#
#2026 09 23 16:34:58.888#Z#DEBUG#89a811f3-b76c-11f1-a9d4-eeee0a93f2f4.OPERATION#flowable-async-job-executor-thread-22015#
Step "Determine Desired State Achieving Actions" finished#
#2026 09 23 16:34:58.911#Z#DEBUG#89a811f3-b76c-11f1-a9d4-eeee0a93f2f4.OPERATION#flowable-async-job-executor-thread-22020#
[StopAppStep] Executing task "stopAppTask" of process "a5873a92-b76c-11f1-a9d4-eeee0a93f2f4"...#
#2026 09 23 16:34:58.913#Z#INFO#89a811f3-b76c-11f1-a9d4-eeee0a93f2f4.OPERATION#flowable-async-job-executor-thread-22020#
[StopAppStep] Stopping application "hpbuysell-otc-salesorder-srv"...#
#2026 09 23 16:34:58.917#Z#DEBUG#89a811f3-b76c-11f1-a9d4-eeee0a93f2f4.OPERATION#flowable-async-job-executor-thread-22020#
[StopAppStep] Stopping application "hpbuysell-otc-salesorder-srv"...#
#2026 09 23 16:34:59.069#Z#DEBUG#89a811f3-b76c-11f1-a9d4-eeee0a93f2f4.OPERATION#flowable-async-job-executor-thread-22020#
[StopAppStep] Application "hpbuysell-otc-salesorder-srv" stopped#
#2026 09 23 16:34:59.069#Z#DEBUG#89a811f3-b76c-11f1-a9d4-eeee0a93f2f4.OPERATION#flowable-async-job-executor-thread-22020#
[StopAppStep] Getting environment of application "30a35eb8-d3f3-4113-9347-bb35ee8ee030"...#
#2026 09 23 16:34:59.107#Z#DEBUG#89a811f3-b76c-11f1-a9d4-eeee0a93f2f4.OPERATION#flowable-async-job-executor-thread-22020#
Step "Stop App" finished#
#2026 09 23 16:34:59.138#Z#DEBUG#89a811f3-b76c-11f1-a9d4-eeee0a93f2f4.OPERATION#flowable-async-job-executor-thread-22021#
[StageAppStep] Executing task "stageAppTask" of process "b7acc470-b76c-11f1-896f-eeee0a8180c9"...#
#2026 09 23 16:34:59.139#Z#DEBUG#89a811f3-b76c-11f1-a9d4-eeee0a93f2f4.OPERATION#flowable-async-job-executor-thread-22021#
[StageAppStep] Application stage timeout is default one: 3,600 seconds#
#2026 09 23 16:34:59.141#Z#INFO#89a811f3-b76c-11f1-a9d4-eeee0a93f2f4.OPERATION#flowable-async-job-executor-thread-22021#
[StageAppStep] Staging application "hpbuysell-otc-salesorder-srv"...#
#2026 09 23 16:34:59.143#Z#DEBUG#89a811f3-b76c-11f1-a9d4-eeee0a93f2f4.OPERATION#flowable-async-job-executor-thread-22021#
[StageAppStep] Creating build for package "b199f27b-e75b-48b9-97ef-62b8b4b18520"...#
#2026 09 23 16:34:59.599#Z#DEBUG#89a811f3-b76c-11f1-a9d4-eeee0a93f2f4.OPERATION#flowable-async-job-executor-thread-22021#
Step "Stage App" finished#
#2026 09 23 16:35:08.600#Z#DEBUG#89a811f3-b76c-11f1-a9d4-eeee0a93f2f4.OPERATION#flowable-async-job-executor-thread-28233#
[StageAppStep] Executing task "stageAppTask" of process "b7acc470-b76c-11f1-896f-eeee0a8180c9"...#
#2026 09 23 16:35:08.602#Z#DEBUG#89a811f3-b76c-11f1-a9d4-eeee0a93f2f4.OPERATION#flowable-async-job-executor-thread-28233#
[StageAppStep] Application stage timeout is default one: 3,600 seconds#
#2026 09 23 16:35:08.602#Z#DEBUG#89a811f3-b76c-11f1-a9d4-eeee0a93f2f4.OPERATION#flowable-async-job-executor-thread-28233#
[StageAppStep] Checking status of application "hpbuysell-otc-salesorder-srv"...#
#2026 09 23 16:35:08.602#Z#DEBUG#89a811f3-b76c-11f1-a9d4-eeee0a93f2f4.OPERATION#flowable-async-job-executor-thread-28233#
[StageAppStep] Getting build "f9ba5005-0986-4415-a2cc-55282e55ebcf"...#
#2026 09 23 16:35:08.610#Z#DEBUG#89a811f3-b76c-11f1-a9d4-eeee0a93f2f4.OPERATION#flowable-async-job-executor-thread-28235#
[StageAppStep] Executing task "stageAppTask" of process "a60f7dc2-b76c-11f1-896f-eeee0a8180c9"...#
#2026 09 23 16:35:08.611#Z#DEBUG#89a811f3-b76c-11f1-a9d4-eeee0a93f2f4.OPERATION#flowable-async-job-executor-thread-28235#
[StageAppStep] Application stage timeout is default one: 3,600 seconds#
#2026 09 23 16:35:08.612#Z#DEBUG#89a811f3-b76c-11f1-a9d4-eeee0a93f2f4.OPERATION#flowable-async-job-executor-thread-28235#
[StageAppStep] Checking status of application "hpbuysell-otc-salesorder-postgres-deployer"...#
#2026 09 23 16:35:08.612#Z#DEBUG#89a811f3-b76c-11f1-a9d4-eeee0a93f2f4.OPERATION#flowable-async-job-executor-thread-28235#
[StageAppStep] Getting build "b2d19168-9a0b-4d05-9952-968a341bf132"...#
#2026 09 23 16:35:08.629#Z#DEBUG#89a811f3-b76c-11f1-a9d4-eeee0a93f2f4.OPERATION#flowable-async-job-executor-thread-28233#
[StageAppStep] Staging status of application "hpbuysell-otc-salesorder-srv": PENDING#
#2026 09 23 16:35:08.630#Z#DEBUG#89a811f3-b76c-11f1-a9d4-eeee0a93f2f4.OPERATION#flowable-async-job-executor-thread-28233#
[StageAppStep] Getting application guid "hpbuysell-otc-salesorder-srv"...#
#2026 09 23 16:35:08.646#Z#DEBUG#89a811f3-b76c-11f1-a9d4-eeee0a93f2f4.OPERATION#flowable-async-job-executor-thread-28235#
[StageAppStep] Staging status of application "hpbuysell-otc-salesorder-postgres-deployer": PENDING#
#2026 09 23 16:35:08.646#Z#DEBUG#89a811f3-b76c-11f1-a9d4-eeee0a93f2f4.OPERATION#flowable-async-job-executor-thread-28235#
[StageAppStep] Getting application guid "hpbuysell-otc-salesorder-postgres-deployer"...#
#2026 09 23 16:35:08.738#Z#DEBUG#89a811f3-b76c-11f1-a9d4-eeee0a93f2f4.OPERATION#flowable-async-job-executor-thread-28233#
Step "Stage App" finished#
#2026 09 23 16:35:08.745#Z#DEBUG#89a811f3-b76c-11f1-a9d4-eeee0a93f2f4.OPERATION#flowable-async-job-executor-thread-28235#
Step "Stage App" finished#
#2026 09 23 16:35:18.617#Z#DEBUG#89a811f3-b76c-11f1-a9d4-eeee0a93f2f4.OPERATION#flowable-async-job-executor-thread-28247#
[StageAppStep] Executing task "stageAppTask" of process "b7acc470-b76c-11f1-896f-eeee0a8180c9"...#
#2026 09 23 16:35:18.618#Z#DEBUG#89a811f3-b76c-11f1-a9d4-eeee0a93f2f4.OPERATION#flowable-async-job-executor-thread-28247#
[StageAppStep] Application stage timeout is default one: 3,600 seconds#
#2026 09 23 16:35:18.619#Z#DEBUG#89a811f3-b76c-11f1-a9d4-eeee0a93f2f4.OPERATION#flowable-async-job-executor-thread-28247#
[StageAppStep] Checking status of application "hpbuysell-otc-salesorder-srv"...#
#2026 09 23 16:35:18.619#Z#DEBUG#89a811f3-b76c-11f1-a9d4-eeee0a93f2f4.OPERATION#flowable-async-job-executor-thread-28247#
[StageAppStep] Getting build "f9ba5005-0986-4415-a2cc-55282e55ebcf"...#
#2026 09 23 16:35:18.631#Z#DEBUG#89a811f3-b76c-11f1-a9d4-eeee0a93f2f4.OPERATION#flowable-async-job-executor-thread-28251#
[StageAppStep] Executing task "stageAppTask" of process "a60f7dc2-b76c-11f1-896f-eeee0a8180c9"...#
#2026 09 23 16:35:18.632#Z#DEBUG#89a811f3-b76c-11f1-a9d4-eeee0a93f2f4.OPERATION#flowable-async-job-executor-thread-28251#
[StageAppStep] Application stage timeout is default one: 3,600 seconds#
#2026 09 23 16:35:18.633#Z#DEBUG#89a811f3-b76c-11f1-a9d4-eeee0a93f2f4.OPERATION#flowable-async-job-executor-thread-28251#
[StageAppStep] Checking status of application "hpbuysell-otc-salesorder-postgres-deployer"...#
#2026 09 23 16:35:18.633#Z#DEBUG#89a811f3-b76c-11f1-a9d4-eeee0a93f2f4.OPERATION#flowable-async-job-executor-thread-28251#
[StageAppStep] Getting build "b2d19168-9a0b-4d05-9952-968a341bf132"...#
#2026 09 23 16:35:18.648#Z#DEBUG#89a811f3-b76c-11f1-a9d4-eeee0a93f2f4.OPERATION#flowable-async-job-executor-thread-28247#
[StageAppStep] Staging status of application "hpbuysell-otc-salesorder-srv": PENDING#
#2026 09 23 16:35:18.649#Z#DEBUG#89a811f3-b76c-11f1-a9d4-eeee0a93f2f4.OPERATION#flowable-async-job-executor-thread-28247#
[StageAppStep] Getting application guid "hpbuysell-otc-salesorder-srv"...#
#2026 09 23 16:35:18.663#Z#DEBUG#89a811f3-b76c-11f1-a9d4-eeee0a93f2f4.OPERATION#flowable-async-job-executor-thread-28251#
[StageAppStep] Staging status of application "hpbuysell-otc-salesorder-postgres-deployer": STAGED#
#2026 09 23 16:35:18.664#Z#DEBUG#89a811f3-b76c-11f1-a9d4-eeee0a93f2f4.OPERATION#flowable-async-job-executor-thread-28251#
[StageAppStep] Getting application guid "hpbuysell-otc-salesorder-postgres-deployer"...#
#2026 09 23 16:35:18.737#Z#DEBUG#89a811f3-b76c-11f1-a9d4-eeee0a93f2f4.OPERATION#flowable-async-job-executor-thread-28247#
Step "Stage App" finished#
#2026 09 23 16:35:18.768#Z#DEBUG#89a811f3-b76c-11f1-a9d4-eeee0a93f2f4.OPERATION#flowable-async-job-executor-thread-28251#
[StageAppStep] Getting build "b2d19168-9a0b-4d05-9952-968a341bf132"...#
#2026 09 23 16:35:18.808#Z#DEBUG#89a811f3-b76c-11f1-a9d4-eeee0a93f2f4.OPERATION#flowable-async-job-executor-thread-28251#
[StageAppStep] Binding droplet "39b6d6c9-6a15-4ee4-b80c-92595392842d" to application "9409158a-3ef5-419f-b18e-c3263bd4e0f3"...#
#2026 09 23 16:35:18.877#Z#INFO#89a811f3-b76c-11f1-a9d4-eeee0a93f2f4.OPERATION#flowable-async-job-executor-thread-28251#
[StageAppStep] Application "hpbuysell-otc-salesorder-postgres-deployer" staged#
#2026 09 23 16:35:18.881#Z#DEBUG#89a811f3-b76c-11f1-a9d4-eeee0a93f2f4.OPERATION#flowable-async-job-executor-thread-28251#
Step "Stage App" finished#
#2026 09 23 16:35:18.933#Z#DEBUG#89a811f3-b76c-11f1-a9d4-eeee0a93f2f4.OPERATION#flowable-async-job-executor-thread-28253#
[PrepareToExecuteTasksStep] Executing task "prepareToExecuteTasksTask" of process "c3798cd1-b76c-11f1-a9d4-eeee0a93f2f4"...#
#2026 09 23 16:35:18.934#Z#DEBUG#89a811f3-b76c-11f1-a9d4-eeee0a93f2f4.OPERATION#flowable-async-job-executor-thread-28253#
Step "Prepare To Execute Tasks" finished#
#2026 09 23 16:35:18.954#Z#DEBUG#89a811f3-b76c-11f1-a9d4-eeee0a93f2f4.OPERATION#flowable-async-job-executor-thread-28254#
[ExecuteTaskStep] Executing task "executeTaskTask" of process "c3798cd1-b76c-11f1-a9d4-eeee0a93f2f4"...#
#2026 09 23 16:35:18.955#Z#DEBUG#89a811f3-b76c-11f1-a9d4-eeee0a93f2f4.OPERATION#flowable-async-job-executor-thread-28254#
[ExecuteTaskStep] Application task execution timeout is default one: 43,200 seconds#
#2026 09 23 16:35:18.956#Z#INFO#89a811f3-b76c-11f1-a9d4-eeee0a93f2f4.OPERATION#flowable-async-job-executor-thread-28254#
[ExecuteTaskStep] Executing task "deploy-to-postgresql" on application "hpbuysell-otc-salesorder-postgres-deployer"...#
#2026 09 23 16:35:18.959#Z#DEBUG#89a811f3-b76c-11f1-a9d4-eeee0a93f2f4.OPERATION#flowable-async-job-executor-thread-28254#
[ExecuteTaskStep] Running task on application "hpbuysell-otc-salesorder-postgres-deployer": {
  "name" : "deploy-to-postgresql",
  "command" : "npm start",
  "limits" : { }
}#
#2026 09 23 16:35:19.267#Z#DEBUG#89a811f3-b76c-11f1-a9d4-eeee0a93f2f4.OPERATION#flowable-async-job-executor-thread-28254#
Step "Execute Task" finished#
#2026 09 23 16:35:28.669#Z#DEBUG#89a811f3-b76c-11f1-a9d4-eeee0a93f2f4.OPERATION#flowable-async-job-executor-thread-11931#
[ExecuteTaskStep] Executing task "executeTaskTask" of process "c3798cd1-b76c-11f1-a9d4-eeee0a93f2f4"...#
#2026 09 23 16:35:28.672#Z#DEBUG#89a811f3-b76c-11f1-a9d4-eeee0a93f2f4.OPERATION#flowable-async-job-executor-thread-11931#
[ExecuteTaskStep] Application task execution timeout is default one: 43,200 seconds#
#2026 09 23 16:35:28.675#Z#DEBUG#89a811f3-b76c-11f1-a9d4-eeee0a93f2f4.OPERATION#flowable-async-job-executor-thread-11931#
[ExecuteTaskStep] Getting task "7117c9c4-7e6d-4717-8674-f2fbe6ad5125"...#
#2026 09 23 16:35:28.706#Z#DEBUG#89a811f3-b76c-11f1-a9d4-eeee0a93f2f4.OPERATION#flowable-async-job-executor-thread-11931#
[ExecuteTaskStep] Task execution status: failed#
#2026 09 23 16:35:28.708#Z#DEBUG#89a811f3-b76c-11f1-a9d4-eeee0a93f2f4.OPERATION#flowable-async-job-executor-thread-11931#
[ExecuteTaskStep] Getting application guid "hpbuysell-otc-salesorder-postgres-deployer"...#
#2026 09 23 16:35:28.824#Z#ERROR#89a811f3-b76c-11f1-a9d4-eeee0a93f2f4.OPERATION#flowable-async-job-executor-thread-11931#
[ExecuteTaskStep] Execution of task "deploy-to-postgresql" on application "hpbuysell-otc-salesorder-postgres-deployer" failed.#
#2026 09 23 16:35:28.830#Z#INFO#89a811f3-b76c-11f1-a9d4-eeee0a93f2f4.OPERATION#flowable-async-job-executor-thread-11931#
[ExecuteTaskStep] Download the MTA operation logs for more details.#
#2026 09 23 16:35:28.835#Z#DEBUG#89a811f3-b76c-11f1-a9d4-eeee0a93f2f4.OPERATION#flowable-async-job-executor-thread-11931#
Step "Execute Task" finished#
#2026 09 23 16:35:28.645#Z#DEBUG#89a811f3-b76c-11f1-a9d4-eeee0a93f2f4.OPERATION#flowable-async-job-executor-thread-28260#
[StageAppStep] Executing task "stageAppTask" of process "b7acc470-b76c-11f1-896f-eeee0a8180c9"...#
#2026 09 23 16:35:28.646#Z#DEBUG#89a811f3-b76c-11f1-a9d4-eeee0a93f2f4.OPERATION#flowable-async-job-executor-thread-28260#
[StageAppStep] Application stage timeout is default one: 3,600 seconds#
#2026 09 23 16:35:28.647#Z#DEBUG#89a811f3-b76c-11f1-a9d4-eeee0a93f2f4.OPERATION#flowable-async-job-executor-thread-28260#
[StageAppStep] Checking status of application "hpbuysell-otc-salesorder-srv"...#
#2026 09 23 16:35:28.647#Z#DEBUG#89a811f3-b76c-11f1-a9d4-eeee0a93f2f4.OPERATION#flowable-async-job-executor-thread-28260#
[StageAppStep] Getting build "f9ba5005-0986-4415-a2cc-55282e55ebcf"...#
#2026 09 23 16:35:28.674#Z#DEBUG#89a811f3-b76c-11f1-a9d4-eeee0a93f2f4.OPERATION#flowable-async-job-executor-thread-28260#
[StageAppStep] Staging status of application "hpbuysell-otc-salesorder-srv": STAGED#
#2026 09 23 16:35:28.675#Z#DEBUG#89a811f3-b76c-11f1-a9d4-eeee0a93f2f4.OPERATION#flowable-async-job-executor-thread-28260#
[StageAppStep] Getting application guid "hpbuysell-otc-salesorder-srv"...#
#2026 09 23 16:35:28.757#Z#DEBUG#89a811f3-b76c-11f1-a9d4-eeee0a93f2f4.OPERATION#flowable-async-job-executor-thread-28260#
[StageAppStep] Getting build "f9ba5005-0986-4415-a2cc-55282e55ebcf"...#
#2026 09 23 16:35:28.785#Z#DEBUG#89a811f3-b76c-11f1-a9d4-eeee0a93f2f4.OPERATION#flowable-async-job-executor-thread-28260#
[StageAppStep] Binding droplet "a8141e87-84e8-41b0-8068-2239799a2948" to application "30a35eb8-d3f3-4113-9347-bb35ee8ee030"...#
#2026 09 23 16:35:28.834#Z#INFO#89a811f3-b76c-11f1-a9d4-eeee0a93f2f4.OPERATION#flowable-async-job-executor-thread-28260#
[StageAppStep] Application "hpbuysell-otc-salesorder-srv" staged#
#2026 09 23 16:35:28.840#Z#DEBUG#89a811f3-b76c-11f1-a9d4-eeee0a93f2f4.OPERATION#flowable-async-job-executor-thread-28260#
Step "Stage App" finished#
#2026 09 23 16:35:28.877#Z#DEBUG#89a811f3-b76c-11f1-a9d4-eeee0a93f2f4.OPERATION#flowable-async-job-executor-thread-28273#
[RestartAppStep] Executing task "startAppTask" of process "b7acc470-b76c-11f1-896f-eeee0a8180c9"...#
#2026 09 23 16:35:28.881#Z#DEBUG#89a811f3-b76c-11f1-a9d4-eeee0a93f2f4.OPERATION#flowable-async-job-executor-thread-28273#
[RestartAppStep] Application start timeout is default one: 3,600 seconds#
#2026 09 23 16:35:28.889#Z#DEBUG#89a811f3-b76c-11f1-a9d4-eeee0a93f2f4.OPERATION#flowable-async-job-executor-thread-28273#
[RestartAppStep] Getting application "hpbuysell-otc-salesorder-srv"...#
#2026 09 23 16:35:28.915#Z#INFO#89a811f3-b76c-11f1-a9d4-eeee0a93f2f4.OPERATION#flowable-async-job-executor-thread-28273#
[RestartAppStep] Starting application "hpbuysell-otc-salesorder-srv"...#
#2026 09 23 16:35:28.919#Z#DEBUG#89a811f3-b76c-11f1-a9d4-eeee0a93f2f4.OPERATION#flowable-async-job-executor-thread-28273#
[RestartAppStep] Starting application "hpbuysell-otc-salesorder-srv"...#
#2026 09 23 16:35:29.166#Z#DEBUG#89a811f3-b76c-11f1-a9d4-eeee0a93f2f4.OPERATION#flowable-async-job-executor-thread-28273#
Step "Start App" finished#
#2026 09 23 16:35:31.888#Z#DEBUG#89a811f3-b76c-11f1-a9d4-eeee0a93f2f4.OPERATION#flowable-async-job-executor-thread-22025#
[ExecuteTaskStep] Executing task "executeTaskTask" of process "c3798cd1-b76c-11f1-a9d4-eeee0a93f2f4"...#
#2026 09 23 16:35:31.890#Z#DEBUG#89a811f3-b76c-11f1-a9d4-eeee0a93f2f4.OPERATION#flowable-async-job-executor-thread-22025#
[ExecuteTaskStep] Application task execution timeout is default one: 43,200 seconds#
#2026 09 23 16:35:31.892#Z#INFO#89a811f3-b76c-11f1-a9d4-eeee0a93f2f4.OPERATION#flowable-async-job-executor-thread-22025#
[ExecuteTaskStep] Executing task "deploy-to-postgresql" on application "hpbuysell-otc-salesorder-postgres-deployer"...#
#2026 09 23 16:35:31.895#Z#DEBUG#89a811f3-b76c-11f1-a9d4-eeee0a93f2f4.OPERATION#flowable-async-job-executor-thread-22025#
[ExecuteTaskStep] Running task on application "hpbuysell-otc-salesorder-postgres-deployer": {
  "name" : "deploy-to-postgresql",
  "command" : "npm start",
  "limits" : { }
}#
#2026 09 23 16:35:32.236#Z#DEBUG#89a811f3-b76c-11f1-a9d4-eeee0a93f2f4.OPERATION#flowable-async-job-executor-thread-22025#
Step "Execute Task" finished#
#2026 09 23 16:35:38.663#Z#DEBUG#89a811f3-b76c-11f1-a9d4-eeee0a93f2f4.OPERATION#flowable-async-job-executor-thread-28290#
[ExecuteTaskStep] Executing task "executeTaskTask" of process "c3798cd1-b76c-11f1-a9d4-eeee0a93f2f4"...#
#2026 09 23 16:35:38.664#Z#DEBUG#89a811f3-b76c-11f1-a9d4-eeee0a93f2f4.OPERATION#flowable-async-job-executor-thread-28290#
[ExecuteTaskStep] Application task execution timeout is default one: 43,200 seconds#
#2026 09 23 16:35:38.665#Z#DEBUG#89a811f3-b76c-11f1-a9d4-eeee0a93f2f4.OPERATION#flowable-async-job-executor-thread-28290#
[ExecuteTaskStep] Getting task "075cb87f-c737-451e-95f6-3adef90e6793"...#
#2026 09 23 16:35:38.690#Z#DEBUG#89a811f3-b76c-11f1-a9d4-eeee0a93f2f4.OPERATION#flowable-async-job-executor-thread-28290#
[ExecuteTaskStep] Task execution status: failed#
#2026 09 23 16:35:38.691#Z#DEBUG#89a811f3-b76c-11f1-a9d4-eeee0a93f2f4.OPERATION#flowable-async-job-executor-thread-28290#
[ExecuteTaskStep] Getting application guid "hpbuysell-otc-salesorder-postgres-deployer"...#
#2026 09 23 16:35:38.816#Z#ERROR#89a811f3-b76c-11f1-a9d4-eeee0a93f2f4.OPERATION#flowable-async-job-executor-thread-28290#
[ExecuteTaskStep] Execution of task "deploy-to-postgresql" on application "hpbuysell-otc-salesorder-postgres-deployer" failed.#
#2026 09 23 16:35:38.819#Z#INFO#89a811f3-b76c-11f1-a9d4-eeee0a93f2f4.OPERATION#flowable-async-job-executor-thread-28290#
[ExecuteTaskStep] Download the MTA operation logs for more details.#
#2026 09 23 16:35:38.821#Z#DEBUG#89a811f3-b76c-11f1-a9d4-eeee0a93f2f4.OPERATION#flowable-async-job-executor-thread-28290#
Step "Execute Task" finished#
#2026 09 23 16:35:38.669#Z#DEBUG#89a811f3-b76c-11f1-a9d4-eeee0a93f2f4.OPERATION#flowable-async-job-executor-thread-28292#
[RestartAppStep] Executing task "startAppTask" of process "c997416b-b76c-11f1-a9d4-eeee0a93f2f4"...#
#2026 09 23 16:35:38.670#Z#DEBUG#89a811f3-b76c-11f1-a9d4-eeee0a93f2f4.OPERATION#flowable-async-job-executor-thread-28292#
[RestartAppStep] Application start timeout is default one: 3,600 seconds#
#2026 09 23 16:35:38.671#Z#DEBUG#89a811f3-b76c-11f1-a9d4-eeee0a93f2f4.OPERATION#flowable-async-job-executor-thread-28292#
[RestartAppStep] Checking status of application "hpbuysell-otc-salesorder-srv"...#
#2026 09 23 16:35:38.671#Z#DEBUG#89a811f3-b76c-11f1-a9d4-eeee0a93f2f4.OPERATION#flowable-async-job-executor-thread-28292#
[RestartAppStep] Getting application "hpbuysell-otc-salesorder-srv"...#
#2026 09 23 16:35:38.701#Z#DEBUG#89a811f3-b76c-11f1-a9d4-eeee0a93f2f4.OPERATION#flowable-async-job-executor-thread-28292#
[RestartAppStep] Getting instances for application "hpbuysell-otc-salesorder-srv"...#
#2026 09 23 16:35:38.759#Z#DEBUG#89a811f3-b76c-11f1-a9d4-eeee0a93f2f4.OPERATION#flowable-async-job-executor-thread-28292#
[RestartAppStep] Application "hpbuysell-otc-salesorder-srv": 1 of 1 instances running (1 running)#
#2026 09 23 16:35:38.794#Z#DEBUG#89a811f3-b76c-11f1-a9d4-eeee0a93f2f4.OPERATION#flowable-async-job-executor-thread-28292#
[RestartAppStep] Getting routes for application "30a35eb8-d3f3-4113-9347-bb35ee8ee030"...#
#2026 09 23 16:35:38.832#Z#INFO#89a811f3-b76c-11f1-a9d4-eeee0a93f2f4.OPERATION#flowable-async-job-executor-thread-28292#
[RestartAppStep] Application "hpbuysell-otc-salesorder-srv" started and available at "hp-inc--hp-gps-buysell-dev-buysell-dev-cf-sp-hpbuysell-3f6d5fc7.cfapps.us10.hana.ondemand.com"#
#2026 09 23 16:35:38.843#Z#DEBUG#89a811f3-b76c-11f1-a9d4-eeee0a93f2f4.OPERATION#flowable-async-job-executor-thread-28292#
Step "Start App" finished#
#2026 09 23 16:35:41.176#Z#DEBUG#89a811f3-b76c-11f1-a9d4-eeee0a93f2f4.OPERATION#flowable-async-job-executor-thread-22048#
[ExecuteTaskStep] Executing task "executeTaskTask" of process "c3798cd1-b76c-11f1-a9d4-eeee0a93f2f4"...#
#2026 09 23 16:35:41.178#Z#DEBUG#89a811f3-b76c-11f1-a9d4-eeee0a93f2f4.OPERATION#flowable-async-job-executor-thread-22048#
[ExecuteTaskStep] Application task execution timeout is default one: 43,200 seconds#
#2026 09 23 16:35:41.180#Z#INFO#89a811f3-b76c-11f1-a9d4-eeee0a93f2f4.OPERATION#flowable-async-job-executor-thread-22048#
[ExecuteTaskStep] Executing task "deploy-to-postgresql" on application "hpbuysell-otc-salesorder-postgres-deployer"...#
#2026 09 23 16:35:41.183#Z#DEBUG#89a811f3-b76c-11f1-a9d4-eeee0a93f2f4.OPERATION#flowable-async-job-executor-thread-22048#
[ExecuteTaskStep] Running task on application "hpbuysell-otc-salesorder-postgres-deployer": {
  "name" : "deploy-to-postgresql",
  "command" : "npm start",
  "limits" : { }
}#
#2026 09 23 16:35:41.498#Z#DEBUG#89a811f3-b76c-11f1-a9d4-eeee0a93f2f4.OPERATION#flowable-async-job-executor-thread-22048#
Step "Execute Task" finished#
#2026 09 23 16:35:48.677#Z#DEBUG#89a811f3-b76c-11f1-a9d4-eeee0a93f2f4.OPERATION#flowable-async-job-executor-thread-22052#
[RestartAppStep] Executing task "startAppTask" of process "cf5c00b7-b76c-11f1-a9d4-eeee0a93f2f4"...#
#2026 09 23 16:35:48.679#Z#DEBUG#89a811f3-b76c-11f1-a9d4-eeee0a93f2f4.OPERATION#flowable-async-job-executor-thread-22052#
[RestartAppStep] Application start timeout is default one: 3,600 seconds#
#2026 09 23 16:35:48.680#Z#DEBUG#89a811f3-b76c-11f1-a9d4-eeee0a93f2f4.OPERATION#flowable-async-job-executor-thread-22052#
Step "Start App" finished#
#2026 09 23 16:35:48.737#Z#DEBUG#89a811f3-b76c-11f1-a9d4-eeee0a93f2f4.OPERATION#flowable-async-job-executor-thread-22056#
[PrepareToExecuteTasksStep] Executing task "prepareToExecuteTasksTask" of process "d53cfa34-b76c-11f1-896f-eeee0a8180c9"...#
#2026 09 23 16:35:48.738#Z#DEBUG#89a811f3-b76c-11f1-a9d4-eeee0a93f2f4.OPERATION#flowable-async-job-executor-thread-22056#
Step "Prepare To Execute Tasks" finished#
#2026 09 23 16:35:48.780#Z#DEBUG#89a811f3-b76c-11f1-a9d4-eeee0a93f2f4.OPERATION#flowable-async-job-executor-thread-22057#
[PublishConfigurationEntriesStep] Executing task "publishProvidedDependenciesTask" of process "d5390270-b76c-11f1-896f-eeee0a8180c9"...#
#2026 09 23 16:35:48.781#Z#DEBUG#89a811f3-b76c-11f1-a9d4-eeee0a93f2f4.OPERATION#flowable-async-job-executor-thread-22057#
[PublishConfigurationEntriesStep] Publishing public provided dependencies for application "hpbuysell-otc-salesorder-srv"...#
#2026 09 23 16:35:48.781#Z#DEBUG#89a811f3-b76c-11f1-a9d4-eeee0a93f2f4.OPERATION#flowable-async-job-executor-thread-22057#
[PublishConfigurationEntriesStep] No public provided dependencies for publishing#
#2026 09 23 16:35:48.781#Z#DEBUG#89a811f3-b76c-11f1-a9d4-eeee0a93f2f4.OPERATION#flowable-async-job-executor-thread-22057#
Step "Publish Provided Dependencies" finished#
#2026 09 23 16:35:48.807#Z#DEBUG#89a811f3-b76c-11f1-a9d4-eeee0a93f2f4.OPERATION#flowable-async-job-executor-thread-22058#
[CreateOrUpdateServiceBrokerStep] Executing task "createOrUpdateServiceBrokerTask" of process "d5390270-b76c-11f1-896f-eeee0a8180c9"...#
#2026 09 23 16:35:48.808#Z#DEBUG#89a811f3-b76c-11f1-a9d4-eeee0a93f2f4.OPERATION#flowable-async-job-executor-thread-22058#
[CreateOrUpdateServiceBrokerStep] Creating service brokers...#
#2026 09 23 16:35:48.809#Z#DEBUG#89a811f3-b76c-11f1-a9d4-eeee0a93f2f4.OPERATION#flowable-async-job-executor-thread-22058#
Step "Create Or Update Service Broker " finished#
#2026 09 23 16:35:48.682#Z#DEBUG#89a811f3-b76c-11f1-a9d4-eeee0a93f2f4.OPERATION#flowable-async-job-executor-thread-22054#
[ExecuteTaskStep] Executing task "executeTaskTask" of process "c3798cd1-b76c-11f1-a9d4-eeee0a93f2f4"...#
#2026 09 23 16:35:48.683#Z#DEBUG#89a811f3-b76c-11f1-a9d4-eeee0a93f2f4.OPERATION#flowable-async-job-executor-thread-22054#
[ExecuteTaskStep] Application task execution timeout is default one: 43,200 seconds#
#2026 09 23 16:35:48.684#Z#DEBUG#89a811f3-b76c-11f1-a9d4-eeee0a93f2f4.OPERATION#flowable-async-job-executor-thread-22054#
[ExecuteTaskStep] Getting task "60bdcdc5-11d5-424b-b0af-d8b7d7622d51"...#
#2026 09 23 16:35:48.707#Z#DEBUG#89a811f3-b76c-11f1-a9d4-eeee0a93f2f4.OPERATION#flowable-async-job-executor-thread-22054#
[ExecuteTaskStep] Task execution status: failed#
#2026 09 23 16:35:48.709#Z#DEBUG#89a811f3-b76c-11f1-a9d4-eeee0a93f2f4.OPERATION#flowable-async-job-executor-thread-22054#
[ExecuteTaskStep] Getting application guid "hpbuysell-otc-salesorder-postgres-deployer"...#
#2026 09 23 16:35:48.849#Z#ERROR#89a811f3-b76c-11f1-a9d4-eeee0a93f2f4.OPERATION#flowable-async-job-executor-thread-22054#
[ExecuteTaskStep] Execution of task "deploy-to-postgresql" on application "hpbuysell-otc-salesorder-postgres-deployer" failed.#
#2026 09 23 16:35:48.853#Z#INFO#89a811f3-b76c-11f1-a9d4-eeee0a93f2f4.OPERATION#flowable-async-job-executor-thread-22054#
[ExecuteTaskStep] Download the MTA operation logs for more details.#
#2026 09 23 16:35:48.856#Z#DEBUG#89a811f3-b76c-11f1-a9d4-eeee0a93f2f4.OPERATION#flowable-async-job-executor-thread-22054#
Step "Execute Task" finished#
#2026 09 23 16:35:50.500#Z#DEBUG#89a811f3-b76c-11f1-a9d4-eeee0a93f2f4.OPERATION#flowable-async-job-executor-thread-22061#
[ExecuteTaskStep] Executing task "executeTaskTask" of process "c3798cd1-b76c-11f1-a9d4-eeee0a93f2f4"...#
#2026 09 23 16:35:50.502#Z#DEBUG#89a811f3-b76c-11f1-a9d4-eeee0a93f2f4.OPERATION#flowable-async-job-executor-thread-22061#
[ExecuteTaskStep] Application task execution timeout is default one: 43,200 seconds#
#2026 09 23 16:35:50.587#Z#INFO#89a811f3-b76c-11f1-a9d4-eeee0a93f2f4.OPERATION#flowable-async-job-executor-thread-22061#
[ExecuteTaskStep] Executing task "deploy-to-postgresql" on application "hpbuysell-otc-salesorder-postgres-deployer"...#
#2026 09 23 16:35:50.590#Z#DEBUG#89a811f3-b76c-11f1-a9d4-eeee0a93f2f4.OPERATION#flowable-async-job-executor-thread-22061#
[ExecuteTaskStep] Running task on application "hpbuysell-otc-salesorder-postgres-deployer": {
  "name" : "deploy-to-postgresql",
  "command" : "npm start",
  "limits" : { }
}#
#2026 09 23 16:35:50.876#Z#DEBUG#89a811f3-b76c-11f1-a9d4-eeee0a93f2f4.OPERATION#flowable-async-job-executor-thread-22061#
Step "Execute Task" finished#
#2026 09 23 16:35:58.697#Z#DEBUG#89a811f3-b76c-11f1-a9d4-eeee0a93f2f4.OPERATION#flowable-async-job-executor-thread-28319#
[ExecuteTaskStep] Executing task "executeTaskTask" of process "c3798cd1-b76c-11f1-a9d4-eeee0a93f2f4"...#
#2026 09 23 16:35:58.698#Z#DEBUG#89a811f3-b76c-11f1-a9d4-eeee0a93f2f4.OPERATION#flowable-async-job-executor-thread-28319#
[ExecuteTaskStep] Application task execution timeout is default one: 43,200 seconds#
#2026 09 23 16:35:58.761#Z#DEBUG#89a811f3-b76c-11f1-a9d4-eeee0a93f2f4.OPERATION#flowable-async-job-executor-thread-28319#
[ExecuteTaskStep] Getting task "10de621c-eac7-4977-a565-1fccaa3b2d5b"...#
#2026 09 23 16:35:58.802#Z#DEBUG#89a811f3-b76c-11f1-a9d4-eeee0a93f2f4.OPERATION#flowable-async-job-executor-thread-28319#
[ExecuteTaskStep] Task execution status: failed#
#2026 09 23 16:35:58.803#Z#DEBUG#89a811f3-b76c-11f1-a9d4-eeee0a93f2f4.OPERATION#flowable-async-job-executor-thread-28319#
[ExecuteTaskStep] Getting application guid "hpbuysell-otc-salesorder-postgres-deployer"...#
#2026 09 23 16:35:58.951#Z#ERROR#89a811f3-b76c-11f1-a9d4-eeee0a93f2f4.OPERATION#flowable-async-job-executor-thread-28319#
[ExecuteTaskStep] Execution of task "deploy-to-postgresql" on application "hpbuysell-otc-salesorder-postgres-deployer" failed.#
#2026 09 23 16:35:58.954#Z#INFO#89a811f3-b76c-11f1-a9d4-eeee0a93f2f4.OPERATION#flowable-async-job-executor-thread-28319#
[ExecuteTaskStep] Download the MTA operation logs for more details.#
#2026 09 23 16:35:58.957#Z#DEBUG#89a811f3-b76c-11f1-a9d4-eeee0a93f2f4.OPERATION#flowable-async-job-executor-thread-28319#
Step "Execute Task" finished#
